clave_mun,entidad,municipio,poblacion,pct_jovenes,escolaridad,pct_viv_auto,pct_viv_internet,tasa_participacion,pct_seguridad_social,pct_urbana,localidad_principal,latitud,longitud
01001,Aguascalientes,Aguascalientes,948990,12.692652188115787,10.84,63.608693370517805,66.95417163334308,64.29250828962839,67.74644622177262,91.03288759628659,Aguascalientes,21.87982277777778,-102.29604666666667
01002,Aguascalientes,Asientos,51536,12.769714374417882,8.54,52.934141285281456,36.08674852495615,55.834787364254275,38.9320086929525,0.0,Villa Juárez,22.095562777777776,-102.0707925
01003,Aguascalientes,Calvillo,58250,11.905579399141631,8.05,58.09854624983919,42.1523221407436,58.01063022019742,23.095278969957082,36.135622317596564,Calvillo,21.84690722222222,-102.71875055555556
01004,Aguascalientes,Cosío,17000,13.105882352941176,9.08,53.72110744221489,44.221488442976884,54.6801872074883,49.59411764705882,0.0,Cosío,22.366408611111112,-102.30004416666667
01005,Aguascalientes,Jesús María,129929,12.806994589352646,10.22,67.5558499427952,59.97470945986632,66.33652392947103,61.82145633384387,49.1075895296662,Jesús María,21.961272777777776,-102.34341638888888
01006,Aguascalientes,Pabellón de Arteaga,47646,12.907694245057298,9.77,58.73777932960894,54.12011173184357,60.95724137931035,57.04990975108089,67.23544473827813,Pabellón de Arteaga,22.149201666666666,-102.27654166666666
01007,Aguascalientes,Rincón de Romos,57369,12.832714532238665,9.6,55.909224874742115,46.27910403772473,62.184639038367465,45.097526538723,55.714758841883246,Rincón de Romos,22.229233055555554,-102.32306861111111
01008,Aguascalientes,San José de Gracia,9552,12.342964824120603,9.24,60.436791264174715,30.743385132297355,54.24448217317487,25.40829145728643,0.0,San José de Gracia,22.150216388888886,-102.41563361111112
01009,Aguascalientes,Tepezalá,22485,13.173226595508117,8.56,51.82589450387311,37.901143489487275,54.42317947502518,35.35690460306871,0.0,Tepezalá,22.224227777777777,-102.1669713888889
01010,Aguascalientes,El Llano,20853,12.300388433318947,8.49,56.69865642994242,25.508637236084454,54.684247050659266,40.7902939624994,0.0,Palo Alto,21.918869166666667,-101.96530722222222
01011,Aguascalientes,San Francisco de los Romo,61997,12.569963062728842,9.21,54.57374748276072,49.105998657472384,64.82022447231435,64.46440956820491,30.322434956530156,San Francisco de los Romo,22.072393055555555,-102.27267833333333
02001,Baja California,Ensenada,443807,12.22738712999119,10.34,71.85984983911334,66.31533786199499,64.10338040412037,54.79791891520413,80.8056204611464,Ensenada,31.80894388888889,-116.59513388888888
02002,Baja California,Mexicali,1049792,12.224707370602939,10.53,77.95892915521438,68.59085350349321,63.33545688723929,64.01325214899714,84.81775437419984,Mexicali,32.641175833333335,-115.47557888888889
02003,Baja California,Tecate,108440,11.872925119881963,9.79,77.45985870263327,65.26332691072575,60.016821622604624,57.84028033935817,74.75009221689413,Tecate,32.572678888888895,-116.62655027777777
02004,Baja California,Tijuana,1922523,12.710173038241935,10.18,64.42879238713526,73.37040582062326,67.295210238128,60.131712338421956,95.91588761226784,Tijuana,32.53246083333333,-117.01891333333333
02005,Baja California,Playas de Rosarito,126890,12.393411616360627,9.58,70.51352698837545,67.45913038914692,64.83291481553023,39.26314130349121,79.3285522893845,Playas de Rosarito,32.363684166666665,-117.05445888888889
02006,Baja California,San Quintín,117568,14.332981763745236,7.83,59.78320610687023,35.69160305343512,67.27688007090748,42.86200326619488,16.015412357103973,Lázaro Cárdenas,30.525980555555556,-115.93194666666668
03001,Baja California Sur,Comondú,73021,10.466852001479026,9.27,75.27457688152683,45.50774216780699,60.72263441406647,57.15205214938168,59.989592035167966,Ciudad Constitución,25.034635555555557,-111.67333944444445
03002,Baja California Sur,Mulegé,64022,10.663521914341946,9.13,68.36408617668282,50.39171219461911,65.81698695608881,66.6567742338571,0.0,Santa Rosalía,27.33686833333333,-112.26827472222222
03003,Baja California Sur,La Paz,292241,11.394020688404433,11.07,72.92714187124125,69.04926221696408,64.32836006930162,66.02393230244901,85.59408159703806,La Paz,24.148744999999998,-110.30659
03008,Baja California Sur,Los Cabos,351111,12.268200084873445,10.17,59.30405948947358,62.101948319500856,71.2612259404874,64.08286838065455,96.54468245084888,Cabo San Lucas,22.897018888888887,-109.92518611111112
03009,Baja California Sur,Loreto,18052,9.932417460669178,9.99,76.46118315864274,44.41286196482501,62.79166378176279,59.77730999335254,90.35563926434745,Loreto,26.012777777777778,-111.34333333333333
04001,Campeche,Calkiní,59232,11.684562398703404,9.4,22.731732844900897,30.26754758945509,64.38502673796792,28.047339276066992,26.926323608860077,Calkiní,20.371226111111113,-90.05073944444445
04002,Campeche,Campeche,294077,11.534054006263666,10.72,41.84906854871801,60.93297536841858,62.30410366090078,57.330563083818184,84.88355090673531,San Francisco de Campeche,19.844814166666666,-90.53964916666666
04003,Campeche,Carmen,248845,11.036187184793746,10.26,40.02136100091547,54.4677781784892,63.77281472357666,42.81862203379614,76.85024814643654,Ciudad del Carmen,18.637789444444444,-91.83645
04004,Campeche,Champotón,78170,11.56965587821415,8.12,27.82487191429902,28.32789939450396,62.73947955885783,24.281693744403224,45.796341307406934,Champotón,19.356218611111114,-90.72389111111112
04005,Campeche,Hecelchakán,31917,11.2855218222264,9.27,20.492099867326015,29.839585092268724,60.83492670490759,34.76830529185074,0.0,Hecelchakán,20.176966111111113,-90.13451722222223
04006,Campeche,Hopelchén,42140,12.211675367821547,7.5,24.431207889854505,14.744653842398204,63.734943568018714,14.043663977218795,0.0,Hopelchén,19.745548055555556,-89.84504361111111
04007,Campeche,Palizada,8683,9.259472532534838,8.46,18.146111547525532,24.27336999214454,57.98194999260246,16.457445583323736,0.0,Palizada,18.253598333333333,-92.09090166666667
04008,Campeche,Tenabo,11452,11.054837582954942,8.75,21.88519243313764,15.753424657534246,64.74380349005224,31.985679357317498,0.0,Tenabo,20.039676944444444,-90.22576333333333
04009,Campeche,Escárcega,59923,11.679989319626854,8.18,26.44804847620745,23.06184280876849,64.2593940998654,17.317223770505482,52.358860537690035,Escárcega,18.604314722222224,-90.73200083333333
04010,Campeche,Calakmul,31714,11.846503121649745,7.43,22.16000995396292,8.722160009953964,68.45007782966422,4.073910575770953,0.0,Xpujil,18.505370833333334,-89.39727555555557
04011,Campeche,Candelaria,46913,11.065163174386631,7.25,22.24396117089322,10.836029799081947,68.25346420323325,6.068680323151365,0.0,Candelaria,18.183450555555556,-91.04629361111111
04012,Campeche,Seybaplaya,15297,11.910832189318167,9.0,29.036031820308843,22.484791764155357,55.13060460574498,36.144342027848595,0.0,Seybaplaya,19.639196944444443,-90.68830111111112
05001,Coahuila de Zaragoza,Abasolo,1022,10.76320939334638,8.94,66.11570247933884,11.019283746556473,51.291079812206576,31.898238747553815,0.0,Abasolo,27.181944444444447,-101.4263888888889
05002,Coahuila de Zaragoza,Acuña,163058,12.876399808657043,9.4,59.035379305964305,46.02697380957422,65.82750952986022,74.85925253590747,98.26258141274884,Ciudad Acuña,29.330005555555555,-100.97825833333333
05003,Coahuila de Zaragoza,Allende,23056,11.706280360860514,9.47,74.30656934306569,50.29197080291971,54.20362622036262,66.49895905621096,92.71339347675226,Allende,28.34722222222222,-100.85416666666666
05004,Coahuila de Zaragoza,Arteaga,29578,10.369193319358983,9.82,68.62041005444226,40.63477354338006,59.94762112614579,57.20129826222192,52.518763946176215,Arteaga,25.450620555555556,-100.8496225
05005,Coahuila de Zaragoza,Candela,1643,9.068776628119293,7.74,64.3312101910828,15.286624203821656,40.859375,34.996956786366404,0.0,Candela,26.840277777777775,-100.66388888888889
05006,Coahuila de Zaragoza,Castaños,29128,11.088986542158748,9.63,63.37271750805586,40.720849743406134,51.92528989997344,78.49491897830266,93.77231529799505,Castaños,26.78527777777778,-101.43055555555556
05007,Coahuila de Zaragoza,Cuatro Ciénegas,12715,10.15336217066457,8.91,62.47351694915254,26.138771186440678,54.47171167470993,49.941014549744395,0.0,Cuatro Ciénegas de Carranza,26.98686361111111,-102.06710111111111
05008,Coahuila de Zaragoza,Escobedo,3047,10.53495241220873,8.28,69.60352422907489,25.770925110132158,44.06852248394004,39.5470955037742,0.0,Primero de Mayo,27.23647638888889,-101.2245225
05009,Coahuila de Zaragoza,Francisco I. Madero,59035,12.130092318116372,9.38,48.965213562307355,34.069321255582814,58.34855520588041,64.42110612348607,55.39764546455493,Francisco I. Madero (Chávez),25.775,-103.27305555555556
05010,Coahuila de Zaragoza,Frontera,82409,11.401667293620843,10.0,62.980398870153216,55.82898228194813,55.81853126259338,77.20637309031781,91.30313436639202,Frontera,26.926111111111112,-101.44944444444445
05011,Coahuila de Zaragoza,General Cepeda,11898,10.497562615565641,8.41,52.586713697824806,14.520870076425632,53.36239782016349,54.597411329635236,0.0,General Cepeda,25.3799075,-101.47929166666667
05012,Coahuila de Zaragoza,Guerrero,1643,9.616555082166768,7.79,68.52207293666027,17.27447216890595,48.710166919575116,54.59525258673159,0.0,Guerrero,28.308418333333336,-100.37872555555555
05013,Coahuila de Zaragoza,Hidalgo,1735,10.893371757925072,8.12,72.96747967479675,15.65040650406504,46.76145339652449,32.44956772334294,0.0,Hidalgo,27.79168055555556,-99.876055
05014,Coahuila de Zaragoza,Jiménez,9502,11.776468111976426,7.69,68.28016134946829,36.5969930326366,53.4354248543163,54.4832666806988,0.0,San Carlos,29.02635611111111,-100.90322833333335
05015,Coahuila de Zaragoza,Juárez,1584,10.858585858585858,8.3,73.66255144032922,12.139917695473251,48.74696847210994,18.30808080808081,0.0,Juárez,27.60650638888889,-100.72711972222223
05016,Coahuila de Zaragoza,Lamadrid,1764,10.260770975056689,8.88,62.0253164556962,9.584086799276673,39.17884481558803,45.86167800453515,0.0,Lamadrid,27.048493611111113,-101.79359916666667
05017,Coahuila de Zaragoza,Matamoros,118337,12.73735180036675,9.16,44.39280792282299,36.84176789205474,58.349953105292094,64.71855801651216,50.50153375529209,Matamoros,25.52813611111111,-103.23038361111111
05018,Coahuila de Zaragoza,Monclova,237951,10.871145740089347,10.86,68.04653292504936,64.41490427267264,57.428461086746054,78.99189328895444,99.67136091043955,Monclova,26.90124222222222,-101.41722444444444
05019,Coahuila de Zaragoza,Morelos,7928,11.93239152371342,9.26,75.85763293310463,49.871355060034304,53.368708795626304,64.00100908173562,0.0,Morelos,28.410104444444443,-100.8866313888889
05020,Coahuila de Zaragoza,Múzquiz,71627,11.224817457104164,9.16,61.47552887640993,41.898630004356875,52.542496136714846,69.30207882502408,79.00093540145475,Ciudad Melchor Múzquiz,27.877549722222223,-101.51651777777778
05021,Coahuila de Zaragoza,Nadadores,6539,10.873222205230158,9.52,66.34566649771921,22.250380131779018,50.84713855421687,72.059948004282,0.0,Nadadores,27.029030555555554,-101.59202333333333
05022,Coahuila de Zaragoza,Nava,33129,12.396993570587703,9.27,70.6145966709347,47.42851045667947,51.41002949852508,74.23405475565215,81.38790787527545,Nava,28.421874722222224,-100.76755361111111
05023,Coahuila de Zaragoza,Ocampo,9642,11.595104750051856,8.39,67.25497559143822,28.501689823507323,50.34993270524899,56.37834474175482,0.0,Ocampo,27.311215,-102.39740472222223
05024,Coahuila de Zaragoza,Parras,44472,11.373448461953588,9.45,51.58424404434311,37.32997877191603,61.38185774825335,65.5243748875697,78.24698686814175,Parras de la Fuente,25.437380555555556,-102.18416888888889
05025,Coahuila de Zaragoza,Piedras Negras,176327,11.962433433336924,10.1,66.41524030557973,66.70341359636399,61.360016218251324,73.18731674672625,98.65704061204467,Piedras Negras,28.708093055555555,-100.5284413888889
05026,Coahuila de Zaragoza,Progreso,3239,10.651435628280334,7.9,62.27364185110664,20.120724346076457,40.761300555114985,58.25872182772461,0.0,San José de Aura,27.588259722222222,-101.37190694444443
05027,Coahuila de Zaragoza,Ramos Arizpe,122243,12.982338457007764,10.43,58.87279706857442,55.758157389635315,63.9358179811529,76.85675253388742,93.2650540317237,Ramos Arizpe,25.543233611111113,-100.95078194444444
05028,Coahuila de Zaragoza,Sabinas,64811,10.907099103547237,9.98,66.59410251335841,58.994656639620025,58.50760827155677,74.71725478699604,91.3363472250081,Sabinas,27.84888833333333,-101.11998916666666
05029,Coahuila de Zaragoza,Sacramento,2471,10.724403075677863,9.12,61.10344827586207,12.551724137931034,46.24098867147271,62.08012950222582,0.0,Sacramento,27.004438611111112,-101.72503583333334
05030,Coahuila de Zaragoza,Saltillo,879958,12.3234290727512,11.02,66.5651227595759,68.0247992481079,61.333092250388745,77.03276747299303,98.23548396628021,Saltillo,25.421664722222225,-100.99972111111111
05031,Coahuila de Zaragoza,San Buenaventura,24759,10.323518720465286,10.22,68.27604303332458,35.80425085279454,54.173669467787114,73.69441415242942,94.56359303687547,San Buenaventura,27.060257222222223,-101.5500286111111
05032,Coahuila de Zaragoza,San Juan de Sabinas,42260,10.712257453857076,10.04,67.2063540552925,56.75882083396976,54.470612448913585,77.5792711784193,92.42309512541411,Nueva Rosita,27.933902777777778,-101.21697777777779
05033,Coahuila de Zaragoza,San Pedro,101041,11.655664532219594,9.02,44.76426985739549,33.19035256048463,54.90597415888448,60.36163537573856,48.980116982215144,San Pedro,25.75777777777778,-102.98315694444445
05034,Coahuila de Zaragoza,Sierra Mojada,6744,10.661328588374852,9.26,75.20790020790021,29.054054054054053,51.39025833169,63.65658362989324,0.0,Hércules,28.041923888888892,-103.78972166666667
05035,Coahuila de Zaragoza,Torreón,720848,11.845076909417797,11.12,57.08964420407461,63.32618734276108,62.087598805581116,70.76373937362662,95.7473697644996,Torreón,25.541753333333336,-103.45306055555555
05036,Coahuila de Zaragoza,Viesca,20305,11.95272100467865,7.98,38.93144031384271,10.536147954418084,50.649679913798565,54.43979315439547,0.0,Viesca,25.343605277777776,-102.80635027777778
05037,Coahuila de Zaragoza,Villa Unión,6188,11.570782159017453,8.52,73.95604395604396,29.725274725274726,50.28391167192429,57.99935358758888,0.0,Villa Unión,28.220497777777776,-100.725155
05038,Coahuila de Zaragoza,Zaragoza,13135,10.940236010658547,8.59,70.99849473156046,37.380832915203214,56.00392734413353,53.84088313665779,0.0,Zaragoza,28.487043055555556,-100.91762166666668
06001,Colima,Armería,27626,11.311807717367698,7.77,41.427529182879375,32.052529182879375,66.829446396787,32.73003692174039,55.628755520162166,Ciudad de Armería,18.93707277777778,-103.96499722222222
06002,Colima,Colima,157048,11.502852631042739,10.83,57.36812837623133,68.82348268191929,63.04169697897921,59.38948601701391,93.57966990983648,Colima,19.242922222222223,-103.72811888888889
06003,Colima,Comala,21661,11.44914823877014,9.09,45.523809523809526,47.12698412698413,65.06562570717357,34.02428327408707,0.0,Comala,19.32319861111111,-103.75880111111111
06004,Colima,Coquimatlán,20837,12.021884148389884,8.48,44.966876716755536,46.80885441913072,63.30558858501784,42.42453328214234,0.0,Coquimatlán,19.20141,-103.81091694444444
06005,Colima,Cuauhtémoc,31267,11.57770173025874,9.22,53.94765071872989,49.57090753057284,60.31343807258976,59.44606134262961,0.0,Quesería,19.386947499999998,-103.57367916666666
06006,Colima,Ixtlahuacán,5623,10.439267295038237,8.01,42.60666277030976,35.827001753360605,59.20052139908755,18.619953761337364,0.0,Ixtlahuacán,19.00118361111111,-103.73859333333334
06007,Colima,Manzanillo,191031,11.008684454355576,10.11,48.382724519335355,58.53148374357859,66.05275317423646,62.52021923143364,83.6790887342892,Manzanillo,19.053205833333333,-104.31638055555555
06008,Colima,Minatitlán,10231,10.389991203205943,8.85,52.14555441125987,27.428767593546173,61.39724630290668,59.20242400547356,0.0,Minatitlán,19.38611,-104.04963694444444
06009,Colima,Tecomán,116305,11.621168479429087,8.22,39.189721523590194,34.729250628768824,66.77553346558092,42.018829800954386,75.9528825072009,Tecomán,18.910604166666666,-103.87378888888888
06010,Colima,Villa de Álvarez,149762,11.869499606041586,11.56,62.72616136919316,74.91035044824775,67.05904456933735,66.81868564789465,98.4869325997249,Ciudad de Villa de Álvarez,19.26477638888889,-103.73675861111111
07001,Chiapas,Acacoyagua,17994,10.531288207180172,7.12,14.971687429218573,24.48471121177803,61.11409911640415,8.714015783038791,0.0,Acacoyagua,15.340965277777778,-92.67461722222222
07002,Chiapas,Acala,21187,10.81795440600368,7.26,15.448352053028907,10.292763763579451,59.22444914726752,20.1255486855147,70.80285080473875,Acala,16.551673611111113,-92.80750833333333
07003,Chiapas,Acapetahua,26899,10.401873675601323,7.15,18.805891635981062,10.297211993687533,61.20757308220522,14.82582995650396,0.0,Acapetahua,15.282837777777779,-92.68913194444445
07004,Chiapas,Altamirano,36160,13.387721238938052,6.05,10.716526540343832,4.354373196135024,59.62363030014293,12.5304203539823,0.0,Altamirano,16.73592027777778,-92.03859361111111
07005,Chiapas,Amatán,24512,13.405678851174935,6.58,3.920183648242981,7.946318205897934,61.27634998556165,2.235639686684073,0.0,Amatán,17.372848333333334,-92.81912305555555
07006,Chiapas,Amatenango de la Frontera,31735,11.054041279344572,6.55,19.12928759894459,17.70448548812665,54.21785421785422,4.18150307231763,0.0,El Pacayal,15.598037222222223,-92.04133583333333
07007,Chiapas,Amatenango del Valle,11283,13.400691305503855,5.15,16.10003907776475,0.7424775302852676,54.92106561420819,4.12124434990694,0.0,Amatenango del Valle,16.528501388888888,-92.43549055555556
07008,Chiapas,Angel Albino Corzo,31947,12.373618806147682,6.66,19.257127192982455,18.681469298245613,62.89984156211194,4.153754656149247,0.0,Jaltenango de la Paz (Ángel Albino Corzo),15.872644444444445,-92.72507972222222
07009,Chiapas,Arriaga,41135,10.246748511000364,8.45,22.705939472406538,29.09855963748179,63.79782251687853,25.282606053239334,61.66524857177586,Arriaga,16.236065,-93.89947333333333
07010,Chiapas,Bejucal de Ocampo,7365,10.916496945010183,6.49,16.33694958519464,10.465858328015315,54.44465326066529,6.096401900882553,0.0,Ojo de Agua Centro,15.497640277777776,-92.17300111111112
07011,Chiapas,Bella Vista,20157,10.175125266656744,6.84,13.287640946274596,11.31992040680964,63.265306122448976,5.015627325494865,0.0,Bella Vista,15.5829975,-92.24484583333333
07012,Chiapas,Berriozábal,64632,12.119383587077609,8.1,24.857954545454547,35.5175395256917,63.66922917099522,19.38049263522713,55.8299294467137,Berriozábal,16.800320833333334,-93.27327138888889
07013,Chiapas,Bochil,37263,11.995813541582804,7.46,13.131913881289401,14.928036160342572,60.94297148574287,10.967984327617208,0.0,Bochil,16.996383333333334,-92.8902188888889
07014,Chiapas,El Bosque,24273,12.886746590862275,5.91,5.426817191523074,5.723905723905724,37.399795069616054,6.101429571952375,0.0,El Bosque,17.06221027777778,-92.72140888888889
07015,Chiapas,Cacahoatán,50112,11.889367816091953,8.26,18.437088274044797,16.83135704874835,59.304084720121025,21.435983397190295,38.13058748403576,Cacahoatán,14.989788611111111,-92.16811027777779
07016,Chiapas,Catazajá,17619,9.535160905840286,7.54,14.273772204806688,8.505747126436782,54.842641049537605,9.75083716442477,0.0,Catazajá,17.728321388888887,-92.01636611111111
07017,Chiapas,Cintalapa,88106,11.55766917122557,8.04,22.65104525614519,21.346198024351022,59.55732308563088,17.296211381744715,55.84296188681815,Cintalapa de Figueroa,16.69868222222222,-93.72042805555556
07018,Chiapas,Coapilla,9900,12.535353535353535,6.96,10.3518821603928,4.6644844517184945,58.764186633039095,5.626262626262626,0.0,Coapilla,17.130791388888888,-93.15902194444445
07019,Chiapas,Comitán de Domínguez,166178,12.0617650952593,8.55,38.49460913408513,32.89666193981137,65.13494422926159,18.94594952400438,68.28761929978698,Comitán de Domínguez,16.252460555555555,-92.135835
07020,Chiapas,La Concordia,49920,11.674679487179487,6.52,21.386009305362826,8.962533670720758,59.91682318218406,3.215144230769231,0.0,La Concordia,16.116715833333334,-92.68793388888889
07021,Chiapas,Copainalá,22192,10.999459264599857,7.84,13.162675474814202,11.577208918249381,57.268460761599236,11.20223503965393,0.0,Copainalá,17.09361111111111,-93.21055555555556
07022,Chiapas,Chalchihuitán,21915,13.429158110882957,4.91,3.423946876945424,1.1205644324548663,43.822039497834226,1.9803787360255534,0.0,Chiquinshulum,17.07288361111111,-92.598795
07023,Chiapas,Chamula,101967,12.87083075897104,4.37,10.214531650039728,1.4478679261940497,45.643700729713096,1.9241519315072524,0.0,Chamula,16.7875,-92.68916666666667
07024,Chiapas,Chanal,13678,11.529463371837988,6.33,3.976234003656307,0.2742230347349177,38.48311181563224,0.9211873080859775,0.0,Chanal,16.660061944444443,-92.25994222222222
07025,Chiapas,Chapultenango,7472,11.13490364025696,7.69,5.807200929152149,15.853658536585366,45.5531453362256,12.740899357601712,0.0,Chapultenango,17.340400555555554,-93.13007833333333
07026,Chiapas,Chenalhó,47371,13.482932595892,4.89,4.956329580132589,1.1364832158265812,39.10401221801521,4.091110595089823,0.0,Chenalhó,16.894276944444442,-92.62614805555555
07027,Chiapas,Chiapa de Corzo,112075,11.552977916573722,8.9,25.334772489627955,29.16315310149425,60.42768959435626,27.15324559446799,49.90497434753513,Chiapa de Corzo,16.707958055555554,-93.01595916666666
07028,Chiapas,Chiapilla,6156,11.77712800519818,6.14,10.878918254456053,2.3355869698832206,50.74349442379182,11.046133853151398,0.0,Chiapilla,16.570493055555556,-92.720025
07029,Chiapas,Chicoasén,5402,10.533135875601628,7.37,10.70460704607046,11.178861788617887,45.15494343334973,15.883006293965199,0.0,Chicoasén,16.967254999999998,-93.105235
07030,Chiapas,Chicomuselo,36785,10.925649041728965,6.3,19.05302600204383,15.703417735891904,54.5387399364798,3.9961941008563273,0.0,Chicomuselo,15.74493611111111,-92.28328722222223
07031,Chiapas,Chilón,137262,12.777753493319345,6.07,5.205479452054795,2.9611559392006006,77.59596819059463,2.1229473561510104,0.0,Chilón,17.10549138888889,-92.27152833333334
07032,Chiapas,Escuintla,30896,10.826644225789746,7.52,15.279187817258883,16.230964467005077,58.41782341934642,15.186431900569653,0.0,Escuintla,15.319269444444444,-92.65855833333335
07033,Chiapas,Francisco León,7245,13.733609385783298,6.4,5.493050959629384,5.625413633355394,36.98343172729004,0.8143547273982057,0.0,San Miguel la Sardina,17.29557388888889,-93.35291194444444
07034,Chiapas,Frontera Comalapa,80897,11.667923408779064,7.16,27.243907271646524,15.276401822865068,60.9922742237001,7.2128756319764635,26.857609058432327,Frontera Comalapa,15.660163888888889,-92.14105
07035,Chiapas,Frontera Hidalgo,14556,11.45919208573784,7.84,20.30319436924743,7.5527883053600435,63.25628510912607,19.620774938169827,0.0,Frontera Hidalgo,14.7778375,-92.17598333333333
07036,Chiapas,La Grandeza,7701,11.375146084924037,7.63,19.32335718932986,8.132726089785296,49.13919413919414,4.62277626282301,0.0,La Grandeza,15.510130277777778,-92.22588
07037,Chiapas,Huehuetán,36333,11.521206616574464,8.13,20.006274837900023,10.740430872202468,63.30691642651297,21.102028458976687,0.0,Huehuetán,15.018519722222223,-92.38418083333335
07038,Chiapas,Huixtán,22975,12.583242655059848,6.3,5.979560774081322,0.9349858664927158,63.35542205982536,7.569096844396083,0.0,Huixtán,16.712150555555557,-92.45459694444445
07039,Chiapas,Huitiupán,27893,12.372279783458215,6.16,3.9821599235425293,3.5839439311882764,59.97332923013797,5.255798945972107,0.0,Huitiupán,17.173231666666666,-92.68593194444445
07040,Chiapas,Huixtla,53242,10.64760903046467,8.34,20.590090405774756,24.893124956198754,59.20921770770164,29.93877014387138,60.307651853799634,Huixtla,15.138288611111111,-92.46581777777779
07041,Chiapas,La Independencia,46409,12.22392208407852,6.01,25.162396246842295,5.386142186936124,68.99741453605286,2.2107780818375744,0.0,Venustiano Carranza,16.19085638888889,-91.9287925
07042,Chiapas,Ixhuatán,11377,11.628724619847059,7.11,7.8634445723053314,19.90794016110472,53.92401899525119,3.964138173507955,0.0,Ixhuatán,17.293270833333334,-93.00838194444445
07043,Chiapas,Ixtacomitán,10961,11.175987592372959,8.45,11.545693869875894,25.799172621286196,66.67897587395372,11.23985037861509,0.0,Ixtacomitán,17.430795,-93.0965725
07044,Chiapas,Ixtapa,28999,13.265974688782372,7.09,11.790463833927992,4.735647096983458,54.94453844707652,9.541708334770165,0.0,Ixtapa,16.80352527777778,-92.90590277777778
07045,Chiapas,Ixtapangajoya,6284,12.73074474856779,6.98,5.348988910632746,8.349641226353555,45.884113748129145,2.482495225970719,0.0,La Gloria,17.44249888888889,-92.95310805555556
07046,Chiapas,Jiquipilas,41063,10.004139980030684,7.74,19.109692294049836,15.039460849516715,62.12030970815962,14.891751698609454,0.0,Jiquipilas,16.66772138888889,-93.65047527777779
07047,Chiapas,Jitotol,24966,13.638548425859168,7.24,10.659805182870796,4.815291306745084,62.997995489852165,4.4500520708163105,0.0,Jitotol,17.067967499999998,-92.8623361111111
07048,Chiapas,Juárez,21807,10.088503691475214,7.85,22.891368559238597,14.063012799474894,57.045860631328175,10.5791718255606,0.0,Juárez,17.608151111111113,-93.19333083333333
07049,Chiapas,Larráinzar,31259,12.588374548130139,6.32,8.35282325425994,2.9736050785165387,48.84461333059464,3.538181003870885,0.0,Larráinzar,16.88444611111111,-92.71325833333334
07050,Chiapas,La Libertad,5232,8.23776758409786,7.56,19.293820933165197,9.39470365699874,61.92528735632184,8.448012232415902,0.0,La Libertad,17.690136388888888,-91.71906222222222
07051,Chiapas,Mapastepec,46130,10.407543897680469,7.13,19.749510763209393,15.553816046966732,64.03657103551059,11.220463906351615,41.77541729893778,Mapastepec,15.441134166666666,-92.89160583333334
07052,Chiapas,Las Margaritas,141027,13.579669141370092,6.22,16.760085807210572,6.9579959864369245,76.35623236547735,4.327540116431606,17.249179235181916,Las Margaritas,16.315947222222224,-91.98156833333333
07053,Chiapas,Mazapa de Madero,7901,9.73294519681053,6.84,22.123893805309734,10.914454277286136,45.9881903438694,3.075560055689153,0.0,Mazapa de Madero,15.387965833333332,-92.18773472222223
07054,Chiapas,Mazatán,28250,11.29203539823009,7.69,17.81417967750192,23.969797798822626,62.84306502118254,20.382300884955754,0.0,Mazatán,14.863025277777778,-92.44947083333334
07055,Chiapas,Metapa,5876,11.487406398910824,8.58,21.601016518424398,12.64294790343075,53.34387708992318,30.547991831177672,0.0,Metapa de Domínguez,14.837314166666667,-92.19094472222223
07056,Chiapas,Mitontic,13755,13.529625590694293,4.47,2.878228782287823,0.11070110701107011,25.13641755634638,7.531806615776081,0.0,Tzoeptic,16.8835875,-92.56843916666666
07057,Chiapas,Motozintla,76398,11.161286944684417,7.21,18.14295176732703,19.503823688805927,60.29008019651759,10.953166313254274,36.40802115238619,Motozintla de Mendoza,15.363167222222222,-92.24774444444445
07058,Chiapas,Nicolás Ruíz,4765,11.332633788037775,6.22,8.770257387988561,1.8112488083889418,38.096599028293795,2.7492130115424973,0.0,Nicolás Ruíz,16.437073055555555,-92.58534722222221
07059,Chiapas,Ocosingo,234661,12.877299593882238,6.59,10.378163814076572,6.946519270988945,64.11302649721426,14.132727636888959,20.322081641175995,Ocosingo,16.90803833333333,-92.09582666666667
07060,Chiapas,Ocotepec,14088,11.48495173197047,5.63,4.031431499829177,6.627946703108985,41.995259642318466,5.025553662691652,0.0,Ocotepec,17.225029166666666,-93.16440527777779
07061,Chiapas,Ocozocoautla de Espinosa,97397,12.387445198517408,7.51,17.80185758513932,21.797339134800435,63.38367409089022,20.470856391880652,44.40280501452817,Ocozocoautla de Espinosa,16.761461944444445,-93.37565249999999
07062,Chiapas,Ostuacán,18469,11.224213547024744,7.28,14.46400713171384,12.681078671718298,58.02127022168963,10.872272456548812,0.0,Ostuacán,17.40559111111111,-93.33713638888888
07063,Chiapas,Osumacinta,3983,11.724830529751443,7.91,12.571976967370441,9.404990403071018,43.32998996990973,11.021842832036153,0.0,Osumacinta,16.935466944444446,-93.09133722222222
07064,Chiapas,Oxchuc,54932,12.242408796330007,7.15,3.0192041179964364,1.7224312017422292,39.04437050912853,10.935338236364961,0.0,Oxchuc,16.786119444444445,-92.33491666666666
07065,Chiapas,Palenque,132265,11.929081767663403,7.81,15.566107731117377,16.584062917346788,69.50915312938072,16.095716931916986,39.161531773333834,Palenque,17.509133333333335,-91.98103333333333
07066,Chiapas,Pantelhó,26391,14.046455230949945,4.66,3.7735849056603774,0.5477784540474742,44.42588966946908,2.978288052745254,0.0,Pantelhó,17.00665861111111,-92.46957972222222
07067,Chiapas,Pantepec,12266,12.57133539866297,6.46,5.5858310626703,6.539509536784741,61.79559570863918,5.111690852763737,0.0,Pantepec,17.188091944444444,-93.04954583333333
07068,Chiapas,Pichucalco,31919,10.987186315360757,8.45,17.325581395348838,24.3953488372093,61.99603704153019,16.60139728688242,47.75838842068987,Pichucalco,17.508550833333334,-93.1177675
07069,Chiapas,Pijijiapan,51193,9.74742640595394,7.4,17.52929360562437,13.331101439571476,63.71495740539447,12.693141640458656,35.588850038091145,Pijijiapan,15.691673611111112,-93.20931694444445
07070,Chiapas,El Porvenir,12263,11.22889994291772,7.34,11.735330836454432,7.157719517270079,56.01139601139601,3.74296664763924,0.0,El Porvenir de Velasco Suárez,15.456367222222221,-92.27964027777777
07071,Chiapas,Villa Comaltitlán,30297,10.68752681783675,7.27,17.20276077614273,16.799062377913792,56.7062818336163,10.842657688880086,0.0,Villa Comaltitlán,15.2119375,-92.57602416666666
07072,Chiapas,Pueblo Nuevo Solistahuacán,29636,14.320421109461465,6.53,7.99630939566354,6.2125172997078275,59.22086853998821,3.3000404912943715,0.0,Pueblo Nuevo Solistahuacán,17.157568055555554,-92.89732222222223
07073,Chiapas,Rayón,10866,14.365912019142279,7.59,9.608985024958402,5.906821963394343,64.75995914198161,12.359653966501012,0.0,Rayón,17.200503333333334,-93.01121722222223
07074,Chiapas,Reforma,44829,10.408440964554195,8.91,31.72523961661342,30.670926517571885,59.712401921298365,17.209841843449553,64.73042004059872,Reforma,17.865811944444445,-93.14710805555556
07075,Chiapas,Las Rosas,28829,12.574144091019459,6.06,17.39310917393109,5.590148055901481,64.62177121771218,10.035034166984634,73.5162509972597,Las Rosas,16.364131944444445,-92.36958055555554
07076,Chiapas,Sabanilla,29889,12.827461607949413,6.72,1.9929140832595218,0.8562149394744611,64.11530815109344,7.350530295426411,0.0,Sabanilla,17.283484166666668,-92.55172
07077,Chiapas,Salto de Agua,64251,11.806820127313193,6.52,4.70540375618686,4.725744118245305,72.12667561750101,10.502560271435463,0.0,Salto de Agua,17.557020833333333,-92.33342194444444
07078,Chiapas,San Cristóbal de las Casas,215874,12.999249562244643,9.4,33.106748186685905,34.08081114950822,69.21589998976292,21.908150124609726,85.00745805423534,San Cristóbal de las Casas,16.737022222222222,-92.63756388888889
07079,Chiapas,San Fernando,41793,12.514057378029813,7.28,17.76378553711124,23.068116771608473,61.36857691944173,13.832459981336587,0.0,San Fernando,16.871711944444446,-93.20628472222222
07080,Chiapas,Siltepec,25937,11.489378108493657,6.78,17.306953515174797,6.242796772954284,50.64235166031573,2.3634190538612794,0.0,Siltepec,15.557185,-92.32285999999999
07081,Chiapas,Simojovel,52935,13.167091716255785,6.07,6.075594960335978,4.190387307512832,59.75269246110889,3.1548125059034664,0.0,Simojovel de Allende,17.14082611111111,-92.71520833333334
07082,Chiapas,Sitalá,15518,12.836705761051682,4.52,3.849736106799131,3.0735796336541448,37.62145355616013,4.755767495811316,0.0,Sitalá,17.02505083333333,-92.30774277777778
07083,Chiapas,Socoltenango,19092,11.051749423842447,6.35,24.659158269116777,13.278008298755188,54.70494417862839,18.594175570919756,0.0,Socoltenango,16.242949444444445,-92.35031583333333
07084,Chiapas,Solosuchiapa,8561,11.634154888447611,7.09,6.85131195335277,13.848396501457726,56.24002553463134,2.9202196005139585,0.0,Solosuchiapa,17.428655555555558,-93.03117944444445
07085,Chiapas,Soyaló,10890,12.451790633608816,6.9,10.011686793922868,10.829762368523568,53.46683354192741,9.944903581267218,0.0,Soyaló,16.8909925,-92.92529
07086,Chiapas,Suchiapa,25627,12.564872985523081,8.67,18.0289217227287,27.318453316567116,55.58349584316945,18.933156436570805,76.36867366449448,Suchiapa,16.621958055555556,-93.10479388888888
07087,Chiapas,Suchiate,41672,12.864753311576118,6.78,15.496784711529752,25.378136038402317,67.34614385873799,13.095123824150509,41.95862929545018,Ciudad Hidalgo,14.679452222222222,-92.15094222222223
07088,Chiapas,Sunuapa,2308,9.358752166377815,7.69,10.87344028520499,29.768270944741534,49.73451327433628,5.1993067590987865,0.0,Sunuapa,17.48937777777778,-93.24316944444445
07089,Chiapas,Tapachula,353706,11.666468762192329,9.33,26.74330378023303,33.028447890573844,61.03544635676962,35.72571570739541,61.505883417301376,Tapachula de Córdova y Ordóñez,14.911071388888889,-92.26432
07090,Chiapas,Tapalapa,4547,11.392126676929843,7.07,7.363636363636363,5.363636363636363,43.4531059683313,5.278205410160545,0.0,Tapalapa,17.190048055555557,-93.10460472222222
07091,Chiapas,Tapilula,13592,12.132136550912302,8.48,11.592945938132408,11.56403584851113,53.580198408800705,9.358446144791053,0.0,Tapilula,17.24840277777778,-93.01625833333334
07092,Chiapas,Tecpatán,21426,10.389246709605153,6.86,10.106933425319076,12.383580545015523,55.647571606475715,5.778026696536918,0.0,Tecpatán,17.13699527777778,-93.31146777777778
07093,Chiapas,Tenejapa,48162,12.50778622150243,5.86,5.0727786226374105,1.1622854660004345,46.611632505728366,10.304804617748433,0.0,Tzajalchén,16.840791944444444,-92.4600475
07094,Chiapas,Teopisca,49499,13.246732257217317,5.59,19.42555476020043,5.511811023622047,64.30852580553179,3.0061213357845613,40.493747348431285,Teopisca,16.54151388888889,-92.47259722222222
07096,Chiapas,Tila,83505,10.824501526854679,6.47,2.800933644548183,1.5783038790708013,74.3301912621739,4.969762289683253,0.0,Tila,17.300634722222224,-92.42586472222223
07097,Chiapas,Tonalá,91913,10.680752450687063,8.47,22.689404310243674,25.78714749481754,62.86539911215345,23.845375518153038,41.43809907194847,Tonalá,16.091355555555555,-93.75178333333334
07098,Chiapas,Totolapa,7211,11.35764803772015,5.87,6.628242074927954,4.322766570605188,46.838586437440306,17.445569269172097,0.0,Totolapa,16.544732500000002,-92.68037611111112
07099,Chiapas,La Trinitaria,83111,11.316191599186629,6.34,29.463087248322147,14.11313518696069,63.1922607970224,4.421797355344058,0.0,La Trinitaria,16.119059444444446,-92.05046944444445
07100,Chiapas,Tumbalá,38025,11.713346482577252,6.17,3.916154135810217,9.175348311786118,43.72603759538433,5.593688362919132,0.0,Joshil,17.2469875,-92.36271749999999
07101,Chiapas,Tuxtla Gutiérrez,604147,12.43737037509083,11.04,40.728614332745515,58.69781102731852,63.678853022927576,42.53865367203677,95.80946359081481,Tuxtla Gutiérrez,16.753972222222224,-93.11519166666666
07102,Chiapas,Tuxtla Chico,41024,11.159321372854913,8.54,23.861926260346124,15.095936794582393,56.934582978320556,23.386310452418098,0.0,Tuxtla Chico,14.940189722222222,-92.16896972222223
07103,Chiapas,Tuzantán,30302,10.685763315952743,7.49,12.673498508237126,10.066156440524063,60.08185178665728,15.810837568477329,0.0,Tuzantán,15.146063333333332,-92.42162055555556
07104,Chiapas,Tzimol,16560,11.05072463768116,6.45,25.037481259370313,15.956307560505461,59.58557295318221,10.917874396135266,0.0,Tzimol,16.18423138888889,-92.18793666666667
07105,Chiapas,Unión Juárez,16008,11.169415292353824,8.13,14.608739837398375,19.588414634146343,51.28663040831236,18.484507746126937,0.0,Santo Domingo,15.030538333333334,-92.10522305555556
07106,Chiapas,Venustiano Carranza,67292,11.4709029305118,6.59,16.496285123736104,5.860007820792134,64.74821543189465,17.297747131902753,23.990964750639005,Venustiano Carranza,16.33961722222222,-92.56513527777777
07107,Chiapas,Villa Corzo,65643,11.734686105144494,7.35,21.914387633769323,21.57550535077289,62.990285737511684,8.363420318998218,0.0,Villa Corzo,16.18475111111111,-93.26768361111111
07108,Chiapas,Villaflores,109536,11.62996640373941,8.07,22.962077212162622,20.785787495729416,62.9137975911597,15.451541045866199,34.277315220566756,Villaflores,16.235485833333335,-93.2677075
07109,Chiapas,Yajalón,40285,12.600223408216458,6.91,12.448559670781894,13.431641518061271,65.86902630491667,7.01750031028919,46.98026560754624,Yajalón,17.173910000000003,-92.33394416666667
07110,Chiapas,San Lucas,7526,11.506776508105235,5.98,5.133806663025669,2.8399781540142,56.91677527462298,5.155461068296572,0.0,San Lucas,16.61163666666667,-92.71934222222222
07111,Chiapas,Zinacantán,45373,13.988495360677055,4.57,15.830411919368975,5.25854513584575,46.66127074059085,1.2849051197848942,0.0,Zinacantán,16.76011888888889,-92.72358055555556
07112,Chiapas,San Juan Cancuc,37948,11.816169495098556,5.4,1.3649425287356323,0.632183908045977,36.56840702806229,4.843470011594814,0.0,San Juan Cancuc,16.892243333333333,-92.37195249999999
07113,Chiapas,Aldama,8480,13.785377358490566,5.79,5.202661826981246,1.02843315184513,43.68197749492713,0.24764150943396226,0.0,Aldama,16.917817777777778,-92.68819194444445
07114,Chiapas,Benemérito de las Américas,23603,13.078845909418295,6.6,20.22656678238626,6.4863877215421155,63.0115972264834,9.723340253357623,0.0,Benemérito de las Américas,16.515828055555556,-90.65330194444445
07115,Chiapas,Maravilla Tenejapa,14714,12.940057088487155,5.68,11.58929176550322,11.724839037614368,43.68676649129907,12.919668343074623,0.0,Maravilla Tenejapa,16.140396666666668,-91.2951036111111
07116,Chiapas,Marqués de Comillas,12892,12.721067328575861,6.21,17.431826026924405,3.5554021401449774,54.564947522852954,10.417313062364256,0.0,Zamora Pico de Oro,16.333133333333333,-90.76528333333333
07117,Chiapas,Montecristo de Guerrero,8412,12.291963861150737,6.39,26.571897211591033,16.949152542372882,53.30172705722993,2.0803613884926295,0.0,Montecristo de Guerrero,15.6939175,-92.61926
07118,Chiapas,San Andrés Duraznal,6047,14.238465354721349,4.99,2.517162471395881,1.7543859649122806,42.358845671267254,18.372746816603275,0.0,San Andrés Duraznal,17.1319975,-92.8049875
07119,Chiapas,Santiago el Pinar,4959,15.2046783625731,5.67,9.440175631174533,0.7683863885839737,41.80844360428481,1.8955434563420044,0.0,Santiago el Pinar,16.941438055555555,-92.71459583333333
07120,Chiapas,Capitán Luis Ángel Vidal,4315,14.159907300115876,6.32,25.341614906832298,8.944099378881987,48.55861627162076,0.48667439165701043,0.0,Capitán Luis Ángel Vidal,15.601127777777778,-92.6290975
07121,Chiapas,Rincón Chamula San Pedro,8718,13.099334709795825,5.36,5.901461829994586,2.490525175961018,50.62849162011173,0.14911676990135353,0.0,Rincón Chamula,17.209470833333334,-92.93757027777778
07122,Chiapas,El Parral,15587,11.169564380573554,7.09,19.62485345838218,7.057444314185228,56.25415834996673,8.295374350420222,0.0,El Parral,16.36622777777778,-93.00671111111112
07123,Chiapas,Emiliano Zapata,10783,11.19354539553,7.47,16.51990137372314,18.316308559351885,58.3799214939931,21.533895947324492,0.0,20 de Noviembre,16.539171666666668,-92.89672444444444
07124,Chiapas,Mezcalapa,23847,12.416656183167694,6.89,14.718540196247202,10.93131347908418,58.69438621010948,11.422820480563592,0.0,Raudales Malpaso,17.1892225,-93.60477333333333
07125,Chiapas,Honduras de la Sierra,11650,12.351931330472103,6.17,17.66211604095563,5.247440273037543,63.75524895020996,1.184549356223176,0.0,La Soledad,15.576458055555555,-92.48696722222222
08001,Chihuahua,Ahumada,14635,11.950802869832593,7.78,71.54009936124912,44.07381121362668,63.09710801071792,47.844209087803215,0.0,Miguel Ahumada,30.61773388888889,-106.51241527777778
08002,Chihuahua,Aldama,26047,10.891849349253272,9.41,71.27943675649429,39.32993445010925,60.792396101062025,51.153683725573,86.64337543671056,Juan Aldama,28.838380555555556,-105.9112925
08003,Chihuahua,Allende,8487,9.956403911865205,9.13,69.1551347414421,39.912600145666424,53.880361497633054,40.438317426652524,0.0,Valle de Ignacio Allende,26.939425833333335,-105.39507666666667
08004,Chihuahua,Aquiles Serdán,24344,11.50591521524811,9.15,47.39509997183892,32.35708251196846,63.430572982015896,56.36707196845219,82.32829444627014,Santa Eulalia,28.594503333333332,-105.88747388888889
08005,Chihuahua,Ascensión,26093,11.328708849116621,7.76,76.27161428751735,37.056670453111195,59.88286969253294,26.52435519104741,57.69363430805197,Ascensión,31.09217611111111,-107.99594944444445
08006,Chihuahua,Bachíniva,5807,8.593077320475288,6.88,76.77322677322677,32.76723276723277,58.15527818912629,26.62304115722404,0.0,Bachíniva,28.764731666666666,-107.25436222222223
08007,Chihuahua,Balleza,16440,10.97323600973236,5.38,37.29717199814557,12.216040797403801,39.43850267379679,11.228710462287104,0.0,Mariano Balleza,26.9541075,-106.34692333333332
08008,Chihuahua,Batopilas de Manuel Gómez Morín,11270,10.78083407275954,3.59,11.300035423308538,0.7438894792773645,37.53898128898129,8.615794143744454,0.0,Batopilas de Manuel Gómez Morín,27.02665222222222,-107.73971
08009,Chihuahua,Bocoyna,23351,10.050961414928697,7.93,42.754872066816915,12.22325334747448,61.31354277105072,23.699199177765408,0.0,San Juanito,27.97,-107.60027777777778
08010,Chihuahua,Buenaventura,25146,11.130994989262705,7.87,76.5074092999489,23.032703117015842,58.65344898802148,33.878151594687026,0.0,San Buenaventura,29.84340861111111,-107.47131416666667
08011,Chihuahua,Camargo,49499,10.818400371724682,9.49,70.59086268504339,47.54338948443083,61.3076071644194,49.673730782440046,84.88858360774965,Santa Rosalía de Camargo,27.6949625,-105.17162027777778
08012,Chihuahua,Carichí,8113,9.885369160606434,4.63,41.52466367713004,16.905829596412556,39.2430613961312,8.184395414766424,0.0,Carichí,27.916531944444444,-107.05681027777777
08013,Chihuahua,Casas Grandes,11815,10.520524756665257,8.5,78.69471413160734,34.22330097087379,55.278560589637976,45.95006347862886,0.0,Casas Grandes,30.37570361111111,-107.94880527777778
08014,Chihuahua,Coronado,2034,7.817109144542773,8.0,73.55126300148588,19.167904903417533,49.725106902871104,15.978367748279252,0.0,José Esteban Coronado,26.737615,-105.15831194444445
08015,Chihuahua,Coyame del Sotol,1230,6.341463414634147,6.97,75.95505617977528,14.157303370786517,49.84771573604061,9.43089430894309,0.0,Santiago de Coyame,29.46204277777778,-105.0943575
08016,Chihuahua,La Cruz,3704,10.475161987041037,8.45,75.38593481989709,41.509433962264154,41.309405117979395,25.56695464362851,0.0,La Cruz,27.86388888888889,-105.19638888888889
08017,Chihuahua,Cuauhtémoc,180638,11.888417719416735,9.4,77.13392135502689,49.63629335488632,61.72549184286224,54.86774654280938,75.05951128776891,Cuauhtémoc,28.406311666666664,-106.86604444444444
08018,Chihuahua,Cusihuiriachi,5099,10.060796234555795,6.64,81.82352941176471,22.41176470588235,48.6708554857419,34.16356148264366,0.0,Los Álamos de Cerro Prieto,28.18762166666667,-107.10246527777777
08019,Chihuahua,Chihuahua,937674,12.00001279762476,11.42,73.29031271402259,69.86262658501393,63.68472783437603,66.86204373801556,98.72962244874019,Chihuahua,28.63679388888889,-106.07630666666667
08020,Chihuahua,Chínipas,6222,8.052073288331727,7.14,34.30330162283156,9.513150531617235,49.9894358757659,13.580842172934748,0.0,Chínipas de Almada,27.392810277777777,-108.53622916666666
08021,Chihuahua,Delicias,150506,11.071319415837243,10.2,69.7623691772059,59.04486251808972,61.89486410838205,68.01057765138931,85.41054841667442,Delicias,28.192948055555554,-105.47104666666667
08022,Chihuahua,Dr. Belisario Domínguez,2456,6.596091205211726,6.63,76.93110647181628,39.561586638830896,41.437237517498836,6.758957654723127,0.0,Tutuaca (Santa Bárbara de Tutuaca),28.02824638888889,-106.53664777777777
08023,Chihuahua,Galeana,6656,11.343149038461538,7.36,75.45304777594728,21.197144426139484,54.87779402548569,10.381610576923077,0.0,Abdenago C. García (Lagunitas),29.992740555555557,-107.55330194444444
08024,Chihuahua,Santa Isabel,3791,10.076496966499604,7.92,79.2248062015504,35.736434108527135,49.32707355242567,16.407280400949617,0.0,Santa Isabel,28.34334583333333,-106.36805444444444
08025,Chihuahua,Gómez Farías,7023,7.831411077886943,8.0,76.81443703413103,17.26167124362495,53.603210608968766,40.153780435711234,0.0,Valentín Gómez Farías,29.357019166666667,-107.738655
08026,Chihuahua,Gran Morelos,2448,8.660130718954248,6.9,75.46549835706462,52.68346111719606,42.435775451950526,21.568627450980394,0.0,San Nicolás de Carretas,28.247824444444447,-106.51012333333334
08027,Chihuahua,Guachochi,50180,11.26943005181347,6.71,32.23728060431015,9.501592238761758,69.58189282627485,23.43762455161419,34.69509764846553,Guachochi,26.8191525,-107.06936166666667
08028,Chihuahua,Guadalupe,4237,10.762331838565023,7.95,72.65395894428153,36.21700879765396,51.31964809384164,46.778380929903236,0.0,Guadalupe,31.390106944444444,-106.1017536111111
08029,Chihuahua,Guadalupe y Calvo,50514,11.547293819535179,5.86,32.116848048441206,8.869977906881598,62.803516408966274,7.392010135803935,0.0,Guadalupe y Calvo,26.094515833333332,-106.96436944444444
08030,Chihuahua,Guazapares,8196,9.346022449975598,6.52,40.324032403240324,9.000900090009,53.92274678111588,10.724743777452415,0.0,Témoris,27.276381666666666,-108.27995583333333
08031,Chihuahua,Guerrero,35473,9.601668874918952,7.75,67.43654822335026,23.25719120135364,60.03685851998866,29.55205367462577,0.0,La Junta,28.477438333333332,-107.33240694444444
08032,Chihuahua,Hidalgo del Parral,116662,11.989336716325797,10.34,64.9850338554532,60.59109005841155,58.36237494236357,59.7615333184756,97.5836176304195,Hidalgo del Parral,26.92208777777778,-105.66714333333334
08033,Chihuahua,Huejotitán,824,8.009708737864077,6.95,70.8185053380783,21.708185053380785,44.74885844748859,6.674757281553398,0.0,Huejotitán,27.05467,-106.1794563888889
08034,Chihuahua,Ignacio Zaragoza,5196,7.775211701308699,7.47,82.47950819672131,35.24590163934426,57.68788784187543,33.06389530408006,0.0,Ignacio Zaragoza,29.64321222222222,-107.76419472222223
08035,Chihuahua,Janos,11005,10.676965015901862,6.95,82.51856435643565,23.26732673267327,56.110029211295036,17.346660608814176,0.0,Janos,30.8872575,-108.18984972222222
08036,Chihuahua,Jiménez,40859,11.148094667025624,9.55,65.10016059504692,42.008283323472234,57.2690687291706,46.31292983186079,85.87336939230035,José Mariano Jiménez,27.13054916666667,-104.92297666666667
08037,Chihuahua,Juárez,1512450,12.63770703163741,10.18,66.89924619314188,63.65062342586083,64.7455468849225,69.18205560514397,99.2793811365665,Juárez,31.74646527777778,-106.48501861111112
08038,Chihuahua,Julimes,4980,9.397590361445783,7.93,72.71648873072361,26.512455516014235,57.4585635359116,36.265060240963855,0.0,Julimes,28.423055555555557,-105.43055555555556
08039,Chihuahua,López,4122,9.000485201358563,8.59,67.651632970451,53.576982892690516,46.96514423076923,24.211547792333818,0.0,Octaviano López,27.0025,-105.03305555555555
08040,Chihuahua,Madera,25144,9.326280623608017,7.99,73.0148959743937,17.308876031023022,55.50658561296859,44.18946866051543,0.0,Madera,29.19,-108.1413888888889
08041,Chihuahua,Maguarichi,1302,10.368663594470046,6.41,23.451327433628318,1.1061946902654867,36.47294589178357,12.135176651305683,0.0,Maguarichi,27.859302777777778,-107.99395583333333
08042,Chihuahua,Manuel Benavides,1178,7.385398981324278,6.43,77.61194029850746,10.23454157782516,46.69299111549852,6.8760611205432935,0.0,Manuel Benavides,29.10738638888889,-103.90781583333334
08043,Chihuahua,Matachí,2742,8.86214442013129,7.32,70.60606060606061,11.212121212121213,46.98848538529672,23.450036469730122,0.0,Matachí,28.843228333333332,-107.75464805555555
08044,Chihuahua,Matamoros,4314,9.921186833565137,8.26,66.78805535324108,24.03495994173343,48.511990754117306,36.48585999072786,0.0,Mariano Matamoros,26.763876944444444,-105.58332999999999
08045,Chihuahua,Meoqui,44853,11.390542438632867,8.78,67.44236467442364,44.532774445327746,59.65854756145581,57.57251465899717,51.59075201212851,Pedro Meoqui,28.267796666666666,-105.48029111111111
08046,Chihuahua,Morelos,7266,10.211946050096339,5.45,26.07066381156317,4.122055674518201,45.63297350343474,18.579686209744015,0.0,Morelos,26.670526666666667,-107.67724777777778
08047,Chihuahua,Moris,4447,9.26467281313245,6.41,45.01488095238095,2.306547619047619,48.55611789222983,5.869125252979536,0.0,Moris,28.148384166666666,-108.5232375
08048,Chihuahua,Namiquipa,22712,9.012856639661853,7.61,84.80113636363636,23.037190082644628,59.171012901454844,22.55195491370201,0.0,Santa Ana,29.032451944444443,-107.47117388888888
08049,Chihuahua,Nonoava,2757,8.487486398258977,6.82,57.38095238095238,12.261904761904763,46.00917431192661,10.155966630395357,0.0,Nonoava,27.472054166666666,-106.73533222222223
08050,Chihuahua,Nuevo Casas Grandes,65753,11.698325551685855,9.9,78.81234473533345,54.48117714504109,60.20498084291188,60.248201602968685,94.35006767752041,Nuevo Casas Grandes,30.413985555555556,-107.91210305555556
08051,Chihuahua,Ocampo,8127,9.831426110495878,7.19,57.71981489272192,3.4076567101388306,55.142712379665596,24.781592223452687,0.0,Basaseachi,28.201295,-108.20944805555555
08052,Chihuahua,Ojinaga,24534,10.00244558571778,8.61,85.42224385495254,42.29739596008761,57.95472046819652,34.41754300154887,89.94049074753403,Manuel Ojinaga,29.564500555555558,-104.41566472222223
08053,Chihuahua,Praxedis G. Guerrero,5111,10.624144003130503,7.61,73.7030411449016,34.04889683959451,49.66936076414401,38.1334376834279,0.0,Praxedis G. Guerrero,31.37206777777778,-106.00539472222222
08054,Chihuahua,Riva Palacio,7695,11.968810916179336,6.72,91.92660550458716,27.477064220183486,58.3803177857509,22.58609486679662,0.0,San Andrés,28.54600777777778,-106.50263222222222
08055,Chihuahua,Rosales,16776,11.570100143061516,8.4,68.6842105263158,40.526315789473685,57.927499084584404,54.321649976156415,0.0,Santa Cruz de Rosales,28.186944444444446,-105.55444444444444
08056,Chihuahua,Rosario,2079,8.658008658008658,6.82,70.04405286343612,34.65491923641704,37.642369020501135,5.675805675805676,0.0,San Javier,27.21097111111111,-106.34955666666666
08057,Chihuahua,San Francisco de Borja,2197,6.508875739644971,6.97,65.45682102628285,19.274092615769714,47.52155172413793,17.205279927173418,0.0,San Francisco de Borja,27.90182111111111,-106.6849163888889
08058,Chihuahua,San Francisco de Conchos,2696,10.014836795252226,8.52,75.8880516684607,30.893433799784713,43.32291201429209,19.73293768545994,0.0,Boquilla de Babisas (La Boquilla de Conchos),27.550009444444445,-105.4052525
08059,Chihuahua,San Francisco del Oro,5004,8.93285371702638,9.58,60.295060936497755,42.46311738293778,46.61425310677149,62.35011990407674,0.0,San Francisco del Oro,26.858994444444445,-105.85008027777778
08060,Chihuahua,Santa Bárbara,11582,11.172509065791745,9.46,61.95305708490292,40.45204288611996,52.91579063848622,63.13244690036263,0.0,Santa Bárbara,26.8021,-105.81809972222221
08061,Chihuahua,Satevó,3414,8.46514352665495,7.0,74.38625204582651,3.436988543371522,46.35897435897436,18.570591681312244,0.0,San Francisco Javier de Satevó,27.95603361111111,-106.10720416666666
08062,Chihuahua,Saucillo,29862,10.669077757685352,8.86,68.05970149253731,42.885572139303484,52.81842367808447,59.3128390596745,0.0,Saucillo,28.032674444444442,-105.28803222222221
08063,Chihuahua,Temósachic,5320,7.669172932330827,6.98,58.055853920515574,7.303974221267454,48.585457096095396,16.409774436090224,0.0,Temósachic,28.952758333333332,-107.82983944444445
08064,Chihuahua,El Tule,1448,9.25414364640884,6.87,71.82203389830508,40.25423728813559,34.09090909090909,6.49171270718232,0.0,El Tule,27.0536125,-106.26625333333334
08065,Chihuahua,Urique,17043,10.332687907058617,5.44,22.572562121528502,3.925662977657131,37.37251092763477,10.004107258111835,0.0,San Rafael,27.489753333333333,-107.8900725
08066,Chihuahua,Uruachi,6512,9.751228501228502,5.86,21.360255047821468,0.4782146652497343,25.575708171999185,8.277027027027026,0.0,Uruachi,27.86792416666667,-108.21519500000001
08067,Chihuahua,Valle de Zaragoza,4775,8.69109947643979,7.12,75.21058965102286,18.351383874849578,54.10005157297576,16.209424083769633,0.0,Valle de Zaragoza,27.457131666666665,-105.81099416666666
09002,Ciudad de México,Azcapotzalco,432205,9.969343251466318,11.91,48.12399379881939,78.93014727803947,63.38931548692277,66.76831596117583,100.0,Azcapotzalco,19.484102777777778,-99.18436055555556
09003,Ciudad de México,Coyoacán,614447,10.38608700180813,12.51,57.138008636309046,82.45116621500964,62.59802569900182,60.25694649009597,100.0,Coyoacán,19.35021388888889,-99.16214555555555
09004,Ciudad de México,Cuajimalpa de Morelos,217686,11.577225912552944,11.44,55.64233238467139,76.75723078959561,65.77468587122233,48.12344385950406,97.72562314526428,Cuajimalpa de Morelos,19.35735027777778,-99.29979222222222
09005,Ciudad de México,Gustavo A. Madero,1173351,10.79131478986254,11.11,42.17136305507783,72.40169922535314,61.34025272996988,59.2347047047303,100.0,Gustavo A. Madero,19.482945277777777,-99.11347083333332
09006,Ciudad de México,Iztacalco,404695,10.431559569552379,11.52,45.27437988447163,77.33520217465171,64.13608833023463,59.654801764291626,100.0,Iztacalco,19.395901388888888,-99.09761277777777
09007,Ciudad de México,Iztapalapa,1835486,11.394039507792487,10.42,39.075867675195546,69.21634134010093,63.50736970810075,48.14871919480726,100.0,Iztapalapa,19.35900388888889,-99.09262249999999
09008,Ciudad de México,La Magdalena Contreras,247622,11.188020450525398,10.84,45.8605648489477,74.39233943808838,62.940686153787865,54.34048670958154,99.51781344145512,La Magdalena Contreras,19.304898055555554,-99.24151555555555
09009,Ciudad de México,Milpa Alta,152685,12.282804466712513,9.95,39.31457800511509,50.63427109974425,66.96521172847943,31.92913514752595,52.751088843042865,San Antonio Tecómitl,19.21753722222222,-98.99371777777777
09010,Ciudad de México,Álvaro Obregón,759137,10.904224138725947,11.28,49.82311697074136,77.10595658159869,64.74823338462834,56.03520840111864,99.9823483771704,Álvaro Obregón,19.39080611111111,-99.19541333333333
09011,Ciudad de México,Tláhuac,392313,11.90936828501732,10.53,38.82451956796184,67.32688081544863,63.171709137630394,46.57046796817847,89.67278677994356,Tláhuac,19.270566388888888,-99.0048461111111
09012,Ciudad de México,Tlalpan,699928,11.393600484621276,11.5,54.14693700016805,75.05857116025267,64.24007534651898,49.722400018287594,96.91053936976375,Tlalpan,19.288275000000002,-99.16712611111112
09013,Ciudad de México,Xochimilco,442178,11.610708809574424,10.84,43.066098554387644,66.47255215048713,63.19524850979888,46.41705376567808,97.12853194867225,Xochimilco,19.263461944444444,-99.10491333333333
09014,Ciudad de México,Benito Juárez,434153,7.668725080789491,14.55,67.01447859451415,91.89619035176906,70.39353105211916,66.34228025603878,100.0,Benito Juárez,19.37199222222222,-99.15785333333334
09015,Ciudad de México,Cuauhtémoc,545884,9.482234320844722,12.41,37.8788187269044,80.25917970539432,70.21672934952056,58.067648071751506,100.0,Cuauhtémoc,19.441646666666667,-99.15188361111112
09016,Ciudad de México,Miguel Hidalgo,414470,8.817284725070571,13.11,56.5759529033401,85.01996429593491,68.09220511935033,56.74427582213429,100.0,Miguel Hidalgo,19.407268888888886,-99.19075444444445
09017,Ciudad de México,Venustiano Carranza,443704,10.24579449362638,11.46,40.57362559660597,75.13405220670556,64.76612204626525,57.22914375349332,100.0,Venustiano Carranza,19.419261944444447,-99.11370111111111
10001,Durango,Canatlán,31454,11.384879506581038,9.23,60.265811182401464,22.14711274060495,52.89808143770744,36.345138933045085,0.0,Canatlán,24.527263333333334,-104.7783736111111
10002,Durango,Canelas,4321,10.113399676000926,6.44,40.55220017256256,31.061259706643657,38.14071951607768,5.693126591066883,0.0,Canelas,25.122970833333333,-106.54563305555556
10003,Durango,Coneto de Comonfort,4084,10.137120470127327,7.81,68.30652790917692,33.86944181646168,39.98699609882965,6.072477962781587,0.0,Nogales,24.97833333333333,-104.72027777777778
10004,Durango,Cuencamé,34955,10.919753969389214,8.63,55.72331084698576,23.84623621372738,57.33467606579389,36.48691174367043,0.0,Cuencamé de Ceniceros,24.870939444444446,-103.69846194444445
10005,Durango,Durango,688697,12.34519679917293,10.74,58.31512893000942,57.35297267197807,62.009238088724835,59.245067134022655,89.45414311373507,Victoria de Durango,24.023988055555556,-104.67019444444445
10006,Durango,General Simón Bolívar,10038,8.88623231719466,7.11,53.11787072243346,12.167300380228136,43.32063575463024,20.970312811316994,0.0,San José de Zaragoza,25.227071666666664,-103.46793277777778
10007,Durango,Gómez Palacio,372750,12.339369550637157,10.11,50.11341842148817,48.95392194086665,59.218125584009435,71.65472837022133,80.95023474178404,Gómez Palacio,25.570107222222223,-103.49641694444445
10008,Durango,Guadalupe Victoria,36695,11.235863196620793,9.0,65.20488143665047,40.18255779343189,54.83313756650315,29.295544352091564,50.94972067039106,Guadalupe Victoria,24.446433333333335,-104.12365999999999
10009,Durango,Guanaceví,9869,10.223933529232951,6.94,60.763888888888886,14.583333333333334,51.73518419647624,26.578174080453948,0.0,Guanaceví,25.931661944444446,-105.95443194444445
10010,Durango,Hidalgo,3843,7.8064012490242,8.42,69.957805907173,21.0126582278481,35.559157212317665,15.274525110590684,0.0,Revolución (Las Víboras),26.2045125,-105.08329805555555
10011,Durango,Indé,4748,8.403538331929234,7.5,73.05555555555556,10.347222222222221,50.48,11.562763268744735,0.0,Indé,25.91202111111111,-105.22379111111111
10012,Durango,Lerdo,163313,12.502372744362054,9.97,52.3427191197191,45.78086909847248,59.15931418559539,61.311714315455596,58.93162209989407,Lerdo,25.536551666666668,-103.52484944444444
10013,Durango,Mapimí,26932,11.20228724194267,8.04,52.54506128334535,26.22927180966114,52.54836591402738,51.46294371008466,0.0,Bermejillo,25.889744722222222,-103.62446444444444
10014,Durango,Mezquital,48583,11.92186567317786,6.3,20.86732503220266,2.5976814083297555,22.876299242910303,3.779099685075026,0.0,San Francisco del Mezquital,23.473530277777776,-104.39674388888889
10015,Durango,Nazas,12894,9.70994260896541,8.36,62.62425447316103,17.09741550695825,49.96972143722245,24.507522878858385,0.0,Nazas,25.227776666666664,-104.11380305555555
10016,Durango,Nombre de Dios,19060,10.59286463798531,8.54,58.34592145015106,23.225075528700906,54.38358946584524,29.979013641133264,0.0,Nombre de Dios,23.848210833333333,-104.244705
10017,Durango,Ocampo,8003,8.609271523178808,8.63,69.61451247165533,21.390778533635675,48.41147439851943,24.165937773335,0.0,Villa las Nieves,26.400996666666664,-105.38795944444445
10018,Durango,El Oro,10384,9.206471494607088,8.77,71.42418661755678,31.30755064456722,56.78863745787193,25.423728813559322,0.0,Santa María del Oro,25.949323888888888,-105.36486555555555
10019,Durango,Otáez,4924,12.327376116978067,7.2,48.04856895056375,14.48395490026019,41.75701973867111,6.031681559707555,0.0,Otáez,24.698689166666668,-105.9940575
10020,Durango,Pánuco de Coronado,12656,10.698482932996207,8.67,66.3904998619166,22.673294669980667,52.82643312101911,20.93078381795196,0.0,Francisco I. Madero,24.40102444444444,-104.31926444444444
10021,Durango,Peñón Blanco,11118,10.118726389638423,8.53,62.78916060806345,15.432914738929279,50.39416401929639,16.2889008814535,0.0,Peñón Blanco,24.792508611111113,-104.03426666666667
10022,Durango,Poanas,25623,10.627170901143504,8.7,59.285193289569655,25.339168490153174,54.91689061411367,20.92651133747024,0.0,Villa Unión,23.97509222222222,-104.04413611111111
10023,Durango,Pueblo Nuevo,51269,12.440266047709143,8.67,41.17061847123197,19.175924390648316,53.63801174337744,38.606175271606624,52.035342994792174,El Salto,23.778150555555555,-105.36019194444444
10024,Durango,Rodeo,12818,9.330628803245435,8.7,66.46499567847883,20.023048112935754,48.89206576125804,30.41816195974411,0.0,Rodeo,25.18071861111111,-104.56044444444444
10025,Durango,San Bernardo,2837,7.895664434261544,7.38,68.78198567041966,18.93551688843398,41.07371112057946,11.173775114557632,0.0,San Bernardo,26.000787222222222,-105.52325666666667
10026,Durango,San Dimas,17333,11.19829227485144,7.8,47.523219814241486,17.71340114993366,52.196603832372645,27.612069462874285,0.0,Tayoltita,24.102181666666667,-105.931245
10027,Durango,San Juan de Guadalupe,5251,10.264711483526947,7.2,57.97691785471826,8.010862186014936,48.95705521472393,15.425633212721387,0.0,San Juan de Guadalupe,24.63085277777778,-102.78205472222223
10028,Durango,San Juan del Río,12013,10.838258553233997,8.27,70.07042253521126,13.82842509603073,52.621188857205524,26.254890535253477,0.0,San Juan del Río del Centauro del Norte,24.778254999999998,-104.45922555555556
10029,Durango,San Luis del Cordero,2103,9.70042796005706,7.63,67.96610169491525,30.677966101694917,47.55114693118413,10.033285782215883,0.0,San Luis del Cordero,25.41764861111111,-104.27778611111111
10030,Durango,San Pedro del Gallo,1633,8.511941212492346,7.38,68.0244399185336,6.720977596741344,47.60432766615147,10.593998775260257,0.0,San Pedro del Gallo,25.565863888888888,-104.29283416666667
10031,Durango,Santa Clara,6727,8.815222238739409,8.08,65.32343584305409,24.072110286320253,46.78703164434091,12.145086962984985,0.0,Santa Clara,24.475443888888886,-103.35722222222222
10032,Durango,Santiago Papasquiaro,49207,11.819456581380697,8.72,62.80699166605207,33.04078471863707,57.918683702351665,28.989777877131303,61.09496616335074,Santiago Papasquiaro,25.039079722222223,-105.420945
10033,Durango,Súchil,6917,10.365765505276855,8.29,55.72888649811727,13.824636901559979,46.888045540796966,15.599248229001011,0.0,Súchil,23.622163055555557,-103.92186972222223
10034,Durango,Tamazula,26300,11.950570342205323,7.05,41.66803211535311,26.2493855480911,57.539766702014845,4.783269961977187,0.0,Tamazula de Victoria,24.97031611111111,-106.96660166666668
10035,Durango,Tepehuanes,11378,10.599402355422745,7.29,65.94641313742437,16.709881878421204,57.88942469440395,15.160836702408156,0.0,Santa Catarina de Tepehuanes,25.34320861111111,-105.72300194444445
10036,Durango,Tlahualilo,21143,10.745873338693658,8.92,50.33415406260992,14.263102356665494,52.69724998448073,64.29078181904177,0.0,Tlahualilo de Zaragoza,26.107385833333336,-103.43923583333334
10037,Durango,Topia,9320,11.30901287553648,7.11,37.35930735930736,42.72727272727273,51.127379209370424,12.618025751072961,0.0,Topia,25.2090225,-106.57119583333333
10038,Durango,Vicente Guerrero,23476,10.870676435508605,9.25,61.4018544711614,35.92644978783593,58.63593655004698,33.1402283182825,76.53348100187425,Vicente Guerrero,23.731111111111108,-103.98777777777778
10039,Durango,Nuevo Ideal,27981,10.435652764375826,8.19,72.9034863373267,30.75784089379459,58.360891445003595,23.315821450269826,0.0,Nuevo Ideal,24.888313333333333,-105.07420527777778
11001,Guanajuato,Abasolo,92040,12.414167753150805,7.73,47.49719416386083,32.413019079685746,58.81942116437591,18.219252498913516,31.510212950890917,Abasolo,20.4509,-101.52836055555555
11002,Guanajuato,Acámbaro,108697,10.738106847475091,8.34,45.60670842862351,37.42666799244307,58.339990413804124,26.697148955352954,52.068594349430064,Acámbaro,20.03538027777778,-100.71932638888889
11003,Guanajuato,San Miguel de Allende,174615,12.397560347049222,8.7,51.33017533619199,46.83564196394495,64.42026596329266,17.847836669243765,41.492426194771355,San Miguel de Allende,20.904012777777776,-100.71338138888889
11004,Guanajuato,Apaseo el Alto,63392,12.28072942958102,7.93,51.80327868852459,38.34209712341479,60.40697439216797,24.712897526501767,44.579757698132255,Apaseo el Alto,20.457171388888888,-100.62162638888888
11005,Guanajuato,Apaseo el Grande,117883,11.798138832571277,8.85,43.785184237461614,46.990148413510745,62.22772670976832,45.90059635401203,39.299983882324,Apaseo el Grande,20.54528416666667,-100.68821694444445
11006,Guanajuato,Atarjea,5296,9.950906344410877,7.23,28.626444159178433,33.95378690629011,46.01063829787234,7.043051359516617,0.0,El Carricillo,21.315182500000002,-99.83322833333332
11007,Guanajuato,Celaya,521169,12.092814422960691,10.11,52.92358109050342,58.64035699344582,62.800712552156185,51.802390395437946,72.5566946614246,Celaya,20.521523888888886,-100.81357305555555
11008,Guanajuato,Manuel Doblado,41240,11.459747817652765,7.2,56.550120718948406,32.871322543145844,59.774578518658835,17.4733268671193,39.02036857419981,Ciudad Manuel Doblado,20.727518055555553,-101.95279027777778
11009,Guanajuato,Comonfort,82216,12.912328500535176,8.17,34.981572481572485,36.20495495495496,58.78909038983293,22.87632577600467,29.468716551522817,Comonfort,20.7200475,-100.76120222222222
11010,Guanajuato,Coroneo,11083,10.448434539384643,7.77,57.452920523459944,24.162144909032875,57.799976768498084,7.010737165027519,0.0,Coroneo,20.198611111111113,-100.36444444444444
11011,Guanajuato,Cortazar,97928,12.140552242463851,8.82,41.89886887636464,46.076538052260275,60.63786427552476,46.6546850747488,70.83877951147782,Cortazar,20.48350638888889,-100.9637288888889
11012,Guanajuato,Cuerámaro,30857,11.893573581359172,7.74,47.830882352941174,32.43872549019608,55.67855507927921,15.42275658683605,49.599766665586415,Cuerámaro,20.626478333333335,-101.67038583333334
11013,Guanajuato,Doctor Mora,27390,13.566995253742242,8.06,58.51205442981807,29.034166543410738,56.40031031807603,16.316173786053305,0.0,Doctor Mora,21.14264,-100.31894944444444
11014,Guanajuato,Dolores Hidalgo Cuna de la Independencia Nacional,163038,12.906193648106576,8.07,52.28159326557848,44.81059439482599,62.27693162504902,19.859787288852907,41.15666286387223,Dolores Hidalgo Cuna de la Independencia Nacional,21.159200277777778,-100.91723555555556
11015,Guanajuato,Guanajuato,194500,12.64370179948586,10.46,50.794388001935175,60.640541848089015,61.59571320133287,51.319280205655524,61.0426735218509,Guanajuato,21.0160975,-101.25362138888889
11016,Guanajuato,Huanímaro,21128,11.780575539568344,7.8,47.67311988086374,33.804914370811616,53.01153869389235,8.618894358197652,0.0,Huanímaro,20.368274444444445,-101.49686666666666
11017,Guanajuato,Irapuato,592953,12.622754248650399,9.66,51.356920889076164,50.99020330770041,60.846185475641114,53.27875902474564,76.24381696357047,Irapuato,20.67280138888889,-101.34811694444444
11018,Guanajuato,Jaral del Progreso,38782,11.874065288020216,8.37,39.183510106063636,27.596557934760856,56.581986143187066,30.668867000154712,56.09818988190398,Jaral del Progreso,20.376516666666667,-101.063975
11019,Guanajuato,Jerécuaro,49517,11.228466991134358,7.01,45.89389534883721,18.132267441860463,56.81261402137086,7.433810610497405,0.0,Jerécuaro,20.15003361111111,-100.51052805555555
11020,Guanajuato,León,1721215,12.672675987601782,9.75,54.51479818999596,59.640041573813946,66.26577716319986,57.70528376757116,91.7841757130864,León de los Aldama,21.121971944444446,-101.68319972222223
11021,Guanajuato,Moroleón,47261,10.004020228095047,8.7,48.672132296265154,50.199705696867774,64.2024717460797,18.681365184824696,88.67776813863439,Moroleón,20.13187027777778,-101.18920861111111
11022,Guanajuato,Ocampo,26383,12.356441648030929,7.16,53.27681773720248,17.671992174763613,58.421287349487145,9.221847401735966,0.0,Ocampo,21.64849222222222,-101.47801638888889
11023,Guanajuato,Pénjamo,154960,11.932756840474962,7.77,45.80597919402081,27.75729724270276,56.86161497229335,24.53149199793495,27.909783169850282,Pénjamo,20.431794722222225,-101.72504388888889
11024,Guanajuato,Pueblo Nuevo,12403,11.271466580665967,7.77,52.819262419993905,33.099664736360864,53.14133442656554,17.882770297508667,0.0,Pueblo Nuevo,20.52595722222222,-101.37084694444444
11025,Guanajuato,Purísima del Rincón,83842,13.395434269220678,7.72,49.388371507676815,32.67052605084319,68.30896326428044,31.28265070012643,62.32795019202786,Purísima de Bustos,21.029579166666664,-101.87809916666666
11026,Guanajuato,Romita,65766,12.635708420764528,7.75,42.12442908282928,28.650783853845205,55.7534684738715,21.208527202505856,37.64407140467719,Romita,20.871215,-101.51711722222223
11027,Guanajuato,Salamanca,273417,11.584868534143817,9.37,54.7184911499113,57.311493777594,56.56970686536735,44.44273764981695,58.768108786213,Salamanca,20.568680555555556,-101.19991527777778
11028,Guanajuato,Salvatierra,94126,11.063893079489196,8.12,41.72031334832855,37.97409446986737,56.565907811538615,23.840384165905277,37.61022459256741,Salvatierra,20.2161175,-100.88135999999999
11029,Guanajuato,San Diego de la Unión,41054,13.479807083353633,7.13,47.998032464338415,24.899163797343828,54.39504280056216,10.337604131144346,0.0,San Diego de la Unión,21.466386666666665,-100.87331638888888
11030,Guanajuato,San Felipe,119793,12.835474526892222,7.69,47.95469972491158,23.579007538137258,58.234725096733555,22.15822293456212,27.406442780462964,San Felipe,21.47933583333333,-101.21594472222222
11031,Guanajuato,San Francisco del Rincón,130871,12.997531920746384,8.2,53.81080997174878,43.15606469839496,68.2148414657112,31.848155817560805,60.954680563302794,San Francisco del Rincón,21.018681388888886,-101.85851805555555
11032,Guanajuato,San José Iturbide,89558,12.655485830411576,9.1,65.61716723099248,41.09757706345368,62.172158215307846,39.719511378101345,30.810201210388797,San José Iturbide,21.000821944444443,-100.38572027777778
11033,Guanajuato,San Luis de la Paz,128536,13.234424597000062,8.23,52.66241032054236,36.09557032844073,57.643528130074614,25.2450675297193,40.37312503889961,San Luis de la Paz,21.298816111111112,-100.51512555555556
11034,Guanajuato,Santa Catarina,5723,12.07408701729862,7.69,42.064516129032256,25.806451612903224,50.81291504465308,5.0323257033024635,0.0,Santa Catarina,21.1398775,-100.06691305555555
11035,Guanajuato,Santa Cruz de Juventino Rosas,82340,12.195773621569103,7.92,40.3119530526099,35.85401008957068,57.1581549896852,25.717755647316007,53.43453971338353,Juventino Rosas,20.643200277777776,-100.99403722222222
11036,Guanajuato,Santiago Maravatío,6714,10.2025618111409,7.54,45.5044955044955,41.158841158841156,51.85589519650655,12.094131665177242,0.0,Santiago Maravatío,20.172406944444447,-100.99522555555555
11037,Guanajuato,Silao de la Victoria,203556,12.695769223211302,8.68,45.281318398352,36.29243380112442,59.714998492903824,47.277407691249586,40.94794552850321,Silao de la Victoria,20.94445027777778,-101.42621611111112
11038,Guanajuato,Tarandacuao,11304,10.35031847133758,8.05,50.580119159611165,35.183443085606775,53.16749585406302,11.597664543524417,0.0,Tarandacuao,20.003968055555557,-100.5163286111111
11039,Guanajuato,Tarimoro,35905,10.906558975073109,7.57,44.707151967036204,32.29667418816835,56.76322636600173,17.03662442556747,0.0,Tarimoro,20.288540555555556,-100.75594194444444
11040,Guanajuato,Tierra Blanca,20007,14.010096466236817,7.97,39.39641109298532,26.99836867862969,55.42743538767396,12.245714000099966,0.0,Tierra Blanca,21.100002500000002,-100.1591538888889
11041,Guanajuato,Uriangato,61494,11.765375483787036,8.01,41.596541786743515,41.19884726224784,65.3488005050505,17.27810843334309,84.81477867759456,Uriangato,20.141011666666667,-101.17805111111112
11042,Guanajuato,Valle de Santiago,150054,11.837071987417863,7.99,45.865855271861356,35.59465537769546,56.872529975216025,23.00505151478801,48.4245671558239,Valle de Santiago,20.39132222222222,-101.18142972222223
11043,Guanajuato,Victoria,21253,12.417070531219123,8.23,45.34819959787973,34.10711021751051,56.40194489465154,12.882887121818097,0.0,Victoria,21.21217222222222,-100.21593583333333
11044,Guanajuato,Villagrán,65791,12.396832393488472,8.94,43.96877668008294,40.59031589218198,57.36650225176925,56.100378471219464,42.72468878722014,Villagrán,20.511371666666665,-100.99650277777778
11045,Guanajuato,Xichú,11143,11.065242753298035,6.72,39.02358020591166,49.21952839588177,43.697078115682764,3.5717490801399983,0.0,Xichú,21.29860777777778,-100.05961222222221
11046,Guanajuato,Yuriria,68741,10.847965551854061,7.42,40.26597131681878,33.98174706649283,58.337442246936575,11.888101715133617,37.5976491467974,Yuriria,20.212743333333332,-101.13093333333333
12001,Guerrero,Acapulco de Juárez,779566,11.304879894710647,9.87,27.49950876190136,47.60275807863382,61.83842982043296,46.081922505599266,84.48405907902603,Acapulco de Juárez,16.861866944444447,-99.88655777777778
12002,Guerrero,Ahuacuotzingo,25205,11.66831977782186,5.27,12.670936472217415,13.259477237320409,51.75901989434641,1.3291013687760365,0.0,Ahuacuotzingo,17.714088888888888,-98.93490777777778
12003,Guerrero,Ajuchitlán del Progreso,37655,11.10609480812641,6.87,22.363734484619535,13.88019427954668,58.167402145445415,8.604435001991767,0.0,Ajuchitlán del Progreso,18.15955472222222,-100.49605694444445
12004,Guerrero,Alcozauca de Guerrero,21225,11.797408716136632,4.6,17.65725606736008,11.441307578008916,20.041263517359134,1.2579505300353357,0.0,Alcozauca de Guerrero,17.463523888888886,-98.38388777777779
12005,Guerrero,Alpoyeca,7813,12.376807884295404,7.31,22.308892355694226,17.680707228289133,57.1282575370465,5.068475617560476,0.0,Alpoyeca,17.67006388888889,-98.51323888888889
12006,Guerrero,Apaxtla,11112,10.493160547156227,7.8,32.909653040192374,16.454826520096187,55.788590604026844,15.60475161987041,0.0,Ciudad Apaxtla de Castrejón,18.130078333333334,-99.93231361111111
12007,Guerrero,Arcelia,33267,10.794481017224276,8.41,30.067039106145252,28.178770949720672,62.94159770846594,16.716265368082485,67.73679622448672,Arcelia,18.315825,-100.28395194444444
12008,Guerrero,Atenango del Río,9147,10.790423089537553,6.46,23.3739837398374,12.276422764227643,53.64267129228101,6.286214059254401,0.0,Atenango del Río,18.104343055555557,-99.10780305555555
12009,Guerrero,Atlamajalcingo del Monte,5811,12.11495439683359,5.93,6.043956043956044,3.3751962323390896,35.92281048985651,2.6329375322663915,0.0,Zilacayotitlán,17.29587111111111,-98.55016805555556
12010,Guerrero,Atlixtac,28491,11.656312519743077,5.32,7.996510613550451,7.022390229717941,39.74109701187065,0.9827664876627707,0.0,Atlixtac,17.563679166666667,-98.93323222222223
12011,Guerrero,Atoyac de Álvarez,60680,10.433421226104153,8.38,20.22965214454576,21.771923899583474,65.84933903986844,16.237640079103492,36.70237310481213,Atoyac de Álvarez,17.21273888888889,-100.43312944444445
12012,Guerrero,Ayutla de los Libres,69123,12.324407216121985,7.23,13.404147698533132,8.333333333333334,67.71036395425953,6.8313007247949304,26.36459644402008,Ayutla de los Libres,16.965286944444443,-99.09738388888888
12013,Guerrero,Azoyú,15099,10.013908205841446,7.48,17.18532280538783,7.733395262424524,60.45411542100284,9.12643221405391,0.0,Azoyú,16.732960277777774,-98.60109083333333
12014,Guerrero,Benito Juárez,15442,9.266934334930708,9.04,29.228340240773633,26.544306295638446,60.373949249744676,21.966066571687605,0.0,San Jerónimo de Juárez,17.13636972222222,-100.46866805555555
12015,Guerrero,Buenavista de Cuéllar,12982,10.822677553535664,8.09,33.921033027067296,24.58405761112491,61.4218555118488,18.155908180557695,0.0,Buenavista de Cuéllar,18.457887222222222,-99.40534222222223
12016,Guerrero,Coahuayutla de José María Izazaga,12408,10.96067053513862,5.57,37.478460654796095,21.76909821941413,48.65735767991407,3.3365570599613155,0.0,Coahuayutla de Guerrero,18.316395,-101.7346113888889
12017,Guerrero,Cocula,15579,11.432055972783875,7.48,29.614132961413297,18.758716875871688,56.7925164335075,17.266833557994737,0.0,Cocula,18.23586638888889,-99.66119
12018,Guerrero,Copala,14463,10.14312383322962,7.67,25.719769673704416,20.561420345489445,61.183378500451674,11.574362165525825,0.0,Copala,16.60875916666667,-98.97862361111112
12019,Guerrero,Copalillo,15598,11.789973073470957,5.42,8.905486929043379,17.897155989658145,47.336010709504684,1.801513014489037,0.0,Copalillo,18.03415138888889,-99.04172444444444
12020,Guerrero,Copanatoyac,21648,13.151330376940132,5.35,5.599128540305011,5.206971677559912,39.234546310620836,1.8477457501847745,0.0,Copanatoyac,17.46184472222222,-98.71346277777778
12021,Guerrero,Coyuca de Benítez,73056,10.717805519053876,8.09,18.650886466763342,26.046685690227815,62.564596654112286,18.941633815155498,0.0,Coyuca de Benítez,17.009001666666666,-100.08936722222222
12022,Guerrero,Coyuca de Catalán,38554,9.890024381387144,6.78,33.07548928238583,23.606710158434296,56.3004931276886,11.324376199616124,0.0,Coyuca de Catalán,18.331019444444443,-100.69856583333333
12023,Guerrero,Cuajinicuilapa,26627,9.847147632102752,7.02,30.087306917394223,15.970449966420416,47.26179650399111,7.586284598340031,0.0,Cuajinicuilapa,16.471985555555555,-98.41674472222223
12024,Guerrero,Cualác,7874,10.807721615443231,6.81,17.503805175038053,3.65296803652968,53.467089053150296,3.7846075692151384,0.0,Cualác,17.742761666666667,-98.66072777777778
12025,Guerrero,Cuautepec,17024,10.197368421052632,7.19,10.627137970353477,4.013683010262258,50.5743458838545,7.319078947368421,0.0,Cuautepec,16.74900277777778,-99.00154555555555
12026,Guerrero,Cuetzala del Progreso,8272,9.489845261121857,6.13,20.917734601074823,8.88797023563456,48.619727047146405,5.210348162475822,0.0,Cuetzala del Progreso,18.13414138888889,-99.83148555555555
12027,Guerrero,Cutzamala de Pinzón,20537,9.855382967327262,5.94,41.48816234498309,13.93138991786117,51.820816532258064,5.434094561036178,0.0,Cutzamala de Pinzón,18.465244444444444,-100.57851277777777
12028,Guerrero,Chilapa de Álvarez,123722,11.308417258046266,6.56,15.116357504215852,20.128161888701516,74.86988764546896,8.591843002861253,27.305572169864696,Chilapa de Álvarez,17.59423222222222,-99.17768166666667
12029,Guerrero,Chilpancingo de los Bravo,283354,12.684133627900083,10.66,35.20557395143488,57.25165562913907,65.56248869596672,36.137834652060675,79.66289517705768,Chilpancingo de los Bravo,17.551649444444447,-99.50106277777778
12030,Guerrero,Florencio Villarreal,22250,11.334831460674158,8.19,25.94914663880181,16.318355973528387,59.094744455159116,11.964044943820225,0.0,Cruz Grande,16.723880555555553,-99.12378722222222
12031,Guerrero,General Canuto A. Neri,6278,10.385473080598917,6.59,28.794503435352905,4.497189256714553,58.395882479090716,3.791016247212488,0.0,Acapetlahuaya,18.418484722222225,-100.07205166666667
12032,Guerrero,General Heliodoro Castillo,37254,12.202716486820208,6.39,17.46219281663516,8.837429111531192,59.18073601493815,1.0978686852418533,0.0,Tlacotepec,17.789448055555557,-99.97831777777778
12033,Guerrero,Huamuxtitlán,17488,11.316331198536139,7.62,25.432900432900432,22.5974025974026,56.906666666666666,8.18847209515096,0.0,Huamuxtitlán,17.802174444444447,-98.56528666666667
12034,Guerrero,Huitzuco de los Figueroa,36593,10.45828437132785,7.47,29.674294938752254,22.704396543538124,57.04965439413176,12.49419287841937,47.95999234826333,Ciudad de Huitzuco,18.30598,-99.33430305555555
12035,Guerrero,Iguala de la Independencia,154173,11.553255109519824,10.03,35.091197462331486,50.21691468022578,63.764817994364435,38.120163712193445,86.17202752751778,Iguala de la Independencia,18.344549166666667,-99.53836833333334
12036,Guerrero,Igualapa,11739,11.738648947951274,7.35,13.538563389606091,6.190003310162198,56.576989124212936,7.0960047704233755,0.0,Igualapa,16.743713333333336,-98.4766175
12037,Guerrero,Ixcateopan de Cuauhtémoc,6138,11.274030628869339,7.49,29.43620178041543,14.124629080118694,57.03351261894911,8.113391984359726,0.0,Ixcateopan de Cuauhtémoc,18.50245222222222,-99.79356944444444
12038,Guerrero,Zihuatanejo de Azueta,126001,10.803088864374093,9.29,34.93937203886614,52.92968227200942,66.43051381136397,42.205220593487354,56.15828445805985,Zihuatanejo,17.650457499999998,-101.54817555555556
12039,Guerrero,Juan R. Escudero,26093,11.27505461234814,7.88,20.075545607162844,18.172915500839395,58.12370523823616,16.10776836699498,0.0,Tierra Colorada,17.169004444444447,-99.52204694444444
12040,Guerrero,Leonardo Bravo,26357,12.12201692150093,6.91,18.73539947048746,11.820588693349945,60.58121814073257,4.875365178131047,0.0,Chichihualco,17.660801944444444,-99.67734055555556
12041,Guerrero,Malinaltepec,29625,11.247257383966245,7.77,6.318599822011272,3.5597745476119846,59.26527492475995,4.5738396624472575,0.0,El Rincón (Santa Cruz del Rincón),16.995839166666666,-98.73610388888889
12042,Guerrero,Mártir de Cuilapan,18613,10.981572019556225,5.73,12.818405916187347,16.002465078060805,71.57215721572157,4.572073282114651,0.0,Apango,17.741925277777778,-99.3293411111111
12043,Guerrero,Metlatónoc,18859,11.432207434116338,4.86,11.491002570694087,9.562982005141388,28.54592664719247,1.0976191738692402,0.0,Metlatónoc,17.195372222222222,-98.40709944444446
12044,Guerrero,Mochitlán,12402,11.16755362038381,8.08,21.452650934722648,27.214220042905303,57.57607336390163,16.868247056926304,0.0,Mochitlán,17.472357777777777,-99.37129444444444
12045,Guerrero,Olinalá,28446,11.62553610349434,6.19,16.41164116411641,23.177317731773176,61.72912074455058,3.4697321240244676,0.0,Olinalá,17.77833222222222,-98.74125638888889
12046,Guerrero,Ometepec,68207,12.913630565777707,8.36,17.569214696151835,20.273956700911253,69.0382260916882,14.337238113390121,40.47531778263228,Ometepec,16.685089166666668,-98.40442138888889
12047,Guerrero,Pedro Ascencio Alquisiras,7076,11.09383832673827,5.78,28.68171021377672,4.92874109263658,33.826103870842246,1.1729790842283776,0.0,Ixcapuzalco,18.512364166666668,-99.88701777777779
12048,Guerrero,Petatlán,44583,12.166072269699212,7.96,31.20567375886525,38.7449892075239,60.97624945359173,20.33286230177422,52.403382455195924,Petatlán,17.538206666666667,-101.27455194444444
12049,Guerrero,Pilcaya,12753,11.558064769073944,7.54,32.45883337984929,24.113871057772815,59.080224833929485,7.919705167411589,0.0,Pilcaya,18.74758388888889,-99.67617472222223
12050,Guerrero,Pungarabato,38482,11.57684112052388,8.97,36.066216083847586,38.887256342442946,60.99885883063704,24.66607764669196,67.1742632919287,Ciudad Altamirano,18.36227277777778,-100.66824083333334
12051,Guerrero,Quechultenango,36143,11.99125695155355,6.35,13.290221875348422,12.688148065559147,55.81766381766382,4.393658523088842,0.0,Quechultenango,17.409166666666664,-99.24083333333333
12052,Guerrero,San Luis Acatlán,46270,12.23038685973633,7.18,8.703039456296016,7.070039645082122,65.32642363593042,4.938405014047979,0.0,San Luis Acatlán,16.808583055555555,-98.73361277777778
12053,Guerrero,San Marcos,50124,10.890990343947012,7.43,22.673543950139695,11.934952360484276,58.07456668586689,12.736413694038784,0.0,San Marcos,16.797343611111113,-99.39004638888889
12054,Guerrero,San Miguel Totolapan,24139,10.915945151000455,6.47,19.690380935814925,8.801530700991476,36.11743419132668,3.4177057873151333,0.0,San Miguel Totolapan,18.161266666666666,-100.39082111111112
12055,Guerrero,Taxco de Alarcón,105586,11.654007160040157,8.64,25.05085537066062,35.95558075165905,64.18150433898465,23.692534995169815,47.732653950334324,Taxco de Alarcón,18.557381944444444,-99.60459472222222
12056,Guerrero,Tecoanapa,46063,11.015348544384864,7.82,13.995680345572355,14.695464362850972,62.345233628676155,8.440613941775394,0.0,Tecoanapa,16.988854444444446,-99.26087638888889
12057,Guerrero,Técpan de Galeana,65237,10.44039425479406,7.94,28.138154891717807,29.53796216462951,64.65319157222417,15.627634624522894,25.211153179943896,Técpan de Galeana,17.22260861111111,-100.63237777777778
12058,Guerrero,Teloloapan,53817,11.022539346303212,7.92,31.076900942378245,23.18538234659377,65.00753775053752,16.24207964026237,46.72872884032926,Teloloapan,18.37180916666667,-99.86957277777778
12059,Guerrero,Tepecoacuilco de Trujano,30806,10.459001493215608,7.26,25.059638759513803,22.73088719754629,59.27178587832477,15.938453548010127,0.0,Tepecoacuilco de Trujano,18.286989722222224,-99.46669416666667
12060,Guerrero,Tetipac,13552,11.238193624557262,6.78,29.4275013376137,7.758159443552702,54.76421502037648,4.110094451003542,0.0,Tetipac,18.649385277777778,-99.64898222222223
12061,Guerrero,Tixtla de Guerrero,43171,11.438233999675708,9.21,23.03030303030303,31.01763907734057,65.78720622753067,25.436056612077554,57.72393504899122,Tixtla de Guerrero,17.566724166666667,-99.3982713888889
12062,Guerrero,Tlacoachistlahuaca,22781,11.860761160616303,5.04,11.435523114355231,9.103811841038118,41.35052638136174,3.5029190992493744,0.0,Tlacoachistlahuaca,16.809908888888888,-98.30174888888888
12063,Guerrero,Tlacoapa,10092,11.028537455410225,7.03,5.360662199448167,9.459992116673236,43.04689617782597,2.7348394768133173,0.0,Tlacoapa,17.259948333333334,-98.74821138888889
12064,Guerrero,Tlalchapa,11681,8.86054276174985,7.52,37.200467562828756,17.56282875511397,50.01108893324462,12.635904460234569,0.0,Tlalchapa,18.408674444444443,-100.47825333333334
12065,Guerrero,Tlalixtaquilla de Maldonado,7602,11.799526440410418,6.14,25.714285714285715,8.359788359788359,52.020837075624215,3.591160220994475,0.0,Tlalixtaquilla,17.57448361111111,-98.36986222222221
12066,Guerrero,Tlapa de Comonfort,96125,13.125617685305592,8.22,18.848361414552862,23.467876319200148,63.4897128808247,10.937841352405721,61.981794538361505,Tlapa de Comonfort,17.546949444444447,-98.58213833333333
12067,Guerrero,Tlapehuala,22209,10.39218334909271,8.13,25.83617747440273,24.215017064846418,54.533655831514366,15.435183934440992,0.0,Tlapehuala,18.23976027777778,-100.54157416666666
12068,Guerrero,La Unión de Isidoro Montes de Oca,26349,10.239477779042847,7.09,41.03528801245459,13.764919564089258,55.77348473676449,23.856692853618732,0.0,Petacalco,17.980494444444442,-102.10940194444444
12069,Guerrero,Xalpatláhuac,11966,11.098111315393615,5.09,8.597464342313788,6.537242472266244,34.1742027605902,1.7382583987965903,0.0,Xalpatláhuac,17.470875277777775,-98.60644916666666
12070,Guerrero,Xochihuehuetlán,7862,11.472907657084711,6.35,21.981271562345984,11.680630852636767,46.766250820748525,2.7855507504451795,0.0,Xochihuehuetlán,17.905640277777778,-98.4876613888889
12071,Guerrero,Xochistlahuaca,29891,11.103676691980864,5.19,7.8599221789883265,5.265888456549935,66.15213523131672,3.1113044060084976,0.0,Xochistlahuaca,16.79242361111111,-98.24246666666667
12072,Guerrero,Zapotitlán Tablas,12004,13.22059313562146,6.33,6.439894319682959,4.062087186261559,48.87680302672027,1.8993668777074308,0.0,Zapotitlán Tablas,17.422887222222222,-98.78170888888889
12073,Guerrero,Zirándaro,18031,9.855249292884476,5.53,37.53016894609815,22.103781174577634,56.1317125711648,3.8267428317896957,0.0,Zirándaro de los Chávez,18.4791325,-100.97585611111111
12074,Guerrero,Zitlala,21977,10.501888337807708,5.81,9.834653806407164,6.906648294867378,55.06090669345724,3.3944578422896665,0.0,Zitlala,17.690340555555554,-99.18524777777778
12075,Guerrero,Eduardo Neri,53126,12.131536347551105,7.96,24.824,34.6,60.88680334245063,17.73519557278922,52.599480480367426,Zumpango del Río,17.65319722222222,-99.52593666666667
12076,Guerrero,Acatepec,40197,13.799537278901411,6.57,2.427836204967554,3.9046766614455137,47.85541461984016,0.7886160658755629,0.0,Acatepec,17.325218888888887,-98.91033361111111
12077,Guerrero,Marquelia,14280,10.777310924369749,8.16,21.989795918367346,24.464285714285715,62.8294930875576,13.557422969187675,0.0,Marquelia,16.58331388888889,-98.81785194444444
12078,Guerrero,Cochoapa el Grande,21241,10.117226119297586,3.4,13.15410465674508,8.161305808929429,24.270817591053348,0.5461136481333271,0.0,Cochoapa el Grande,17.192966944444446,-98.45527972222223
12079,Guerrero,José Joaquín de Herrera,18381,12.708775365866927,5.18,3.3855482566953006,8.236483072258716,37.71213073538655,1.0499972797997932,0.0,Hueycantenango,17.44872611111111,-99.02438777777778
12080,Guerrero,Juchitán,7559,9.908718084402699,6.9,24.49742870500234,12.201963534361852,46.45408607771389,7.792035983595714,0.0,Juchitán,16.627070555555555,-98.63671361111112
12081,Guerrero,Iliatenco,11679,12.612381197020293,8.5,8.228782287822877,5.387453874538745,62.61660447761194,5.531295487627365,0.0,Iliatenco,17.045530833333334,-98.6858113888889
13001,Hidalgo,Acatlán,22268,10.993353691395725,7.35,60.8621570966093,31.828250127790085,67.06846108835576,10.261361595114066,0.0,28 de Mayo (Santa Rosa) [Colonia],20.16738777777778,-98.38841555555557
13002,Hidalgo,Acaxochitlán,46065,12.152393357212635,6.66,38.38345144608313,7.814594905190576,65.17013652382504,6.117442743948768,0.0,Tepepa (Santiago Tepepa),20.125798055555556,-98.17874861111112
13003,Hidalgo,Actopan,61002,11.366840431461263,9.93,51.46317472027542,38.95856387556867,67.39076923076924,25.26474541818301,52.909740664240516,Actopan,20.26908583333333,-98.94290055555555
13004,Hidalgo,Agua Blanca de Iturbide,10313,11.25763599340638,7.63,42.501751927119834,12.78906797477225,57.81990521327014,10.98613400562397,0.0,Agua Blanca de Iturbide,20.349503888888886,-98.3563861111111
13005,Hidalgo,Ajacuba,18872,10.724883425180161,8.66,42.52029377657519,45.535369153459605,59.0709271045207,27.485163204747774,0.0,Ajacuba,20.092525,-99.12213249999999
13006,Hidalgo,Alfajayucan,19162,8.887381275440976,8.15,43.88697699692085,11.700778844412245,64.60258174431557,10.338169293393173,0.0,Alfajayucan,20.40997111111111,-99.34958916666666
13007,Hidalgo,Almoloya,12546,11.645145863223338,8.51,41.741573033707866,19.915730337078653,56.6039644012945,22.995377012593654,0.0,Almoloya,19.703319444444443,-98.40329305555557
13008,Hidalgo,Apan,46681,11.53360039416465,9.42,43.86168484567185,42.19849926510405,59.89284857531253,36.66588119363338,61.67819883892804,Apan,19.71,-98.45194444444445
13009,Hidalgo,El Arenal,19836,11.91772534785239,9.0,46.19627234689996,25.08558387219475,64.92651757188499,22.23734623916112,0.0,El Arenal,20.221423888888886,-98.91104555555556
13010,Hidalgo,Atitalaquia,31525,11.057890563045202,9.94,57.539591462015146,44.273582740417716,57.16513940339247,30.997620935765266,0.0,Cardonal,20.060612222222222,-99.23159638888889
13011,Hidalgo,Atlapexco,19812,9.665859075307894,7.77,12.462292609351433,14.046003016591252,48.54926201589504,13.99152029073289,0.0,Atlapexco,21.017113888888886,-98.34818666666666
13012,Hidalgo,Atotonilco el Grande,30135,10.827940932470549,8.17,52.33890214797136,19.31980906921241,65.00672381912926,13.794591007134562,0.0,Atotonilco el Grande,20.28688166666667,-98.66906166666668
13013,Hidalgo,Atotonilco de Tula,62470,10.694733472066591,9.88,42.288641224811435,44.10672070246538,60.53849303849304,53.771410276932926,38.20553865855611,Paseos de la Pradera,19.896969444444444,-99.22705416666666
13014,Hidalgo,Calnali,16150,8.705882352941176,7.05,16.74408783783784,7.4324324324324325,51.46707739699654,10.860681114551083,0.0,Calnali,20.897177777777777,-98.58353222222222
13015,Hidalgo,Cardonal,19431,10.483248417477228,8.55,43.66930044324533,21.91173636538832,59.70081300813008,12.716792753846946,0.0,Pozuelos,20.493071944444445,-99.05953972222223
13016,Hidalgo,Cuautepec de Hinojosa,60421,11.772397014283113,8.02,48.666459434255515,30.214485545539322,61.00656918838737,18.96691547640721,33.978252594296684,Cuautepec,20.03547,-98.30973805555556
13017,Hidalgo,Chapantongo,12967,9.246548931904064,7.79,36.12040133779264,20.787239516336506,55.47706599574221,11.65265674404257,0.0,Santa María Amealco,20.236897777777777,-99.54929083333333
13018,Hidalgo,Chapulhuacán,22903,11.03785530279876,7.34,25.28772378516624,13.890664961636828,55.234553775743706,7.990219621883596,0.0,Chapulhuacán,21.159417777777776,-98.9045875
13019,Hidalgo,Chilcuautla,18909,10.936591041303084,8.74,38.85226832105467,16.052733617681273,65.67044160021443,14.617377968163309,0.0,Tunititlán,20.251401944444446,-99.246215
13020,Hidalgo,Eloxochitlán,2593,7.288854608561512,7.3,28.217237308146398,11.097992916174734,36.64335664335665,7.443116081758581,0.0,Hualula (San Juan Hualula),20.708618333333334,-98.83629166666667
13021,Hidalgo,Emiliano Zapata,15175,11.367380560131796,9.48,50.19240019240019,39.17748917748918,60.84936419954353,50.41845140032949,0.0,Emiliano Zapata,19.657008333333334,-98.5474161111111
13022,Hidalgo,Epazoyucan,16285,10.997850782929076,9.12,47.745138601572194,34.75382705833678,59.42475217783118,33.81025483573841,0.0,Epazoyucan,20.018021666666666,-98.63620916666667
13023,Hidalgo,Francisco I. Madero,36248,11.655815493268594,10.19,49.09278350515464,38.670103092783506,60.8997359691287,29.48300595894946,0.0,Tepatepec,20.245185555555558,-99.0888936111111
13024,Hidalgo,Huasca de Ocampo,17607,10.086897256772874,7.79,59.548903878583474,22.259696458684655,62.30661040787623,9.263361163173737,0.0,Río Seco Puente de Doria,20.208790555555556,-98.49820166666667
13025,Hidalgo,Huautla,20673,7.613795772263338,7.56,12.759429705829273,8.175419599350297,53.997960530262134,20.28733130169787,0.0,Huautla,21.031386666666666,-98.28682083333334
13026,Hidalgo,Huazalingo,12766,10.762964123452921,7.14,7.677100494233938,17.759472817133442,47.80586450960566,7.551308162306126,0.0,San Francisco,21.01925472222222,-98.4862313888889
13027,Hidalgo,Huehuetla,22846,10.154950538387464,6.44,8.490264921800192,7.069901053303543,57.695121264982276,4.941784119758382,0.0,Huehuetla,20.460305555555554,-98.07842444444444
13028,Hidalgo,Huejutla de Reyes,126781,10.19790031629345,8.42,20.013962491670103,22.228921397518484,57.83555217185539,28.567372082567577,34.95082070657275,Huejutla de Reyes,21.139211944444444,-98.420595
13029,Hidalgo,Huichapan,47425,10.574591460200317,8.79,49.0139751552795,28.835403726708076,59.49343637518526,30.654717975751186,0.0,Huichapan,20.375313055555555,-99.65118055555556
13030,Hidalgo,Ixmiquilpan,98654,11.055811219007845,9.36,49.22139471902505,31.836304822086813,68.92415408574334,18.461491677985688,38.1211101425183,Ixmiquilpan,20.48486777777778,-99.21877361111112
13031,Hidalgo,Jacala de Ledezma,12290,9.764035801464605,7.68,45.61965811965812,22.916666666666668,54.23762974906782,11.163547599674532,0.0,Jacala,21.00829638888889,-99.1885688888889
13032,Hidalgo,Jaltocán,10523,9.141879692103013,7.25,14.623172103487065,7.461567304086989,55.080664579821814,18.131711489119073,0.0,Jaltocán,21.133131944444443,-98.53832388888888
13033,Hidalgo,Juárez Hidalgo,2895,7.633851468048359,7.29,23.036649214659686,25.340314136125656,36.217813423385394,9.015544041450777,0.0,San Lorenzo Itztacoyotla,20.822378055555554,-98.81680166666666
13034,Hidalgo,Lolotla,9474,9.130251213848426,7.7,19.59277756434883,4.533230887437572,48.04055905727596,13.77454084863838,0.0,Ixtlahuaco,20.883631388888887,-98.70335333333334
13035,Hidalgo,Metepec,13078,11.20966508640465,8.12,58.89364303178484,21.179706601466993,58.75223524736737,14.788193913442422,0.0,Metepec,20.238410277777778,-98.32216444444444
13036,Hidalgo,San Agustín Metzquititlán,9449,9.620065615409038,8.3,41.17854622441779,17.67819336626676,52.53391348861019,14.033231029738596,0.0,Mezquititlán,20.532601944444444,-98.63862111111112
13037,Hidalgo,Metztitlán,20962,9.541074324968992,7.53,34.33338681212899,21.241777635167654,56.74167205217085,10.204178990554336,0.0,Metztitlán,20.5947,-98.76414444444444
13038,Hidalgo,Mineral del Chico,8878,11.62423969362469,8.31,46.94038689301224,24.9506514015002,64.93823613904051,15.149808515431403,0.0,Benito Juárez,20.161798333333333,-98.826335
13039,Hidalgo,Mineral del Monte,14324,11.637810667411337,9.76,45.28199566160521,42.950108459869845,59.003636978770196,39.213906729963696,0.0,Mineral del Monte,20.14049111111111,-98.67153
13040,Hidalgo,La Misión,9819,10.03157144312048,6.16,31.375896210310685,9.559576647319904,50.95647708306586,3.5950707811386087,0.0,La Misión,21.099419444444443,-99.12318666666665
13041,Hidalgo,Mixquiahuala de Juárez,47222,11.234170513743594,9.74,46.29615051562623,38.32165630166102,64.18501048218029,24.753292956672738,58.68662911354877,Mixquiahuala de Juárez,20.22938,-99.21379805555556
13042,Hidalgo,Molango de Escamilla,11578,9.267576438072206,8.58,31.954436450839328,22.72182254196643,56.04755153233722,18.82881326653999,0.0,Molango de Escamilla,20.786498333333334,-98.73081361111112
13043,Hidalgo,Nicolás Flores,6265,9.880287310454909,7.77,21.937321937321936,24.045584045584047,48.78098334010565,6.8954509177972865,0.0,Bocua,20.722925,-99.16539250000001
13044,Hidalgo,Nopala de Villagrán,16948,10.119188104791126,8.02,46.7444120505345,15.529640427599611,60.822257923178036,15.724569270710408,0.0,San Sebastián Tenochtitlán,20.280064444444445,-99.68825166666667
13045,Hidalgo,Omitlán de Juárez,9295,10.876815492200107,8.44,52.67358339984038,21.787709497206706,58.35029168362502,20.570199031737495,0.0,San Antonio el Paso,20.14763861111111,-98.61626472222221
13046,Hidalgo,San Felipe Orizatlán,38492,8.37057050815754,6.87,17.85469834751149,11.342524689547277,56.04513702310586,11.095812116803492,0.0,San Felipe Orizatlán,21.170943611111113,-98.60781527777777
13047,Hidalgo,Pacula,4748,9.435551811288963,6.58,37.41258741258741,30.76923076923077,39.54230973922299,4.3597304128053915,0.0,Jiliapan,20.9825375,-99.34452305555556
13048,Hidalgo,Pachuca de Soto,314331,11.857882296050978,11.52,56.20643057849467,66.99341498466356,63.73658753118734,50.322430813378254,94.75616467990749,Pachuca de Soto,20.12235972222222,-98.73700055555555
13049,Hidalgo,Pisaflores,18723,10.281471986326977,7.04,24.333743337433376,11.869618696186961,55.29464552796889,4.780216845590984,0.0,Pisaflores,21.194781944444443,-99.00599722222222
13050,Hidalgo,Progreso de Obregón,23641,10.913243940611649,10.17,49.14394419784401,41.07482561826252,60.95113666056964,28.556321644600484,74.94606827122372,Progreso de Obregón,20.24819527777778,-99.18935888888889
13051,Hidalgo,Mineral de la Reforma,202749,12.371454359824217,11.7,56.179071769585974,67.99248649917821,65.66849227772533,57.247631307675995,22.060774652402724,La Providencia Siglo XXI,20.064831666666667,-98.71945388888889
13052,Hidalgo,San Agustín Tlaxiaca,38891,12.406469363091718,9.36,51.139313527545426,38.06364772618017,63.79365079365079,27.106528502738424,0.0,San Agustín Tlaxiaca,20.115660833333333,-98.88677750000001
13053,Hidalgo,San Bartolo Tutotepec,17699,10.695519520876886,6.46,14.337132573485302,13.0373925214957,60.37412537483935,6.0624894061811405,0.0,San Bartolo Tutotepec,20.399142777777776,-98.20205972222223
13054,Hidalgo,San Salvador,36796,10.960430481574084,9.6,44.05016824717039,29.366778831446926,63.597488545732226,21.763235134253723,0.0,San Antonio Zaragoza,20.254939722222222,-98.99862416666667
13055,Hidalgo,Santiago de Anaya,18329,11.042610071471438,9.0,46.97029702970297,22.594059405940595,63.704725767506034,15.805554040045829,0.0,Santiago de Anaya,20.382581944444446,-98.9639525
13056,Hidalgo,Santiago Tulantepec de Lugo Guerrero,39561,11.554308536184626,9.48,49.277054333183656,44.37359676695105,61.510484202536446,35.92932433457193,44.10656960137509,Santiago Tulantepec,20.039193055555558,-98.35700638888888
13057,Hidalgo,Singuilucan,15142,11.022322018227447,8.01,46.7041015625,15.4296875,54.34436531210725,15.816933033945318,0.0,Singuilucan,19.967499999999998,-98.51722222222222
13058,Hidalgo,Tasquillo,17441,9.781549223095006,8.72,46.84065934065934,19.48587127158556,56.14010108920054,15.778911759646808,0.0,Tasquillo,20.551772222222223,-99.3125561111111
13059,Hidalgo,Tecozautla,38010,10.781373322809786,7.89,46.1433046202036,11.72670321064996,60.83009513600429,10.762957116548277,0.0,Tecozautla,20.53387277777778,-99.63492388888889
13060,Hidalgo,Tenango de Doria,17503,10.855281951665429,7.23,25.73465859982714,16.37856525496975,60.984848484848484,6.650288521967663,0.0,Tenango de Doria,20.338055555555556,-98.22672861111111
13061,Hidalgo,Tepeapulco,56245,11.398346519690639,10.24,57.26329835628071,51.82264814702493,58.64810278887886,55.72050848964352,85.52760245355142,Fray Bernardino de Sahagún (Ciudad Sahagún),19.772705833333333,-98.58190333333333
13062,Hidalgo,Tepehuacán de Guerrero,31235,11.128541700016008,6.46,12.029372496662216,6.2349799732977305,49.59092930191196,9.220425804386105,0.0,Texcapa,21.092226666666665,-98.85378277777777
13063,Hidalgo,Tepeji del Río de Ocampo,90546,11.629448015373402,9.24,39.965972616057684,37.908126063355745,62.18260024975718,53.86322973957988,40.44132264263468,Tepeji del Río de Ocampo,19.90521722222222,-99.34181416666667
13064,Hidalgo,Tepetitlán,10830,10.452446906740535,8.77,37.703408044212466,28.461774639238563,58.567367822626494,21.98522622345337,0.0,Sayula Pueblo,20.200071944444442,-99.39752250000001
13065,Hidalgo,Tetepango,11768,11.650237933378653,9.06,48.18652849740933,33.484455958549226,55.704911092294665,26.6400407885792,0.0,Tetepango,20.102655000000002,-99.15612333333334
13066,Hidalgo,Villa de Tezontepec,13032,12.730202578268877,9.16,43.23461091753774,48.606271777003485,63.949571744779135,17.464702271332104,0.0,Tezontepec,19.879860833333336,-98.81929
13067,Hidalgo,Tezontepec de Aldama,55134,11.823919904233323,9.15,44.95721889105976,25.574344809000877,65.27561221682106,21.948344034534045,0.0,Presas,20.16054722222222,-99.25289055555555
13068,Hidalgo,Tianguistengo,14340,10.264993026499303,6.72,16.69150521609538,4.843517138599106,48.28643578643579,15.529986052998606,0.0,Tianguistengo,20.728212499999998,-98.6308511111111
13069,Hidalgo,Tizayuca,168302,11.14484676355599,10.23,45.15558921921353,54.15430579225315,62.30604863979221,49.3678031158275,63.62253567990874,Tizayuca,19.841088888888887,-98.98158416666666
13070,Hidalgo,Tlahuelilpan,19067,11.412387895316515,9.37,46.49176327028676,35.61114500711816,61.97266395058483,23.989091099805947,0.0,Tlahuelilpan,20.130627222222223,-99.23467972222222
13071,Hidalgo,Tlahuiltepa,9086,8.628659476117104,6.43,31.263157894736842,7.578947368421052,49.19022783420258,4.809597182478538,0.0,Buenavista,20.991356666666668,-98.97503027777778
13072,Hidalgo,Tlanalapa,11113,10.708179609466391,10.25,59.334797615312205,47.22309381863822,55.57614738907664,55.38558445064339,0.0,Tlanalapa,19.817894166666665,-98.60391305555555
13073,Hidalgo,Tlanchinol,37722,10.67281692381104,7.3,14.219895287958115,8.565445026178011,49.779471437140536,7.268967711149992,0.0,Tlanchinol,20.989345555555555,-98.66028444444446
13074,Hidalgo,Tlaxcoapan,28626,11.975127506462655,9.39,43.247085584304806,33.29542223485925,60.94600431965443,26.6016907706281,0.0,Tlaxcoapan,20.091614444444442,-99.22159333333333
13075,Hidalgo,Tolcayuca,21362,11.075741971725494,9.55,40.25606917193216,45.51047555703359,59.972942768072464,42.12152420185376,0.0,Tolcayuca,19.95659111111111,-98.92176111111111
13076,Hidalgo,Tula de Allende,115107,10.768241722918676,10.12,52.60519839125998,48.595353862776875,61.005605644009634,43.49431398611726,40.59005968359874,Tula de Allende,20.055219722222223,-99.34318888888889
13077,Hidalgo,Tulancingo de Bravo,168369,11.619716218543793,9.61,49.68772441407525,50.329684677822996,65.42325740505247,30.51096104389763,63.05376880542143,Tulancingo,20.080605,-98.36807277777777
13078,Hidalgo,Xochiatipan,18260,8.981380065717415,6.25,5.755560651226783,1.3529007108461362,52.906110283159464,19.676889375684556,0.0,Ohuatipa,20.892525555555554,-98.26208
13079,Hidalgo,Xochicoatlán,7015,9.308624376336422,8.0,23.198912550974175,6.615314907113729,49.39215005210142,13.784746970776906,0.0,Xochicoatlán,20.77685472222222,-98.67972416666667
13080,Hidalgo,Yahualica,24674,10.209127016292454,6.41,6.436195634857416,6.4202644575434125,49.20010490427485,7.951690038096782,0.0,Santa Teresa,20.890503055555556,-98.38355055555556
13081,Hidalgo,Zacualtipán de Ángeles,38155,12.834490892412528,8.7,36.88880498395318,22.68265055691901,63.28681859251079,29.207181234438476,77.24282531778273,Zacualtipán,20.64518138888889,-98.65362694444445
13082,Hidalgo,Zapotlán de Juárez,21443,11.602854078253976,9.27,48.57240553940844,53.20567618396307,64.06715562686225,28.242316839994405,0.0,Acayuca,20.030517222222223,-98.8423061111111
13083,Hidalgo,Zempoala,57906,11.161192277138811,10.65,56.411283401041366,51.524861246209305,62.025720055266234,46.30435533450765,30.37509066417988,Privadas Santa Matilde,20.020408888888888,-98.78939027777777
13084,Hidalgo,Zimapán,39927,11.125303679214566,8.78,47.901302012200674,31.940271328416642,54.007851082689626,24.11400806471811,0.0,Zimapán,20.73806888888889,-99.38311305555555
14001,Jalisco,Acatic,23175,11.896440129449838,7.29,57.7247191011236,44.89700374531835,64.76013722512795,41.911542610571736,0.0,Acatic,20.779444444444444,-102.90527777777778
14002,Jalisco,Acatlán de Juárez,25250,11.382178217821782,9.23,50.69052102950408,52.746390458254865,54.29936305732484,63.51287128712871,0.0,Acatlán de Juárez,20.42138888888889,-103.58722222222222
14003,Jalisco,Ahualulco de Mercado,23630,11.845112145577655,9.52,58.03037275655775,44.19389476913637,61.99375297792366,59.28480744815912,71.94244604316546,Ahualulco de Mercado,20.700555555555553,-103.97500000000001
14004,Jalisco,Amacueca,5743,9.542051192756398,8.34,48.29974811083123,36.523929471032744,55.59291638646044,18.544314818039354,0.0,Amacueca,20.010555555555555,-103.5961111111111
14005,Jalisco,Amatitán,16490,12.225591267434808,9.2,56.37313078566342,47.70947068597199,59.95910985295274,45.736810187992724,0.0,Amatitán,20.834999999999997,-103.73
14006,Jalisco,Ameca,60386,10.863445169410129,9.06,60.330626116007146,50.69984447900467,59.766829789858946,44.10956181896466,62.71486768456265,Ameca,20.548611111111114,-104.04305555555555
14007,Jalisco,San Juanito de Escobedo,9433,11.61878511608184,8.67,59.812382739212005,35.872420262664164,55.282356119967574,40.88837061380261,0.0,San Juanito de Escobedo,20.8004675,-104.00098583333333
14008,Jalisco,Arandas,80609,12.236847002195784,8.1,66.06499780412824,53.201581027667984,66.30217742702291,37.69182101254202,73.99670012033395,Arandas,20.705555555555556,-102.34027777777777
14009,Jalisco,El Arenal,21115,12.029363012076722,9.28,54.11019186762894,48.10772751276184,59.271625548754095,50.22022259057542,0.0,El Arenal,20.77611111111111,-103.69388888888889
14010,Jalisco,Atemajac de Brizuela,7758,11.910286156225832,7.64,42.417582417582416,34.67032967032967,50.69832402234637,8.133539572054653,0.0,Atemajac de Brizuela,20.139449444444445,-103.72453555555556
14011,Jalisco,Atengo,5599,9.090909090909092,7.66,52.549019607843135,20.522875816993466,44.93583868010999,8.322914806215396,0.0,Soyatlán del Oro,20.306093611111113,-104.28096138888888
14012,Jalisco,Atenguillo,4176,9.123563218390805,8.05,68.1159420289855,21.357742181540807,51.247431758145,13.170498084291188,0.0,Atenguillo,20.41472222222222,-104.4925
14013,Jalisco,Atotonilco el Alto,64009,11.617116343014263,8.24,59.5298310150592,45.13737211173698,62.630463308771574,37.251011576497056,44.80307456763892,Atotonilco el Alto,20.550555555555555,-102.50416666666666
14014,Jalisco,Atoyac,8689,10.139256531246403,7.43,47.928994082840234,35.38461538461539,57.4701051721654,18.149384278973415,0.0,Atoyac,20.010555555555555,-103.51638888888888
14015,Jalisco,Autlán de Navarro,64931,11.49219941168317,9.74,55.567321438026156,60.0254143061365,63.299799568300955,52.919252745221854,80.11427515362462,Autlán de Navarro,19.77138888888889,-104.36527777777778
14016,Jalisco,Ayotlán,41552,11.015113592606854,7.07,51.05233749301546,40.15645371577575,60.26458551441896,15.874085483249903,0.0,Ayotlán,20.528055555555554,-102.32833333333333
14017,Jalisco,Ayutla,12880,10.31055900621118,8.14,63.718564566261655,36.70528397852501,57.85165219127483,17.78726708074534,0.0,Ayutla,20.129166666666666,-104.34777777777778
14018,Jalisco,La Barca,67937,10.995481107496651,8.4,55.946266297905964,48.84574137833719,58.89174284203369,31.614584099974977,57.08229683383134,La Barca,20.290277777777778,-102.54194444444444
14019,Jalisco,Bolaños,7043,11.48658242226324,7.21,33.457019171304886,22.69635126777984,30.885805763073638,23.242936248757633,0.0,Tuxpan de Bolaños,21.874826666666667,-104.0132225
14020,Jalisco,Cabo Corrientes,10940,9.360146252285192,7.71,37.774984286612195,24.732872407291012,64.15804327375353,28.153564899451553,0.0,El Tuito,20.31833333333333,-105.32388888888889
14021,Jalisco,Casimiro Castillo,20548,9.6311076503796,8.13,52.90912005129027,37.986856868087834,59.602977667493796,46.972941405489586,0.0,La Resolana,19.603611111111114,-104.43472222222222
14022,Jalisco,Cihuatlán,40139,11.158723436059693,8.43,42.480485689505635,39.1153512575889,65.06628909769597,28.266772963950274,46.80485313535464,Cihuatlán,19.238343333333333,-104.56299777777778
14023,Jalisco,Zapotlán el Grande,115141,13.116092443178363,10.55,58.272123119972015,66.96874304429393,64.68051118210863,65.48926967804691,97.25032785888607,Ciudad Guzmán,19.70861111111111,-103.46416666666667
14024,Jalisco,Cocula,29267,10.045443673762257,8.61,57.188537695240434,41.37252490468577,59.29279862009487,39.05764171250897,56.54833088461407,Cocula,20.3675,-103.82416666666666
14025,Jalisco,Colotlán,19689,13.977347757631165,9.7,61.49274602342248,55.759482607935674,58.76360858216082,31.61155975417746,76.83985982020417,Colotlán,22.11722222222222,-103.26472222222222
14026,Jalisco,Concepción de Buenos Aires,6334,10.372592358699084,7.56,56.14510016242556,56.09095831077423,57.42397137745975,12.867066624565835,0.0,Concepción de Buenos Aires,19.97861111111111,-103.25722222222223
14027,Jalisco,Cuautitlán de García Barragán,18370,11.409907457811649,7.34,35.375932271719414,19.20983672646644,60.095673282878764,15.98258029395754,0.0,Cuautitlán de García Barragán,19.449722222222224,-104.35694444444444
14028,Jalisco,Cuautla,2166,8.033240997229917,7.46,68.43657817109144,28.761061946902654,48.68571428571428,9.464450600184673,0.0,Cuautla,20.20138888888889,-104.4075
14029,Jalisco,Cuquío,17820,10.712682379349046,7.27,64.16819012797075,32.43956936827138,51.092388976153075,8.35016835016835,0.0,Cuquío,20.927500000000002,-103.02388888888889
14030,Jalisco,Chapala,55196,10.555112689325313,9.96,58.687802191076564,63.553461044127545,58.821018578842136,33.92637147619393,44.11913906804841,Chapala,20.293333333333337,-103.18972222222223
14031,Jalisco,Chimaltitán,3270,7.889908256880734,6.71,42.42424242424242,18.742985409652075,38.12316715542522,11.223241590214068,0.0,Chimaltitán,21.778865277777776,-103.78070583333333
14032,Jalisco,Chiquilistlán,5983,11.68310212268093,7.94,48.36512261580381,8.85558583106267,53.25644504748983,16.012034096607053,0.0,Chiquilistlán,20.08861111111111,-103.85805555555555
14033,Jalisco,Degollado,21226,10.124375765570527,7.15,65.26794742163801,40.89989888776542,56.76818432501992,16.032224630170546,0.0,Degollado,20.4475,-102.135
14034,Jalisco,Ejutla,1981,7.571933366986371,7.8,56.60091047040971,34.29438543247345,48.22085889570552,10.196870267541646,0.0,Ejutla,19.906388888888888,-104.16194444444444
14035,Jalisco,Encarnación de Díaz,53039,11.052244574746885,7.68,63.7817170663886,37.92839763642684,61.76549307769046,32.528893832839984,52.47647957163596,Encarnación de Díaz,21.524444444444445,-102.23305555555555
14036,Jalisco,Etzatlán,20011,11.203837889160962,9.42,58.173702808257396,47.64738701878371,62.13876511775939,37.774224176702816,0.0,Etzatlán,20.76722222222222,-104.07833333333333
14037,Jalisco,El Grullo,25920,10.983796296296296,9.22,57.32099758648431,58.74229015821936,64.43326659178591,40.46682098765432,87.72376543209876,El Grullo,19.8075,-104.21555555555555
14038,Jalisco,Guachinango,4199,9.07358894974994,7.77,62.67716535433071,32.99212598425197,45.11390887290168,13.312693498452012,0.0,Guachinango,20.57638888888889,-104.37722222222222
14039,Jalisco,Guadalajara,1385629,11.75307387475291,10.96,56.78107506592764,75.2666588046961,64.07885520378672,61.73492327311279,99.99942264487825,Guadalajara,20.67638888888889,-103.34222222222222
14040,Jalisco,Hostotipaquillo,8732,10.845167201099404,7.5,47.91847354726799,21.205550737207286,52.95954788816181,11.784241868987632,0.0,Hostotipaquillo,21.058055555555555,-104.05027777777778
14041,Jalisco,Huejúcar,5920,9.391891891891891,7.76,63.85609893198426,31.02866779089376,47.47811588161734,13.699324324324325,0.0,Huejúcar,22.362222222222222,-103.21166666666667
14042,Jalisco,Huejuquilla el Alto,10015,10.35446829755367,7.71,65.29171311780007,16.908212560386474,52.31699126930826,8.36744882675986,0.0,Huejuquilla el Alto,22.628611111111113,-103.89416666666668
14043,Jalisco,La Huerta,23258,9.536503568664546,7.89,55.85546986575264,37.70351328191945,64.40068587864373,24.03474073437097,0.0,La Huerta,19.485,-104.64333333333335
14044,Jalisco,Ixtlahuacán de los Membrillos,67969,11.98487545792935,9.01,37.65159587963668,48.647688638554826,64.68976506480635,59.747826214892086,22.47936559313805,Los Freseros (Los Sabinos),20.421372222222224,-103.18580555555556
14045,Jalisco,Ixtlahuacán del Río,20465,9.919374541900806,7.6,66.2730114623133,35.689475512330674,58.47098284918676,17.463962863425362,0.0,Ixtlahuacán del Río,20.86416666666667,-103.23916666666666
14046,Jalisco,Jalostotitlán,32678,11.536813758491952,7.96,62.6245661180159,52.737655357742696,62.23242195228109,30.216047493726666,76.16745210845217,Jalostotitlán,21.16861111111111,-102.46111111111111
14047,Jalisco,Jamay,24894,12.609464127902307,8.28,49.124779187409665,46.7801509555163,58.31947620037414,37.6195067084438,74.744918454246,Jamay,20.294499722222223,-102.70971694444445
14048,Jalisco,Jesús María,18982,10.978822041934464,6.5,67.22642553976749,37.99594021037092,59.623487834715235,25.19228743019703,0.0,Jesús María,20.6075,-102.22
14049,Jalisco,Jilotlán de los Dolores,9425,8.572944297082229,6.39,61.230889847118775,38.45550764406115,60.478142076502735,3.586206896551724,0.0,Jilotlán de los Dolores,19.370555555555555,-103.01972222222223
14050,Jalisco,Jocotepec,47105,11.996603332979515,8.27,47.25513249525188,43.917880075969975,65.68029201147984,31.130453242755546,43.06549198598875,Jocotepec,20.284444444444446,-103.42527777777778
14051,Jalisco,Juanacatlán,30855,11.4503321989953,9.1,48.62659464429376,38.70819446040685,62.69468696529636,61.25425376762275,53.91346621293145,La Aurora,20.567456666666665,-103.14222833333334
14052,Jalisco,Juchitlán,5534,9.324177809902421,7.98,57.39238927011853,31.815346225826577,51.688555347091935,20.852909288037587,0.0,Juchitlán,20.083855555555555,-104.09624916666667
14053,Jalisco,Lagos de Moreno,172403,12.190623133008126,8.94,57.26311581004842,50.4197947670028,64.63239657749833,59.8765682731739,64.71407110085092,Lagos de Moreno,21.35638888888889,-101.92916666666667
14054,Jalisco,El Limón,5368,8.625186289120716,8.46,63.184357541899445,47.039106145251395,54.67143495753241,36.345007451564825,0.0,El Limón,19.824444444444445,-104.15222222222222
14055,Jalisco,Magdalena,21781,11.376888113493411,8.79,51.562766865926555,44.64560204953032,58.14863888219706,32.67985859235113,77.46659932969102,Magdalena,20.906388888888888,-103.97611111111111
14056,Jalisco,Santa María del Oro,1815,11.515151515151516,6.17,55.67190226876091,15.532286212914485,44.02390438247012,3.9669421487603307,0.0,Santa María del Oro,19.5875,-102.90833333333335
14057,Jalisco,La Manzanilla de la Paz,4099,11.075872163942424,7.95,61.77884615384615,57.05128205128205,52.6605504587156,14.857282263966821,0.0,La Manzanilla de la Paz,20.004444444444445,-103.15
14058,Jalisco,Mascota,14451,9.874749152307798,8.92,65.23654916512059,45.87198515769944,60.44287437532311,23.38938481765968,0.0,Mascota,20.525555555555556,-104.78222222222222
14059,Jalisco,Mazamitla,14043,11.09449547817418,8.46,62.295973884657236,52.393906420021764,63.826455416359615,20.501317382325713,0.0,Mazamitla,19.91722222222222,-103.02027777777778
14060,Jalisco,Mexticacán,5307,7.9329187865083854,7.25,57.52753977968176,28.39657282741738,47.721307563827246,7.687959299039005,0.0,Mexticacán,21.263055555555557,-102.77777777777777
14061,Jalisco,Mezquitic,22083,10.510347325997374,5.94,22.88441145281018,7.062566277836692,24.373863159367566,5.24385273739981,0.0,Mezquitic,22.39,-103.7281225
14062,Jalisco,Mixtlán,3638,9.785596481583287,7.66,64.967562557924,24.65245597775718,51.35042735042735,10.11544804837823,0.0,Mixtlán,20.440555555555555,-104.4088888888889
14063,Jalisco,Ocotlán,106050,12.340405469118341,9.42,54.21819181093707,61.088211046990935,63.03419822569875,63.50966525223951,89.55964167845356,Ocotlán,20.35138888888889,-102.76805555555555
14064,Jalisco,Ojuelos de Jalisco,33588,12.156127188281529,7.74,47.27448142788229,30.43897732754462,58.67765289388424,24.345004168155295,0.0,Ojuelos de Jalisco,21.86416666666667,-101.59333333333333
14065,Jalisco,Pihuamo,11386,9.801510627085895,6.89,51.741573033707866,34.29775280898876,56.053067993366504,31.002986123309327,0.0,Pihuamo,19.252439166666665,-103.37503749999999
14066,Jalisco,Poncitlán,53659,12.124713468383682,8.18,43.61607503840867,39.087895204980995,61.955052167036555,43.73730408691925,0.0,Poncitlán,20.38138888888889,-102.92416666666666
14067,Jalisco,Puerto Vallarta,291839,12.54561590465976,10.31,49.00893404065971,68.84412237208603,69.67692090986311,61.21320317024112,90.2035026161685,Puerto Vallarta,20.613611111111112,-105.22722222222222
14068,Jalisco,Villa Purificación,11303,9.183402636468195,7.47,56.86388807927718,37.161177499271346,61.85849811407018,13.146952136600902,0.0,Villa Purificación,19.719166666666666,-104.60499999999999
14069,Jalisco,Quitupan,7734,9.95603827256271,6.24,63.030807660283095,23.646960865945047,52.493564993564995,3.1807602792862686,0.0,Quitupan,19.92765138888889,-102.8721525
14070,Jalisco,El Salto,232852,12.964887568068988,8.92,41.81519937768458,44.50231677207698,62.15080853708616,57.92219950870081,86.99646127153729,Las Pintas,20.57638888888889,-103.32111111111111
14071,Jalisco,San Cristóbal de la Barranca,2924,9.199726402188782,6.84,63.80368098159509,10.429447852760736,44.24188528234771,7.010943912448701,0.0,San Cristóbal de la Barranca,21.044444444444448,-103.42916666666667
14072,Jalisco,San Diego de Alejandría,7609,10.671573137074517,7.24,66.66666666666667,38.83838383838384,60.67279348014566,22.223682481272178,0.0,San Diego de Alejandría,20.993055555555557,-101.99361111111111
14073,Jalisco,San Juan de los Lagos,72230,12.05731690433338,8.25,60.3152476946172,53.42054471370363,66.22636061787209,37.80700539941852,74.12294060639623,San Juan de los Lagos,21.247777777777777,-102.33277777777778
14074,Jalisco,San Julián,16792,9.718913768461173,7.54,69.87876254180603,46.67642140468227,60.21307580286656,19.003096712720343,0.0,San Julián,21.009722222222223,-102.18083333333334
14075,Jalisco,San Marcos,3791,11.210762331838565,9.04,55.49076773566569,33.7220602526725,50.03373819163293,28.409390662094435,0.0,San Marcos,20.790000000000003,-104.1975
14076,Jalisco,San Martín de Bolaños,3095,9.208400646203554,7.35,52.961672473867594,19.16376306620209,43.02325581395349,28.723747980613894,0.0,San Martín de Bolaños,21.68355638888889,-103.81419888888888
14077,Jalisco,San Martín Hidalgo,28102,10.465447299124618,9.01,64.41763112533859,47.266683082984486,55.24556042690758,37.54892890185752,0.0,San Martín Hidalgo,20.435,-103.92861111111111
14078,Jalisco,San Miguel el Alto,31965,10.896292820272173,7.76,62.783318223028104,54.80507706255666,65.38941436908834,33.05803222274363,81.10433286407007,San Miguel el Alto,21.030555555555555,-102.39805555555556
14079,Jalisco,Gómez Farías,16431,11.995618039072484,8.41,46.83769367538735,38.608077216154435,62.208665728140154,50.21605501795387,0.0,San Sebastián del Sur,19.794444444444448,-103.47305555555556
14080,Jalisco,San Sebastián del Oeste,5086,8.336610302791978,7.54,51.90114068441065,28.70722433460076,55.541841520612195,10.243806527723162,0.0,San Felipe de Híjar,20.901464722222222,-104.72184694444445
14081,Jalisco,Santa María de los Ángeles,3515,10.128022759601707,7.14,63.5522664199815,31.822386679000925,41.90710767065447,7.994310099573258,0.0,Santa María de los Ángeles,22.173333333333336,-103.22305555555556
14082,Jalisco,Sayula,37186,11.794761469370194,9.31,49.63449517957411,60.79033795952961,61.66598444535407,45.27241434948637,75.68708653794438,Sayula,19.88361111111111,-103.59722222222221
14083,Jalisco,Tala,87690,12.309271296613069,8.93,46.55787658874945,52.74848642797001,64.23136351709863,68.88584787318965,64.34599156118144,Tala,20.6525,-103.70277777777778
14084,Jalisco,Talpa de Allende,14997,10.248716409948656,8.18,49.920327794218075,32.36967903482814,64.3260082512419,17.77688871107555,0.0,Talpa de Allende,20.38138888888889,-104.81805555555555
14085,Jalisco,Tamazula de Gordiano,38955,10.304197150558336,8.01,58.18402146628581,55.396866614732104,57.895244525899486,48.55089205493518,49.064304967269926,Tamazula de Gordiano,19.67638888888889,-103.25
14086,Jalisco,Tapalpa,21245,12.332313485526006,7.75,56.82053405092113,32.705444007451874,61.648379688696096,24.15156507413509,0.0,Tapalpa,19.945555555555554,-103.75416666666666
14087,Jalisco,Tecalitlán,16705,11.505537264292128,7.96,51.977053882401144,39.6640032780168,60.09993943064809,36.013169709667764,0.0,Tecalitlán,19.46944444444444,-103.30666666666666
14088,Jalisco,Tecolotlán,16603,9.684996687345661,8.49,59.603841536614645,32.0328131252501,59.18429232052157,32.13274709389869,0.0,Tecolotlán,20.203611111111112,-104.045
14089,Jalisco,Techaluta de Montenegro,4072,10.43713163064833,8.16,48.448905109489054,38.503649635036496,44.91658797607806,19.941060903732808,0.0,Techaluta de Montenegro,20.074166666666667,-103.55166666666666
14090,Jalisco,Tenamaxtlán,7302,10.394412489728841,8.56,59.672421425409475,35.63523683045595,56.34517766497462,16.885784716516024,0.0,Tenamaxtlán,20.21861111111111,-104.16027777777778
14091,Jalisco,Teocaltiche,39839,10.770852682045232,7.57,55.799004074241736,52.4128564961521,59.462601731042504,20.158638520043173,61.698335801601445,Teocaltiche,21.434444444444445,-102.57027777777778
14092,Jalisco,Teocuitatlán de Corona,11039,10.07337621161337,7.52,53.219407995117486,35.39823008849557,55.148690634709276,21.251924993205908,0.0,Teocuitatlán de Corona,20.093333333333334,-103.38
14093,Jalisco,Tepatitlán de Morelos,150190,12.212530794327186,8.84,67.56141724576686,60.14975041597338,66.64262745730213,55.63419668420001,76.22478194287237,Tepatitlán de Morelos,20.8175,-102.75722222222223
14094,Jalisco,Tequila,44353,12.610195477194328,9.23,53.114901256732495,51.91202872531418,61.95728702182586,43.12447861474985,70.15308998263929,Tequila,20.879439444444444,-103.83564666666666
14095,Jalisco,Teuchitlán,9647,10.884212708614077,8.63,57.80154924382147,53.74400590188122,52.59564601313925,54.30703845755157,0.0,Teuchitlán,20.685277777777777,-103.84916666666666
14096,Jalisco,Tizapán el Alto,22758,11.055453027506811,7.51,45.66629694184757,46.046585327206465,59.82901078723893,13.612795500483346,71.72862290183672,Tizapán el Alto,20.15861111111111,-103.03916666666666
14097,Jalisco,Tlajomulco de Zúñiga,727750,12.00274819649605,10.11,47.402037672926646,62.09956618197747,66.69203066705522,62.63249742356579,65.01614565441429,Hacienda Santa Fe,20.518055555555556,-103.38055555555555
14098,Jalisco,San Pedro Tlaquepaque,687127,12.470620423880884,10.18,55.05265032734417,66.58984558422704,65.81024609193624,61.910680267257725,98.03922710066698,Tlaquepaque,20.63861111111111,-103.30722222222222
14099,Jalisco,Tolimán,11219,11.507264462073268,7.57,50.34377387318564,26.928953399541633,56.623653368059664,30.368125501381584,0.0,Cópala,19.610555555555557,-103.76694444444445
14100,Jalisco,Tomatlán,36316,9.973565370635532,7.76,52.15841202543843,27.490846020427828,64.92285611768928,20.866835554576497,0.0,Tomatlán,19.941525,-105.2452725
14101,Jalisco,Tonalá,569913,12.622628366083946,9.75,51.58816649832545,63.419010153633515,66.35064587452288,54.79503011863214,89.0181483840516,Tonalá,20.623333333333335,-103.24555555555555
14102,Jalisco,Tonaya,5961,8.874349941285018,8.11,61.87845303867403,40.27624309392265,58.09230769230769,34.45730582117095,0.0,Tonaya,19.784166666666668,-103.97083333333333
14103,Jalisco,Tonila,7565,10.826173165895572,8.33,47.21448467966574,34.215413184772515,53.764320785597384,62.3132848645076,0.0,San Marcos,19.44611111111111,-103.50638888888889
14104,Jalisco,Totatiche,4180,8.971291866028707,7.8,62.45297215951844,38.299473288186604,47.07287933094385,7.679425837320574,0.0,Temastián (La Cantera),21.977108888888885,-103.52432916666666
14105,Jalisco,Tototlán,23573,11.436813303355533,7.75,57.039209632602656,33.15838221673356,59.573654003826185,33.169303864590844,0.0,Tototlán,20.543613611111113,-102.78921749999999
14106,Jalisco,Tuxcacuesco,5482,11.127325793506019,7.12,53.54637568199532,28.760717069368667,53.01949595815502,28.912805545421378,0.0,Tuxcacuesco,19.697219722222222,-103.98358694444444
14107,Jalisco,Tuxcueca,6702,10.429722470904208,8.03,46.15384615384615,44.61538461538461,59.10612325260878,25.663980901223514,0.0,San Luis Soyatlán,20.195,-103.30222222222221
14108,Jalisco,Tuxpan,37518,11.655738578815502,9.08,43.900922375375686,44.3776557156182,60.29396891750666,51.3753398368783,81.21701583240045,Tuxpan,19.554444444444446,-103.37222222222222
14109,Jalisco,Unión de San Antonio,19069,11.683884839267922,7.15,61.93078324225865,33.070228698644,62.7668252889191,30.893072526089465,0.0,Unión de San Antonio,21.128055555555555,-102.00722222222223
14110,Jalisco,Unión de Tula,13799,9.667367200521777,8.76,63.442424242424245,52.29090909090909,55.72297358627576,31.176172186390318,0.0,Unión de Tula,19.954444444444444,-104.26444444444445
14111,Jalisco,Valle de Guadalupe,6627,10.743926361853026,8.11,70.66738428417653,48.8697524219591,60.56201550387597,44.152708616266786,0.0,Valle de Guadalupe,21.010598055555555,-102.61776694444444
14112,Jalisco,Valle de Juárez,6151,10.193464477320761,7.63,62.25412014885699,51.249335459861776,57.890450010181226,9.494391155909609,0.0,Valle de Juárez,19.933611111111112,-102.94027777777778
14113,Jalisco,San Gabriel,16548,10.230843606478125,7.87,54.17161873068695,27.050154504397433,57.82953030659453,43.401015228426395,0.0,San Gabriel,19.74778277777778,-103.76645805555556
14114,Jalisco,Villa Corona,19063,10.418087394428998,8.33,52.16279984270547,47.77821470703893,55.359411568037444,46.251901589466506,0.0,Villa Corona,20.41638888888889,-103.6613888888889
14115,Jalisco,Villa Guerrero,5525,10.04524886877828,7.43,55.60916767189385,36.00723763570567,54.5367717287488,11.42081447963801,0.0,Villa Guerrero,21.983055555555556,-103.59666666666666
14116,Jalisco,Villa Hidalgo,20088,11.061330147351653,7.65,67.37967914438502,60.46345811051693,61.585720752764665,7.1087216248506575,77.6284348864994,Villa Hidalgo,21.674444444444447,-102.58527777777778
14117,Jalisco,Cañadas de Obregón,4388,9.02461257976299,6.83,64.97134670487107,30.08595988538682,48.49431818181818,24.703737465815863,0.0,Cañadas de Obregón,21.148611111111112,-102.68527777777778
14118,Jalisco,Yahualica de González Gallo,22394,9.444494060909172,7.82,57.14697822010674,39.23265541612577,58.51304395786222,19.143520585871215,0.0,Yahualica de González Gallo,21.1825,-102.88722222222223
14119,Jalisco,Zacoalco de Torres,30472,11.469545812549226,8.45,51.69830814929614,42.47707606870722,60.102761184677725,31.74389603570491,66.76621160409556,Zacoalco de Torres,20.22861111111111,-103.56527777777778
14120,Jalisco,Zapopan,1476491,12.150768274239397,11.47,64.79512881178944,75.2023782085354,66.34069381890643,56.91914139673049,94.04087122779617,Zapopan,20.720961944444444,-103.38898777777779
14121,Jalisco,Zapotiltic,33713,12.075460504849762,8.8,50.868266784647716,50.204623382369206,60.22663734297536,56.36401388188533,80.85901580992495,Zapotiltic,19.625555555555557,-103.41250000000001
14122,Jalisco,Zapotitlán de Vadillo,7466,12.054647736405036,8.33,40.703005603667854,19.25624044829343,54.624478442280946,24.631663541387624,0.0,Zapotitlán de Vadillo,19.548141944444446,-103.81270722222222
14123,Jalisco,Zapotlán del Rey,19279,11.416567249338659,7.36,52.43808049535604,26.760835913312693,57.6889661164205,32.84402717983298,0.0,Zapotlán del Rey,20.46638888888889,-102.92611111111111
14124,Jalisco,Zapotlanejo,64806,11.725766132765484,7.86,58.496550189183175,45.58758068105943,67.68535370707414,25.827855445483443,51.359442026972815,Zapotlanejo,20.6225,-103.06416666666667
14125,Jalisco,San Ignacio Cerro Gordo,18341,10.381113352598005,6.97,71.76446534451033,38.540175833162955,59.6535546734031,21.68911182596369,0.0,San Ignacio Cerro Gordo,20.743055555555557,-102.53611111111111
15001,México,Acambay de Ruíz Castañeda,67872,12.010843941537011,8.3,36.209969527971026,17.093083424366124,69.0989027941148,11.838460631777464,0.0,Villa de Acambay de Ruíz Castañeda,19.95622861111111,-99.84403194444444
15002,México,Acolman,171507,12.430396426967995,9.82,40.33924441017733,49.83147923780152,61.570107004305754,36.27198889841231,70.42161544426759,Tepexpan,19.61259027777778,-98.93731555555556
15003,México,Aculco,49266,12.054966914301954,8.02,45.29712411320467,16.362804180334123,68.37000236574403,18.93598018917712,0.0,San Lucas Totolmaloya,20.163501944444445,-99.89650333333334
15004,México,Almoloya de Alquisiras,15333,12.150264136176874,8.14,47.529243256147055,22.391978992599665,61.36266734885307,14.948151046761886,0.0,Almoloya de Alquisiras,18.86723277777778,-99.89380027777779
15005,México,Almoloya de Juárez,174587,11.920704290697474,8.68,36.35717501006894,26.31429316022649,60.29494506796174,27.624049900622612,9.87186903950466,San Francisco Tlalcilalcalpan,19.293396944444446,-99.76839527777777
15006,México,Almoloya del Río,12694,11.832361745706633,10.04,46.18803418803419,53.572649572649574,65.89694464051628,25.468725382070268,0.0,Almoloya del Río,19.159386388888887,-99.48884166666667
15007,México,Amanalco,23675,11.949313621964096,7.75,26.36946866260898,13.900312551406481,57.196219367253384,10.348468848996832,0.0,San Juan,19.24843388888889,-100.03029055555555
15008,México,Amatepec,25244,11.099667247662811,7.42,37.773933102652826,16.580161476355247,55.301541326161164,8.469339248930439,0.0,Palmar Chico,18.69653388888889,-100.36947694444444
15009,México,Amecameca,53441,11.930914466420912,10.01,33.18955900944449,40.78233063136759,58.694946685210944,31.064164218483935,63.09013678636253,Amecameca de Juárez,19.128685,-98.76981055555555
15010,México,Apaxco,31898,11.809517838108972,9.46,46.52956298200514,38.1074794956543,61.312252964426875,42.20954291805129,47.5609756097561,Apaxco de Ocampo,19.975324722222222,-99.17416277777778
15011,México,Atenco,75489,12.579316191763038,9.56,35.514866812576734,45.571985266641754,60.91835718317341,29.037343189073905,26.25945501993668,San Salvador Atenco,19.559339166666668,-98.9133475
15012,México,Atizapán,12984,11.991682070240296,9.5,45.903361344537814,51.680672268907564,64.88937612118796,22.72027110289587,0.0,Santa Cruz Atizapán,19.17675777777778,-99.48794194444444
15013,México,Atizapán de Zaragoza,523674,10.804431764800238,11.06,55.964407084001145,72.89165840909241,62.396636492499205,54.63074355419593,99.88370627527813,Ciudad López Mateos,19.54317055555556,-99.23504083333333
15014,México,Atlacomulco,109384,12.411321582681197,9.76,45.889231652198866,38.546524140899635,66.31613772242834,24.527353177795657,21.22705331675565,Atlacomulco de Fabela,19.800028611111113,-99.87425388888889
15015,México,Atlautla,31900,12.12539184952978,8.87,30.468958166799894,21.183053557154278,61.53846153846154,14.150470219435737,0.0,Atlautla de Victoria,19.030860833333332,-98.78266638888888
15016,México,Axapusco,29128,11.734413622631145,8.9,44.70087674058793,33.56111397627643,57.71305285868392,21.22013183191431,0.0,Jaltepec,19.729444444444443,-98.63408916666667
15017,México,Ayapango,10053,11.698000596836765,9.92,39.367039752991126,37.59166345040525,56.533700137551584,24.937829503630756,0.0,Ayapango de Gabriel Ramos M.,19.127221388888888,-98.80250555555556
15018,México,Calimaya,68489,11.38869015462337,10.74,55.56327026557889,53.90846496557311,61.20815272526054,44.87143920921608,0.0,Calimaya de Díaz González,19.163224999999997,-99.61866527777777
15019,México,Capulhuac,36921,12.39403049754882,10.18,53.33093697579679,53.690390606278456,66.8869636681163,23.726334606321604,57.48490019230248,Capulhuac de Mirafuentes,19.193123333333332,-99.46440833333334
15020,México,Coacalco de Berriozábal,293444,11.388203541391203,11.49,48.423270279007035,75.64624182095841,60.9542673250222,63.81967257807282,99.93218467578141,San Francisco Coacalco,19.62929888888889,-99.10437722222221
15021,México,Coatepec Harinas,38643,12.57407551173563,7.4,44.94938617273315,16.917940986431187,63.28254214026815,6.397018864994954,0.0,Coatepec Harinas,18.925710555555558,-99.7685186111111
15022,México,Cocotitlán,15107,11.524458860131064,10.3,38.20427064574222,51.6851041934654,56.66775884665793,41.42450519626663,0.0,Cocotitlán,19.230855555555554,-98.86195194444444
15023,México,Coyotepec,40885,12.283233459704048,9.55,37.040040547389765,43.091738469336036,61.88168033805618,44.720557661734134,91.57881863764217,Coyotepec,19.7755075,-99.20798027777778
15024,México,Cuautitlán,178847,11.887255587177867,11.3,51.938400245173156,72.54252221881704,64.61502268526299,61.96861004098475,74.96966681017854,Cuautitlán,19.665061388888887,-99.17863027777778
15025,México,Chalco,400057,11.975043556293228,9.75,35.48257372654155,53.01034086556875,60.79606215009121,38.02158192457575,68.59747485983247,Chalco de Díaz Covarrubias,19.261131666666667,-98.89565472222223
15026,México,Chapa de Mota,31737,12.203421873523018,8.09,37.69260155354642,20.23430536100853,65.85355820649939,19.35595676970098,0.0,San Felipe Coamango,19.857083333333335,-99.61083222222221
15027,México,Chapultepec,12772,11.963670529282806,10.69,51.74866627148785,59.69176052163604,60.078546882670594,52.26276229251488,0.0,Chapultepec,19.2011625,-99.56187277777778
15028,México,Chiautla,30045,12.188384090530871,10.04,47.29399665766808,41.40635043064661,64.88087890383903,24.476618405724746,0.0,Chiautla,19.548651944444448,-98.88134888888888
15029,México,Chicoloapan,200750,12.537982565379826,10.14,35.650519537538415,63.1164934874872,62.51547489353273,46.66799501867995,96.40448318804484,Chicoloapan de Juárez,19.416765277777777,-98.90201222222223
15030,México,Chiconcuac,27692,13.003755597284414,10.13,41.89652358413579,45.062836624775585,64.7701019252548,17.362415137945977,93.41326014733497,Chiconcuac de Juárez,19.552722222222222,-98.89530694444446
15031,México,Chimalhuacán,705193,12.64249645132609,9.13,26.781436877306145,50.88096831833244,62.306945435706446,29.869695246549526,99.71950941089887,Chimalhuacán,19.4169075,-98.94529916666667
15032,México,Donato Guerra,37436,13.211881611283257,7.02,22.144797448919334,8.539033896303295,63.855865140417386,4.939096057271076,0.0,San Simón de la Laguna,19.291070833333336,-100.08714972222222
15033,México,Ecatepec de Morelos,1645352,11.50617010828078,10.22,41.47691937328224,64.7733174625465,61.65284414123645,49.917342915072275,99.8949161030588,Ecatepec de Morelos,19.599069444444442,-99.04915861111111
15034,México,Ecatzingo,10827,13.688002216680522,8.89,25.51622418879056,20.169616519174042,57.932045954534345,10.242911240417476,0.0,Ecatzingo de Hidalgo,18.958714999999998,-98.75259805555555
15035,México,Huehuetoca,163244,11.791551297444316,9.98,33.521169009256084,48.204490915323966,61.73311801320143,51.97740805175075,43.89319056136826,Santa Teresa,19.84128611111111,-99.24054861111111
15036,México,Hueypoxtla,46757,11.551211583292341,8.51,36.15238424326192,24.96544574982723,58.12532114557698,23.048955236649057,0.0,Santa María Ajoloapan,19.97775861111111,-99.04377805555555
15037,México,Huixquilucan,284965,11.715824750407945,11.23,57.60069241271699,69.30831870489565,64.03948231645494,37.494078220132295,63.50113171793027,Naucalpan de Juárez,19.405933055555554,-99.27961166666667
15038,México,Isidro Fabela,11929,12.666610780451002,9.06,41.01458885941645,37.765251989389924,56.90332165976865,26.2888758487719,0.0,Tlazala de Fabela,19.55559138888889,-99.41738000000001
15039,México,Ixtapaluca,542211,12.74042761950606,10.14,36.55026469427471,60.67486833331065,61.93380602833897,43.49561333134149,90.85134753813553,Ixtapaluca,19.313104444444445,-98.88424722222223
15040,México,Ixtapan de la Sal,36911,12.39196987347945,8.87,41.737718229801054,43.01664636622006,65.99088039284462,18.49584134810761,52.358375552003466,Ixtapan de la Sal,18.844605555555553,-99.67582277777778
15041,México,Ixtapan del Oro,6475,11.042471042471043,7.01,27.278141751042288,3.7522334723049435,49.25249169435216,3.166023166023166,0.0,Miahuatlán de Hidalgo (Santa Cruz Miahuatlán),19.30165277777778,-100.2932163888889
15042,México,Ixtlahuaca,160139,12.321170982708772,8.72,37.44844149741555,29.940479298282252,68.71511060637566,26.84667694940021,0.0,San Bartolo del Llano,19.590445,-99.74149055555556
15043,México,Xalatlaco,30687,12.764362759474697,9.17,40.16335727362343,32.15040135192226,66.33746940153625,17.3070029654251,55.792355068921694,Xalatlaco,19.18438666666667,-99.41373611111112
15044,México,Jaltenco,28217,11.553318921217706,10.24,36.39696255564284,59.583660644147685,60.67868596688914,42.619697345571815,54.69043484424283,Alborada Jaltenco,19.662373888888887,-99.07080388888889
15045,México,Jilotepec,87671,12.139704121089071,9.05,49.477397439247454,27.63261039979096,62.211948484543925,33.38846368810667,0.0,Jilotepec de Molina Enríquez,19.952834444444445,-99.53282861111111
15046,México,Jilotzingo,19877,11.742214619912462,9.27,42.47770069375619,41.883052527254705,57.86207333291115,35.40272676963325,0.0,San Luis Ayucan,19.49596,-99.36302222222221
15047,México,Jiquipilco,76826,12.280998620258767,8.19,30.8411705984343,13.660484421793727,59.90479615075084,12.443703954390442,0.0,San Bartolo Oxtotitlán,19.620805277777777,-99.61483277777778
15048,México,Jocotitlán,69264,12.062543312543312,9.56,44.216575581722914,32.503239619133474,64.16691036701272,35.82813582813583,0.0,Ciudad de Jocotitlán,19.711817777777778,-99.7857975
15049,México,Joquicingo,15428,11.103189007000259,8.69,30.734966592427618,35.69042316258352,56.51099369354014,21.11744879439979,0.0,Techuchulco de Allende,19.112720833333334,-99.52459944444445
15050,México,Juchitepec,27116,12.158872990116537,9.0,24.447995351539802,29.44509006391633,62.563542211031404,15.448443723263019,65.40787726803363,Juchitepec de Mariano Rivapalacio,19.101911944444446,-98.88091555555555
15051,México,Lerma,170327,11.896528442349128,10.36,50.20567425898503,51.63011541264133,61.82327983766832,45.04394488249074,37.40099925437541,Lerma de Villada,19.285373333333336,-99.51181694444445
15052,México,Malinalco,28155,11.678209909429942,7.96,28.16464237516869,23.49527665317139,62.880315249266864,9.152903569525838,0.0,Malinalco,18.952341666666666,-99.49756527777778
15053,México,Melchor Ocampo,61220,12.174126102580855,9.96,40.98049482916612,52.97813849980364,61.8038220730859,44.06076445606011,73.06599150604377,Melchor Ocampo,19.710413888888887,-99.14345833333334
15054,México,Metepec,242307,11.073968147845502,12.27,63.82007631347226,73.34311711182859,61.26266754645998,56.49527252617547,72.99458950835097,San Salvador Tizatlalli,19.271403333333332,-99.57937888888888
15055,México,Mexicaltzingo,13807,12.167741000941552,10.14,55.05754088431254,53.78558449424591,56.14672235336844,24.205113348301587,0.0,San Mateo Mexicaltzingo,19.211109444444443,-99.58685388888888
15056,México,Morelos,33164,12.12760824990954,7.62,32.236359187668214,13.518473207731832,64.33994514449259,11.73260161621035,0.0,Santa Clara de Juárez,19.721754722222222,-99.60865027777777
15057,México,Naucalpan de Juárez,834434,11.393111977699855,10.72,45.92232686334757,66.6662503226666,61.74445776900935,50.36371959915344,93.02353451561179,Naucalpan de Juárez,19.478802777777776,-99.23321805555555
15058,México,Nezahualcóyotl,1077208,11.24778130129,10.42,38.88366816799683,68.66336866269742,61.823979732334635,46.5283399306355,99.57928273833838,Ciudad Nezahualcóyotl,19.408763333333333,-99.0182
15059,México,Nextlalpan,57082,10.914123541571774,9.9,37.243771680857776,46.96941028066856,63.785737011954005,41.33001646753793,61.95473178935566,Ex-Hacienda Santa Inés,19.706565555555557,-99.06764527777777
15060,México,Nicolás Romero,430601,12.026678990527193,9.75,39.687186860105435,56.233172134361524,61.54316855746662,48.9299839062148,79.0181629861519,Ciudad Nicolás Romero,19.625715,-99.31589805555555
15061,México,Nopaltepec,10351,12.211380542942711,9.23,49.09972299168975,37.04986149584487,58.90707751564757,18.52961066563617,0.0,San Felipe Teotitlán,19.803110833333335,-98.70183416666667
15062,México,Ocoyoacac,72103,12.011982857856122,10.43,46.3340063455437,53.18142486299394,63.49758188045368,42.34497871101064,40.31455001872322,Ocoyoacac,19.269280833333333,-99.45569527777778
15063,México,Ocuilan,36223,12.52795185379455,8.15,36.480491411671025,22.64816289386873,64.77472850014675,11.56723628633741,0.0,Santa Mónica,18.991376666666667,-99.4257513888889
15064,México,El Oro,36937,12.239759590654357,8.49,36.19099294628323,33.629951166576234,58.527714635425774,15.469583344613802,0.0,El Oro de Hidalgo,19.802143055555558,-100.13066472222222
15065,México,Otumba,36331,11.97875092895874,9.23,51.090576985065006,34.243042870957346,60.27307745219425,15.281715339517216,0.0,Otumba de Gómez Farías,19.699853611111113,-98.75769416666667
15066,México,Otzoloapan,4891,11.286035575546922,7.21,43.58772619984264,10.30684500393391,36.28587196467991,4.395829073809037,0.0,Otzoloapan,19.117408333333334,-100.29771166666667
15067,México,Otzolotepec,88783,12.832411610330807,8.98,40.24354603019971,34.520214320506575,60.87699643800988,29.96970140680085,0.0,Villa Cuauhtémoc,19.416206388888888,-99.55858944444444
15068,México,Ozumba,30785,12.16826376482053,9.6,34.516928158546655,32.548857693366365,63.883930424675164,17.333116777651455,60.35406853987332,Ozumba de Alzate,19.039176944444446,-98.79538944444444
15069,México,Papalotla,4862,12.032085561497325,10.74,52.23395613322502,64.17546709991876,57.69524294072755,31.756478815302344,0.0,Papalotla,19.5633775,-98.85820916666665
15070,México,La Paz,304088,12.445081686880114,9.53,31.534043669015976,52.90423259443073,63.21082146732603,35.32102549262056,67.89251795532871,Los Reyes Acaquilpan,19.358386944444447,-98.97660166666667
15071,México,Polotitlán,14985,11.23123123123123,8.71,58.511697361871576,27.227476356396217,59.51568894952251,27.0337003670337,0.0,Polotitlán de la Ilustración,20.22380944444444,-99.814745
15072,México,Rayón,15972,12.246431254695718,9.96,41.03923647932132,49.469777306468714,54.55763018986843,49.217380415727526,0.0,Santa María Rayón,19.148010555555555,-99.58173916666667
15073,México,San Antonio la Isla,31962,11.457355609786621,11.11,53.507742843735336,62.29469732519944,62.632225347648664,54.51160753394656,53.42281459232839,San Antonio la Isla,19.164099444444442,-99.56933583333333
15074,México,San Felipe del Progreso,144924,13.46912864673898,7.54,25.97398641445064,14.325748575954186,72.62344642257305,8.120808147718805,0.0,San Nicolás Guadalupe,19.614985555555556,-100.03072722222223
15075,México,San Martín de las Pirámides,29182,11.986841203481598,9.85,45.800337530832145,42.61975853563547,61.00228949376749,25.00514015489,0.0,San Martín de las Pirámides,19.704843333333333,-98.83452444444444
15076,México,San Mateo Atenco,97418,12.308813566281385,10.42,47.85794813979707,55.446188535252794,64.17760627827244,50.05132521710567,91.08583629308752,San Mateo Atenco,19.264166666666668,-99.52972222222222
15077,México,San Simón de Guerrero,6692,11.491332934847579,8.68,39.79057591623037,24.665503199534612,49.000593706708884,13.882247459653318,0.0,San Simón de Guerrero,19.02308888888889,-100.00727805555556
15078,México,Santo Tomás,9729,11.635317093226437,8.04,29.19042189281642,18.167996959331052,48.746594005449595,9.024565731318738,0.0,Loma Bonita,19.180303055555555,-100.25960277777777
15079,México,Soyaniquilpan de Juárez,14323,11.073099211059136,9.07,51.91725529767911,23.890010090817356,59.32852435657672,32.632828318089786,0.0,San Francisco Soyaniquilpan,20.01389111111111,-99.5278961111111
15080,México,Sultepec,24145,10.962932284116794,7.13,30.86499595796281,13.484236054971706,63.791569347124906,9.703872437357631,0.0,Sultepec de Pedro Ascencio de Alquisiras,18.858545833333334,-99.96642972222223
15081,México,Tecámac,547503,11.398111060578664,10.99,49.06991739357884,64.99203133934328,62.37916002792746,53.398794161858476,91.27730806954483,Ojo de Agua,19.67830277777778,-98.9976188888889
15082,México,Tejupilco,79282,12.470674301859185,8.56,36.703440632713715,30.653367588534582,57.623718613467524,19.82417194319013,39.0593072828637,Tejupilco de Hidalgo,18.905696388888888,-100.15340277777779
15083,México,Temamatla,14130,11.273885350318471,9.82,34.81640310908604,44.76011793084964,53.893143690736686,22.6963906581741,0.0,Temamatla,19.202740555555554,-98.86990222222222
15084,México,Temascalapa,43593,11.889523547358522,9.13,37.13520980832326,28.43204973234329,59.522702168478574,28.227008923451013,0.0,Santa Ana Tlachihualpa,19.767164444444443,-98.91043305555556
15085,México,Temascalcingo,66414,11.834854097027735,8.04,37.134604274985556,28.157134604274987,65.18584793729212,11.762580178877947,0.0,Temascalcingo de José María Velasco,19.915911388888887,-100.00408055555556
15086,México,Temascaltepec,35014,12.10658593705375,7.85,36.596385542168676,16.612604263206673,61.28723485718661,9.853201576512252,0.0,Temascaltepec de González,19.043074722222222,-100.04135944444444
15087,México,Temoaya,105766,12.429325113930753,8.27,38.161883799161096,27.962124672951536,62.5792916816664,17.675812643004367,0.0,San Pedro Arriba,19.48433361111111,-99.56428888888888
15088,México,Tenancingo,104677,11.939585582315122,9.25,36.41521245793881,41.48603177087409,62.51297513716574,20.571854371065278,0.0,Tenancingo de Degollado,18.96183027777778,-99.59384166666666
15089,México,Tenango del Aire,11359,11.83202746720662,9.79,35.083449235048676,40.159944367176635,46.21672373798741,22.466766440707808,0.0,Tenango del Aire,19.157003333333332,-98.86129555555554
15090,México,Tenango del Valle,90518,12.340087054508496,9.07,39.14135430981377,35.62526654977965,61.889899062209174,27.16918182019046,27.19017212046223,Tenango de Arista,19.103760833333336,-99.59157499999999
15091,México,Teoloyucan,65459,12.20764142440306,9.67,40.33707168969577,47.77247660945536,60.313547243942836,40.2312898149987,80.70395209214928,Teoloyucan,19.74546555555556,-99.183065
15092,México,Teotihuacán,58507,11.472131539815749,10.01,43.208001012786426,45.78427649069503,61.24016287950714,28.360708974994445,42.003520946211566,Teotihuacán de Arista,19.685479444444443,-98.86862777777777
15093,México,Tepetlaoxtoc,32564,12.050116693280923,9.68,44.87057706008074,38.826881975777724,59.20176525240012,26.87937599803464,0.0,Tepetlaoxtoc de Hidalgo,19.57336527777778,-98.81971861111111
15094,México,Tepetlixpa,20500,11.790243902439025,9.13,32.06256109481916,30.361681329423266,63.496270726745976,16.463414634146343,0.0,Tepetlixpa,19.029515,-98.81970805555555
15095,México,Tepotzotlán,103696,12.005284678290387,9.85,46.26051039976398,50.719132615430006,62.439267177019886,48.27187162474927,38.84334979169881,Tepotzotlán,19.713778055555554,-99.22351444444445
15096,México,Tequixquiac,39489,12.494618754589887,9.35,43.454613653413354,37.05926481620405,63.38325048763607,28.921978272430298,65.07381802527286,Tequixquiac,19.910276666666665,-99.14891305555557
15097,México,Texcaltitlán,18482,12.022508386538254,8.32,45.202791103358045,19.254252071522025,53.04846657350886,10.242398008873499,0.0,Texcaltitlán,18.930389444444447,-99.93927666666667
15098,México,Texcalyacac,5736,11.698047419804743,10.09,38.96551724137931,50.13793103448276,57.0611526616806,30.561366806136682,0.0,San Mateo Texcalyacac,19.1322275,-99.50306916666666
15099,México,Texcoco,277562,12.576289261498331,10.52,45.76153611365465,53.99150919836843,60.800726810852765,39.27987260503959,12.786692702891607,Texcoco de Mora,19.513439722222223,-98.88148444444444
15100,México,Tezoyuca,47044,12.666865062494686,9.3,39.40337649565645,41.50958859203409,62.16373804033818,30.21851883343253,77.86752827140549,Ejido de Tequisistlán Primero,19.602294722222222,-98.9615663888889
15101,México,Tianguistenco,84259,12.39392824505394,9.74,40.281578030943734,42.53022237699617,66.2464836919334,30.706512063993163,0.0,San Pedro Tlaltizapan,19.199371944444444,-99.49868416666666
15102,México,Timilpan,16414,11.447544778847325,8.68,47.78248272788054,23.178069979942055,58.13241484883276,14.35969294504691,0.0,Santiaguito Maxda,19.820608055555557,-99.76397305555555
15103,México,Tlalmanalco,49196,11.2468493373445,10.5,36.58422407739721,51.985644066474215,58.11659192825112,48.229530856167166,45.44475160582161,San Rafael,19.209687499999998,-98.75615166666667
15104,México,Tlalnepantla de Baz,672202,10.722669673699276,10.93,47.05723366450612,70.49776020420931,61.60959520030452,59.67700185360948,98.02217190665901,Tlalnepantla,19.538523333333334,-99.19519833333334
15105,México,Tlatlaya,31762,11.161135948617845,7.54,35.474827707043566,8.924191099170658,65.91003059621268,10.307915118695297,0.0,San Pedro Limón,18.58293861111111,-100.30507138888889
15106,México,Toluca,910608,11.960909634002777,10.92,52.5932908974113,58.16488274504242,62.06024775079758,50.56687400066769,68.87442236395903,Toluca de Lerdo,19.293488055555557,-99.65731666666667
15107,México,Tonatico,12912,11.237608426270135,8.72,48.33425874514159,44.641865630205444,61.235408560311285,19.106257744733583,0.0,Tonatico,18.802019444444444,-99.670935
15108,México,Tultepec,157645,11.662913508198802,10.71,48.202178893720486,66.48898863795763,64.1382609923293,50.87316438834089,90.20393923054965,Tultepec,19.685548055555557,-99.12860527777777
15109,México,Tultitlán,516341,11.580331602564971,10.37,41.57970825825106,66.53465889236799,61.31338715015739,57.30011755797041,98.27555820668898,Buenavista,19.60828027777778,-99.16695
15110,México,Valle de Bravo,61590,11.84120798830979,9.13,41.20528241056482,38.099076198152396,63.98589727542037,17.400552037668454,39.23851274557558,Valle de Bravo,19.194394722222224,-100.13160694444444
15111,México,Villa de Allende,53275,12.844673862036602,7.13,28.848920863309353,4.884092725819345,64.92837110588948,7.900516189582356,0.0,San Felipe Santiago,19.38852,-100.10694805555555
15112,México,Villa del Carbón,51498,12.852926327236009,8.08,34.57640232108317,18.81624758220503,65.99690095765489,12.825740805468174,0.0,Villa del Carbón,19.727588333333333,-99.46307972222222
15113,México,Villa Guerrero,69086,12.621949454303332,7.43,39.7068050881296,20.70047344703668,70.6234004727763,6.101091393335842,0.0,Villa Guerrero,18.96170861111111,-99.64199972222222
15114,México,Villa Victoria,108196,13.382195275241228,6.84,30.11715205016088,6.93012127712235,63.93730645263224,8.847831712817479,0.0,Villa Victoria,19.441875555555555,-99.99505027777778
15115,México,Xonacatlán,54633,11.641315688320246,9.67,42.243746186699205,45.56131787675412,61.20831881027071,31.05632127102667,42.013069024216136,Xonacatlán,19.404419166666667,-99.53039583333333
15116,México,Zacazonapan,5109,10.980622431004111,7.8,49.05797101449275,26.884057971014492,44.5945945945946,12.155020551967118,0.0,Zacazonapan,19.07445722222222,-100.25611583333334
15117,México,Zacualpan,13522,11.300103534980032,7.4,36.66479505895564,18.58506457046603,57.4468085106383,9.251590001479071,0.0,Zacualpan,18.718670277777775,-99.77562166666667
15118,México,Zinacantepec,203872,12.547578873018365,9.99,48.7389104021964,47.80052041715328,60.71901396632419,44.292987757024015,39.35557604771621,San Miguel Zinacantepec,19.284906388888892,-99.7350375
15119,México,Zumpahuacán,18833,12.70110975415494,7.48,24.056189640035118,12.181738366988586,56.54938227006719,5.554080603196517,0.0,Zumpahuacán,18.840927777777775,-99.58559555555556
15120,México,Zumpango,280455,11.074860494553494,9.77,33.25514925468784,49.681496007485165,62.14858024831468,41.850564261646255,31.807241803497888,Zumpango de Ocampo,19.797123055555556,-99.10063388888888
15121,México,Cuautitlán Izcalli,555163,10.839879458825607,11.38,56.60796238946308,74.46239568175316,61.71145910032706,62.685193357626495,92.82913306542403,Cuautitlán Izcalli,19.656995555555554,-99.20928611111111
15122,México,Valle de Chalco Solidaridad,391731,11.75526062527602,9.12,26.842185913766354,55.76263719424598,64.01909595620765,33.4147667659695,98.10992747574228,Xico,19.278765,-98.94344861111111
15123,México,Luvianos,28822,11.74450072861009,7.15,35.89427554094769,18.74828814023555,59.78440735662616,4.843522309347026,0.0,Villa Luvianos,18.920482222222223,-100.29944638888888
15124,México,San José del Rincón,100082,13.661797326192522,6.48,27.535301668806163,6.496423986796259,66.38906565586697,3.1574109230431047,0.0,San José del Rincón Ejido,19.664803055555556,-100.1514688888889
15125,México,Tonanitla,14883,11.677753141167775,10.51,50.93481556341587,53.031834259727134,61.4933242622672,40.27413827857287,0.0,Santa María Tonanitla,19.688161666666666,-99.05436166666667
16001,Michoacán de Ocampo,Acuitzio,11301,12.113972214848243,7.84,52.255639097744364,25.427204374572796,59.68639927280991,17.62675869392089,0.0,Acuitzio del Canje,19.496251944444445,-101.33285138888888
16002,Michoacán de Ocampo,Aguililla,14754,9.319506574488274,6.09,48.678107606679035,37.894248608534326,60.05188067444877,6.235597126203063,0.0,Aguililla,18.73423138888889,-102.78837972222222
16003,Michoacán de Ocampo,Álvaro Obregón,23000,10.934782608695652,7.41,40.22355975924334,21.65090283748925,53.948335311740436,15.160869565217391,0.0,Álvaro Obregón,19.826305833333333,-101.038485
16004,Michoacán de Ocampo,Angamacutiro,14943,10.332597202703607,6.78,45.03247534279529,26.581669473177772,57.78750631419431,8.927256909589774,0.0,Angamacutiro de la Unión,20.149654444444444,-101.70831083333334
16005,Michoacán de Ocampo,Angangueo,10892,10.686742563349247,8.2,31.070889894419306,17.458521870286575,48.254198381055936,18.242746970253396,0.0,Mineral de Angangueo,19.619833055555556,-100.28551138888889
16006,Michoacán de Ocampo,Apatzingán,126191,11.324896387222543,7.93,46.50613648951987,45.25551701017404,65.9539251100863,30.449081154757472,81.11671989286083,Apatzingán de la Constitución,19.08722722222222,-102.35526444444444
16007,Michoacán de Ocampo,Aporo,3529,11.646358741853216,8.04,48.19004524886878,18.891402714932127,48.288690476190474,12.014735052422783,0.0,Aporo,19.67083611111111,-100.41112777777778
16008,Michoacán de Ocampo,Aquila,24676,10.73512724914897,6.83,34.295093296475464,20.749827228749137,62.327026263767294,10.633814232452586,0.0,Aquila,18.59913861111111,-103.50475416666667
16009,Michoacán de Ocampo,Ario,36268,11.332303959413258,7.59,55.32848277337899,35.58741707682431,62.18475126829446,22.013896547921032,49.897981691849566,Ario de Rosales,19.207807222222222,-101.7093938888889
16010,Michoacán de Ocampo,Arteaga,20332,11.346645681684045,7.54,50.764685436218286,21.86305179005909,58.219875302201295,23.95730867597875,0.0,Arteaga,18.35569388888889,-102.2900625
16011,Michoacán de Ocampo,Briseñas,11681,10.93228319493194,7.72,47.047558250877756,43.37695499521226,50.87231914657184,26.487458265559457,0.0,Briseñas de Matamoros,20.271234166666666,-102.5610575
16012,Michoacán de Ocampo,Buenavista,45538,11.223593482366375,6.4,52.53249310752265,32.737298148877514,72.90188866509034,8.127278317009969,0.0,Buenavista Tomatlán,19.211735277777777,-102.58789083333333
16013,Michoacán de Ocampo,Carácuaro,9176,10.658238884045335,6.62,38.921918351169246,17.00356718192628,55.769801245921094,7.7375762859633825,0.0,Carácuaro de Morelos,19.017308333333332,-101.12699083333332
16014,Michoacán de Ocampo,Coahuayana,17022,10.89178709904829,7.23,53.344659163304314,30.26120195370567,62.29838709677419,12.09023616496299,0.0,Coahuayana de Hidalgo,18.702474444444444,-103.6629313888889
16015,Michoacán de Ocampo,Coalcomán de Vázquez Pallares,19633,11.572352671522436,7.16,57.878845065106624,44.064917909039444,60.29551308119832,16.925584475118423,0.0,Coalcomán de Vázquez Pallares,18.777098888888887,-103.15955472222223
16016,Michoacán de Ocampo,Coeneo,20965,9.544478893393752,6.96,48.19949281487743,20.69315300084531,53.90028978650423,12.926305747674697,0.0,Coeneo de la Libertad,19.82098361111111,-101.58375083333333
16017,Michoacán de Ocampo,Contepec,35070,11.04932991160536,7.11,39.475123018042645,14.182613449972663,64.81318260203103,10.499001996007983,0.0,Contepec,19.955269166666668,-100.16445722222223
16018,Michoacán de Ocampo,Copándaro,9484,11.767186840995361,7.06,39.135853759867054,23.057748234316577,47.552918969933934,11.008013496415014,0.0,Copándaro de Galeana,19.89382388888889,-101.215305
16019,Michoacán de Ocampo,Cotija,20198,11.124863847905733,6.83,52.3576136555687,38.19503126584418,56.4078222897285,17.041291216952175,0.0,Cotija de la Paz,19.81028527777778,-102.70582194444445
16020,Michoacán de Ocampo,Cuitzeo,29910,11.66833834837847,7.32,32.23308883455583,26.582450421081226,56.86391541609822,16.509528585757273,0.0,Cuitzeo del Porvenir,19.96821361111111,-101.13958416666668
16021,Michoacán de Ocampo,Charapan,13539,11.965433192998006,6.86,22.890559732664997,3.9821776663881927,60.87544690308243,6.721323583721102,0.0,Charapan,19.650169166666664,-102.25273777777778
16022,Michoacán de Ocampo,Charo,25138,11.142493436232,7.14,44.410822356710575,32.64506941972232,61.12212529738303,22.798154188877398,0.0,Charo,19.746670277777778,-101.04631277777777
16023,Michoacán de Ocampo,Chavinda,10417,11.22204089469137,6.58,46.71941971645236,46.35674249917573,56.90567853705486,16.261879619852166,0.0,Chavinda,20.00693861111111,-102.45858472222223
16024,Michoacán de Ocampo,Cherán,20586,11.284368017099,8.3,41.66839593276613,12.824237393650135,62.647599055366044,12.367628485378413,81.80802487127174,Cherán,19.687651666666667,-101.95481611111111
16025,Michoacán de Ocampo,Chilchota,40560,12.460552268244577,7.71,27.64236184072284,21.4330741752469,66.5445111075077,13.666173570019724,0.0,Chilchota,19.849206944444443,-102.11943722222222
16026,Michoacán de Ocampo,Chinicuila,4773,10.328933584747539,6.75,60.984848484848484,50.15151515151515,46.80497925311203,19.903624554787346,0.0,Villa Victoria,18.758168055555554,-103.36780027777777
16027,Michoacán de Ocampo,Chucándiro,4944,11.003236245954692,6.16,45.690834473324216,13.47469220246238,47.75018441111384,4.975728155339806,0.0,Chucándiro,19.899964999999998,-101.33339138888888
16028,Michoacán de Ocampo,Churintzio,5233,8.61838333651825,7.29,60.67615658362989,40.0355871886121,50.43920480813685,11.656793426332888,0.0,Churintzio,20.150959722222222,-102.06592055555555
16029,Michoacán de Ocampo,Churumuco,12342,9.342083941014423,6.6,43.11490978157645,37.82842671731561,53.80732938336625,7.851239669421488,0.0,Churumuco de Morelos,18.664557777777777,-101.64655250000001
16030,Michoacán de Ocampo,Ecuandureo,11850,9.949367088607595,6.44,43.87643521049754,34.937124111536356,50.0356161595604,14.405063291139241,0.0,Ecuandureo,20.162615555555554,-102.19456638888889
16031,Michoacán de Ocampo,Epitacio Huerta,16112,9.278798411122144,6.55,54.84920807116511,12.627467997396398,57.014973958333336,7.894736842105263,0.0,Epitacio Huerta,20.134689444444444,-100.29372194444444
16032,Michoacán de Ocampo,Erongarícuaro,15715,10.804963410754057,7.7,33.02078053725291,16.294982260516978,64.2792384406165,15.278396436525613,0.0,Jarácuaro,19.560833333333335,-101.67750000000001
16033,Michoacán de Ocampo,Gabriel Zamora,21466,11.091959377620423,7.41,43.71965037228877,24.603431531239885,58.00122249388753,16.691512158762695,0.0,Lombardía,19.159803888888888,-102.05396499999999
16034,Michoacán de Ocampo,Hidalgo,125712,12.157152857324679,8.02,48.80028228652082,31.693077564637196,61.0209345445882,18.050782741504392,56.89830724194985,Ciudad Hidalgo,19.689350833333332,-100.55516138888889
16035,Michoacán de Ocampo,La Huacana,30627,9.808339047245894,7.03,40.91937596760748,20.42396093843039,57.8330574191862,12.560812355111503,0.0,La Huacana,18.962886944444445,-101.80886722222222
16036,Michoacán de Ocampo,Huandacareo,11644,9.97938852627963,7.42,39.326500732064424,36.77891654465593,51.55865024102839,20.11336310546204,0.0,Huandacareo,19.988704444444444,-101.27585333333333
16037,Michoacán de Ocampo,Huaniqueo,7945,8.82315921963499,6.36,49.72133757961783,17.436305732484076,45.09744674422118,13.417243549402139,0.0,Huaniqueo de Morales,19.89899527777778,-101.50515138888889
16038,Michoacán de Ocampo,Huetamo,41973,10.2303862006528,7.46,42.76337381030522,32.408926813258944,60.31919744642043,24.094060467443356,56.78888809472756,Huetamo de Núñez,18.626425833333332,-100.89972472222223
16039,Michoacán de Ocampo,Huiramba,9015,11.613976705490849,7.79,43.470483005366724,18.38103756708408,56.421744324970135,17.13810316139767,0.0,Huiramba,19.546481111111113,-101.43799277777778
16040,Michoacán de Ocampo,Indaparapeo,18385,12.129453358716345,7.17,35.204301075268816,24.516129032258064,54.514838981267104,14.000543921675279,0.0,Indaparapeo,19.790059444444445,-100.96849305555556
16041,Michoacán de Ocampo,Irimbo,16043,11.7808389952004,7.45,47.41524404905025,29.141620581870644,59.89839396919043,11.338278376862183,0.0,Irimbo,19.6974875,-100.47910055555556
16042,Michoacán de Ocampo,Ixtlán,14302,10.089497972311564,6.4,41.12882814477347,37.63604150847887,56.59834591873427,17.836666200531393,0.0,Ixtlán de los Hervores,20.168366111111112,-102.3946238888889
16043,Michoacán de Ocampo,Jacona,68781,11.984414300460884,7.72,40.644334206565965,50.0195083886071,66.49005867942802,44.67803608554688,89.42876666521278,Jacona de Plancarte,19.956321944444444,-102.30602333333333
16044,Michoacán de Ocampo,Jiménez,12946,9.593696894793759,7.2,47.3630831643002,29.335699797160242,53.094307237532185,26.185694422987794,0.0,Villa Jiménez,19.92226638888889,-101.74929277777778
16045,Michoacán de Ocampo,Jiquilpan,36158,11.388904253553847,8.66,52.027985251016354,59.0148435284107,59.04507813312082,29.127717240997843,68.20620609546988,Jiquilpan de Juárez,19.989719166666667,-102.71856333333334
16046,Michoacán de Ocampo,Juárez,14936,10.852972683449384,7.32,46.54581087702107,17.123958843704067,58.90711341110429,8.931440814140332,0.0,Benito Juárez,19.312275833333334,-100.43279138888889
16047,Michoacán de Ocampo,Jungapeo,19834,10.981143490975093,7.37,43.98019801980198,24.792079207920793,58.96853497227604,11.076938590299486,0.0,Jungapeo de Juárez,19.458725277777777,-100.49461194444444
16048,Michoacán de Ocampo,Lagunillas,5745,10.757180156657963,7.18,38.90739506995337,18.65423051299134,50.49594229035167,15.996518711923411,0.0,Lagunillas,19.564623055555558,-101.41477916666668
16049,Michoacán de Ocampo,Madero,19086,11.537252436340774,6.75,54.91838487972509,13.595360824742269,61.69221951568993,8.110657026092424,0.0,Villa Madero,19.392120555555554,-101.27761555555556
16050,Michoacán de Ocampo,Maravatío,89311,11.691728902374848,7.86,42.94705338673474,30.65886184586946,63.72866260947009,12.857318807313769,44.143498561207466,Maravatío de Ocampo,19.89167361111111,-100.44166722222222
16051,Michoacán de Ocampo,Marcos Castellanos,13983,11.127798040477723,8.17,60.9983281585861,56.53212323859565,62.772473428211136,15.304298076235428,0.0,San José de Gracia,19.990238055555558,-103.02150416666666
16052,Michoacán de Ocampo,Lázaro Cárdenas,196003,11.481967112748274,9.57,48.12043566417254,48.15093933358454,63.130544910922374,58.7904266771427,76.80545705933072,Ciudad Lázaro Cárdenas,17.962334166666665,-102.19798083333333
16053,Michoacán de Ocampo,Morelia,849053,12.5820178481202,10.99,56.28047108138312,65.2694145049511,64.23754717117795,53.399611096127096,89.31468353565678,Morelia,19.703383888888887,-101.1920463888889
16054,Michoacán de Ocampo,Morelos,7983,10.522360015031943,6.94,53.163444639718804,26.010544815465728,48.07811531308121,6.2883627708881376,0.0,Villa Morelos,20.004251944444444,-101.41238583333335
16055,Michoacán de Ocampo,Múgica,45732,11.237208081868276,7.62,44.33280744000664,32.4420825375737,63.81253476186294,18.35913583486399,70.69010758331147,Nueva Italia de Ruiz,19.028804722222223,-102.08673416666666
16056,Michoacán de Ocampo,Nahuatzen,32598,11.730781029511013,7.48,25.19653564290473,9.473684210526315,58.201101701882756,7.712129578501749,0.0,Nahuatzen,19.654073333333333,-101.91713694444445
16057,Michoacán de Ocampo,Nocupétaro,8196,9.870668618838458,6.85,42.69662921348315,12.179775280898877,61.47485656429295,9.102000976085895,0.0,Nocupétaro de Morelos,19.04329666666667,-101.16222916666668
16058,Michoacán de Ocampo,Nuevo Parangaricutiro,20981,12.373099470949906,8.06,55.192939244663386,32.28653530377668,67.69259938064842,27.21033315857204,79.81030456126972,Nuevo San Juan Parangaricutiro,19.41664388888889,-102.12987972222221
16059,Michoacán de Ocampo,Nuevo Urecho,9027,11.232967763376537,6.92,45.79188982402448,13.69548584544759,56.90303907380608,20.23928215353938,0.0,Nuevo Urecho,19.16587222222222,-101.86884694444444
16060,Michoacán de Ocampo,Numarán,9437,11.073434354137968,7.39,51.050679851668725,33.704161516275235,50.561197220737576,20.769312281445373,0.0,Numarán,20.254899722222223,-101.94719722222223
16061,Michoacán de Ocampo,Ocampo,24774,12.56155647049326,7.32,34.95342929720576,9.720575783234548,56.33348426533846,8.525066602082829,0.0,Ocampo,19.583847777777777,-100.33928194444444
16062,Michoacán de Ocampo,Pajacuarán,21028,10.937797222750618,6.79,41.54589371980676,38.89783503310073,54.99589724168403,7.451968803500095,0.0,Pajacuarán,20.11689388888889,-102.56551333333333
16063,Michoacán de Ocampo,Panindícuaro,14889,10.712606622338638,6.39,39.60821786908743,18.944099378881987,54.22428330522766,12.915575256901068,0.0,Panindícuaro,19.98395888888889,-101.76145972222223
16064,Michoacán de Ocampo,Parácuaro,26832,11.422927847346452,6.88,46.85198054204309,38.51285615010424,64.95178447161746,9.32468694096601,0.0,Antúnez (Morelos),19.015546944444445,-102.20664611111111
16065,Michoacán de Ocampo,Paracho,39657,11.717981693017625,8.45,37.17627401837928,23.893065998329156,64.10071706885826,23.0047658673122,53.49623017373982,Paracho de Verduzco,19.647296666666666,-102.0484675
16066,Michoacán de Ocampo,Pátzcuaro,98382,11.573255270273018,8.95,41.896601205362636,43.81944159731049,65.13043018149108,29.519627574149744,61.811103657173064,Pátzcuaro,19.51359777777778,-101.61011638888888
16067,Michoacán de Ocampo,Penjamillo,16621,9.897118103603875,6.65,49.12099276111686,21.5511892450879,49.467126988892225,7.815414235003911,0.0,Penjamillo de Degollado,20.104468333333333,-101.9336713888889
16068,Michoacán de Ocampo,Peribán,29389,11.827554527204056,7.47,61.955508192353804,40.73531370720661,63.91109115401886,20.950015311851374,60.063288985674916,Peribán de Ramos,19.520726944444444,-102.41618833333334
16069,Michoacán de Ocampo,La Piedad,106490,11.384167527467367,8.96,54.77978485894053,56.80265205331168,63.00970528635927,45.77049488214856,81.73725232416189,La Piedad de Cabadas,20.341450277777778,-102.0225538888889
16070,Michoacán de Ocampo,Purépero,15503,10.468941495194478,7.83,51.25448028673835,29.56989247311828,58.18413304686878,33.154873250338646,0.0,Purépero de Echáiz,19.909963055555554,-102.00674055555555
16071,Michoacán de Ocampo,Puruándiro,69260,11.277793820386949,7.26,47.63243243243243,44.12432432432433,57.386623702374635,19.71700837424199,46.68351140629512,Puruándiro,20.08866527777778,-101.51520027777778
16072,Michoacán de Ocampo,Queréndaro,13961,12.269894706682903,7.49,42.381212452211905,29.219006007646094,54.366094263792476,18.694935892844352,0.0,Queréndaro,19.8100275,-100.8834875
16073,Michoacán de Ocampo,Quiroga,27176,10.847806888430968,7.56,39.86418147666522,33.14549920531715,67.2035414900631,16.15395937591993,56.11201059758611,Quiroga,19.66378611111111,-101.52400361111111
16074,Michoacán de Ocampo,Cojumatlán de Régules,10553,10.736283521273572,6.65,43.24048913043478,37.80570652173913,56.75051646615628,8.55680849047664,0.0,Cojumatlán de Régules,20.118998333333334,-102.851005
16075,Michoacán de Ocampo,Los Reyes,78935,12.268322037119148,8.01,45.78273557375506,42.98691518403464,66.33905820841193,32.97776651675429,63.267245201748274,Los Reyes de Salgado,19.588974166666667,-102.47467888888889
16076,Michoacán de Ocampo,Sahuayo,78477,11.568994737311568,8.44,47.863762743280816,61.85356811862836,68.52794346473028,24.204544006524205,89.25162786548925,Sahuayo de Morelos,20.05768388888889,-102.71679722222223
16077,Michoacán de Ocampo,San Lucas,17677,9.39073372178537,6.87,42.24609006971924,22.423214622197097,56.99504517633343,11.234938055099848,0.0,San Lucas,18.59141083333333,-100.78475222222222
16078,Michoacán de Ocampo,Santa Ana Maya,12812,10.966281610989697,7.26,35.766000579206484,33.76773819866783,49.531638310074555,9.295972525757103,0.0,Santa Ana Maya,20.008391666666668,-101.02176277777778
16079,Michoacán de Ocampo,Salvador Escalante,49896,12.493987493987493,7.09,46.43502193171067,34.462888105272214,58.10511719687475,13.53615520282187,33.565816899150235,Santa Clara del Cobre,19.40608472222222,-101.63979777777779
16080,Michoacán de Ocampo,Senguio,19833,12.035496394897393,7.37,44.803510871733494,16.17793736285657,55.705245968565016,8.707709373266777,0.0,Senguio,19.733340833333333,-100.35240722222221
16081,Michoacán de Ocampo,Susupuato,9076,10.654473336271485,5.73,35.31861724281549,3.331945022907122,54.99851234751562,3.382547377699427,0.0,Rancho Viejo,19.248333333333335,-100.4175
16082,Michoacán de Ocampo,Tacámbaro,79540,11.757606235856173,7.95,53.01760062754327,25.40079423444624,63.19941637541991,25.99195373397033,38.36937389992457,Tacámbaro de Codallos,19.23553666666667,-101.45732805555556
16083,Michoacán de Ocampo,Tancítaro,33453,12.644605864944849,7.0,63.49147971067794,27.975971558170897,61.04059881213897,12.468239021911339,0.0,Tancítaro,19.337497499999998,-102.36303416666667
16084,Michoacán de Ocampo,Tangamandapio,31716,12.542565266742338,6.85,40.87870105062082,25.501432664756447,59.1645389477209,17.253121452894437,0.0,Santiago Tangamandapio,19.953995,-102.43280055555556
16085,Michoacán de Ocampo,Tangancícuaro,35256,11.26333106421602,6.94,44.602893723326744,33.60049963568232,62.00783796652382,16.60993873383254,43.72021783526208,Tangancícuaro de Arista,19.888234444444443,-102.20845333333334
16086,Michoacán de Ocampo,Tanhuato,15534,10.834298957126304,7.59,48.16229116945107,39.236276849642,52.35222176926213,11.381485773142783,0.0,Tanhuato de Guerrero,20.283811111111113,-102.32764083333333
16087,Michoacán de Ocampo,Taretan,15589,11.078324459554814,7.78,50.89622641509434,33.466981132075475,56.12210667561221,55.50708833151581,0.0,Taretan,19.33456222222222,-101.91790416666667
16088,Michoacán de Ocampo,Tarímbaro,114513,11.915677695982115,9.7,47.01445252391154,54.43079986724195,64.02009380070685,46.34670299441985,0.0,Fraccionamiento Galaxia Tarímbaro,19.762494722222222,-101.19559777777778
16089,Michoacán de Ocampo,Tepalcatepec,24074,10.50926310542494,7.18,59.82412750755702,39.461390491893376,64.29937320726654,15.867741131511174,71.83268256210019,Tepalcatepec,19.191366666666667,-102.84370777777777
16090,Michoacán de Ocampo,Tingambato,16325,11.491577335375192,8.55,37.95696136893959,22.426756546538762,58.19685422409599,18.211332312404288,0.0,Tingambato,19.50189388888889,-101.85347638888888
16091,Michoacán de Ocampo,Tingüindín,14934,10.62675773402973,7.84,56.410867492850336,32.34032411820782,59.084722694794145,21.849471005758673,0.0,Tingüindín,19.738951944444445,-102.48308333333334
16092,Michoacán de Ocampo,Tiquicheo de Nicolás Romero,12836,10.525085696478653,6.36,42.52241828174718,7.260630604570437,57.35278791036998,8.078840760361484,0.0,Tiquicheo,18.900489444444442,-100.73645388888889
16093,Michoacán de Ocampo,Tlalpujahua,28556,11.230564504832609,8.11,40.72752230610844,20.960878517501715,57.70791548113252,13.083064855021712,0.0,Tlalpujahua de Rayón,19.805304166666666,-100.17359277777778
16094,Michoacán de Ocampo,Tlazazalca,6420,8.722741433021806,5.74,58.57699805068226,22.855750487329434,50.22085653927405,5.638629283489097,0.0,Tlazazalca,19.97123611111111,-102.05667944444444
16095,Michoacán de Ocampo,Tocumbo,12325,9.995943204868155,7.2,50.04128819157721,36.911643270024776,57.1719641401793,42.50709939148073,0.0,Santa Clara de Valladares,19.63960638888889,-102.48914666666667
16096,Michoacán de Ocampo,Tumbiscatío,5971,11.086920113883771,5.81,49.287410926365794,24.70308788598575,51.60937157871688,4.119912912409982,0.0,Tumbiscatío de Ruiz,18.52480111111111,-102.3750225
16097,Michoacán de Ocampo,Turicato,29056,10.194107929515418,6.39,40.00778109194657,12.981455064194009,54.650458758325186,26.9858204845815,0.0,Puruarán,19.094969166666665,-101.52246472222222
16098,Michoacán de Ocampo,Tuxpan,25757,11.876383119152075,8.0,40.298079678991115,29.764975637718543,58.893459069020864,15.704468688123617,0.0,Tuxpan,19.567960555555555,-100.46377833333334
16099,Michoacán de Ocampo,Tuzantla,14329,9.97278246911857,6.36,45.822784810126585,13.873417721518987,54.248791372257344,5.673808360667178,0.0,Tuzantla,19.207606388888887,-100.57306388888888
16100,Michoacán de Ocampo,Tzintzuntzan,14911,11.06565622694655,8.05,36.07832618025751,14.88733905579399,64.6946232817122,18.851854335725303,0.0,Ihuatzio,19.565514722222222,-101.61810361111111
16101,Michoacán de Ocampo,Tzitzio,8855,10.694522868435913,6.35,41.13378684807256,11.83673469387755,52.48518011855905,4.58498023715415,0.0,Tafetán,19.418899444444445,-100.9076263888889
16102,Michoacán de Ocampo,Uruapan,356786,12.201151390469358,9.24,50.55615814883345,56.00820944724473,64.27411953137654,42.60060652604082,83.95032316290437,Uruapan,19.420887500000003,-102.06279916666666
16103,Michoacán de Ocampo,Venustiano Carranza,23469,10.614001448719588,7.42,47.237484737484735,52.304639804639805,59.27056642861037,14.78546167284503,0.0,San Pedro Cahro,20.115974166666668,-102.65236111111112
16104,Michoacán de Ocampo,Villamar,15864,9.877710539586484,6.92,45.654993514915695,42.32598357111976,51.55294117647059,15.128593040847202,0.0,Emiliano Zapata,19.991486944444446,-102.61515361111111
16105,Michoacán de Ocampo,Vista Hermosa,20982,10.861690973215136,7.7,47.84040995607614,46.04685212298682,54.61533731012853,24.89753121723382,0.0,Vista Hermosa de Negrete,20.273115,-102.47364611111111
16106,Michoacán de Ocampo,Yurécuaro,32303,11.977215738476303,7.19,41.1497005988024,43.35329341317365,63.11432589913603,14.57759341237656,82.62700058818066,Yurécuaro,20.341088888888887,-102.28242527777778
16107,Michoacán de Ocampo,Zacapu,76829,10.800609144984316,9.19,49.70394581024111,38.69546681824641,59.813390617057216,46.069843418500824,71.96110843561677,Zacapu,19.81861861111111,-101.79285972222222
16108,Michoacán de Ocampo,Zamora,204860,11.283803573171923,8.76,45.17618385596347,57.44640681049723,65.16840658828211,47.49975593087962,75.43981255491555,Zamora de Hidalgo,19.983579444444445,-102.28595777777778
16109,Michoacán de Ocampo,Zináparo,3232,9.715346534653465,7.23,60.15779092702169,33.53057199211045,45.82723279648609,19.894801980198018,0.0,Zináparo,20.17318888888889,-101.99877416666666
16110,Michoacán de Ocampo,Zinapécuaro,49005,10.923375165799408,7.57,48.93600908746687,26.368799697084437,56.89916405433647,16.359555147433934,34.49647995102541,Zinapécuaro de Figueroa,19.860274722222222,-100.82758305555555
16111,Michoacán de Ocampo,Ziracuaretiro,18402,12.569285947179655,7.75,50.59041444778884,40.958555221116,59.3971108490566,15.520052168242582,0.0,San Ángel Zurumucapio,19.44893861111111,-101.8894413888889
16112,Michoacán de Ocampo,Zitácuaro,157056,11.75695293398533,8.93,37.818226540400936,39.08990284097897,65.63292645887887,25.12670639771801,55.33121943765281,Heróica Zitácuaro,19.437180277777777,-100.3574861111111
16113,Michoacán de Ocampo,José Sixto Verduzco,26213,9.480028993247625,7.16,47.25643896976484,32.50279955207167,52.86111377360299,13.268225689543357,0.0,Pastor Ortiz,20.302184166666667,-101.59685583333332
17001,Morelos,Amacuzac,17598,11.29105580179566,8.52,30.955720296533762,38.44920857543578,55.171667628390075,27.31560404591431,0.0,Amacuzac,18.600001666666667,-99.36951416666666
17002,Morelos,Atlatlahucan,25232,11.013792010145847,9.34,42.78628117913832,40.84467120181406,60.00796654052977,20.933734939759034,0.0,Atlatlahucan,18.936270833333335,-98.89917527777779
17003,Morelos,Axochiapan,39174,11.410629499157604,8.07,30.790054140765992,33.126127932624826,63.02929978480384,11.443814775105938,48.71853780568745,Axochiapan,18.50240638888889,-98.75407861111111
17004,Morelos,Ayala,89834,11.791749226350825,8.69,33.27610301457377,39.54881213815133,62.92704213060064,33.62312710109758,0.0,San Pedro Apatlaco,18.792179444444447,-98.96259888888889
17005,Morelos,Coatlán del Río,10520,9.70532319391635,7.82,33.42237061769616,27.946577629382304,49.18608736385994,10.798479087452472,0.0,Coatlán del Río,18.744185555555557,-99.43480055555555
17006,Morelos,Cuautla,187118,11.580393120918352,10.04,40.632817124634805,57.83192346617274,64.23559834865878,42.66826280742633,84.08384014365267,Cuautla,18.812788333333334,-98.95526472222222
17007,Morelos,Cuernavaca,378476,11.109555163339287,11.39,52.492650714865185,72.9563753412947,63.845847234471265,52.430801424661006,90.10584554899121,Cuernavaca,18.92178277777778,-99.23489694444444
17008,Morelos,Emiliano Zapata,107053,12.065986006931146,10.12,44.53684379515171,61.34532027612779,64.69902598901352,44.72364156072226,79.43168337178781,Emiliano Zapata,18.840984166666665,-99.18324277777778
17009,Morelos,Huitzilac,24515,11.915153987354682,9.79,48.716800954938826,45.29991047448523,67.77113054149409,27.999184172955335,0.0,Tres Marías,19.05298277777778,-99.24356555555556
17010,Morelos,Jantetelco,18402,11.830235843930007,8.9,36.56207366984993,37.71194698889106,62.76668960770819,19.63916965547223,0.0,Amayuca,18.724800833333333,-98.79908361111112
17011,Morelos,Jiutepec,215357,11.734468812251285,10.52,47.00639631156856,66.78625929413293,64.08016443987667,55.29423236765,88.86407221497328,Jiutepec,18.881974444444445,-99.17719833333334
17012,Morelos,Jojutla,57682,11.124787628722999,9.65,39.883234062629,54.5910243557233,60.51207239206732,42.931937172774866,30.81897298984085,Jojutla,18.61656638888889,-99.18104361111112
17013,Morelos,Jonacatepec de Leandro Valle,16694,11.327423026236971,8.98,38.439241917502784,33.93534002229654,59.985046728971966,19.797532047442196,0.0,Jonacatepec de Leandro Valle,18.680690277777778,-98.80322305555555
17014,Morelos,Mazatepec,9653,11.612970061120896,9.06,39.275862068965516,45.3448275862069,53.769687580686806,24.821299078006838,0.0,Mazatepec,18.733184444444444,-99.36697194444444
17015,Morelos,Miacatlán,15802,11.33400835337299,8.77,38.565511227381734,46.47918029212993,61.1754510360041,25.09808884951272,0.0,Miacatlán,18.769982499999998,-99.36026527777777
17016,Morelos,Ocuituco,19219,12.310734169311619,8.59,35.13026052104208,28.697394789579157,64.60542992462143,13.294136011238878,0.0,Ocuituco,18.877692777777778,-98.77569749999999
17017,Morelos,Puente de Ixtla,40018,11.447348693088111,9.13,34.63954002653693,47.067669172932334,60.973625754778965,36.76595532010595,51.06202209005947,Puente de Ixtla,18.616875,-99.32370138888888
17018,Morelos,Temixco,122263,11.853136271807497,9.19,35.95874625489744,51.0659138050242,64.38485612095594,35.06539181927484,85.43958515658866,Temixco,18.84527333333333,-99.22414305555556
17019,Morelos,Tepalcingo,28122,11.236754142664106,8.4,31.800667865399436,29.41176470588235,62.660656908247056,16.215062940046938,0.0,Tepalcingo,18.594736388888887,-98.84435666666666
17020,Morelos,Tepoztlán,54987,11.797333915289068,9.94,43.340394120290135,58.829193144617754,67.80237738129883,30.254423772891773,0.0,Tepoztlán,18.986457222222224,-99.10122694444443
17021,Morelos,Tetecala,7617,11.198634633057635,9.1,35.02304147465438,36.15416841223293,59.10937753941167,22.948667454378363,0.0,Tetecala,18.72896722222222,-99.39858305555556
17022,Morelos,Tetela del Volcán,14853,12.435198276442469,8.66,37.90471176625428,29.191892603316663,63.333625449128036,10.408671648825154,0.0,Tetela del Volcán,18.893525,-98.73006555555556
17023,Morelos,Tlalnepantla,7943,11.620294599018003,8.48,52.48780487804878,24.48780487804878,65.71242680546518,8.044819337781695,0.0,Tlalnepantla,19.007926944444446,-98.99735222222222
17024,Morelos,Tlaltizapán de Zapata,52399,11.622359205328346,8.96,36.21190130624093,48.1329990763953,61.61046470295505,40.12290310883795,32.79833584610393,Santa Rosa Treinta,18.699155277777777,-99.1795125
17025,Morelos,Tlaquiltenango,33789,11.28177809346237,8.97,36.586571739345395,45.30801938099476,60.70949254597555,37.287282843528956,54.28393855988635,Tlaquiltenango,18.63003,-99.16266222222222
17026,Morelos,Tlayacapan,19408,11.747732893652103,9.3,40.117994100294986,39.68534906588004,66.63649880405973,20.47609233305853,0.0,Tlayacapan,18.95661722222222,-98.9831175
17027,Morelos,Totolapan,12750,11.231372549019607,8.63,35.421888053467,25.536062378167642,66.29607371794872,10.290196078431373,0.0,Totolapan,18.987223333333333,-98.9214388888889
17028,Morelos,Xochitepec,73539,11.674077700267885,9.15,37.974361583070504,49.384474514192696,65.7314629258517,34.0159643182529,29.728443410979207,Xochitepec,18.781865555555555,-99.23146277777778
17029,Morelos,Yautepec,105780,11.58252977878616,9.35,37.93882630337962,46.728451663610166,64.6481005527585,34.789185101153336,41.9294762715069,Yautepec de Zaragoza,18.886061666666667,-99.06075416666667
17030,Morelos,Yecapixtla,56083,12.187293832355616,8.92,35.96149907843539,39.832070448494775,66.91156400691474,26.262860403330777,34.06379829894977,Yecapixtla,18.88341972222222,-98.86814361111111
17031,Morelos,Zacatepec,36094,11.231783675957223,10.37,43.354789852328665,66.28171147292692,56.92102187343463,54.02559982268521,59.22036903640494,Zacatepec de Hidalgo,18.655408055555554,-99.19427888888889
17032,Morelos,Zacualpan de Amilpas,9965,10.8078273958856,9.53,37.92372881355932,37.07627118644068,59.97016409746395,21.6156547917712,0.0,Tlacotepec,18.81433416666667,-98.7516125
17033,Morelos,Temoac,16574,14.052129841921081,8.86,30.77658303464755,37.252090800477895,65.26499885940233,18.987570894171593,0.0,Temoac,18.772315,-98.77804305555556
17034,Morelos,Coatetelco,11347,11.923856525953997,6.92,17.95236402417348,28.439388553146106,62.320670262825665,7.067947475103551,0.0,Coatetelco Centro,18.730485833333333,-99.3270575
17035,Morelos,Xoxocotla,27805,13.447221722711742,8.45,21.577287066246058,27.2397476340694,65.05523600839952,23.945333573098363,86.57795360546665,Xoxocotla Centro,18.686572777777776,-99.24489472222223
17036,Morelos,Hueyapan,7855,12.590706556333545,7.41,34.86005089058524,22.849872773536894,63.091272485009995,3.4882240611075748,0.0,Barrio de San Miguel,18.885134444444443,-98.69068416666667
18001,Nayarit,Acaponeta,37232,10.466802750322303,9.37,37.14206794954424,31.000828652978548,59.40506242750904,42.992587021916634,53.65277180919639,Acaponeta,22.4893875,-105.36018416666666
18002,Nayarit,Ahuacatlán,15393,10.166959007341,9.11,45.88088815106869,32.60012450715916,59.2111630908211,35.85395959202235,0.0,Ahuacatlán,21.050586944444444,-104.48466444444445
18003,Nayarit,Amatlán de Cañas,11536,8.564493758668515,8.16,52.374454148471614,35.67139737991266,59.23344947735192,19.998266296809987,0.0,Amatlán de Cañas,20.807782222222222,-104.4053888888889
18004,Nayarit,Compostela,77436,10.506741050674105,8.61,48.849959309547266,37.39238446053026,66.51730228298554,36.635415052430396,26.243607624360763,Compostela,21.237529722222224,-104.90059722222223
18005,Nayarit,Huajicori,12230,10.335241210139003,7.89,19.67095851216023,6.90271816881259,40.6231765666939,11.659852820932134,0.0,Huajicori,22.637260833333332,-105.319985
18006,Nayarit,Ixtlán del Río,29299,10.747807092392232,9.4,48.18373564565268,41.270213264588705,61.36690961462925,36.769173009317726,86.9551861838288,Ixtlán del Río,21.03505527777778,-104.3689111111111
18007,Nayarit,Jala,19321,10.910408363956316,8.88,30.950009958175663,21.9079864568811,59.50395998332639,25.88892914445422,0.0,Jala,21.10482111111111,-104.43821666666668
18008,Nayarit,Xalisco,65229,11.944073954836039,10.82,58.213673381911704,61.46056579511359,63.71938725729339,59.85221297275751,73.84752180778489,Xalisco,21.443687222222223,-104.89973555555557
18009,Nayarit,Del Nayar,47550,11.947423764458465,5.72,10.705077906064343,2.8920524604864926,34.19169782132268,3.8422712933753944,0.0,Jesús María,22.251125,-104.5179425
18010,Nayarit,Rosamorada,33567,9.708940328298626,8.31,33.43119984341359,19.59287531806616,59.486966062578034,23.397980159084817,0.0,San Vicente,21.9486375,-105.29778361111111
18011,Nayarit,Ruíz,24096,11.234229747675963,8.5,34.80583225061354,25.45113324671575,60.66018784950323,28.062749003984063,0.0,Ruiz,21.950252777777777,-105.14505666666668
18012,Nayarit,San Blas,41518,9.920998121296787,8.16,40.3338718362951,27.409800753904147,63.63137350573311,24.844645695842768,0.0,San Blas,21.54173805555556,-105.28604638888889
18013,Nayarit,San Pedro Lagunillas,7683,8.850709358323572,8.37,52.97691373025516,27.66302146618064,53.5725677830941,34.283483014447484,0.0,San Pedro Lagunillas,21.22190611111111,-104.75110972222222
18014,Nayarit,Santa María del Oro,24911,10.786399582513749,8.21,45.55399719495091,21.669004207573632,59.20818278967992,41.471639034964475,0.0,Santa María del Oro,21.333189444444443,-104.58720666666666
18015,Nayarit,Santiago Ixcuintla,93981,10.374437386280206,8.4,37.1817459494939,27.039071406363355,61.23413089186384,40.07831370170567,19.177280514146478,Santiago Ixcuintla,21.808335833333334,-105.20604444444444
18016,Nayarit,Tecuala,37135,8.929581257573718,8.79,37.69158318349174,29.634386505693982,60.13034759358289,30.620708226740273,0.0,Tecuala,22.395041111111112,-105.4560338888889
18017,Nayarit,Tepic,425924,11.981480264084672,11.17,52.59933748593346,65.59443995371912,64.25999604462592,64.73807533738413,87.19560297142213,Tepic,21.507413055555556,-104.89379916666667
18018,Nayarit,Tuxpan,30064,10.384513038850452,9.24,32.198925297650405,34.23243072384364,61.27663047914456,40.649946780202235,73.22046301224056,Tuxpan,21.944790277777777,-105.29808722222222
18019,Nayarit,La Yesca,13719,10.059042204242292,6.64,34.38155136268344,10.512129380053908,37.9136400322841,7.646329907427655,0.0,Puente de Camotlán,21.698936111111113,-104.07871138888889
18020,Nayarit,Bahía de Banderas,187632,11.483115886415963,9.85,45.69112164754425,55.29516088168229,71.60015039269203,57.322311759188196,61.088726869617126,San Vicente,20.748360277777778,-105.25116888888888
19001,Nuevo León,Abasolo,2974,12.037659717552119,9.45,60.47381546134663,43.765586034912715,48.560378169316714,63.18090114324143,0.0,Abasolo,25.9453375,-100.39998833333334
19002,Nuevo León,Agualeguas,3382,7.658190419869899,8.12,72.44897959183673,35.79277864992151,45.99860821155185,31.992903607332938,0.0,Agualeguas,26.310914722222222,-99.53938916666667
19003,Nuevo León,Los Aldamas,1407,7.249466950959488,7.07,77.81885397412199,22.181146025878004,46.44097222222222,7.818052594171997,0.0,Los Aldamas,26.064143333333334,-99.19673333333334
19004,Nuevo León,Allende,35289,11.700529910170308,9.19,75.1191254788377,59.98318228534056,60.059255079006775,65.01176003853892,81.7336847176174,Ciudad de Allende,25.286900000000003,-100.0083238888889
19005,Nuevo León,Anáhuac,18030,10.260676650027731,8.57,69.73299195318215,38.7710314557425,55.58792184724689,31.453133666112034,91.0371602884082,Anáhuac,27.240647222222222,-100.1324361111111
19006,Nuevo León,Apodaca,656464,12.522392697847863,11.35,66.6949175861974,81.23166671252855,64.41492653850182,75.48852640815034,88.36432767067197,Ciudad Apodaca,25.781294444444445,-100.18922777777779
19007,Nuevo León,Aramberri,14992,9.478388473852721,7.52,51.15843669553007,13.80762930025743,51.868846988152846,19.52374599786553,0.0,Aramberri,24.100586111111113,-99.81806666666667
19008,Nuevo León,Bustamante,3661,9.94263862332696,8.84,55.80016934801016,36.494496189669775,47.69230769230769,29.937175635072386,0.0,Bustamante,26.53466388888889,-100.50270555555555
19009,Nuevo León,Cadereyta Jiménez,122337,11.912994433409352,9.35,53.757395657644636,53.89660803683774,60.33632907371161,53.368972592102146,85.75001839181932,Cadereyta Jiménez,25.59100833333333,-100.00159444444445
19010,Nuevo León,El Carmen,104478,12.492582170409081,9.4,33.54082753570121,51.33650677407543,63.999363665287945,66.40919619441414,78.52179406190777,El Jaral,25.853533611111114,-100.31725138888889
19011,Nuevo León,Cerralvo,7340,9.482288828337875,8.09,71.60896130346232,39.59266802443992,53.67250673854448,38.85558583106267,0.0,Ciudad Cerralvo,26.089869444444442,-99.61473333333333
19012,Nuevo León,Ciénega de Flores,68747,13.766418898279198,9.33,34.619145399432874,51.09514031485284,65.07983152120678,69.26847716991287,87.99802173185739,Real del Sol,25.929005555555555,-100.18295833333333
19013,Nuevo León,China,9930,8.700906344410877,7.91,75.91799265605876,36.811505507955935,55.558340644191,33.18227593152064,0.0,China,25.705913888888887,-99.23931666666667
19014,Nuevo León,Doctor Arroyo,36088,9.961760141875416,7.45,55.240056356345505,16.039882952205485,54.61159777021646,14.991132786521835,0.0,Doctor Arroyo,23.674691666666668,-100.18225555555556
19015,Nuevo León,Doctor Coss,1360,8.676470588235293,7.32,75.65922920892496,4.462474645030426,39.62765957446808,13.75,0.0,Doctor Coss,25.925897222222222,-99.18437222222222
19016,Nuevo León,Doctor González,3256,12.223587223587224,7.93,61.51603498542274,21.865889212827987,43.759630200308166,47.6044226044226,0.0,Doctor González,25.858829444444446,-99.94186888888889
19017,Nuevo León,Galeana,40903,10.449111312128695,7.88,56.353393543771794,18.116784404900294,51.872499921257365,28.110407549568492,0.0,Galeana,24.826266666666665,-100.07742777777777
19018,Nuevo León,García,397205,11.80876373660956,10.31,46.384430595689864,61.82849980851582,65.58176772714012,69.44122052844249,93.06126559333342,García,25.800491666666666,-100.58546944444444
19019,Nuevo León,San Pedro Garza García,132169,11.707737820517671,13.16,78.96368937185264,86.86721441823482,60.34323324630113,49.40946818088962,99.96897911007876,San Pedro Garza García,25.665169444444444,-100.40246666666667
19020,Nuevo León,General Bravo,5506,9.861968761351253,8.23,73.59134889015367,33.63688104723961,54.85515643105446,23.2110424990919,0.0,General Bravo,25.793297222222225,-99.18123333333334
19021,Nuevo León,General Escobedo,481213,12.825505545361409,10.45,55.4000197371917,70.5733654189219,63.42188796543867,65.3729221779129,98.13762304842139,Ciudad General Escobedo,25.807986111111113,-100.32264166666667
19022,Nuevo León,General Terán,14109,9.469133177404494,8.08,70.23295944779983,26.747195858498706,51.23610991472134,46.870791693245444,0.0,Ciudad General Terán,25.25718611111111,-99.68581388888889
19023,Nuevo León,General Treviño,1808,7.134955752212389,8.17,71.21212121212122,46.666666666666664,33.679428942245295,24.557522123893804,0.0,General Treviño,26.226969444444443,-99.48408055555555
19024,Nuevo León,General Zaragoza,6282,10.888252148997134,7.96,43.29710144927536,7.669082125603865,47.5824859929446,10.967844635466411,0.0,General Zaragoza,23.97326111111111,-99.77239166666666
19025,Nuevo León,General Zuazua,102149,13.617362871883229,9.71,37.95558855291576,60.171436285097194,65.23087302308082,73.88520690364076,61.43476686017484,Fraccionamiento Real Palmas,25.898152777777778,-100.16814722222223
19026,Nuevo León,Guadalupe,643143,11.808260371332658,11.08,64.07068493150685,77.7813698630137,59.30409531285124,70.18827850104876,98.86790340561897,Guadalupe,25.677325,-100.25989722222222
19027,Nuevo León,Los Herreras,1959,6.789178152118428,7.51,70.4514363885089,37.89329685362517,40.19312009656005,8.52475752935171,0.0,Los Herreras,25.905605555555553,-99.40329722222222
19028,Nuevo León,Higueras,1386,9.884559884559884,8.56,49.76303317535545,27.251184834123222,50.315031503150315,54.256854256854254,0.0,Higueras,25.961955555555555,-100.01435
19029,Nuevo León,Hualahuises,7026,10.546541417591802,9.07,62.93900184842884,48.79852125693161,47.7972027972028,43.55251921434671,0.0,Hualahuises,24.884641666666667,-99.67322777777778
19030,Nuevo León,Iturbide,3298,10.491206791995149,7.62,41.72517552657974,11.9358074222668,45.11873350923483,18.64766525166768,0.0,Iturbide,24.725977777777775,-99.90526111111112
19031,Nuevo León,Juárez,471523,12.535549697469689,9.88,46.107953700121996,61.16582854762401,64.49087470791545,66.48434964996406,91.37751498866439,Ciudad Benito Juárez,25.646225,-100.09088055555556
19032,Nuevo León,Lampazos de Naranjo,5351,9.530928798355447,8.31,67.26835138387484,30.264741275571602,54.122722914669225,33.694636516538964,0.0,Lampazos de Naranjo,27.025312222222222,-100.5043236111111
19033,Nuevo León,Linares,84666,11.75087992818841,9.44,59.33765651127697,53.31375667849423,56.72087912087912,56.02957503602391,83.12427656910684,Linares,24.85965277777778,-99.56786944444444
19034,Nuevo León,Marín,5119,11.95546005079117,8.88,60.65232477446218,38.93129770992366,54.69708118714741,57.296346942762256,0.0,Marín,25.879302222222222,-100.0340486111111
19035,Nuevo León,Melchor Ocampo,1483,9.912339851652057,8.53,82.646420824295,30.802603036876356,46.63967611336032,31.15306810519218,0.0,Melchor Ocampo,26.058525,-99.54228333333333
19036,Nuevo León,Mier y Noriega,7652,10.023523261892315,6.59,53.21637426900585,9.728867623604465,41.60339042910118,3.868269733403032,0.0,Mier y Noriega,23.423119444444445,-100.11966944444444
19037,Nuevo León,Mina,6048,12.07010582010582,8.35,56.18768328445748,29.266862170087975,53.11300639658849,58.7962962962963,0.0,Mina,26.001255555555556,-100.53184444444445
19038,Nuevo León,Montemorelos,67428,12.075102331375689,9.71,64.83926521239954,55.362610026789135,60.06238532110092,62.18336596072848,80.7780150679243,Montemorelos,25.189252777777778,-99.82695833333332
19039,Nuevo León,Monterrey,1142994,11.819484616717148,11.47,62.8686441193282,77.59616670923177,59.991238774680056,63.728680990451394,99.99632544002856,Monterrey,25.66469722222222,-100.31089166666666
19040,Nuevo León,Parás,906,9.381898454746137,8.56,75.74850299401197,36.52694610778443,43.098958333333336,19.867549668874172,0.0,Parás,26.49853888888889,-99.52542222222222
19041,Nuevo León,Pesquería,147624,13.9299842843982,9.44,30.01282109986721,48.974312010623194,68.90229900893702,69.66211456131795,82.56110117596054,Pesquería,25.783258333333333,-100.05367777777778
19042,Nuevo León,Los Ramones,5389,9.500835034329189,7.37,71.04413347685683,35.84499461786868,48.72302950242184,19.855260716273893,0.0,Los Ramones,25.696391666666667,-99.62403055555555
19043,Nuevo León,Rayones,2377,8.161548169962137,6.66,52.461139896373055,4.404145077720207,47.874015748031496,11.989903239377366,0.0,Rayones,25.01812222222222,-100.07321388888889
19044,Nuevo León,Sabinas Hidalgo,34709,11.547437264110172,9.69,71.81102362204724,56.55396016674386,57.43711903594199,47.74554150220404,96.58013771644242,Ciudad Sabinas Hidalgo,26.498369444444446,-100.18114722222222
19045,Nuevo León,Salinas Victoria,86766,13.743862803402255,9.43,39.02784332232185,47.408368727387135,66.0453137934206,65.2732637208123,29.959892123642902,Los Pilares,25.912743055555556,-100.2429688888889
19046,Nuevo León,San Nicolás de los Garza,412199,11.750149806282888,11.92,69.24131814710495,83.10682641221248,56.982126068792105,72.78110815407122,100.0,San Nicolás de los Garza,25.755252777777777,-100.2895861111111
19047,Nuevo León,Hidalgo,16086,11.600149198060425,9.6,61.798733900895,49.290547915302334,57.73689905704127,73.1443491234614,99.81971901031953,Hidalgo,25.975649999999998,-100.44689444444445
19048,Nuevo León,Santa Catarina,306322,12.496000940187123,10.66,61.10454457738325,76.08669432651486,63.11569208294445,72.04999967354614,99.25894973263429,Ciudad Santa Catarina,25.67436388888889,-100.46174722222223
19049,Nuevo León,Santiago,46784,10.95032489740082,10.31,74.06919503570685,63.40567149691465,57.681582445075705,63.419117647058826,91.95237688098496,Santiago,25.427100000000003,-100.15301111111111
19050,Nuevo León,Vallecillo,1552,8.505154639175258,7.15,71.09929078014184,13.652482269503546,49.92343032159265,29.70360824742268,0.0,Vallecillo,26.659672777777775,-99.98957944444444
19051,Nuevo León,Villaldama,3573,9.403862300587742,8.96,59.74743488555643,29.913180741910022,47.307180851063826,37.05569549398265,0.0,Ciudad de Villaldama,26.498225,-100.42456111111112
20001,Oaxaca,Abejones,841,15.338882282996433,6.95,7.87037037037037,7.87037037037037,14.011799410029498,2.853745541022592,0.0,Abejones,17.435752222222224,-96.60817416666666
20002,Oaxaca,Acatlán de Pérez Figueroa,45167,10.401399251666039,7.33,29.156737643170114,28.44184795141825,54.31044267877412,35.563575176566964,0.0,Vicente Camalote,18.513522777777776,-96.531845
20003,Oaxaca,Asunción Cacalotepec,2547,8.912446014919514,6.73,9.697732997481108,5.415617128463476,43.14695695200396,11.425206124852767,0.0,Asunción Cacalotepec,17.035264166666668,-95.95656166666667
20004,Oaxaca,Asunción Cuyotepeji,1107,11.833785004516711,7.79,14.956011730205278,17.59530791788856,47.150837988826815,15.898825654923217,0.0,Asunción Cuyotepeji,17.930900555555557,-97.6743525
20005,Oaxaca,Asunción Ixtaltepec,15261,8.020444269707097,8.48,28.12436906925096,28.447405612759944,59.40944881889764,27.527684948561692,0.0,Asunción Ixtaltepec,16.50383972222222,-95.057045
20006,Oaxaca,Asunción Nochixtlán,20464,10.72126661454261,9.17,31.355297641332832,24.298015724447772,63.5450649267575,18.36395621579359,77.45797498045349,Asunción Nochixtlán,17.458936388888887,-97.22519861111111
20007,Oaxaca,Asunción Ocotlán,2395,8.768267223382045,4.76,20.806241872561767,16.25487646293888,47.42424242424242,2.0041753653444676,0.0,Asunción Ocotlán,16.759179166666666,-96.72132555555555
20008,Oaxaca,Asunción Tlacolulita,734,5.722070844686648,6.67,12.686567164179104,3.7313432835820897,42.00988467874794,13.760217983651225,0.0,Asunción Tlacolulita,16.300263055555558,-95.72630527777778
20009,Oaxaca,Ayotzintepec,6857,9.654367799329153,6.72,9.08624229979466,9.856262833675565,48.653921186110026,3.018812891935249,0.0,Ayotzintepec,17.676708611111113,-96.13327083333333
20010,Oaxaca,El Barrio de la Soledad,13474,7.236158527534511,9.4,37.33856088560886,31.595940959409592,53.74216651745748,61.90440849042601,0.0,Colonia Progreso,16.801347222222223,-95.07948611111111
20011,Oaxaca,Calihualá,1402,11.269614835948644,5.49,21.238938053097346,3.8348082595870205,33.91642371234208,4.85021398002853,0.0,Calihualá,17.5328575,-98.27837611111111
20012,Oaxaca,Candelaria Loxicha,11166,11.543972774494,6.06,7.18052738336714,3.08316430020284,45.027947484726376,5.651083646784882,0.0,Candelaria Loxicha,15.926334444444445,-96.49191888888889
20013,Oaxaca,Ciénega de Zimatlán,3043,9.004272099901414,7.86,49.21875,58.482142857142854,55.028157683024936,10.25303976339139,0.0,Ciénega de Zimatlán,16.897088055555557,-96.76661833333333
20014,Oaxaca,Ciudad Ixtepec,28082,9.963677800726444,9.67,31.49331783846601,49.71528181289948,59.58295001533272,34.901360301972794,92.63941314721174,Ciudad Ixtepec,16.567698333333333,-95.09871249999999
20015,Oaxaca,Coatecas Altas,5356,12.546676624346528,4.5,24.09240924092409,25.495049504950494,33.13797313797314,1.7363704256908141,0.0,Coatecas Altas,16.53675888888889,-96.66498055555556
20016,Oaxaca,Coicoyán de las Flores,9563,13.426748928160618,3.89,14.847942754919499,4.174120453190221,26.112895823772373,4.193244797657639,0.0,Coicoyán de las Flores,17.272898333333334,-98.27609444444444
20017,Oaxaca,La Compañía,3607,10.396451344607707,5.73,20.358152686145147,5.5607917059377945,42.90767598160594,1.8574993069032437,0.0,Agua del Espino,16.58663972222222,-96.80401611111111
20018,Oaxaca,Concepción Buenavista,752,8.24468085106383,6.31,24.89451476793249,12.236286919831224,50.59422750424448,7.579787234042553,0.0,Concepción Buenavista,17.878533333333333,-97.40023305555556
20019,Oaxaca,Concepción Pápalo,2754,6.681190994916485,5.65,8.313817330210773,5.503512880562061,39.93724787090991,3.195352214960058,0.0,San Lorenzo Pápalo,17.88522972222222,-96.87692888888888
20020,Oaxaca,Constancia del Rosario,4847,10.707654219104601,6.36,26.420454545454547,13.257575757575758,32.95977011494253,18.93955023726016,0.0,Constancia del Rosario,17.037821944444445,-97.94145805555556
20021,Oaxaca,Cosolapa,14488,10.843456653782441,8.06,23.75181774115366,25.860397479398934,56.90992420236206,37.0099392600773,0.0,Cosolapa,18.601786944444445,-96.68238611111111
20022,Oaxaca,Cosoltepec,803,4.85678704856787,7.66,18.243243243243242,4.391891891891892,33.96778916544656,30.510585305105852,0.0,Cosoltepec,18.141976944444444,-97.79067194444444
20023,Oaxaca,Cuilápam de Guerrero,26882,11.784837437690648,9.3,33.304696449026345,30.054410080183278,63.75778742684538,30.23584554720631,58.63775016739826,Cuilápam de Guerrero,16.99600138888889,-96.78059111111111
20024,Oaxaca,Cuyamecalco Villa de Zaragoza,3644,7.601536772777168,4.7,7.624633431085044,26.0019550342131,45.586158192090394,3.2107574094401756,0.0,Cuyamecalco Villa de Zaragoza,17.965083055555557,-96.83137638888888
20025,Oaxaca,Chahuites,11356,10.707995773159563,7.45,24.527150701647347,20.896888346552775,65.80985520260411,11.641423036280381,0.0,Chahuites,16.28760888888889,-94.1958238888889
20026,Oaxaca,Chalcatongo de Hidalgo,9035,9.717764250138352,7.83,35.97038191738114,20.226032735775526,70.37194775695627,9.308245711123408,0.0,Chalcatongo de Hidalgo,17.032028888888888,-97.57098944444444
20027,Oaxaca,Chiquihuitlán de Benito Juárez,2179,7.388710417622763,4.88,5.913978494623656,20.43010752688172,44.31818181818182,2.2487379531895364,0.0,Chiquihuitlán de Benito Juárez,17.995439444444447,-96.7454475
20028,Oaxaca,Heroica Ciudad de Ejutla de Crespo,23148,10.81734923103508,6.8,31.91769547325103,22.13991769547325,61.42072213500785,6.536201831691723,0.0,Heroica Ciudad de Ejutla de Crespo,16.564275555555557,-96.73190055555555
20029,Oaxaca,Eloxochitlán de Flores Magón,4215,8.066429418742587,5.23,4.553264604810996,7.560137457044673,49.90366088631985,3.6773428232502967,0.0,Eloxochitlán de Flores Magón,18.176880833333335,-96.87609083333332
20030,Oaxaca,El Espinal,8730,8.682703321878579,10.88,45.31733746130031,55.53405572755418,56.88581314878893,50.79037800687285,0.0,El Espinal,16.48570972222222,-95.04283611111111
20031,Oaxaca,Tamazulápam del Espíritu Santo,7185,8.712595685455812,6.21,20.511559272011805,17.16674864731923,60.85795656817373,8.25330549756437,0.0,Tamazulápam del Espíritu Santo,17.054435833333333,-96.0651061111111
20032,Oaxaca,Fresnillo de Trujano,1077,9.006499535747446,5.68,34.1692789968652,3.761755485893417,30.46594982078853,2.8783658310120708,0.0,Ciruelos de Guaponcingo,17.943775833333333,-98.13219972222221
20033,Oaxaca,Guadalupe Etla,2929,10.822806418572892,9.96,49.156939040207526,44.747081712062254,55.84362139917695,38.613861386138616,0.0,Guadalupe Etla,17.171636944444444,-96.81057555555556
20034,Oaxaca,Guadalupe de Ramírez,1288,8.695652173913043,6.49,31.007751937984494,1.8087855297157622,34.58870168483647,5.8229813664596275,0.0,Guadalupe de Ramírez,17.756050555555557,-98.16439416666667
20035,Oaxaca,Guelatao de Juárez,657,7.30593607305936,11.46,42.42424242424242,49.09090909090909,66.66666666666667,40.63926940639269,0.0,Guelatao de Juárez,17.318173333333334,-96.49368333333334
20036,Oaxaca,Guevea de Humboldt,5256,9.76027397260274,6.08,5.982905982905983,36.094674556213015,51.36071251855517,5.365296803652968,0.0,Guevea de Humboldt,16.792614166666667,-95.36805583333333
20037,Oaxaca,Mesones Hidalgo,4424,11.799276672694393,5.69,20.58303886925795,17.93286219081272,36.45276292335116,4.0461121157323685,0.0,Mesones Hidalgo,16.915355555555553,-97.96654555555556
20038,Oaxaca,Villa Hidalgo,1885,9.442970822281167,6.19,6.4393939393939394,21.59090909090909,57.08712613784135,6.843501326259947,0.0,Villa Hidalgo,17.185888055555555,-96.17883444444445
20039,Oaxaca,Heroica Ciudad de Huajuapan de León,78313,11.068404990231507,9.54,40.813519355472586,38.81410886225191,64.1429675806372,28.62870787736391,71.71606246727875,Heroica Ciudad de Huajuapan de León,17.806837222222224,-97.77623583333333
20040,Oaxaca,Huautepec,6385,9.052466718872356,4.58,2.0606060606060606,7.575757575757576,44.39313984168865,1.284259984338293,0.0,Huautepec,18.101978055555556,-96.7972986111111
20041,Oaxaca,Huautla de Jiménez,31710,8.722800378429518,6.48,9.77828311540648,23.19499715747584,49.73191454260497,18.095238095238095,0.0,Huautla de Jiménez,18.130377222222222,-96.84616166666666
20042,Oaxaca,Ixtlán de Juárez,8385,11.305903398926654,8.47,21.45015105740181,32.498921018558484,61.715184893784425,15.933214072748957,0.0,Ixtlán de Juárez,17.33152861111111,-96.48780166666667
20043,Oaxaca,Juchitán de Zaragoza,113570,11.578761997006252,8.92,20.152937087243657,40.2676399026764,64.67346529803389,28.171171964427227,77.7317953684952,Juchitán de Zaragoza,16.4333075,-95.02163305555555
20044,Oaxaca,Loma Bonita,40934,10.0967410954219,7.51,22.103289319478083,29.971091491522774,62.930421062401386,25.328577710460742,76.87741241999316,Loma Bonita,18.10987111111111,-95.8799761111111
20045,Oaxaca,Magdalena Apasco,7888,11.435091277890466,10.36,44.07322654462243,45.720823798627,62.44175209692451,46.71653144016227,0.0,Magdalena Apasco,17.242063055555555,-96.82109083333333
20046,Oaxaca,Magdalena Jaltepec,2943,8.188922867821951,6.74,24.330117899249732,8.145766345123258,43.61306324927656,4.315324498810737,0.0,Magdalena Jaltepec,17.323620555555554,-97.22127666666667
20047,Oaxaca,Santa Magdalena Jicotlán,81,7.407407407407407,7.84,43.333333333333336,6.666666666666667,58.333333333333336,14.814814814814815,0.0,Santa Magdalena Jicotlán,17.807016666666666,-97.4706525
20048,Oaxaca,Magdalena Mixtepec,1433,14.584787159804605,6.48,20.848056537102472,4.946996466431095,40.766902119071645,0.837404047452896,0.0,Magdalena Mixtepec,16.896111666666666,-96.90772777777778
20049,Oaxaca,Magdalena Ocotlán,1184,10.304054054054054,7.65,15.555555555555555,30.793650793650794,50.43572984749456,20.35472972972973,0.0,Magdalena Ocotlán,16.709455277777778,-96.71236527777778
20050,Oaxaca,Magdalena Peñasco,3750,8.053333333333333,5.64,19.367991845056064,13.149847094801224,59.190140845070424,2.026666666666667,0.0,San Isidro,17.219392499999998,-97.56951138888888
20051,Oaxaca,Magdalena Teitipac,4764,9.991603694374476,4.18,33.49802371541502,3.3596837944664033,60.19501003728133,0.6926952141057935,0.0,Magdalena Teitipac,16.906620555555556,-96.55873861111111
20052,Oaxaca,Magdalena Tequisistlán,5996,8.739159439626418,8.48,19.395866454689983,17.276099629040804,51.608247422680414,24.216144096064042,0.0,Magdalena Tequisistlán,16.398916944444444,-95.60290944444444
20053,Oaxaca,Magdalena Tlacotepec,1297,8.481110254433307,8.23,32.779097387173394,25.41567695961995,41.07468123861567,29.452582883577488,0.0,Magdalena Tlacotepec,16.50396611111111,-95.20330583333333
20054,Oaxaca,Magdalena Zahuatlán,404,11.633663366336634,7.95,26.153846153846153,10.76923076923077,45.98765432098765,9.900990099009901,0.0,Magdalena Zahuatlán,17.388425555555553,-97.22902111111111
20055,Oaxaca,Mariscala de Juárez,3739,10.912008558438085,6.85,28.25278810408922,5.5762081784386615,46.00069856793573,6.953730944102701,0.0,Mariscala de Juárez,17.86050555555556,-98.14162055555556
20056,Oaxaca,Mártires de Tacubaya,1446,9.820193637621024,6.97,12.652068126520682,7.542579075425791,44.52423698384201,8.644536652835408,0.0,Mártires de Tacubaya,16.537985833333334,-98.2509125
20057,Oaxaca,Matías Romero Avendaño,38183,9.347091637639787,8.29,24.52448045086298,22.375836562169777,61.476725521669344,23.88497498886939,45.89738889034387,Matías Romero Avendaño,16.877889444444445,-95.04214944444445
20058,Oaxaca,Mazatlán Villa de Flores,12722,8.11979248545826,5.21,3.176372248537197,5.182502089718585,38.26176927056389,1.9022166326049363,0.0,Mazatlán Villa de Flores,18.032564444444443,-96.91372111111112
20059,Oaxaca,Miahuatlán de Porfirio Díaz,50375,11.847146401985112,7.96,28.982843137254903,30.124080882352942,61.96201878418825,26.30074441687345,57.826302729528535,Miahuatlán de Porfirio Díaz,16.328477499999998,-96.59652416666667
20060,Oaxaca,Mixistlán de la Reforma,2487,8.363490148773623,6.26,6.491499227202473,1.3910355486862442,51.95876288659794,2.9754724567752313,0.0,Mixistlán de la Reforma,17.146838055555556,-96.11202805555556
20061,Oaxaca,Monjas,2893,9.989630141721397,5.62,33.58302122347066,12.60923845193508,33.96751740139211,3.2492222606291046,0.0,Santa María Velató,16.504146111111112,-96.64462305555556
20062,Oaxaca,Natividad,498,10.240963855421686,8.71,18.70967741935484,48.38709677419355,51.81598062953995,22.89156626506024,0.0,Natividad,17.29687555555556,-96.43329361111111
20063,Oaxaca,Nazareno Etla,4293,11.437223386908922,10.72,43.224092116917625,52.25863596102746,56.10432852386238,42.115071045888655,0.0,Nazareno Etla,17.17799,-96.82400166666666
20064,Oaxaca,Nejapa de Madero,8494,9.948198728514246,7.46,22.18487394957983,12.647058823529411,60.577777777777776,11.502236873086884,0.0,El Camarón,16.55429527777778,-96.02694444444444
20065,Oaxaca,Ixpantepec Nieves,1079,6.487488415199259,4.58,29.799426934097422,1.4326647564469914,35.59322033898305,2.6876737720111215,0.0,Ixpantepec Nieves,17.50668611111111,-98.04486166666666
20066,Oaxaca,Santiago Niltepec,5342,7.562710595282666,7.17,16.80045871559633,12.614678899082568,54.85966133147762,12.1115687008611,0.0,Santiago Niltepec,16.562093333333333,-94.61300416666666
20067,Oaxaca,Oaxaca de Juárez,270955,11.202229152442287,11.32,42.509996511284655,63.075973485763356,65.41206510755016,44.71812662619254,95.55571958443284,Oaxaca de Juárez,17.059993055555555,-96.72545027777778
20068,Oaxaca,Ocotlán de Morelos,23751,11.923708475432614,8.83,31.370927732760045,39.854473292541755,63.243558477361894,19.17813986779504,70.08125973643214,Ocotlán de Morelos,16.791640555555556,-96.67506444444444
20069,Oaxaca,La Pe,3052,14.121887287024903,6.2,16.153846153846153,5.641025641025641,34.11658382286489,0.5897771952817824,0.0,La Pe,16.62995861111111,-96.7996575
20070,Oaxaca,Pinotepa de Don Luis,6416,8.946384039900249,7.2,10.204081632653061,20.888355342136855,55.764462809917354,10.58291770573566,0.0,Pinotepa de Don Luis,16.428441666666668,-97.97743527777779
20071,Oaxaca,Pluma Hidalgo,3255,11.490015360983103,6.45,12.427409988385598,13.937282229965156,52.02265372168285,4.301075268817204,0.0,Pluma Hidalgo,15.925846111111111,-96.41944333333333
20072,Oaxaca,San José del Progreso,8059,13.202630599329941,6.92,22.582181991424488,23.963792282039066,51.527158659402346,12.110683707656037,0.0,San José del Progreso,16.685128055555555,-96.68552861111111
20073,Oaxaca,Putla Villa de Guerrero,34652,10.717996075262612,8.2,20.781300032020493,24.847902657700928,60.69972826086956,13.805840932702298,0.0,Putla Villa de Guerrero,17.026205277777777,-97.92815277777778
20074,Oaxaca,Santa Catarina Quioquitani,456,10.74561403508772,6.81,6.25,3.125,34.56090651558074,3.508771929824561,0.0,Santa Catarina Quioquitani,16.31565416666667,-96.28496472222223
20075,Oaxaca,Reforma de Pineda,2660,6.954887218045113,7.5,18.219037871033777,6.345957011258956,51.30748422001803,18.30827067669173,0.0,Reforma de Pineda,16.39931888888889,-94.45843388888889
20076,Oaxaca,La Reforma,3411,13.866901201993551,7.23,23.059866962305986,34.811529933481154,42.90591805766313,4.16300205218411,0.0,La Reforma,16.623314722222222,-97.84449777777778
20077,Oaxaca,Reyes Etla,4370,11.075514874141877,9.34,34.83870967741935,44.423963133640555,59.84095427435388,24.71395881006865,0.0,Reyes Etla,17.20555611111111,-96.81009277777777
20078,Oaxaca,Rojas de Cuauhtémoc,1301,9.531129900076865,9.2,43.386243386243386,39.94708994708995,59.64585274930103,22.3674096848578,0.0,Rojas de Cuauhtémoc,17.00828361111111,-96.6186461111111
20079,Oaxaca,Salina Cruz,84438,9.970629337502073,9.99,34.0838023764853,52.19668542839275,58.10217273934424,32.97567445936664,90.78850754399677,Salina Cruz,16.175885,-95.19215861111111
20080,Oaxaca,San Agustín Amatengo,1593,7.846829880728186,5.7,26.078799249530956,21.951219512195124,49.14728682170543,3.389830508474576,0.0,San Agustín Amatengo,16.509943333333332,-96.789325
20081,Oaxaca,San Agustín Atenango,1871,8.070550507749866,5.24,29.491525423728813,5.762711864406779,37.450722733245726,9.086050240513094,0.0,San Agustín Atenango,17.611699166666668,-98.0151825
20082,Oaxaca,San Agustín Chayuco,4163,10.497237569060774,7.01,14.054514480408859,8.943781942078365,40.53970223325062,5.861157818880615,0.0,San Agustín Chayuco,16.402382222222222,-97.80751833333333
20083,Oaxaca,San Agustín de las Juntas,11391,13.580897199543498,10.26,33.924389427902305,60.287721646035465,60.988703724415615,34.58871038539198,0.0,San Agustín de las Juntas,17.01166,-96.71144138888889
20084,Oaxaca,San Agustín Etla,4168,9.836852207293665,10.68,48.37635303913405,65.02914238134888,56.138841078600116,46.23320537428023,0.0,San Agustín Etla,17.189083055555557,-96.76442416666667
20085,Oaxaca,San Agustín Loxicha,26194,11.937848362220356,5.93,5.731550997985717,3.2228529573338216,35.609756097560975,2.5845613499274642,0.0,San Agustín Loxicha,16.01660861111111,-96.61676444444444
20086,Oaxaca,San Agustín Tlacotepec,1032,7.848837209302325,8.47,18.541033434650455,12.462006079027356,59.2814371257485,16.569767441860463,0.0,San Agustín Tlacotepec,17.203684444444445,-97.5179
20087,Oaxaca,San Agustín Yatareni,5521,12.479623256656403,8.24,38.515406162464984,43.13725490196079,61.69085464178761,12.099257380909256,0.0,San Agustín Yatareni,17.081211944444444,-96.66811722222222
20088,Oaxaca,San Andrés Cabecera Nueva,2881,10.656022214508852,6.63,17.142857142857142,12.173913043478262,34.56284153005465,1.7007983339118362,0.0,San Andrés Cabecera Nueva,16.888415555555554,-97.68099000000001
20089,Oaxaca,San Andrés Dinicuiti,2308,9.228769497400346,6.94,17.857142857142858,11.2012987012987,42.74973147153598,9.748700173310226,0.0,San Andrés Dinicuiti,17.688114722222224,-97.72675111111111
20090,Oaxaca,San Andrés Huaxpaltepec,6234,9.752967597048444,7.93,18.516452872281093,18.851087562744006,54.23092955398082,15.896695540583895,0.0,San Andrés Huaxpaltepec,16.32904611111111,-97.91634888888889
20091,Oaxaca,San Andrés Huayápam,6279,10.479375696767,12.02,65.13513513513513,69.78378378378379,63.30907698199923,40.81860168816691,0.0,San Andrés Huayápam,17.102543333333333,-96.66623916666667
20092,Oaxaca,San Andrés Ixtlahuaca,1776,9.00900900900901,8.11,39.27125506072875,38.46153846153846,50.45806906272023,29.11036036036036,0.0,San Andrés Ixtlahuaca,17.070874444444446,-96.82517694444444
20093,Oaxaca,San Andrés Lagunas,518,7.142857142857143,7.01,19.337016574585636,1.1049723756906078,66.4319248826291,15.637065637065637,0.0,San Isidro Lagunas,17.589786944444445,-97.5138063888889
20094,Oaxaca,San Andrés Nuxiño,1850,8.81081081081081,7.35,8.858603066439523,4.429301533219761,42.64099037138927,13.027027027027026,0.0,San Andrés Nuxiño,17.23835805555556,-97.10527111111111
20095,Oaxaca,San Andrés Paxtlán,4562,13.305567733450241,5.8,11.758989310009719,8.843537414965986,45.10650546919977,8.263919333625603,0.0,San Andrés Paxtlán,16.215635833333334,-96.50758
20096,Oaxaca,San Andrés Sinaxtla,756,7.671957671957672,9.35,45.37444933920705,56.82819383259912,53.064516129032256,22.354497354497354,0.0,San Andrés Sinaxtla,17.468501944444444,-97.2838111111111
20097,Oaxaca,San Andrés Solaga,1771,9.824957651044608,6.38,4.761904761904762,9.904761904761905,45.847400405131665,3.5008469791078487,0.0,Santo Domingo Yojovi,17.299828611111113,-96.21021305555556
20098,Oaxaca,San Andrés Teotilálpam,4233,9.803921568627452,6.23,4.464285714285714,24.285714285714285,41.417226634086745,3.6853295535081503,0.0,San Andrés Teotilálpam,17.954130833333334,-96.65658833333335
20099,Oaxaca,San Andrés Tepetlapa,381,11.023622047244094,4.86,11.403508771929825,3.508771929824561,29.25170068027211,2.099737532808399,0.0,San Andrés Tepetlapa,17.66583333333333,-98.39168666666667
20100,Oaxaca,San Andrés Yaá,393,7.124681933842239,5.18,6.4935064935064934,12.987012987012987,55.72289156626506,8.396946564885496,0.0,San Andrés Yaá,17.292578333333335,-96.15361611111112
20101,Oaxaca,San Andrés Zabache,748,12.967914438502675,5.53,30.28846153846154,25.96153846153846,38.06343906510851,3.0748663101604277,0.0,San Andrés Zabache,16.600148611111113,-96.85773555555555
20102,Oaxaca,San Andrés Zautla,5326,10.852422080360496,9.47,31.25,31.882022471910112,52.50291036088475,26.661659782200527,0.0,San Andrés Zautla,17.186387777777778,-96.86349
20103,Oaxaca,San Antonino Castillo Velasco,6064,10.784960422163588,7.31,40.57324840764331,33.75796178343949,72.32069249793899,6.315963060686016,0.0,San Antonino Castillo Velasco,16.803227500000002,-96.68464
20104,Oaxaca,San Antonino el Alto,2705,12.975970425138632,7.17,10.74964639321075,22.48939179632249,42.302158273381295,3.3271719038817005,0.0,San Antonino el Alto,16.815700555555555,-97.02937444444444
20105,Oaxaca,San Antonino Monte Verde,7678,11.21385777546236,6.77,24.43864229765013,22.767624020887727,45.22560335781742,2.5006512112529307,0.0,San Miguel Monteverde,17.530522777777776,-97.79193138888888
20106,Oaxaca,San Antonio Acutla,249,8.032128514056225,6.6,33.734939759036145,14.457831325301205,47.66355140186916,25.70281124497992,0.0,Laguna Seca,17.734714722222222,-97.496405
20107,Oaxaca,San Antonio de la Cal,26282,13.03173274484438,9.8,34.80849694238815,52.36562600579337,67.23969046919385,32.596453846739216,92.91149836389924,San Antonio de la Cal,17.031313333333333,-96.69928416666667
20108,Oaxaca,San Antonio Huitepec,2936,7.425068119891008,7.51,8.819875776397515,10.93167701863354,29.55665024630542,20.40190735694823,0.0,San Antonio Huitepec,16.92733138888889,-97.14742194444445
20109,Oaxaca,San Antonio Nanahuatípam,1232,10.470779220779221,9.0,19.469026548672566,20.64896755162242,48.4167517875383,20.77922077922078,0.0,San Antonio Nanahuatípam,18.130299444444447,-97.12364472222221
20110,Oaxaca,San Antonio Sinicahua,1668,8.81294964028777,6.44,12.557077625570777,3.4246575342465753,62.01163757273483,4.856115107913669,0.0,Santa Cruz,17.14681472222222,-97.57862277777778
20111,Oaxaca,San Antonio Tepetlapa,4873,12.333264929201723,6.74,4.977777777777778,2.2222222222222223,31.803005008347245,5.520213420890622,0.0,San Antonio Tepetlapa,16.542360833333333,-98.0662261111111
20112,Oaxaca,San Baltazar Chichicápam,2576,7.375776397515528,7.07,14.908256880733944,19.839449541284402,33.861475780896335,14.790372670807454,0.0,San Baltazar Chichicápam,16.762097222222224,-96.48968055555555
20113,Oaxaca,San Baltazar Loxicha,3169,11.04449353108236,6.46,10.599078341013826,20.046082949308754,45.90717299578059,1.8933417481855475,0.0,San Baltazar Loxicha,16.0733,-96.79032083333333
20114,Oaxaca,San Baltazar Yatzachi el Bajo,674,8.011869436201781,6.4,18.51851851851852,12.757201646090534,43.31550802139037,26.26112759643917,0.0,Santa María Yohueche,17.246111111111112,-96.19840111111111
20115,Oaxaca,San Bartolo Coyotepec,10391,11.413723414493312,10.69,41.99788955328878,53.04256067534295,62.290273377918574,39.418727745164084,0.0,San Bartolo Coyotepec,16.95828138888889,-96.70765027777779
20116,Oaxaca,San Bartolomé Ayautla,4131,8.932461873638344,4.79,2.3008849557522124,9.11504424778761,31.53446033810143,1.597676107480029,0.0,San Bartolomé Ayautla,18.031800277777776,-96.6715088888889
20117,Oaxaca,San Bartolomé Loxicha,2213,9.399005874378672,6.18,5.636070853462158,2.4154589371980677,41.85493460166469,6.552191595119747,0.0,San Bartolomé Loxicha,15.970389722222222,-96.71101555555556
20118,Oaxaca,San Bartolomé Quialana,2389,7.492674759313521,5.17,34.92537313432836,20.0,47.913446676970636,1.2557555462536627,0.0,San Bartolomé Quialana,16.901887499999997,-96.50120611111112
20119,Oaxaca,San Bartolomé Yucuañe,735,8.571428571428571,7.64,13.761467889908257,30.73394495412844,66.92913385826772,17.41496598639456,0.0,San Bartolomé Yucuañe,17.242546944444445,-97.44792944444445
20120,Oaxaca,San Bartolomé Zoogocho,449,9.799554565701559,7.21,6.086956521739131,40.869565217391305,18.823529411764707,3.56347438752784,0.0,San Bartolomé Zoogocho,17.24078861111111,-96.24305055555556
20121,Oaxaca,San Bartolo Soyaltepec,596,8.89261744966443,7.08,24.271844660194176,2.4271844660194173,60.3921568627451,19.966442953020135,0.0,San Pedro Añañé (Añañe),17.520232222222223,-97.36790749999999
20122,Oaxaca,San Bartolo Yautepec,653,6.584992343032159,7.65,10.83743842364532,7.8817733990147785,45.63106796116505,5.51301684532925,0.0,San Bartolo Yautepec,16.43074138888889,-95.97311222222223
20123,Oaxaca,San Bernardo Mixtepec,2829,10.745846588900672,6.92,24.50592885375494,15.151515151515152,41.15128449096099,4.135737009544009,0.0,San Bernardo Mixtepec,16.824660555555557,-96.8986663888889
20124,Oaxaca,San Blas Atempa,19696,12.261372867587328,6.21,9.405065776556057,18.947575103082663,74.51882574039271,8.46872461413485,0.0,San Blas Atempa,16.326321944444445,-95.22754583333334
20125,Oaxaca,San Carlos Yautepec,11662,10.478477105127766,6.55,10.786974219810041,6.919945725915875,60.151996370235935,3.670039444349168,0.0,Santiago Quiavicuzas,16.862751666666668,-95.71841388888889
20126,Oaxaca,San Cristóbal Amatlán,5396,12.212750185322461,5.99,4.703328509406657,2.7496382054992763,54.98264749628161,12.638991845811713,0.0,San Cristóbal Amatlán,16.318408055555555,-96.41001611111112
20127,Oaxaca,San Cristóbal Amoltepec,1252,9.744408945686901,6.64,10.379746835443038,7.341772151898734,37.59162303664922,4.63258785942492,0.0,San Cristóbal Amoltepec,17.28453277777778,-97.5698525
20128,Oaxaca,San Cristóbal Lachirioag,1342,5.141579731743666,6.49,15.560165975103734,33.19502074688797,45.11210762331839,7.004470938897168,0.0,San Cristóbal Lachirioag,17.335971666666666,-96.16504722222223
20129,Oaxaca,San Cristóbal Suchixtlahuaca,356,6.46067415730337,8.22,31.858407079646017,7.079646017699115,58.57142857142857,14.325842696629213,0.0,San Cristóbal Suchixtlahuaca,17.727553888888888,-97.36665583333333
20130,Oaxaca,San Dionisio del Mar,5180,9.362934362934363,6.46,8.209876543209877,3.950617283950617,44.188376753507015,7.644787644787645,0.0,San Dionisio del Mar,16.320539166666666,-94.75700333333333
20131,Oaxaca,San Dionisio Ocotepec,11411,11.52396810095522,5.98,22.73864855202002,12.334644261708974,57.43879472693032,4.0136710191920075,0.0,San Dionisio Ocotepec,16.797754444444447,-96.39603722222223
20132,Oaxaca,San Dionisio Ocotlán,1380,12.246376811594203,8.58,30.913978494623656,16.397849462365592,38.6952636282395,44.34782608695652,0.0,San Dionisio Ocotlán,16.746444166666667,-96.68083527777779
20133,Oaxaca,San Esteban Atatlahuca,3934,8.032536858159634,6.9,14.987510407993339,4.579517069109076,35.690571049136786,4.168784951703101,0.0,San Esteban Atatlahuca,17.066549444444444,-97.67776944444445
20134,Oaxaca,San Felipe Jalapa de Díaz,28500,11.343859649122807,5.79,5.130799248446308,7.197571903454256,65.85950611364181,4.375438596491228,0.0,San Felipe Jalapa de Díaz,18.0712825,-96.536115
20135,Oaxaca,San Felipe Tejalápam,8231,12.100595310411858,7.84,20.470127326150834,26.297747306562194,59.587206554277614,9.585712550115417,0.0,San Felipe Tejalápam,17.111400833333335,-96.8532575
20136,Oaxaca,San Felipe Usila,12191,8.342219670248545,6.57,5.6907781967775115,4.559478916695235,58.108255877528705,5.9880239520958085,0.0,San Felipe Usila,17.879395,-96.52836305555556
20137,Oaxaca,San Francisco Cahuacuá,3450,11.130434782608695,7.01,9.75609756097561,5.210643015521065,29.767795964979065,3.4782608695652173,0.0,San Sebastián Yutanino,16.78993416666667,-97.46087194444445
20138,Oaxaca,San Francisco Cajonos,451,6.873614190687362,6.8,15.757575757575758,16.363636363636363,45.78005115089514,14.19068736141907,0.0,San Francisco Cajonos,17.172094166666668,-96.25146444444445
20139,Oaxaca,San Francisco Chapulapa,2195,9.521640091116174,5.52,6.794425087108014,17.59581881533101,34.683855125844076,2.050113895216401,0.0,San Alejo el Progreso,17.88680111111111,-96.7236188888889
20140,Oaxaca,San Francisco Chindúa,812,9.236453201970443,7.99,24.279835390946502,6.172839506172839,44.086021505376344,7.758620689655173,0.0,San Francisco Chindúa,17.428580833333335,-97.31279083333332
20141,Oaxaca,San Francisco del Mar,8710,10.355912743972446,7.2,10.993485342019545,9.77198697068404,61.19819959646128,8.243398392652123,0.0,San Francisco del Mar,16.339357777777778,-94.51497444444445
20142,Oaxaca,San Francisco Huehuetlán,842,7.363420427553444,4.79,8.098591549295774,4.225352112676056,38.849929873772794,3.5629453681710213,0.0,San Francisco Huehuetlán,18.19759416666667,-96.9478213888889
20143,Oaxaca,San Francisco Ixhuatán,9461,8.920832892928866,7.78,14.210352786020442,20.50774810418727,55.39196179864704,16.034245851389915,0.0,San Francisco Ixhuatán,16.35235666666667,-94.48382833333334
20144,Oaxaca,San Francisco Jaltepetongo,1075,6.511627906976744,6.67,17.663817663817664,7.122507122507122,40.35294117647059,14.418604651162791,0.0,San Francisco Jaltepetongo,17.385714166666666,-97.26285361111111
20145,Oaxaca,San Francisco Lachigoló,5215,10.431447746883988,10.41,52.67737617135207,50.870147255689425,59.397590361445786,34.189837008628956,0.0,San Francisco Lachigoló,17.011406944444445,-96.59851638888888
20146,Oaxaca,San Francisco Logueche,2803,13.985016054227613,6.32,9.745127436281859,15.892053973013493,38.56607310215558,4.174099179450589,0.0,San Francisco Logueche,16.352279444444445,-96.3779786111111
20147,Oaxaca,San Francisco Nuxaño,376,6.914893617021277,6.77,12.396694214876034,19.834710743801654,50.16393442622951,4.25531914893617,0.0,San Francisco Nuxaño,17.380833055555556,-97.34395083333332
20148,Oaxaca,San Francisco Ozolotepec,2182,12.23648029330889,6.06,1.9920318725099602,7.569721115537849,42.252604166666664,4.2621448212648945,0.0,San Francisco Ozolotepec,16.100539166666668,-96.22068194444445
20149,Oaxaca,San Francisco Sola,2019,12.63001485884101,6.4,19.26782273603083,10.982658959537572,48.04054054054054,4.70529965329371,0.0,San Francisco Sola,16.51496638888889,-96.97440027777778
20150,Oaxaca,San Francisco Telixtlahuaca,13856,12.543302540415704,9.46,25.30936947554508,24.454920447849144,59.219693450998605,23.852482678983833,0.0,San Francisco Telixtlahuaca,17.29659555555556,-96.90441333333334
20151,Oaxaca,San Francisco Teopan,312,10.256410256410257,5.82,22.77227722772277,3.9603960396039604,46.00760456273764,1.6025641025641026,0.0,San Francisco Teopan,17.851128333333335,-97.4925311111111
20152,Oaxaca,San Francisco Tlapancingo,2472,13.754045307443366,5.25,16.409266409266408,11.003861003861005,34.42253521126761,1.051779935275081,0.0,San Francisco Tlapancingo,17.484123888888888,-98.26890861111112
20153,Oaxaca,San Gabriel Mixtepec,4910,10.488798370672098,7.7,16.614420062695924,17.711598746081506,52.227722772277225,10.14256619144603,0.0,San Gabriel Mixtepec,16.094422777777776,-97.07949916666666
20154,Oaxaca,San Ildefonso Amatlán,2329,9.27436668097896,5.73,19.94047619047619,14.43452380952381,44.6378439079169,1.2022327179046801,0.0,San Ildefonso Amatlán,16.334094722222222,-96.4915563888889
20155,Oaxaca,San Ildefonso Sola,1060,12.735849056603774,6.57,12.692307692307692,5.384615384615385,45.21739130434783,4.245283018867925,0.0,San Ildefonso Sola,16.51981222222222,-96.9836675
20156,Oaxaca,San Ildefonso Villa Alta,3677,10.552080500407941,6.99,14.025500910746812,22.040072859744992,46.37925227349276,20.152298069078054,0.0,San Ildefonso Villa Alta,17.339010555555554,-96.15301444444445
20157,Oaxaca,San Jacinto Amilpas,16827,12.1114874903429,11.77,53.45872518286311,70.40752351097179,64.96484031643715,47.98835205324776,100.0,San Jacinto Amilpas,17.100806666666667,-96.76256166666667
20158,Oaxaca,San Jacinto Tlacotepec,2233,11.285266457680251,6.12,22.818791946308725,20.13422818791946,22.52519264967398,2.239140170174653,0.0,Cuajinicuil,16.496005833333335,-97.37958111111111
20159,Oaxaca,San Jerónimo Coatlán,5537,13.83420624887123,6.79,15.664556962025317,9.49367088607595,44.947394176657696,1.4809463608452231,0.0,San Cristóbal Honduras,16.32487111111111,-97.04110833333333
20160,Oaxaca,San Jerónimo Silacayoapilla,1429,9.447165850244927,6.38,23.059866962305986,14.19068736141907,49.64726631393298,10.776766969909028,0.0,San Jerónimo Silacayoapilla,17.809630277777778,-97.84593249999999
20161,Oaxaca,San Jerónimo Sosola,2730,10.915750915750916,7.43,10.45510455104551,17.097170971709716,59.33966530981456,5.970695970695971,0.0,San Mateo Sosola,17.40133361111111,-97.11812083333332
20162,Oaxaca,San Jerónimo Taviche,2046,13.391984359726296,7.05,10.9979633401222,8.75763747454175,47.54204398447607,2.0039100684261975,0.0,San Jerónimo Taviche,16.713679444444445,-96.59426333333333
20163,Oaxaca,San Jerónimo Tecóatl,1577,7.67279644895371,6.44,11.45374449339207,12.334801762114537,43.245469522240526,7.038681039949271,0.0,San Jerónimo Tecóatl,18.16691388888889,-96.9132
20164,Oaxaca,San Jorge Nuchita,2881,10.274210343630683,5.28,21.262886597938145,2.3195876288659796,32.391799544419136,5.171815341895175,0.0,San Jorge Nuchita,17.655954166666664,-98.10613
20165,Oaxaca,San José Ayuquila,1629,10.558624923265807,6.63,14.847161572052402,7.641921397379913,41.9016921837228,29.465930018416206,0.0,San José Ayuquila,17.94178777777778,-97.96927388888889
20166,Oaxaca,San José Chiltepec,11310,10.468611847922192,7.88,17.39832149774048,11.362169141381537,51.37472283813747,25.667550839964633,0.0,San José Chiltepec,17.9453525,-96.17053666666668
20167,Oaxaca,San José del Peñasco,2149,11.354118194509073,6.37,32.85968028419183,28.063943161634104,48.45105328376704,2.3266635644485807,0.0,San José del Peñasco,16.316059444444445,-96.50138083333333
20168,Oaxaca,San José Estancia Grande,938,8.102345415778252,6.58,22.99270072992701,27.37226277372263,57.163531114327064,8.742004264392325,0.0,San José Estancia Grande,16.365203333333334,-98.25128555555555
20169,Oaxaca,San José Independencia,4251,7.198306280875088,5.63,1.113967437874893,3.770351328191945,37.16927000318776,5.363443895553988,0.0,Cerro Clarín,18.275308055555556,-96.67471555555557
20170,Oaxaca,San José Lachiguiri,3700,14.91891891891892,5.64,6.7114093959731544,14.317673378076062,27.03790674270379,6.324324324324325,0.0,San José Lachiguiri,16.378775833333332,-96.3364325
20171,Oaxaca,San José Tenango,18102,8.275328692962104,5.07,3.985956216439488,8.529533250722842,46.19989391528377,6.131919124958568,0.0,San José Tenango,18.150761944444444,-96.71720861111112
20172,Oaxaca,San Juan Achiutla,408,5.882352941176471,7.94,29.655172413793103,14.482758620689655,49.447513812154696,19.852941176470587,0.0,San Juan Achiutla,17.34424472222222,-97.50887305555555
20173,Oaxaca,San Juan Atepec,1457,7.618393960192176,7.39,13.305613305613306,19.95841995841996,35.684298908480265,5.9025394646533975,0.0,San Juan Atepec,17.426392777777778,-96.5391325
20174,Oaxaca,Ánimas Trujano,4564,10.21034180543383,10.72,43.40704340704341,51.105651105651106,58.48394928513623,46.71340929009641,0.0,Ánimas Trujano,16.988882222222223,-96.71319611111112
20175,Oaxaca,San Juan Bautista Atatlahuca,1424,10.74438202247191,6.18,9.367088607594937,12.405063291139241,40.12291483757682,2.3876404494382024,0.0,San Juan Bautista Atatlahuca,17.53109583333333,-96.82994083333332
20176,Oaxaca,San Juan Bautista Coixtlahuaca,2725,8.036697247706423,7.42,24.07185628742515,22.275449101796408,46.71232876712329,10.642201834862385,0.0,San Juan Bautista Coixtlahuaca,17.724643333333333,-97.32382305555555
20177,Oaxaca,San Juan Bautista Cuicatlán,10365,9.068982151471298,7.71,16.49616368286445,13.970588235294118,56.512707722385144,15.48480463096961,0.0,San Juan Bautista Cuicatlán,17.801548055555557,-96.95956666666667
20178,Oaxaca,San Juan Bautista Guelache,6692,11.23729826658697,10.37,42.64129826524902,47.565752658086176,57.81162920304663,37.313209802749554,0.0,San Miguel [Fraccionamiento],17.212805833333334,-96.78746222222222
20179,Oaxaca,San Juan Bautista Jayacatlán,1447,9.467864547339323,6.59,17.6039119804401,28.850855745721272,46.666666666666664,2.9716655148583278,0.0,San Juan Bautista Jayacatlán,17.423504444444447,-96.82257055555556
20180,Oaxaca,San Juan Bautista Lo de Soto,2344,7.252559726962457,7.6,31.424766977363515,12.916111850865512,39.52195664257921,9.76962457337884,0.0,San Juan Bautista Lo de Soto,16.511514722222223,-98.3468025
20181,Oaxaca,San Juan Bautista Suchitepec,453,7.947019867549669,6.18,8.695652173913043,3.1055900621118013,45.0402144772118,21.192052980132452,0.0,San Juan Bautista Suchitepec,17.972717777777778,-97.65982000000001
20182,Oaxaca,San Juan Bautista Tlacoatzintepec,2181,6.2356717102246675,5.8,5.311355311355311,1.8315018315018314,36.74588665447897,3.9889958734525446,0.0,San Juan Bautista Tlacoatzintepec,17.85944138888889,-96.5870875
20183,Oaxaca,San Juan Bautista Tlachichilco,1475,11.457627118644067,6.14,26.470588235294116,6.684491978609626,50.09025270758123,2.711864406779661,0.0,San Juan Bautista Tlachichilco,17.62254777777778,-98.34399305555556
20184,Oaxaca,San Juan Bautista Tuxtepec,159452,10.62890399618694,9.09,26.571204643182444,40.89474464614798,63.81775594059796,45.235556781978275,64.97817525023204,San Juan Bautista Tuxtepec,18.081164722222223,-96.11848166666665
20185,Oaxaca,San Juan Cacahuatepec,8939,10.649960845732185,8.55,20.426956885726245,20.426956885726245,48.30249162173976,16.400044747734647,0.0,San Juan Cacahuatepec,16.61373388888889,-98.15609194444446
20186,Oaxaca,San Juan Cieneguilla,524,8.396946564885496,6.38,24.41860465116279,11.046511627906977,32.35294117647059,6.870229007633588,0.0,San Juan Cieneguilla,17.851658611111112,-98.28076444444444
20187,Oaxaca,San Juan Coatzóspam,1808,8.904867256637168,5.58,5.555555555555555,13.601532567049809,58.882907133243606,2.9867256637168142,0.0,San Juan Coatzóspam,18.049699722222226,-96.76332472222222
20188,Oaxaca,San Juan Colorado,9609,9.959413050265375,6.66,6.581494386372436,6.116918312040263,49.36336924583741,4.81839941721303,0.0,San Juan Colorado,16.459665833333332,-97.95398916666667
20189,Oaxaca,San Juan Comaltepec,3116,12.901155327342748,5.84,6.025824964131994,24.103299856527975,35.223367697594504,2.5353016688061616,0.0,San Juan Lealao,17.321066388888887,-95.93140722222223
20190,Oaxaca,San Juan Cotzocón,22444,9.463553733737301,6.76,19.880006486135883,22.7663369547592,59.285340161787815,4.990197825699519,0.0,María Lombardo de Caso,17.449036111111113,-95.43241944444445
20191,Oaxaca,San Juan Chicomezúchil,296,6.418918918918919,7.85,15.217391304347826,26.08695652173913,63.41463414634146,11.14864864864865,0.0,San Juan Chicomezúchil,17.28897527777778,-96.49491694444444
20192,Oaxaca,San Juan Chilateca,1522,10.38107752956636,9.85,35.92017738359202,50.33259423503326,52.64773599386032,38.107752956636006,0.0,San Juan Chilateca,16.828517777777776,-96.67201055555556
20193,Oaxaca,San Juan del Estado,2807,9.690060562878518,8.09,36.79890560875513,27.49658002735978,53.766816143497756,18.026362664766655,0.0,San Juan del Estado,17.27352833333333,-96.79927277777777
20194,Oaxaca,San Juan del Río,1372,8.892128279883382,6.05,26.41083521444695,11.963882618510159,48.96373056994819,3.6443148688046647,0.0,San Juan del Río,16.882526944444447,-96.16047027777779
20195,Oaxaca,San Juan Diuxi,1056,5.303030303030303,4.14,7.672634271099744,3.0690537084398977,32.138728323699425,3.3143939393939394,0.0,San Juan Diuxi,17.281509444444442,-97.3742425
20196,Oaxaca,San Juan Evangelista Analco,407,8.845208845208845,7.55,28.14814814814815,44.44444444444444,33.13609467455621,9.090909090909092,0.0,San Juan Evangelista Analco,17.40582722222222,-96.53795
20197,Oaxaca,San Juan Guelavía,3288,8.059610705596107,6.81,22.289766970618036,9.321175278622087,52.17554388597149,8.576642335766424,0.0,San Juan Guelavía,16.95676333333333,-96.54583194444444
20198,Oaxaca,San Juan Guichicovi,29802,8.881954231259646,5.78,9.546854377474704,7.08315002199736,61.470962272149215,9.126904234615127,0.0,San Juan Guichicovi,16.96282888888889,-95.09509416666666
20199,Oaxaca,San Juan Ihualtepec,494,8.097165991902834,4.54,15.972222222222221,3.4722222222222223,35.94132029339853,3.2388663967611335,0.0,San Juan Ihualtepec,17.739841666666667,-98.28884611111111
20200,Oaxaca,San Juan Juquila Mixes,3703,10.423980556305699,5.53,9.048507462686567,13.712686567164178,42.144553783508655,4.13178503915744,0.0,San Juan Juquila Mixes,16.935633055555556,-95.91881805555556
20201,Oaxaca,San Juan Juquila Vijanos,1880,11.96808510638298,6.56,4.448398576512456,7.6512455516014235,49.226441631504926,2.234042553191489,0.0,San Felipe el Porvenir,17.328454999999998,-96.26039777777778
20202,Oaxaca,San Juan Lachao,4577,10.771247542058116,6.51,10.714285714285714,23.44322344322344,48.31869130566495,3.277255844439589,0.0,San Juan Lachao,16.158538333333333,-97.12510833333333
20203,Oaxaca,San Juan Lachigalla,3538,13.058224985867723,5.95,28.038507821901323,17.087845968712394,36.8361153262519,1.3284341435839457,0.0,San Juan Lachigalla,16.59177972222222,-96.54884305555555
20204,Oaxaca,San Juan Lajarcia,634,7.255520504731861,6.98,24.200913242009133,19.17808219178082,40.077071290944126,3.943217665615142,0.0,San Juan Lajarcia,16.508443888888888,-95.92559055555556
20205,Oaxaca,San Juan Lalana,16989,9.88286538348343,5.6,7.144446917427109,7.188960605386156,59.99073859689743,2.8665607157572546,0.0,San José Río Manzo,17.669793055555555,-95.8801675
20206,Oaxaca,San Juan de los Cués,2421,7.765386204047914,7.53,18.14404432132964,24.099722991689752,51.568314726209465,8.261049153242462,0.0,San Juan de los Cués,18.046927222222223,-97.0596636111111
20207,Oaxaca,San Juan Mazatlán,19032,10.802858343841951,6.15,13.735609368797142,6.986899563318778,59.263725351113635,3.1578394283312314,0.0,San Juan Mazatlán,17.03112361111111,-95.44646694444445
20208,Oaxaca,San Juan Mixtepec,6941,8.384958939634059,5.7,33.761232349165596,3.936670945656825,43.046588727970686,5.028093934591557,0.0,San Juan Mixtepec Distrito 08,17.305726111111113,-97.83144694444444
20209,Oaxaca,San Juan Mixtepec,607,9.060955518945635,5.03,2.0,1.0,20.46783625730994,1.9769357495881383,0.0,San Juan Mixtepec Distrito 26,16.277539444444443,-96.29947777777778
20210,Oaxaca,San Juan Ñumí,5773,8.435821929672613,6.31,19.833234067897557,10.303752233472306,42.08995300962184,7.205958773601247,0.0,Sabinillo,17.453201666666665,-97.7887875
20211,Oaxaca,San Juan Ozolotepec,3411,12.137203166226913,5.72,2.8833551769331587,1.3106159895150722,43.825561312607945,5.980650835532102,0.0,San Andrés Lovene,16.040070833333335,-96.20338055555555
20212,Oaxaca,San Juan Petlapa,3117,9.84921398780879,5.05,2.3923444976076556,12.679425837320574,36.26323055683387,3.6252807186397176,0.0,San Juan Petlapa,17.469302222222222,-96.03683416666667
20213,Oaxaca,San Juan Quiahije,4203,9.136331192005711,5.45,25.534308211473565,5.961754780652418,34.376110913615356,6.804663335712586,0.0,San Juan Quiahije,16.301878333333335,-97.3168461111111
20214,Oaxaca,San Juan Quiotepec,2033,8.903098868666994,6.08,17.915904936014627,13.711151736745887,31.65735567970205,2.557796360059026,0.0,San Juan Quiotepec,17.600763333333333,-96.58816166666666
20215,Oaxaca,San Juan Sayultepec,879,7.622298065984073,9.11,34.74576271186441,4.237288135593221,42.433234421364986,24.459613196814562,0.0,San Juan Sayultepec,17.45348222222222,-97.28474055555556
20216,Oaxaca,San Juan Tabaá,1241,9.6696212731668,7.44,2.719033232628399,13.897280966767372,46.32885211995863,2.17566478646253,0.0,San Juan Tabaá,17.305185833333333,-96.20710222222222
20217,Oaxaca,San Juan Tamazola,3325,7.879699248120301,6.72,11.288604898828542,6.922257720979766,47.48895138609883,4.06015037593985,0.0,Llano de la Canoa,17.093712777777778,-97.21905277777778
20218,Oaxaca,San Juan Teita,544,5.147058823529412,6.29,1.2048192771084338,4.819277108433735,22.444444444444443,4.779411764705882,0.0,San Juan Teita,17.095261666666666,-97.41431305555557
20219,Oaxaca,San Juan Teitipac,2668,9.782608695652174,5.88,23.576158940397352,35.89403973509934,51.0377358490566,2.9610194902548725,0.0,San Juan Teitipac,16.93439888888889,-96.60850944444444
20220,Oaxaca,San Juan Tepeuxila,2692,8.952451708766716,6.57,4.311377245508982,4.910179640718563,38.002839564600094,1.300148588410104,0.0,San Pedro Cuyaltepec,17.770176944444444,-96.79008305555556
20221,Oaxaca,San Juan Teposcolula,1494,10.441767068273093,7.83,27.378190255220417,5.568445475638051,52.68817204301075,8.099062918340026,0.0,San Juan Teposcolula,17.550609166666668,-97.42457888888889
20222,Oaxaca,San Juan Yaeé,1426,8.76577840112202,6.56,4.148471615720524,6.550218340611353,52.85839929639402,2.1037868162692845,0.0,San Juan Yaeé,17.429087222222222,-96.28384555555556
20223,Oaxaca,San Juan Yatzona,440,9.545454545454545,6.48,3.7593984962406015,24.81203007518797,46.3768115942029,2.0454545454545454,0.0,San Juan Yatzona,17.402424444444442,-96.16924444444444
20224,Oaxaca,San Juan Yucuita,643,10.419906687402799,8.73,32.8125,8.333333333333334,46.950092421441774,16.640746500777606,0.0,San Juan Yucuita,17.512253333333334,-97.27035833333333
20225,Oaxaca,San Lorenzo,5903,10.33372861256988,6.3,4.987834549878346,5.413625304136253,48.015960984260694,3.6591563611722853,0.0,San Lorenzo,16.39426222222222,-97.87483611111111
20226,Oaxaca,San Lorenzo Albarradas,2971,10.400538539212386,6.28,24.37869822485207,19.763313609467456,46.90786705931847,3.2985526758667114,0.0,San Lorenzo Albarradas,16.907225555555556,-96.25964833333333
20227,Oaxaca,San Lorenzo Cacaotepec,18339,11.2983259719723,10.42,46.13531419393696,50.27102991367195,64.69365866738168,40.231201265063525,0.0,San Lorenzo Cacaotepec,17.129358611111112,-96.80199555555555
20228,Oaxaca,San Lorenzo Cuaunecuiltitla,833,7.563025210084033,5.5,1.5,3.5,43.327841845140036,0.9603841536614646,0.0,San Lorenzo Cuaunecuiltitla,18.206452777777777,-96.91305722222222
20229,Oaxaca,San Lorenzo Texmelúcan,9148,12.297770004372541,5.44,6.075334143377885,1.5795868772782502,19.13560411311054,7.138172278093572,0.0,El Arador,16.54090805555556,-97.18170027777778
20230,Oaxaca,San Lorenzo Victoria,932,7.832618025751073,6.02,18.81533101045296,3.1358885017421603,29.594594594594593,1.7167381974248928,0.0,San Lorenzo Victoria,17.668356111111112,-98.1202736111111
20231,Oaxaca,San Lucas Camotlán,3187,15.092563539378727,5.91,2.369077306733167,0.6234413965087282,31.589701675521045,1.5061186068402888,0.0,San Lucas Camotlán,16.94316277777778,-95.71314416666667
20232,Oaxaca,San Lucas Ojitlán,22185,10.457516339869281,6.91,5.83441378032969,12.761622522689388,64.81170544495083,9.105251295920667,0.0,San Lucas Ojitlán,18.057503055555557,-96.39776277777779
20233,Oaxaca,San Lucas Quiaviní,1720,12.209302325581396,5.12,24.54954954954955,7.207207207207207,45.46079779917469,0.872093023255814,0.0,San Lucas Quiaviní,16.894801944444445,-96.46809416666667
20234,Oaxaca,San Lucas Zoquiápam,7163,9.255898366606171,5.64,2.9022403258655802,1.8839103869653768,48.85870590454631,3.6576853273767975,0.0,San Isidro Zoquiápam,18.09809611111111,-96.92848694444444
20235,Oaxaca,San Luis Amatlán,3829,9.219117262992949,5.65,27.38095238095238,15.2014652014652,40.887533875338754,5.458344215199791,0.0,San Esteban Amatlán,16.503832222222222,-96.54975444444445
20236,Oaxaca,San Marcial Ozolotepec,1372,9.475218658892128,5.24,5.865102639296188,7.9178885630498534,42.034943473792396,21.720116618075803,0.0,San Marcial Ozolotepec,16.089256944444443,-96.40589166666668
20237,Oaxaca,San Marcos Arteaga,1568,9.821428571428571,6.43,34.075723830734965,16.92650334075724,41.40687450039968,6.377551020408164,0.0,San Marcos Arteaga,17.719602777777776,-97.86113833333333
20238,Oaxaca,San Martín de los Cansecos,994,9.959758551307846,7.47,21.03174603174603,36.904761904761905,59.244791666666664,15.29175050301811,0.0,San Martín de los Cansecos,16.656476388888887,-96.72900527777777
20239,Oaxaca,San Martín Huamelúlpam,1000,7.6,8.2,27.325581395348838,13.953488372093023,51.07913669064748,14.9,0.0,Totonundoo,17.413965555555553,-97.58322194444445
20240,Oaxaca,San Martín Itunyoso,2749,12.586395052746454,5.96,10.855263157894736,5.592105263157895,22.07070707070707,4.001455074572572,0.0,San Martín Itunyoso,17.229018888888888,-97.88147694444444
20241,Oaxaca,San Martín Lachilá,1034,8.317214700193423,6.63,19.814241486068113,13.93188854489164,44.07814407814408,7.640232108317215,0.0,San Martín Lachilá,16.610864444444445,-96.84937166666666
20242,Oaxaca,San Martín Peras,12436,11.145062721132197,3.48,31.649395509499136,4.015544041450777,25.831319756069497,8.941781923448055,0.0,San Martín Peras,17.360510555555557,-98.23844444444444
20243,Oaxaca,San Martín Tilcajete,1975,12.151898734177216,8.51,36.134453781512605,43.0672268907563,50.760456273764255,10.329113924050633,0.0,San Martín Tilcajete,16.858948055555558,-96.6955713888889
20244,Oaxaca,San Martín Toxpalan,3934,9.9644128113879,7.66,18.07802093244529,30.16175071360609,52.462311557788944,10.39654295882054,0.0,San Martín Toxpalan,18.10072416666667,-97.05902722222221
20245,Oaxaca,San Martín Zacatepec,1324,9.592145015105741,6.13,32.5,1.6666666666666667,37.5,4.305135951661631,0.0,San Martín Zacatepec,17.80794638888889,-98.06086444444445
20246,Oaxaca,San Mateo Cajonos,611,8.51063829787234,5.96,8.88888888888889,17.77777777777778,35.30655391120507,8.8379705400982,0.0,San Mateo Cajonos,17.16177638888889,-96.20897555555555
20247,Oaxaca,Capulálpam de Méndez,1619,11.05620753551575,10.31,36.0381861575179,54.41527446300716,56.47940074906367,34.40395305744286,0.0,Capulálpam de Méndez,17.306420833333334,-96.44597972222222
20248,Oaxaca,San Mateo del Mar,15571,11.27737460664055,6.59,2.9253271747498077,9.85373364126251,41.35351426583159,5.1698670605613,0.0,San Mateo del Mar,16.209700277777777,-94.98189194444444
20249,Oaxaca,San Mateo Yoloxochitlán,3831,10.72826938136257,6.97,5.424769703172979,3.0706243602865917,44.134078212290504,6.108065779169929,0.0,San Mateo Yoloxochitlán,18.143674999999998,-96.868415
20250,Oaxaca,San Mateo Etlatongo,1239,11.138014527845037,7.93,23.097112860892388,35.43307086614173,52.16952573158426,13.155770782889427,0.0,San Mateo Etlatongo,17.41483611111111,-97.27174
20251,Oaxaca,San Mateo Nejápam,1217,12.65406737880033,5.05,13.245033112582782,1.3245033112582782,39.954597048808175,0.0,0.0,San Mateo Nejápam,17.655588055555555,-98.4169938888889
20252,Oaxaca,San Mateo Peñasco,2384,8.808724832214764,6.95,7.817589576547231,9.93485342019544,55.00276395798784,4.991610738255034,0.0,San Pedro el Alto,17.149316388888888,-97.46080888888889
20253,Oaxaca,San Mateo Piñas,2021,8.114794656110837,5.48,6.71875,2.03125,46.149068322981364,4.403760514596734,0.0,San Mateo Piñas,15.999508333333333,-96.33518916666667
20254,Oaxaca,San Mateo Río Hondo,3207,10.00935453695042,6.66,22.393364928909953,26.421800947867297,45.925331192292255,8.606173994387278,0.0,San Mateo Río Hondo,16.14423,-96.44844833333333
20255,Oaxaca,San Mateo Sindihui,1977,9.914011127971674,6.1,13.69047619047619,17.857142857142858,29.5364238410596,3.0854830551340413,0.0,San Mateo Sindihui,17.0042325,-97.35123333333333
20256,Oaxaca,San Mateo Tlapiltepec,229,10.91703056768559,7.08,29.41176470588235,14.705882352941176,60.317460317460316,7.423580786026201,0.0,San Mateo Tlapiltepec,17.81058861111111,-97.43118277777778
20257,Oaxaca,San Melchor Betaza,1052,9.980988593155894,5.16,4.545454545454546,13.030303030303031,47.387173396674584,1.0456273764258555,0.0,San Melchor Betaza,17.252395833333335,-96.15435527777778
20258,Oaxaca,San Miguel Achiutla,698,6.590257879656161,6.91,17.92828685258964,9.163346613545817,43.373493975903614,10.315186246418339,0.0,San Miguel Achiutla,17.306252222222223,-97.48937388888889
20259,Oaxaca,San Miguel Ahuehuetitlán,2142,10.084033613445378,4.03,16.50853889943074,12.333965844402277,43.36829117828501,0.5602240896358543,0.0,San Miguel Ahuehuetitlán,17.67134777777778,-98.3208525
20260,Oaxaca,San Miguel Aloápam,2191,12.688270196257417,5.86,31.643356643356643,4.545454545454546,31.209439528023598,1.0497489730716567,0.0,San Miguel Aloápam,17.412912777777777,-96.69146472222222
20261,Oaxaca,San Miguel Amatitlán,6932,12.305251009809579,6.04,15.729627289955781,2.969046114971573,43.04093567251462,2.4379688401615693,0.0,San Lorenzo Vista Hermosa,17.958820833333334,-98.06904222222222
20262,Oaxaca,San Miguel Amatlán,991,9.687184661957618,7.1,36.206896551724135,22.06896551724138,47.77070063694268,5.449041372351161,0.0,Cuajimoloyas,17.11940166666667,-96.45173833333334
20263,Oaxaca,San Miguel Coatlán,3184,9.547738693467336,5.37,12.5,12.847222222222221,47.71186440677966,2.135678391959799,0.0,San Miguel Coatlán,16.196313333333332,-96.69411416666667
20264,Oaxaca,San Miguel Chicahua,2169,7.791609036422314,6.51,14.94435612082671,16.534181240063592,35.43689320388349,2.1668971876440755,0.0,El Fortín Alto,17.60898777777778,-97.1962338888889
20265,Oaxaca,San Miguel Chimalapa,6711,8.717031738936075,6.31,4.893722194760257,6.1789421651013345,59.79209979209979,20.876173446580243,0.0,San Miguel Chimalapa,16.71446361111111,-94.7478825
20266,Oaxaca,San Miguel del Puerto,8551,10.642030171909719,6.34,10.588235294117647,23.613445378151262,57.02466907340553,13.074494211203367,0.0,Barra Copalita,15.817677777777778,-96.06261666666667
20267,Oaxaca,San Miguel del Río,245,8.16326530612245,7.1,11.842105263157896,11.842105263157896,34.285714285714285,1.2244897959183674,0.0,San Miguel del Río,17.321657777777776,-96.56922083333333
20268,Oaxaca,San Miguel Ejutla,1149,10.269799825935596,7.22,38.762214983713356,68.72964169381108,63.097949886104786,9.834638816362054,0.0,San Miguel Ejutla,16.58038611111111,-96.73927555555555
20269,Oaxaca,San Miguel el Grande,4313,11.685601669371668,9.04,34.47228549734245,19.893697798025816,57.02552068055148,16.021330860190123,0.0,San Miguel el Grande,17.046741111111114,-97.62216944444444
20270,Oaxaca,San Miguel Huautla,1311,6.483600305110603,6.12,7.712082262210797,0.5141388174807198,53.06748466257669,3.2799389778794814,0.0,San Miguel Huautla,17.74582138888889,-97.13751944444445
20271,Oaxaca,San Miguel Mixtepec,3194,13.27489041953663,5.86,11.396468699839486,2.889245585874799,37.089810017271155,14.151534126487164,0.0,San Miguel Mixtepec,16.77810138888889,-96.95732416666667
20272,Oaxaca,San Miguel Panixtlahuaca,6252,10.412667946257198,5.55,13.029315960912053,24.022801302931597,34.50574712643678,2.2552783109404992,0.0,San Miguel Panixtlahuaca,16.26003111111111,-97.37964333333332
20273,Oaxaca,San Miguel Peras,3818,10.03143006809848,6.54,17.82857142857143,30.742857142857144,36.507936507936506,4.033525405971713,0.0,San Miguel Peras,16.93792277777778,-97.00996666666667
20274,Oaxaca,San Miguel Piedras,1328,7.454819277108434,6.83,4.5584045584045585,9.116809116809117,48.929961089494164,2.4849397590361444,0.0,San Miguel Piedras,16.999683333333333,-97.23269972222222
20275,Oaxaca,San Miguel Quetzaltepec,7286,10.966236618171836,5.13,6.920077972709552,9.113060428849902,41.276367536646404,2.4567664013175956,0.0,San Miguel Quetzaltepec,16.975486666666665,-95.76168027777777
20276,Oaxaca,San Miguel Santa Flor,691,7.380607814761215,3.63,3.1963470319634704,6.8493150684931505,47.183098591549296,0.8683068017366136,0.0,San Miguel Santa Flor,17.921083333333335,-96.79930055555555
20277,Oaxaca,Villa Sola de Vega,12350,11.376518218623481,6.47,18.96926420366346,9.313877677739832,67.44733183616725,4.48582995951417,0.0,Villa Sola de Vega,16.514758055555557,-96.9780138888889
20278,Oaxaca,San Miguel Soyaltepec,38682,9.461765162090895,7.0,15.87179733230976,14.403608099030803,58.59399194797151,18.37805697740551,0.0,Temascal,18.240371666666668,-96.4035813888889
20279,Oaxaca,San Miguel Suchixtepec,2932,12.824010914051842,6.98,24.06015037593985,44.3609022556391,42.01284796573876,6.412005457025921,0.0,San Miguel Suchixtepec,16.094004444444444,-96.46640916666666
20280,Oaxaca,Villa Talea de Castro,2011,7.3097961213326705,7.29,10.155148095909732,23.97743300423131,62.93833131801693,9.597215315763302,0.0,Villa Talea de Castro,17.36000277777778,-96.2499211111111
20281,Oaxaca,San Miguel Tecomatlán,305,5.573770491803279,7.41,37.60683760683761,16.23931623931624,49.42528735632184,14.754098360655737,0.0,San Miguel Tecomatlán,17.394043611111112,-97.26799111111112
20282,Oaxaca,San Miguel Tenango,653,6.584992343032159,6.96,18.58407079646018,12.389380530973451,38.3587786259542,5.206738131699847,0.0,San Miguel Tenango,16.267321388888888,-95.59252166666666
20283,Oaxaca,San Miguel Tequixtepec,1044,7.471264367816092,6.76,22.0125786163522,6.289308176100629,34.49131513647643,8.42911877394636,0.0,San Miguel Tequixtepec,17.802861111111113,-97.34165527777778
20284,Oaxaca,San Miguel Tilquiápam,3141,11.3658070678128,4.32,6.386066763425254,44.70246734397678,43.22282836760386,1.3689907672715695,0.0,San Miguel Tilquiápam,16.78194222222222,-96.58155638888888
20285,Oaxaca,San Miguel Tlacamama,3668,10.714285714285714,7.54,18.235294117647058,8.627450980392156,43.37736522670475,13.794983642311887,0.0,San Miguel Tlacamama,16.41672861111111,-98.06321694444445
20286,Oaxaca,San Miguel Tlacotepec,3100,9.870967741935484,6.08,25.629791894852136,8.543263964950713,38.3611903791276,5.870967741935484,0.0,San Miguel Tlacotepec,17.453624166666668,-98.00723888888889
20287,Oaxaca,San Miguel Tulancingo,307,6.840390879478828,6.92,33.00970873786408,20.388349514563107,62.78195488721804,18.566775244299674,0.0,San Miguel Tulancingo,17.75124027777778,-97.44151083333334
20288,Oaxaca,San Miguel Yotao,585,12.307692307692308,6.76,1.1235955056179776,1.1235955056179776,56.53104925053533,0.3418803418803419,0.0,San Miguel Yotao,17.370464444444444,-96.33723527777778
20289,Oaxaca,San Nicolás,1214,9.637561779242175,5.54,16.0427807486631,1.3368983957219251,45.09594882729211,4.530477759472817,0.0,San Nicolás,16.415955555555556,-96.74082388888888
20290,Oaxaca,San Nicolás Hidalgo,1043,10.06711409395973,6.61,40.89219330855018,2.6022304832713754,36.385836385836384,5.273250239693192,0.0,San Nicolás Hidalgo,17.782919444444442,-98.14258333333333
20291,Oaxaca,San Pablo Coatlán,4308,10.770659238625813,6.65,10.617059891107077,6.170598911070781,38.51784080512351,4.178272980501393,0.0,San Francisco Coatlán,16.186645555555558,-96.77152611111111
20292,Oaxaca,San Pablo Cuatro Venados,1510,10.728476821192054,7.21,19.130434782608695,34.492753623188406,37.643932683790965,1.6556291390728477,0.0,Río Jalapilla,17.01136111111111,-96.88963111111111
20293,Oaxaca,San Pablo Etla,17116,11.632390745501285,11.55,52.02930112848941,60.28509206097802,64.84090096531999,51.25029212432811,0.0,Hacienda Blanca,17.13422222222222,-96.77763333333333
20294,Oaxaca,San Pablo Huitzo,7035,10.476190476190476,9.81,33.158171308460325,34.68208092485549,61.04651162790697,34.22885572139303,0.0,San Pablo Huitzo,17.27736722222222,-96.88449555555556
20295,Oaxaca,San Pablo Huixtepec,10020,11.487025948103792,9.09,42.299107142857146,44.010416666666664,61.13950878942775,20.93812375249501,0.0,San Pablo Huixtepec,16.82673638888889,-96.781005
20296,Oaxaca,San Pablo Macuiltianguis,955,8.06282722513089,6.89,12.091503267973856,9.477124183006536,27.66497461928934,10.99476439790576,0.0,San Juan Luvina,17.504369166666667,-96.55077722222222
20297,Oaxaca,San Pablo Tijaltepec,2751,11.414031261359506,6.76,21.05263157894737,12.006578947368421,28.034682080924856,3.707742639040349,0.0,El Porvenir,17.03863,-97.5082513888889
20298,Oaxaca,San Pablo Villa de Mitla,13587,9.994848016486348,7.39,24.42663719259464,22.437137330754354,70.55158512002932,8.007654375505998,0.0,San Pablo Villa de Mitla,16.921859722222223,-96.36215472222221
20299,Oaxaca,San Pablo Yaganiza,1125,9.511111111111111,6.63,16.71826625386997,33.126934984520126,53.959276018099544,1.511111111111111,0.0,San Pablo Yaganiza,17.1460825,-96.22957472222222
20300,Oaxaca,San Pedro Amuzgos,6632,10.871531966224367,6.85,11.287758346581876,15.262321144674086,60.27105517909003,8.59469240048251,0.0,San Pedro Amuzgos,16.653904166666667,-98.08992694444444
20301,Oaxaca,San Pedro Apóstol,1594,9.096612296110415,7.76,38.1057268722467,26.87224669603524,51.463790446841294,10.853199498117942,0.0,San Pedro Apóstol,16.735146111111113,-96.72603333333333
20302,Oaxaca,San Pedro Atoyac,4559,12.107918403158587,6.04,6.440071556350627,3.1305903398926653,31.649421789409615,11.033121298530379,0.0,San Pedro Atoyac,16.489084444444444,-97.98697722222222
20303,Oaxaca,San Pedro Cajonos,1081,7.86308973172988,7.09,13.573407202216066,23.822714681440445,50.63001145475372,5.272895467160037,0.0,San Pedro Cajonos,17.168670555555558,-96.26063916666666
20304,Oaxaca,San Pedro Coxcaltepec Cántaros,716,8.798882681564246,6.45,11.688311688311689,0.4329004329004329,47.72727272727273,2.9329608938547485,0.0,Yododeñe,17.53631166666667,-97.14822722222223
20305,Oaxaca,San Pedro Comitancillo,4333,10.270020770828525,10.75,29.07949790794979,39.818688981868895,51.40083217753121,37.01823217170551,0.0,San Pedro Comitancillo,16.490303611111113,-95.15987777777778
20306,Oaxaca,San Pedro el Alto,4654,11.237645036527718,5.34,6.206206206206206,7.907907907907908,43.50688210652304,1.2677266867211001,0.0,San Pedro el Alto,16.033615555555556,-96.47372250000001
20307,Oaxaca,San Pedro Huamelula,9735,9.296353364149974,7.55,13.120567375886525,21.792392005157964,59.984429739198134,21.129943502824858,0.0,El Coyul,15.914358611111112,-95.81031
20308,Oaxaca,San Pedro Huilotepec,3307,10.039310553371635,8.22,14.384349827387801,28.423475258918298,55.43735224586288,25.703054127608105,0.0,San Pedro Huilotepec,16.24365722222222,-95.15293444444445
20309,Oaxaca,San Pedro Ixcatlán,10368,8.59375,6.1,4.195804195804196,4.685314685314685,35.938119793732646,5.835262345679013,0.0,San Pedro Ixcatlán,18.14566027777778,-96.51062222222222
20310,Oaxaca,San Pedro Ixtlahuaca,14552,11.75096206706982,8.31,26.639676113360323,18.083670715249664,64.48307410795974,19.255085211654755,0.0,San Pedro Ixtlahuaca,17.06327611111111,-96.82009416666666
20311,Oaxaca,San Pedro Jaltepetongo,483,4.761904761904762,5.66,3.1055900621118013,23.60248447204969,24.281984334203656,3.1055900621118013,0.0,San Pedro Jaltepetongo,17.68784972222222,-97.03494027777778
20312,Oaxaca,San Pedro Jicayán,11279,10.080680911428319,6.84,5.759940542549238,17.094017094017094,47.650433296716706,5.585601560422023,0.0,San Pedro Jicayán,16.452186388888887,-98.01519861111112
20313,Oaxaca,San Pedro Jocotipac,730,8.082191780821917,5.84,6.666666666666667,17.037037037037038,53.858520900321544,7.123287671232877,0.0,San Pedro Jocotipac,17.76856,-97.08019555555555
20314,Oaxaca,San Pedro Juchatengo,1755,10.085470085470085,7.13,16.430020283975658,11.359026369168356,42.51412429378531,6.60968660968661,0.0,San Pedro Juchatengo,16.34095222222222,-97.08732138888888
20315,Oaxaca,San Pedro Mártir,1899,8.162190626645604,6.64,27.4949083503055,7.739307535641548,52.617079889807165,5.687203791469194,0.0,San Pedro Mártir,16.744489444444444,-96.71221805555555
20316,Oaxaca,San Pedro Mártir Quiechapa,738,14.498644986449865,8.16,11.009174311926605,30.73394495412844,37.055016181229774,3.252032520325203,0.0,San Pedro Mártir Quiechapa,16.41522694444444,-96.24753861111111
20317,Oaxaca,San Pedro Mártir Yucuxaco,1257,8.989657915672236,7.39,25.290023201856147,15.31322505800464,44.051130776794494,10.501193317422434,0.0,San Pedro Mártir Yucuxaco,17.432628333333334,-97.61007583333333
20318,Oaxaca,San Pedro Mixtepec,49780,11.257533145841704,8.7,30.06540645439517,39.5313735355423,68.61500348378107,24.023704298915227,60.07030936118923,Puerto Escondido,15.862501666666667,-97.07129638888888
20319,Oaxaca,San Pedro Mixtepec,972,9.670781893004115,6.77,2.803738317757009,4.984423676012461,23.017902813299234,0.411522633744856,0.0,San Pedro Mixtepec Distrito 26,16.27179861111111,-96.28279777777777
20320,Oaxaca,San Pedro Molinos,706,8.073654390934845,7.53,20.79646017699115,17.699115044247787,49.290780141843975,12.606232294617564,0.0,San Pedro Molinos,17.104639444444445,-97.54112444444445
20321,Oaxaca,San Pedro Nopala,751,8.788282290279627,6.2,14.925373134328359,2.487562189054726,59.72461273666093,1.8641810918774966,0.0,San Pedro Nopala,17.806293888888888,-97.54130666666667
20322,Oaxaca,San Pedro Ocopetatillo,786,7.888040712468193,4.91,4.8979591836734695,3.673469387755102,51.42857142857143,2.2900763358778624,0.0,San Pedro Ocopetatillo,18.18493611111111,-96.91315333333334
20323,Oaxaca,San Pedro Ocotepec,2404,13.311148086522463,6.77,7.553956834532374,5.575539568345324,44.337090713902306,1.2063227953410982,0.0,San Pedro Ocotepec,16.95541861111111,-95.8467511111111
20324,Oaxaca,San Pedro Pochutla,48204,12.148369429922829,7.79,18.912120735733374,28.99701304826285,64.96771908796208,18.380217409343622,0.0,San Pedro Pochutla,15.746340833333333,-96.46523027777778
20325,Oaxaca,San Pedro Quiatoni,11930,12.221290863369656,5.66,13.037934332164488,3.7615556263946446,44.966887417218544,2.78290025146689,0.0,San Pedro Quiatoni,16.78319972222222,-96.03155111111111
20326,Oaxaca,San Pedro Sochiápam,5052,9.877276326207443,5.81,8.257638315441783,2.3121387283236996,38.49569802941993,1.9596199524940618,0.0,San Pedro Sochiápam,17.825140555555556,-96.66440027777779
20327,Oaxaca,San Pedro Tapanatepec,15479,9.244783254732218,7.15,21.57894736842105,15.964912280701755,64.37290969899665,13.973770915433814,0.0,San Pedro Tapanatepec,16.367248611111112,-94.19384833333334
20328,Oaxaca,San Pedro Taviche,1441,14.226231783483692,6.21,9.749303621169917,10.027855153203342,52.51661918328585,0.4857737682165163,0.0,San Pedro Taviche,16.63784861111111,-96.53759777777778
20329,Oaxaca,San Pedro Teozacoalco,1153,8.065915004336514,6.88,9.455587392550143,10.02865329512894,42.070484581497794,7.545533391153513,0.0,San Pedro Teozacoalco,17.01712611111111,-97.28609805555556
20330,Oaxaca,San Pedro Teutila,4296,11.80167597765363,6.43,6.228668941979522,34.215017064846414,45.36333231985406,3.3054003724394785,0.0,Santo Domingo del Río,18.036381111111112,-96.54761694444444
20331,Oaxaca,San Pedro Tidaá,982,7.128309572301426,6.09,11.782477341389727,12.084592145015106,55.29715762273902,13.238289205702648,0.0,San Pedro Tidaá,17.340764166666666,-97.37727277777778
20332,Oaxaca,San Pedro Topiltepec,373,8.579088471849866,6.74,18.3206106870229,24.427480916030536,48.58044164037855,13.941018766756033,0.0,Santa María Tiltepec,17.466413055555556,-97.35568055555555
20333,Oaxaca,San Pedro Totolápam,3294,10.564663023679417,7.72,32.309322033898304,28.389830508474578,49.56356736242884,18.427443837279903,0.0,San Pedro Totolápam,16.666444444444444,-96.30190694444444
20334,Oaxaca,Villa de Tututepec,50541,11.050434300864644,7.17,23.860571736785328,21.237864077669904,53.54015254629035,9.471518173364199,30.416889258225996,Río Grande o Piedra Parada,16.013719444444444,-97.43777361111111
20335,Oaxaca,San Pedro Yaneri,867,12.57208765859285,6.82,8.333333333333334,1.9841269841269842,42.44186046511628,1.1534025374855825,0.0,San Pedro Yaneri,17.419355833333334,-96.35457055555555
20336,Oaxaca,San Pedro Yólox,1697,7.896287566293459,5.79,19.10569105691057,26.6260162601626,34.487734487734485,1.5910430170889807,0.0,San Pedro Yólox,17.58843583333333,-96.55157555555556
20337,Oaxaca,San Pedro y San Pablo Ayutla,5616,7.211538461538462,5.34,14.722395508421709,10.230817217716782,50.55658627087198,11.645299145299145,0.0,San Pedro y San Pablo Ayutla,17.027150833333334,-96.07708166666666
20338,Oaxaca,Villa de Etla,10361,11.108966315992665,10.22,44.84555266096018,53.10755489393375,61.77318596828448,35.305472444744716,0.0,Villa de Etla,17.207528055555557,-96.80057944444444
20339,Oaxaca,San Pedro y San Pablo Teposcolula,4353,10.084998851366873,9.24,35.56280587275693,21.451876019575856,52.944589498114304,24.351022283482656,0.0,San Pedro y San Pablo Teposcolula,17.512069722222222,-97.48818861111111
20340,Oaxaca,San Pedro y San Pablo Tequixtepec,1747,7.784773898111047,6.93,19.52,3.2,40.973630831643,20.892959358900974,0.0,San Pedro y San Pablo Tequixtepec,18.06065611111111,-97.71784611111111
20341,Oaxaca,San Pedro Yucunama,241,12.033195020746888,7.64,34.24657534246575,1.36986301369863,50.753768844221106,4.564315352697095,0.0,San Pedro Yucunama,17.561004166666667,-97.48259111111112
20342,Oaxaca,San Raymundo Jalpan,4105,11.473812423873325,11.07,45.23625096824167,54.221533694810226,64.34037343128253,43.556638246041416,0.0,San Raymundo Jalpan,16.970396388888886,-96.75549777777778
20343,Oaxaca,San Sebastián Abasolo,1999,9.504752376188094,7.54,24.295774647887324,18.661971830985916,57.53920386007238,11.85592796398199,0.0,San Sebastián Abasolo,16.994675,-96.58885916666667
20344,Oaxaca,San Sebastián Coatlán,2809,9.647561409754362,6.57,10.272277227722773,13.985148514851485,42.556247008137866,1.8867924528301887,0.0,San Sebastián Coatlán,16.20125861111111,-96.82753916666667
20345,Oaxaca,San Sebastián Ixcapa,4188,9.789875835721109,7.53,20.493827160493826,10.699588477366255,44.300278035217794,13.347659980897804,0.0,San Sebastián Ixcapa,16.543667222222226,-98.14448722222222
20346,Oaxaca,San Sebastián Nicananduta,1542,7.587548638132295,6.26,21.11801242236025,7.6604554865424435,40.833333333333336,8.171206225680933,0.0,San Sebastián Nicananduta,17.517896944444445,-97.68326833333334
20347,Oaxaca,San Sebastián Río Hondo,4202,12.946216087577344,7.2,22.189349112426036,24.65483234714004,48.60767326732673,1.7848643503093764,0.0,San Sebastián Río Hondo,16.182830555555558,-96.46406055555556
20348,Oaxaca,San Sebastián Tecomaxtlahuaca,8192,10.64453125,6.34,30.461270670147954,9.573542210617928,66.16436228056548,7.421875,0.0,San Sebastián Tecomaxtlahuaca,17.345856388888887,-98.03117388888889
20349,Oaxaca,San Sebastián Teitipac,2189,10.370031978072179,7.11,21.316614420062695,41.53605015673981,47.25523486134691,11.740520785746916,0.0,San Sebastián Teitipac,16.95142472222222,-96.61401888888888
20350,Oaxaca,San Sebastián Tutla,16878,11.837895485247067,12.58,52.52384737678855,76.13275039745628,65.2060216269701,55.30868586325394,0.0,El Rosario,17.04786527777778,-96.68762444444445
20351,Oaxaca,San Simón Almolongas,2802,9.778729478943612,5.55,27.56563245823389,5.966587112171838,44.15941365093907,2.1413276231263385,0.0,San Simón Almolongas,16.407407499999998,-96.71967222222223
20352,Oaxaca,San Simón Zahuatlán,4940,15.607287449392713,4.08,21.140939597315437,0.33557046979865773,25.17067379044227,0.20242914979757085,0.0,San Simón Zahuatlán,17.828853333333335,-98.00452833333334
20353,Oaxaca,Santa Ana,2406,11.845386533665835,6.52,32.58064516129032,31.29032258064516,43.353557639271926,2.57689110556941,0.0,Santa Ana,16.340638055555555,-96.71761000000001
20354,Oaxaca,Santa Ana Ateixtlahuaca,477,10.69182389937107,5.1,2.816901408450704,13.380281690140846,44.15584415584416,0.20964360587002095,0.0,Santa Ana Ateixtlahuaca,18.210578333333334,-96.90638305555557
20355,Oaxaca,Santa Ana Cuauhtémoc,681,7.782672540381792,5.55,6.437768240343348,8.15450643776824,43.73831775700935,3.2305433186490453,0.0,Santa Ana Cuauhtémoc,17.98384111111111,-96.79469833333333
20356,Oaxaca,Santa Ana del Valle,2179,9.086737035337311,6.69,25.45757071547421,19.800332778702163,47.56446991404012,4.130335016062414,0.0,Santa Ana del Valle,16.994826944444444,-96.47167472222222
20357,Oaxaca,Santa Ana Tavela,848,7.665094339622642,6.97,8.921933085501859,2.6022304832713754,37.72290809327846,4.481132075471698,0.0,Santa Ana Tavela,16.65464972222222,-95.9115675
20358,Oaxaca,Santa Ana Tlapacoyan,1958,7.814096016343207,6.49,21.463414634146343,6.016260162601626,47.230864965774735,6.588355464759959,0.0,Santa Ana Tlapacoyan,16.744003333333335,-96.83708388888888
20359,Oaxaca,Santa Ana Yareni,637,8.791208791208792,5.41,17.521367521367523,9.82905982905983,31.89189189189189,4.552590266875981,0.0,Santa Ana Yareni,17.397787777777776,-96.61077944444443
20360,Oaxaca,Santa Ana Zegache,3981,9.419743782969103,7.09,17.079419299743808,19.55593509820666,45.7007874015748,11.680482290881688,0.0,Santa Ana Zegache,16.837875277777776,-96.72593888888889
20361,Oaxaca,Santa Catalina Quierí,825,9.93939393939394,5.74,5.158730158730159,1.5873015873015872,40.54054054054054,1.8181818181818181,0.0,Santa Catalina Quierí,16.32220111111111,-96.26585805555555
20362,Oaxaca,Santa Catarina Cuixtla,1495,8.494983277591974,6.72,25.74712643678161,36.0919540229885,52.05811138014528,8.62876254180602,0.0,Santa Catarina Cuixtla,16.304395555555555,-96.6447438888889
20363,Oaxaca,Santa Catarina Ixtepeji,2675,11.77570093457944,7.68,35.62176165803109,14.119170984455959,49.28670041417395,8.63551401869159,0.0,Santa Catarina Ixtepeji,17.26554888888889,-96.56169916666667
20364,Oaxaca,Santa Catarina Juquila,18654,11.724027018333869,6.79,16.366190587684383,17.115429641770078,61.373514923210664,5.210678674815053,0.0,Santa Catarina Juquila,16.237009444444446,-97.29247277777777
20365,Oaxaca,Santa Catarina Lachatao,1059,5.665722379603399,7.54,20.91152815013405,15.817694369973191,50.057273768613975,5.949008498583569,0.0,Benito Juárez,17.111654166666668,-96.49320722222222
20366,Oaxaca,Santa Catarina Loxicha,3676,8.188248095756256,5.91,7.357859531772576,5.574136008918618,34.894259818731115,2.4755168661588685,0.0,Santa Catarina Loxicha,16.069504444444444,-96.75486555555555
20367,Oaxaca,Santa Catarina Mechoacán,4582,11.850720209515496,6.38,8.616187989556137,12.793733681462141,48.75,11.981667394151026,0.0,Santa Catarina Mechoacán,16.33443361111111,-97.83602583333332
20368,Oaxaca,Santa Catarina Minas,2067,11.756168359941945,7.32,22.141560798548095,41.92377495462795,48.51851851851852,7.256894049346879,0.0,Santa Catarina Minas,16.77918972222222,-96.6154561111111
20369,Oaxaca,Santa Catarina Quiané,2193,8.98312813497492,7.93,33.181126331811264,29.984779299847794,53.78393991912189,20.702234382124942,0.0,Santa Catarina Quiané,16.88030611111111,-96.7407475
20370,Oaxaca,Santa Catarina Tayata,662,7.2507552870090635,9.03,26.442307692307693,14.903846153846153,37.29433272394881,41.389728096676734,0.0,Santa Catarina Tayata,17.34780472222222,-97.55837888888888
20371,Oaxaca,Santa Catarina Ticuá,986,6.896551724137931,7.05,15.0997150997151,10.826210826210826,45.81772784019975,10.446247464503042,0.0,Santa Catarina Ticuá,17.071235833333333,-97.5348586111111
20372,Oaxaca,Santa Catarina Yosonotú,1316,7.674772036474164,5.57,13.347921225382931,4.3763676148796495,35.49862763037511,52.0516717325228,0.0,Santa Catarina Yosonotú,17.02054972222222,-97.66212777777778
20373,Oaxaca,Santa Catarina Zapoquila,403,7.94044665012407,6.8,19.68503937007874,1.5748031496062993,41.33738601823708,0.9925558312655087,0.0,Santa Catarina Zapoquila,18.0645575,-97.60165527777777
20374,Oaxaca,Santa Cruz Acatepec,1645,13.373860182370821,6.33,4.739336492890995,2.6066350710900474,48.607594936708864,2.917933130699088,0.0,Santa Cruz Acatepec,18.163761666666666,-96.87531916666666
20375,Oaxaca,Santa Cruz Amilpas,13200,12.674242424242424,10.7,39.84331281477336,56.51930609960828,64.51002648505487,41.04545454545455,0.0,Santa Cruz Amilpas,17.0587,-96.68401722222222
20376,Oaxaca,Santa Cruz de Bravo,365,11.506849315068493,5.99,29.0,4.0,42.2680412371134,3.287671232876712,0.0,Santa Cruz de Bravo,17.581373888888887,-98.22398916666667
20377,Oaxaca,Santa Cruz Itundujia,10860,10.67219152854512,7.18,18.069472277889112,20.607882431529728,39.819168173598555,6.777163904235727,0.0,Zaragoza,16.668821944444446,-97.79291194444444
20378,Oaxaca,Santa Cruz Mixtepec,3720,11.370967741935484,7.36,20.330237358101137,11.764705882352942,45.362973254602295,5.376344086021505,0.0,Santa Cruz Mixtepec,16.79244277777778,-96.88240722222221
20379,Oaxaca,Santa Cruz Nundaco,2951,10.708234496780753,7.19,14.303959131545339,8.173690932311622,28.74493927125506,8.370044052863436,0.0,Ojo de Agua,17.134448888888887,-97.70989888888889
20380,Oaxaca,Santa Cruz Papalutla,2242,10.035682426404996,7.28,24.96124031007752,24.496124031007753,61.06145251396648,8.474576271186441,0.0,Santa Cruz Papalutla,16.95948861111111,-96.58491138888888
20381,Oaxaca,Santa Cruz Tacache de Mina,2940,10.34013605442177,7.04,30.847029077117572,2.275600505689001,41.50691038787338,6.9727891156462585,0.0,Santa Cruz Tacache de Mina,17.827661388888888,-98.1507875
20382,Oaxaca,Santa Cruz Tacahua,1182,10.490693739424703,7.02,17.94871794871795,28.774928774928775,24.293193717277486,1.607445008460237,0.0,Santa Cruz Tacahua,16.91890111111111,-97.49216583333333
20383,Oaxaca,Santa Cruz Tayata,595,10.588235294117647,7.79,6.779661016949152,4.519774011299435,42.48927038626609,5.042016806722689,0.0,La Estancia,17.396840833333332,-97.55450555555555
20384,Oaxaca,Santa Cruz Xitla,4794,11.18064246975386,5.46,24.53825857519789,10.11433597185576,48.08381582575131,3.358364622444723,0.0,Santa Cruz Xitla,16.322436666666665,-96.6731288888889
20385,Oaxaca,Santa Cruz Xoxocotlán,100402,12.413099340650584,10.87,41.2301760512149,59.046268005237884,67.19963283633928,39.70638035098902,81.52028844046932,Santa Cruz Xoxocotlán,17.027281388888888,-96.73435805555556
20386,Oaxaca,Santa Cruz Zenzontepec,19079,12.836102521096494,5.8,7.525195968645017,12.78835386338186,25.247738043946576,16.185334661145763,0.0,Quinicuena,16.532389166666665,-97.52343944444445
20387,Oaxaca,Santa Gertrudis,2891,9.75441023867174,7.34,32.93556085918854,23.50835322195704,43.61929150661545,10.619162919405051,0.0,Santa Gertrudis,16.786594722222222,-96.79721138888888
20388,Oaxaca,Santa Inés del Monte,2809,12.744749021003916,6.38,20.684292379471227,13.530326594090202,45.00484966052376,1.7087931648273407,0.0,Santa Inés del Monte,16.925766666666668,-96.86168694444444
20389,Oaxaca,Santa Inés Yatzeche,908,12.995594713656388,5.07,23.80952380952381,5.194805194805195,68.66059817945384,0.11013215859030837,0.0,Santa Inés Yatzeche,16.808673333333335,-96.75632416666667
20390,Oaxaca,Santa Lucía del Camino,50362,11.860132639688654,11.45,43.9491787168328,70.86199634985259,65.01453488372093,43.6281323219888,91.13021722727453,Santa Lucía del Camino,17.064118055555557,-96.69467722222223
20391,Oaxaca,Santa Lucía Miahuatlán,3375,10.251851851851852,4.59,3.5322777101096223,5.237515225334957,29.608482871125613,0.8592592592592593,0.0,Santa Lucía Miahuatlán,16.186473055555556,-96.61821111111111
20392,Oaxaca,Santa Lucía Monteverde,6726,9.6045197740113,6.56,10.117145899893504,8.466453674121405,32.418952618453865,2.304490038655962,0.0,San Sebastián Nopalera,16.942811666666667,-97.77765416666666
20393,Oaxaca,Santa Lucía Ocotlán,4173,11.238916846393481,5.96,20.35053554040896,34.56669912366115,51.58536585365854,2.7318475916606757,0.0,Santa Lucía Ocotlán,16.74219,-96.68039611111112
20394,Oaxaca,Santa María Alotepec,2796,10.515021459227468,7.37,8.933002481389579,6.327543424317618,44.41993824437583,16.988555078683834,0.0,Santa María Alotepec,17.092095555555556,-95.85457166666666
20395,Oaxaca,Santa María Apazco,1629,7.673419275629221,4.88,4.752475247524752,1.188118811881188,51.4792899408284,4.849600982197667,0.0,Santa María Apazco,17.63458333333333,-97.10038694444444
20396,Oaxaca,Santa María la Asunción,3259,8.959803620742559,3.97,3.0851063829787235,6.382978723404255,45.725806451612904,1.1660018410555386,0.0,Santa María la Asunción,18.10822416666667,-96.81936527777778
20397,Oaxaca,Heroica Ciudad de Tlaxiaco,40123,10.926401315953443,9.56,35.065180426979026,27.611940298507463,69.64147286821705,29.970341200807518,47.14253669964858,Heroica Ciudad de Tlaxiaco,17.26746972222222,-97.68049166666667
20398,Oaxaca,Ayoquezco de Aldama,4874,10.320065654493229,6.28,28.240405503258508,16.07530774800869,49.80881978078001,3.610997127615921,0.0,Ayoquezco de Aldama,16.685665555555556,-96.84311444444444
20399,Oaxaca,Santa María Atzompa,41921,11.967748860952744,10.43,39.36994016191482,51.48715241112284,66.89341026419677,37.181842036210966,68.19016721929343,Santa María Atzompa,17.102865555555557,-96.77926111111111
20400,Oaxaca,Santa María Camotlán,1713,8.172796263864566,6.94,21.50943396226415,6.415094339622642,51.06071689831748,5.779334500875657,0.0,Santa María Camotlán,17.899560555555556,-97.69338
20401,Oaxaca,Santa María Colotepec,27046,10.71138061081121,8.12,26.869257950530034,26.07773851590106,61.32475508115221,13.787621089994824,0.0,Brisas de Zicatela,15.837860555555556,-97.04180777777778
20402,Oaxaca,Santa María Cortijo,1067,8.622305529522025,7.08,30.67484662576687,13.496932515337424,46.2962962962963,7.591377694470478,0.0,Santa María Cortijo,16.450802499999998,-98.28571638888889
20403,Oaxaca,Santa María Coyotepec,3751,11.356971474273527,9.71,34.476367006487486,31.69601482854495,58.7958291288261,34.89736070381232,0.0,Santa María Coyotepec,16.967160555555555,-96.70673638888888
20404,Oaxaca,Santa María Chachoápam,761,7.884362680683312,8.22,40.08097165991903,4.4534412955465585,50.542635658914726,18.134034165571617,0.0,Santa María Chachoápam,17.525155555555553,-97.28350499999999
20405,Oaxaca,Villa de Chilapa de Díaz,1815,8.37465564738292,6.66,28.622540250447226,19.141323792486585,37.577426015141086,11.460055096418733,0.0,Villa de Chilapa de Díaz,17.58832888888889,-97.63191222222221
20406,Oaxaca,Santa María Chilchotla,21469,9.315757603987144,5.24,4.7729296527159395,6.838824577025823,42.54933799650262,2.906516372443989,0.0,Santa María Chilchotla,18.23424027777778,-96.83054055555556
20407,Oaxaca,Santa María Chimalapa,9578,7.6111923157235335,5.83,8.440575321725966,11.127933383800151,46.398841838581255,2.902484861140113,0.0,Santa María Chimalapa,16.90992,-94.68302222222222
20408,Oaxaca,Santa María del Rosario,499,6.813627254509018,7.77,22.22222222222222,6.25,64.57286432160804,8.41683366733467,0.0,Santa María del Rosario,17.35176138888889,-97.59382027777777
20409,Oaxaca,Santa María del Tule,8939,9.64313681619868,11.3,52.934317916828604,62.18422075398367,61.78508354843092,50.02796733415371,0.0,Santa María del Tule,17.046701666666667,-96.63659222222223
20410,Oaxaca,Santa María Ecatepec,3418,10.064365125804564,7.42,15.37598204264871,13.580246913580247,43.972445464982776,10.122878876535985,0.0,Santa María Zapotitlán,16.12774888888889,-95.85198194444443
20411,Oaxaca,Santa María Guelacé,908,11.233480176211454,8.36,21.91235059760956,23.50597609561753,61.111111111111114,11.894273127753303,0.0,Santa María Guelacé,17.000876666666667,-96.60283
20412,Oaxaca,Santa María Guienagati,3178,10.572687224669604,6.34,10.222222222222221,26.0,42.60127931769723,3.775959723096287,0.0,Santa María Guienagati,16.737982777777777,-95.35448583333333
20413,Oaxaca,Santa María Huatulco,50862,12.836695371790334,9.17,26.855636123928807,45.748187211601845,70.05062217899803,33.88777476308442,37.85144115449648,Crucecita,15.764758888888888,-96.135075
20414,Oaxaca,Santa María Huazolotitlán,11995,9.228845352230096,7.03,18.56504745951982,20.54718034617532,49.78006651646819,8.103376406836182,0.0,Santa María Huazolotitlán,16.302222222222223,-97.91286111111111
20415,Oaxaca,Santa María Ipalapa,4878,10.96760967609676,6.27,20.975232198142415,5.108359133126935,40.543508097721656,2.6035260352603524,0.0,Santa María Ipalapa,16.63621861111111,-98.03382388888889
20416,Oaxaca,Santa María Ixcatlán,461,7.592190889370933,6.01,6.748466257668712,16.56441717791411,63.5,0.8676789587852495,0.0,Santa María Ixcatlán,17.851593055555558,-97.19048194444444
20417,Oaxaca,Santa María Jacatepec,9682,9.935963643875233,6.98,16.310160427807485,14.094728800611154,48.40439796192008,10.751910762239207,0.0,La Joya de Santa María Jacatepec,17.8715075,-96.02261277777778
20418,Oaxaca,Santa María Jalapa del Marqués,11735,9.56114188325522,8.66,25.33999444907022,37.135720233139054,59.447443632899336,23.689816787388153,0.0,Santa María Jalapa del Marqués,16.440065277777776,-95.44337805555556
20419,Oaxaca,Santa María Jaltianguis,592,8.108108108108109,8.14,28.977272727272727,43.18181818181818,45.22821576763486,8.783783783783784,0.0,Santa María Jaltianguis,17.36561277777778,-96.52827138888888
20420,Oaxaca,Santa María Lachixío,1679,12.32876712328767,6.62,12.718204488778055,5.486284289276808,37.76722090261283,4.050029779630733,0.0,Santa María Lachixío,16.72775611111111,-97.01921083333333
20421,Oaxaca,Santa María Mixtequilla,4690,9.040511727078892,8.66,22.642762284196547,30.810092961487385,55.691164765189704,29.33901918976546,0.0,Santa María Mixtequilla,16.373708333333333,-95.26047333333334
20422,Oaxaca,Santa María Nativitas,603,8.7893864013267,7.82,25.0,4.081632653061225,41.633466135458164,11.940298507462687,0.0,San José Monte Verde,17.64328888888889,-97.34267027777777
20423,Oaxaca,Santa María Nduayaco,453,6.401766004415011,6.32,15.172413793103448,6.206896551724138,39.898989898989896,10.596026490066226,0.0,San José de Gracia,17.43363666666667,-97.49427222222222
20424,Oaxaca,Santa María Ozolotepec,3793,11.073029264434485,6.03,6.701030927835052,7.835051546391752,43.67977528089887,5.958344318481413,0.0,Santa María Ozolotepec,16.130840833333334,-96.37006666666666
20425,Oaxaca,Santa María Pápalo,2058,8.066083576287658,6.27,3.1545741324921135,2.8391167192429023,45.49330085261876,1.5063168124392614,0.0,Santa María Pápalo,17.78416,-96.79735638888889
20426,Oaxaca,Santa María Peñoles,8967,12.679826028772165,6.62,6.498829039812646,4.976580796252928,36.65491338341254,3.055648488903758,0.0,El Manzanito,16.968875277777776,-97.03096777777778
20427,Oaxaca,Santa María Petapa,16706,9.062612235125105,7.8,16.15057680631451,20.319773325237808,62.91624621594349,22.045971507242907,0.0,Rincón Viejo,16.888665555555555,-95.04091166666666
20428,Oaxaca,Santa María Quiegolani,2224,12.23021582733813,6.74,12.665406427221171,4.158790170132325,37.083595223130104,2.4280575539568345,0.0,Santa María Quiegolani,16.277213333333332,-96.05200305555556
20429,Oaxaca,Santa María Sola,1516,8.70712401055409,6.24,19.362186788154897,12.984054669703873,42.06672091131001,2.242744063324538,0.0,Santa Rosa Matagallinas,16.58860333333333,-97.01979333333333
20430,Oaxaca,Santa María Tataltepec,317,10.094637223974763,8.06,16.304347826086957,17.391304347826086,47.252747252747255,11.35646687697161,0.0,Santa María Tataltepec,17.14245888888889,-97.39511555555556
20431,Oaxaca,Santa María Tecomavaca,1830,10.710382513661202,8.56,21.604938271604937,46.91358024691358,54.6831955922865,13.825136612021858,0.0,Santa María Tecomavaca,17.95625722222222,-97.02443722222222
20432,Oaxaca,Santa María Temaxcalapa,903,8.970099667774086,6.9,10.033444816053512,27.4247491638796,53.8562091503268,3.875968992248062,0.0,Santa María Temaxcalapa,17.381099444444445,-96.16247777777778
20433,Oaxaca,Santa María Temaxcaltepec,2694,11.135857461024498,4.62,6.913183279742765,27.491961414790996,35.9192348565356,0.4825538233110616,0.0,Santa María Temaxcaltepec,16.16310888888889,-97.194655
20434,Oaxaca,Santa María Teopoxco,3985,6.750313676286073,5.01,6.127886323268206,4.8845470692717585,37.21727210418094,13.023839397741531,0.0,Santa María Teopoxco,18.166659166666665,-96.95513916666667
20435,Oaxaca,Santa María Tepantlali,3576,11.325503355704697,5.27,17.011995637949838,11.886586695747,40.75457601793052,2.488814317673378,0.0,Santa María Tepantlali,16.997513055555558,-96.01012027777777
20436,Oaxaca,Santa María Texcatitlán,896,4.464285714285714,5.27,4.09556313993174,11.604095563139932,53.31412103746398,0.8928571428571429,0.0,Santa María Texcatitlán,17.712905,-97.06668944444444
20437,Oaxaca,Santa María Tlahuitoltepec,9653,10.535584792292552,6.83,12.295751633986928,12.704248366013072,45.325969827586206,5.894540557339687,0.0,Santa María Tlahuitoltepec,17.097536944444442,-96.06325222222222
20438,Oaxaca,Santa María Tlalixtac,1839,9.189777052746058,5.66,6.808510638297872,11.914893617021276,39.26739926739927,2.011963023382273,0.0,Santa María Tlalixtac,17.951677222222223,-96.73807527777778
20439,Oaxaca,Santa María Tonameca,25347,11.764705882352942,6.53,17.86488999070344,15.184381778741866,61.486984929918854,5.621967096697834,0.0,San Francisco Cozoaltepec,15.81243,-96.72196194444444
20440,Oaxaca,Santa María Totolapilla,812,6.280788177339901,6.21,7.4576271186440675,11.525423728813559,37.72189349112426,12.931034482758621,0.0,Santa María Totolapilla,16.603228333333334,-95.62545472222222
20441,Oaxaca,Santa María Xadani,9234,10.905349794238683,5.96,8.58292355833706,17.8363880196692,67.33293556085918,10.53714533246697,0.0,Santa María Xadani,16.360300833333334,-95.01985027777778
20442,Oaxaca,Santa María Yalina,250,12.0,7.14,13.25301204819277,2.4096385542168677,37.12871287128713,2.4,0.0,Santa María Yalina,17.240470833333333,-96.26278138888888
20443,Oaxaca,Santa María Yavesía,434,8.755760368663594,8.35,26.027397260273972,32.87671232876713,29.479768786127167,7.8341013824884795,0.0,Santa María Yavesía,17.23421527777778,-96.42951555555555
20444,Oaxaca,Santa María Yolotepec,481,7.276507276507276,7.37,14.838709677419354,10.32258064516129,52.824858757062145,3.95010395010395,0.0,Santa María Yolotepec,16.87680472222222,-97.50532805555555
20445,Oaxaca,Santa María Yosoyúa,1699,13.47851677457328,8.1,23.544973544973544,14.814814814814815,56.63976522377109,4.2377869334902885,0.0,Buenavista,17.104912222222225,-97.49836166666667
20446,Oaxaca,Santa María Yucuhiti,6008,8.954727030625833,7.37,13.515151515151516,12.606060606060606,41.40592407175636,3.878162450066578,0.0,Guadalupe Buenavista,17.03152611111111,-97.80466222222222
20447,Oaxaca,Santa María Zacatepec,17100,11.070175438596491,6.46,23.280898876404493,13.258426966292134,59.33886862729883,3.0058479532163744,0.0,Santa María Zacatepec,16.763894444444446,-97.9898775
20448,Oaxaca,Santa María Zaniza,2469,13.85176184690158,6.52,5.357142857142857,5.753968253968254,37.0752427184466,0.28351559335763465,0.0,Santa María Zaniza,16.6550975,-97.3385436111111
20449,Oaxaca,Santa María Zoquitlán,3294,8.439587128111718,5.95,21.72647914645975,38.991270611057224,42.52961406190294,3.612629022465088,0.0,Santa María Zoquitlán,16.558359722222225,-96.3528711111111
20450,Oaxaca,Santiago Amoltepec,13855,13.323709852038975,5.7,2.573529411764706,6.4171122994652405,20.879358891054796,13.496932515337424,0.0,Santiago Amoltepec,16.640905555555555,-97.49480277777778
20451,Oaxaca,Santiago Apoala,1019,4.5142296368989205,5.07,4.953560371517028,0.6191950464396285,41.78921568627451,2.060843964671246,0.0,San Antonio Nduayaco,17.68556277777778,-97.14754222222223
20452,Oaxaca,Santiago Apóstol,4421,10.812033476589008,5.68,17.575757575757574,17.056277056277057,52.028169014084504,5.247681520018095,0.0,Santiago Apóstol,16.804263055555555,-96.7224138888889
20453,Oaxaca,Santiago Astata,3918,8.856559469116897,7.89,12.958626073380172,20.843091334894613,51.7109050207867,17.968351199591627,0.0,Santiago Astata,15.98763111111111,-95.67586555555556
20454,Oaxaca,Santiago Atitlán,3556,13.92013498312711,6.53,6.334841628959276,7.239819004524887,53.002144388849175,2.7559055118110236,0.0,Estancia de Morelos,17.051324722222223,-95.8898788888889
20455,Oaxaca,Santiago Ayuquililla,2904,10.330578512396695,6.37,13.63040629095675,5.504587155963303,44.063819802909435,8.849862258953168,0.0,Santiago Ayuquililla,17.935105833333335,-97.95826222222223
20456,Oaxaca,Santiago Cacaloxtepec,1667,8.998200359928015,6.47,21.45748987854251,17.813765182186234,51.93035579106737,10.917816436712657,0.0,Santiago Cacaloxtepec,17.720238055555555,-97.7404863888889
20457,Oaxaca,Santiago Camotlán,3346,14.255827854154214,6.44,3.5555555555555554,14.88888888888889,41.52157456472369,3.6760310818888224,0.0,San Francisco Yovego,17.5521075,-96.22461305555555
20458,Oaxaca,Santiago Comaltepec,1157,7.951598962834918,7.34,17.008797653958943,11.730205278592376,39.86998916576381,7.173725151253241,0.0,Santiago Comaltepec,17.564125555555556,-96.54781305555555
20459,Oaxaca,Villa de Santiago Chazumba,4877,8.32478982981341,8.47,27.432517263025737,18.581293157564343,47.972132371236626,24.338732827557926,0.0,Villa de Santiago Chazumba,18.188768333333332,-97.68053972222222
20460,Oaxaca,Santiago Choápam,5242,10.186951545211752,5.83,6.6139468008626885,10.711718188353702,44.913967611336034,2.3655093475772606,0.0,San Juan Teotalcingo,17.417635555555556,-95.94840972222222
20461,Oaxaca,Santiago del Río,527,8.159392789373815,4.69,22.340425531914892,5.851063829787234,25.11627906976744,47.817836812144215,0.0,Santiago del Río,17.455975277777778,-98.08854027777777
20462,Oaxaca,Santiago Huajolotitlán,4600,10.608695652173912,8.3,36.97211155378486,11.872509960159363,55.62770562770563,20.32608695652174,0.0,Santiago Huajolotitlán,17.82664972222222,-97.73176694444444
20463,Oaxaca,Santiago Huauclilla,525,7.0476190476190474,6.42,9.32642487046632,9.844559585492227,37.66233766233766,6.666666666666667,0.0,Santiago Huauclilla,17.450840833333334,-97.07152722222222
20464,Oaxaca,Santiago Ihuitlán Plumas,341,7.038123167155425,6.59,16.52173913043478,0.0,48.07017543859649,3.225806451612903,0.0,Santiago Ihuitlán Plumas,17.84847444444444,-97.42974305555556
20465,Oaxaca,Santiago Ixcuintepec,1636,9.71882640586797,5.84,4.842615012106537,2.9055690072639226,38.888888888888886,10.02444987775061,0.0,Santiago Ixcuintepec,16.93480611111111,-95.62310555555555
20466,Oaxaca,Santiago Ixtayutla,13880,14.301152737752162,5.04,5.869289340101523,11.326142131979696,32.231738035264485,19.221902017291065,0.0,Santiago Ixtayutla,16.56500638888889,-97.65196888888889
20467,Oaxaca,Santiago Jamiltepec,19112,9.862913352867308,7.57,22.36103566902046,17.562918703603113,61.12253289473684,18.21892005023022,0.0,Santiago Jamiltepec,16.27945833333333,-97.81968222222221
20468,Oaxaca,Santiago Jocotepec,14198,9.930976193830118,5.32,5.983412322274882,8.175355450236967,55.587977823168956,1.5847302436962953,0.0,Río Chiquito,17.618855555555555,-95.93644388888889
20469,Oaxaca,Santiago Juxtlahuaca,34735,11.204836620123794,6.85,26.4519535374868,12.341605068637804,64.18093878845544,9.477472290197207,0.0,Santiago Juxtlahuaca,17.335290277777776,-98.01244944444444
20470,Oaxaca,Santiago Lachiguiri,4394,8.192990441511151,6.29,6.113843991567112,30.920590302178496,48.92974753018661,3.823395539371871,0.0,Santiago Lachiguiri,16.68645861111111,-95.53265833333333
20471,Oaxaca,Santiago Lalopa,431,11.136890951276103,7.45,5.511811023622047,23.62204724409449,51.5406162464986,5.104408352668213,0.0,Santiago Lalopa,17.417959444444445,-96.24859222222223
20472,Oaxaca,Santiago Laollaga,3361,8.68789050877715,8.7,22.808586762075134,26.207513416815743,51.19651921682379,28.26539720321333,0.0,Santiago Laollaga,16.584886666666666,-95.20457916666668
20473,Oaxaca,Santiago Laxopa,1291,7.745933384972889,6.96,6.4,10.933333333333334,31.0546875,1.0844306738962044,0.0,Santiago Laxopa,17.2197575,-96.31339638888889
20474,Oaxaca,Santiago Llano Grande,3440,8.226744186046512,7.52,23.149905123339657,8.823529411764707,46.15384615384615,15.494186046511627,0.0,Santiago Llano Grande,16.48942638888889,-98.28966861111111
20475,Oaxaca,Santiago Matatlán,10175,10.054054054054054,6.58,38.39180134016555,21.04848245959795,61.14991269643303,5.788697788697789,0.0,San Pablo Guilá,16.802816944444444,-96.43968361111112
20476,Oaxaca,Santiago Miltepec,421,10.688836104513063,7.3,18.181818181818183,10.48951048951049,44.24778761061947,53.681710213776725,0.0,Santiago Miltepec,17.984733333333335,-97.68928861111111
20477,Oaxaca,Santiago Minas,1327,9.419743782969103,5.29,31.372549019607842,5.042016806722689,35.418671799807505,20.572720422004522,0.0,Santiago Minas,16.426183333333334,-97.22815333333334
20478,Oaxaca,Santiago Nacaltepec,1599,6.566604127579738,6.07,9.397163120567376,7.9787234042553195,29.947328818660647,5.128205128205129,0.0,Santiago Nacaltepec,17.505474166666666,-96.91649555555556
20479,Oaxaca,Santiago Nejapilla,174,4.597701149425287,5.88,4.411764705882353,7.352941176470588,49.044585987261144,13.218390804597702,0.0,Santiago Nejapilla,17.42028388888889,-97.37261638888889
20480,Oaxaca,Santiago Nundiche,1351,10.362694300518134,7.61,5.721393034825871,3.2338308457711444,47.766636280765724,4.1450777202072535,0.0,Ignacio Allende las Huertas,17.340702777777775,-97.7058325
20481,Oaxaca,Santiago Nuyoó,1898,5.47945205479452,7.23,7.931034482758621,5.517241379310345,59.550561797752806,11.275026343519494,0.0,Santiago Nuyoó,17.0151725,-97.76653916666666
20482,Oaxaca,Santiago Pinotepa Nacional,55840,11.38968481375358,8.32,23.98868094411216,23.71856711042511,64.38097458615061,19.65795128939828,60.39756446991404,Santiago Pinotepa Nacional,16.339009166666667,-98.0503475
20483,Oaxaca,Santiago Suchilquitongo,10886,11.032518831526732,8.74,24.77288609364081,20.894479385045422,61.695537455546635,25.059709718905015,0.0,Santiago Suchilquitongo,17.247125833333335,-96.8736861111111
20484,Oaxaca,Santiago Tamazola,4458,11.507402422611037,6.62,22.71517302573203,6.921029281277728,41.63400663249924,1.8393898609241812,0.0,Santiago Tamazola,17.66930888888889,-98.22080027777778
20485,Oaxaca,Santiago Tapextla,3134,8.934269304403319,5.54,19.37888198757764,4.099378881987578,37.40909090909091,3.8289725590299937,0.0,Santiago Tapextla,16.34097,-98.44747416666667
20486,Oaxaca,Villa Tejúpam de la Unión,2419,10.293509714758164,7.89,33.381294964028775,30.79136690647482,54.83870967741935,11.409673418768087,0.0,Villa Tejúpam de la Unión,17.6670875,-97.47352083333334
20487,Oaxaca,Santiago Tenango,1966,9.35910478128179,8.32,12.585034013605442,2.5510204081632653,42.091503267973856,5.239064089521872,0.0,Santiago Tenango,17.324920555555554,-97.0041036111111
20488,Oaxaca,Santiago Tepetlapa,130,8.461538461538462,6.35,21.951219512195124,7.317073170731708,45.794392523364486,10.0,0.0,Santiago Tepetlapa,17.782595833333332,-97.40153611111111
20489,Oaxaca,Santiago Tetepec,4909,10.470564269708698,6.58,12.88888888888889,21.925925925925927,41.3412335039052,3.911183540435934,0.0,Santiago Tetepec,16.322270833333334,-97.7482538888889
20490,Oaxaca,Santiago Texcalcingo,2974,10.221923335574983,5.12,6.692913385826771,6.561679790026247,35.61887800534283,3.0262273032952254,0.0,Santiago Texcalcingo,18.208195555555555,-96.96876916666668
20491,Oaxaca,Santiago Textitlán,4930,13.711967545638945,7.97,18.694690265486727,11.283185840707965,34.907539118065436,2.5152129817444218,0.0,Santiago Sochiltepec,16.66613333333333,-97.25665083333334
20492,Oaxaca,Santiago Tilantongo,2764,6.25904486251809,6.24,9.823399558498897,8.388520971302428,42.86363636363637,6.439942112879884,0.0,Santiago Tilantongo,17.28307722222222,-97.33980361111111
20493,Oaxaca,Santiago Tillo,545,8.990825688073395,8.31,35.42857142857143,34.285714285714285,57.11060948081264,16.3302752293578,0.0,Santiago Tillo,17.460285,-97.31972333333333
20494,Oaxaca,Santiago Tlazoyaltepec,6300,12.666666666666666,6.29,21.52777777777778,13.040123456790123,31.25133689839572,6.238095238095238,0.0,Santiago Huaxolotipac,16.974140555555554,-97.08599305555555
20495,Oaxaca,Santiago Xanica,3029,10.267414988445031,5.39,3.0902348578491967,8.65265760197775,45.02283105022831,1.2215252558600198,0.0,San Felipe Lachilló,16.010141666666666,-96.15471194444444
20496,Oaxaca,Santiago Xiacuí,1893,8.293713681986265,8.65,22.3463687150838,36.6852886405959,46.567357512953365,14.263074484944532,0.0,Trinidad Ixtlán,17.26640638888889,-96.41758222222222
20497,Oaxaca,Santiago Yaitepec,4233,10.748877864398771,3.99,13.731656184486374,9.538784067085954,43.10344827586207,1.0630758327427356,0.0,Santiago Yaitepec,16.22557111111111,-97.26935972222222
20498,Oaxaca,Santiago Yaveo,7593,10.325299618069275,6.46,20.325982742090126,9.683604985618409,52.49476622470342,1.9228236533649414,0.0,Francisco Villa,17.474853333333332,-95.45423805555556
20499,Oaxaca,Santiago Yolomécatl,1922,9.729448491155047,9.31,35.0,24.444444444444443,52.020525978191145,29.39646201873049,0.0,Santiago Yolomécatl,17.470932777777776,-97.56975027777777
20500,Oaxaca,Santiago Yosondúa,7991,8.334376173194844,6.71,16.83948569058482,13.56283699709664,68.2331750450303,5.080715805280941,0.0,Santiago Yosondúa,16.873377222222224,-97.57660888888888
20501,Oaxaca,Santiago Yucuyachi,998,8.41683366733467,5.58,28.134556574923547,4.587155963302752,31.03864734299517,4.408817635270541,0.0,Santa Rosa de Juárez,17.61419888888889,-98.23386444444445
20502,Oaxaca,Santiago Zacatepec,5089,8.74435056003144,5.19,4.417952314165498,12.762973352033661,44.561495917829866,2.96718412261741,0.0,Santiago Zacatepec,17.159395277777776,-95.91496222222223
20503,Oaxaca,Santiago Zoochila,425,7.294117647058823,6.82,20.967741935483872,23.387096774193548,50.700280112044815,2.823529411764706,0.0,Santiago Zoochila,17.220566111111108,-96.24213861111112
20504,Oaxaca,Nuevo Zoquiápam,1590,11.132075471698114,7.34,40.84158415841584,21.534653465346533,47.35973597359736,2.3270440251572326,0.0,Nuevo Zoquiápam,17.29132166666667,-96.61998416666665
20505,Oaxaca,Santo Domingo Ingenio,7681,8.410363233953912,8.02,21.56,28.12,50.087121812133695,38.49759145944538,0.0,Santo Domingo Ingenio,16.58849222222222,-94.76863
20506,Oaxaca,Santo Domingo Albarradas,798,9.398496240601503,6.51,15.517241379310345,14.224137931034482,47.38461538461539,3.1328320802005014,0.0,Santo Domingo Albarradas,17.06804361111111,-96.20009388888889
20507,Oaxaca,Santo Domingo Armenta,3155,8.367670364500793,6.13,20.70437566702241,3.4151547491995733,49.487617421007684,6.7828843106180665,0.0,Santo Domingo Armenta,16.33297222222222,-98.37815222222221
20508,Oaxaca,Santo Domingo Chihuitán,1618,8.838071693448702,8.55,26.373626373626372,30.76923076923077,47.78694673668417,24.351050679851667,0.0,Santo Domingo Chihuitán,16.59188611111111,-95.16236944444445
20509,Oaxaca,Santo Domingo de Morelos,11384,12.034434293745608,5.69,13.067953357458785,9.650180940892641,31.73923986911654,3.645467322557976,0.0,Santo Domingo de Morelos,15.833004444444445,-96.66807638888889
20510,Oaxaca,Santo Domingo Ixcatlán,760,7.368421052631579,7.73,23.181818181818183,25.90909090909091,49.915682967959526,15.394736842105264,0.0,Santo Domingo Ixcatlán,16.913926666666665,-97.53193361111111
20511,Oaxaca,Santo Domingo Nuxaá,3335,8.905547226386807,7.06,11.03825136612022,6.557377049180328,35.42420587052674,1.7991004497751124,0.0,Llano de Ayuca,17.177278611111113,-97.09946583333333
20512,Oaxaca,Santo Domingo Ozolotepec,1101,12.079927338782925,5.55,13.108614232209737,1.8726591760299625,37.135614702154626,0.6357856494096276,0.0,Santo Domingo Ozolotepec,16.150868055555556,-96.31039944444444
20513,Oaxaca,Santo Domingo Petapa,9027,9.947933975850226,6.86,9.857527916827108,16.711590296495956,60.968868199010764,15.287470920571618,0.0,Santo Domingo Petapa,16.820669166666665,-95.1404225
20514,Oaxaca,Santo Domingo Roayaga,941,13.071200850159405,5.75,3.6437246963562755,4.048582995951417,42.49649368863955,1.1689691817215728,0.0,Santo Domingo Roayaga,17.337630555555556,-96.11457277777777
20515,Oaxaca,Santo Domingo Tehuantepec,67739,10.060674057780599,9.17,27.059973253780477,37.77903507869561,62.51383253412025,26.67444160675534,66.62926822067051,Santo Domingo Tehuantepec,16.332058333333332,-95.23204916666667
20516,Oaxaca,Santo Domingo Teojomulco,5260,11.653992395437262,6.44,17.41444866920152,4.562737642585551,34.036458333333336,2.7756653992395437,0.0,Santo Domingo Teojomulco,16.589402777777778,-97.22618750000001
20517,Oaxaca,Santo Domingo Tepuxtepec,6029,11.411511030021563,5.31,18.169398907103826,12.09016393442623,30.2547065337763,4.11345165035661,0.0,Santo Domingo Tepuxtepec,16.95688722222222,-96.05540638888888
20518,Oaxaca,Santo Domingo Tlatayápam,113,7.964601769911504,7.4,33.333333333333336,0.0,47.474747474747474,15.044247787610619,0.0,Santo Domingo Tlatayápam,17.407467777777775,-97.34702305555555
20519,Oaxaca,Santo Domingo Tomaltepec,3386,10.307147076196102,8.31,35.917030567685586,36.353711790393014,57.505438723712835,17.513290017720024,0.0,Santo Domingo Tomaltepec,17.060419722222225,-96.62435749999999
20520,Oaxaca,Santo Domingo Tonalá,7393,11.551467604490734,6.47,37.19512195121951,14.634146341463415,63.857677902621724,9.630731773299066,0.0,Santo Domingo Tonalá,17.674611666666667,-97.96393222222223
20521,Oaxaca,Santo Domingo Tonaltepec,250,7.6,7.17,12.658227848101266,3.7974683544303796,48.309178743961354,5.6,0.0,Vista Hermosa,17.59452611111111,-97.36663888888889
20522,Oaxaca,Santo Domingo Xagacía,1205,7.800829875518672,6.1,6.571428571428571,10.857142857142858,54.13870246085011,3.6514522821576763,0.0,Santo Domingo Xagacía,17.1555425,-96.26796138888889
20523,Oaxaca,Santo Domingo Yanhuitlán,1633,6.0012247397428045,8.78,32.818532818532816,29.536679536679536,49.357520786092216,19.779546846295162,0.0,Santo Domingo Yanhuitlán,17.528042777777777,-97.34230944444444
20524,Oaxaca,Santo Domingo Yodohino,327,9.480122324159021,6.35,10.588235294117647,1.1764705882352942,38.4083044982699,0.6116207951070336,0.0,Santo Domingo Yodohino,17.61688638888889,-97.68302222222222
20525,Oaxaca,Santo Domingo Zanatepec,12483,8.996234879436033,7.43,18.407960199004975,15.841843414506416,58.30158411870864,11.335416165985741,0.0,Santo Domingo Zanatepec,16.48280361111111,-94.35390333333332
20526,Oaxaca,Santos Reyes Nopala,16688,11.583173537871524,6.73,9.786000891662951,22.135532768613466,63.56288136936366,11.301534036433365,0.0,Santos Reyes Nopala,16.106764444444448,-97.14444694444445
20527,Oaxaca,Santos Reyes Pápalo,2490,10.0,5.79,2.6101141924959217,0.3262642740619902,35.52060737527115,0.8433734939759037,0.0,Santos Reyes Pápalo,17.804656666666666,-96.86087777777777
20528,Oaxaca,Santos Reyes Tepejillo,904,5.530973451327434,4.68,27.874564459930312,1.0452961672473868,39.83516483516483,43.36283185840708,0.0,Santos Reyes Tepejillo,17.437755833333334,-97.9383225
20529,Oaxaca,Santos Reyes Yucuná,1474,15.128900949796472,5.65,16.929133858267715,1.5748031496062993,49.39422180801491,0.8141112618724559,0.0,Santos Reyes Yucuná,17.777740833333333,-98.00452666666666
20530,Oaxaca,Santo Tomás Jalieza,3923,13.561050216670916,7.63,28.335056876938985,44.570837642192345,54.84084880636605,7.213866938567423,0.0,Santo Domingo Jalieza,16.869513055555554,-96.62923527777777
20531,Oaxaca,Santo Tomás Mazaltepec,2612,11.0260336906585,8.42,23.564064801178205,27.098674521354933,64.62058965683906,13.284839203675345,0.0,Santo Tomás Mazaltepec,17.173526666666667,-96.87153333333333
20532,Oaxaca,Santo Tomás Ocotepec,4066,8.903098868666994,6.43,15.289648622981955,5.698005698005698,21.761491481838636,12.96114117068372,0.0,Diecinueve de Abril,17.134724444444444,-97.7808111111111
20533,Oaxaca,Santo Tomás Tamazulapan,2726,11.335289801907557,7.24,35.120643431635386,37.66756032171582,53.04307116104869,9.611151870873075,0.0,Santo Tomás Tamazulapan,16.272034444444444,-96.58582888888888
20534,Oaxaca,San Vicente Coatlán,3512,10.791571753986332,5.23,26.47754137115839,2.955082742316785,30.424971793907485,0.39863325740318906,0.0,San Vicente Coatlán,16.386885555555555,-96.84495416666667
20535,Oaxaca,San Vicente Lachixío,3227,12.116516888751162,6.44,14.94413407821229,2.2346368715083798,37.29593972373378,3.2228075612023552,0.0,Ejido el Rincón,16.63472722222222,-97.04015444444444
20536,Oaxaca,San Vicente Nuñú,449,8.68596881959911,7.18,19.867549668874172,6.622516556291391,61.394101876675606,9.57683741648107,0.0,San Vicente Nuñú,17.456760833333334,-97.44228361111111
20537,Oaxaca,Silacayoápam,6710,9.493293591654247,6.52,29.818181818181817,6.753246753246753,49.14004914004914,9.865871833084947,0.0,Silacayoápam,17.50144722222222,-98.14258527777778
20538,Oaxaca,Sitio de Xitlapehua,713,12.622720897615709,6.65,30.541871921182267,3.9408866995073892,53.80434782608695,4.207573632538569,0.0,Sitio de Xitlapehua,16.351036111111114,-96.53260305555555
20539,Oaxaca,Soledad Etla,6348,11.846250787649653,9.68,36.90832834032355,35.53025763930497,62.16741114779569,29.615626969124133,0.0,Soledad Etla,17.17168416666667,-96.82075694444444
20540,Oaxaca,Villa de Tamazulápam del Progreso,8326,12.995435983665626,9.69,39.3640841916704,32.870577698163906,61.91776665149446,34.54239730963248,0.0,Villa de Tamazulápam del Progreso,17.67306277777778,-97.57284805555555
20541,Oaxaca,Tanetze de Zaragoza,1558,8.664955070603337,7.27,8.41683366733467,9.819639278557114,54.860587792012055,12.195121951219512,0.0,Tanetze de Zaragoza,17.376733055555555,-96.30223611111111
20542,Oaxaca,Taniche,887,10.372040586245772,6.25,21.2,8.8,50.842696629213485,1.8038331454340473,0.0,Taniche,16.566964444444444,-96.75358138888889
20543,Oaxaca,Tataltepec de Valdés,6386,13.279047917319136,6.32,7.664009809932557,3.004291845493562,50.010541851149064,3.178828687754463,0.0,Santa Cruz Tepenixtlahuaca,16.293125000000003,-97.49246972222222
20544,Oaxaca,Teococuilco de Marcos Pérez,1032,8.333333333333334,6.83,25.33783783783784,21.283783783783782,48.96214896214896,3.488372093023256,0.0,Teococuilco de Marcos Pérez,17.35198916666667,-96.61494444444443
20545,Oaxaca,Teotitlán de Flores Magón,10099,11.060501039706901,9.49,22.920517560073936,39.00184842883549,59.765373211293024,26.59669274185563,0.0,Teotitlán de Flores Magón,18.132334444444446,-97.07070416666666
20546,Oaxaca,Teotitlán del Valle,6392,9.77784730913642,7.53,39.256198347107436,47.52066115702479,68.85890949971895,8.96433041301627,0.0,Teotitlán del Valle,17.029579444444444,-96.51894861111111
20547,Oaxaca,Teotongo,1005,7.7611940298507465,7.48,31.5625,8.4375,55.99505562422744,9.751243781094526,0.0,Teotongo,17.726323333333333,-97.5367125
20548,Oaxaca,Tepelmeme Villa de Morelos,1960,9.948979591836734,6.92,26.289517470881865,25.79034941763727,59.19463087248322,6.224489795918367,0.0,Tepelmeme Villa de Morelos,17.874806111111113,-97.36219805555555
20549,Oaxaca,"Heroica Villa Tezoatlán de Segura y Luna, Cuna de la Independencia de Oaxaca",11465,10.588748364587875,6.19,23.07459066100667,7.580351728320194,63.30234617087207,7.919755778456171,0.0,Yucuquimi de Ocampo,17.583567777777777,-97.88206666666666
20550,Oaxaca,San Jerónimo Tlacochahuaya,5764,9.559333795975018,8.53,29.942418426103647,40.81893793985925,62.79464854533871,21.478140180430255,0.0,Macuilxóchitl de Artigas Carranza,17.015523055555555,-96.5410111111111
20551,Oaxaca,Tlacolula de Matamoros,30254,10.064784821841739,9.19,31.701771182383915,39.03781713738631,64.08358911827776,34.41197858134461,50.56521451708865,Tlacolula de Matamoros,16.955623888888887,-96.479215
20552,Oaxaca,Tlacotepec Plumas,410,8.048780487804878,6.95,11.594202898550725,5.072463768115942,53.00859598853868,6.585365853658536,0.0,Tlacotepec Plumas,17.850777222222224,-97.43282916666666
20553,Oaxaca,Tlalixtac de Cabrera,12067,11.56045413110135,9.69,44.83643361128929,54.36177036561899,66.61824219155339,26.06281594431093,0.0,Tlalixtac de Cabrera,17.074484444444444,-96.64841694444445
20554,Oaxaca,Totontepec Villa de Morelos,5904,8.739837398373984,5.96,8.36627140974967,8.563899868247693,46.25028493275587,3.0149051490514904,0.0,Totontepec Villa de Morelos,17.258633888888887,-96.02735472222223
20555,Oaxaca,Trinidad Zaachila,3419,11.611582334015795,7.9,25.414364640883978,36.13259668508287,51.54714233709501,13.922199473530272,0.0,Trinidad Zaachila,16.921227222222225,-96.76534333333333
20556,Oaxaca,La Trinidad Vista Hermosa,306,6.5359477124183005,7.51,37.362637362637365,58.24175824175824,42.67782426778243,6.5359477124183005,0.0,La Trinidad Vista Hermosa,17.772630277777775,-97.50575138888888
20557,Oaxaca,Unión Hidalgo,14542,9.881721908953377,9.25,21.073605250820442,36.45100796999531,55.292537564005706,31.329940860954476,0.0,Unión Hidalgo,16.472823888888886,-94.82893888888889
20558,Oaxaca,Valerio Trujano,1376,9.375,7.86,13.625866050808314,17.551963048498845,48.24868651488617,15.915697674418604,0.0,Valerio Trujano,17.771714444444445,-96.98022083333333
20559,Oaxaca,San Juan Bautista Valle Nacional,23067,10.426149911128451,7.56,16.509042641446822,23.278579724572754,58.62643773962327,8.926171587115793,0.0,San Juan Bautista Valle Nacional,17.774953333333332,-96.30404472222222
20560,Oaxaca,Villa Díaz Ordaz,6467,9.355187876913561,6.24,18.14516129032258,21.025345622119815,62.33295150820924,4.020411319004175,0.0,San Miguel del Valle,17.018867222222223,-96.41911388888889
20561,Oaxaca,Yaxe,2954,12.830060934326337,7.28,9.420289855072463,15.942028985507246,49.163449163449165,6.939742721733243,0.0,Yaxe,16.725126666666664,-96.47247861111111
20562,Oaxaca,Magdalena Yodocono de Porfirio Díaz,1682,10.344827586206897,7.99,24.312896405919663,21.56448202959831,55.446293494704996,9.750297265160523,0.0,Magdalena Yodocono de Porfirio Díaz,17.38509388888889,-97.3549761111111
20563,Oaxaca,Yogana,1245,9.076305220883533,4.43,28.496042216358838,13.192612137203167,31.6147859922179,0.8835341365461847,0.0,Yogana,16.46121388888889,-96.78855444444444
20564,Oaxaca,Yutanduchi de Guerrero,1195,6.108786610878661,6.29,7.712082262210797,12.853470437017995,51.54419595314164,3.096234309623431,0.0,Yutanduchi de Guerrero,17.03945527777778,-97.29749888888888
20565,Oaxaca,Villa de Zaachila,46464,12.157799586776859,9.15,29.302168021680217,29.649390243902438,66.7036349017107,23.846418732782368,70.37276170798899,Villa de Zaachila,16.950717777777776,-96.75058833333334
20566,Oaxaca,San Mateo Yucutindoo,3144,10.687022900763358,6.25,14.794215795328142,15.350389321468299,37.82426778242678,3.3396946564885495,0.0,San Mateo Yucutindoo,16.7368175,-97.48313138888889
20567,Oaxaca,Zapotitlán Lagunas,3382,10.467179183914844,5.25,34.518348623853214,14.908256880733944,40.95427435387674,2.4541691306918985,0.0,Zapotitlán Lagunas,17.755475833333332,-98.38957472222224
20568,Oaxaca,Zapotitlán Palmas,1695,9.616519174041297,6.31,36.68032786885246,20.69672131147541,50.27068832173241,7.1386430678466075,0.0,Zapotitlán Palmas,17.88986277777778,-97.81814805555555
20569,Oaxaca,Santa Inés de Zaragoza,1454,6.121045392022008,6.49,12.31732776617954,5.845511482254698,38.07017543859649,5.15818431911967,0.0,Santa Inés de Zaragoza,17.228501388888887,-97.15922388888889
20570,Oaxaca,Zimatlán de Álvarez,22093,11.03969583125877,8.65,30.25238744884038,26.05729877216917,65.77416940173893,17.856334585615354,0.0,Zimatlán de Álvarez,16.86668611111111,-96.78563305555555
21001,Puebla,Acajete,72894,12.940708425933547,7.54,31.36739787206095,22.527256009457506,59.563292563967885,9.875984305978545,0.0,Acajete,19.10494027777778,-97.952715
21002,Puebla,Acateno,9170,10.774263904034896,7.18,23.745691306013022,7.506702412868632,57.7354874041621,15.616139585605234,0.0,San José Acateno,20.129905277777777,-97.21040361111112
21003,Puebla,Acatlán,37955,11.200105387959425,8.72,29.868084268556803,22.62256349675133,60.71952259164535,16.846265314187853,50.95771308128047,Acatlán de Osorio,18.202301388888888,-98.04860583333333
21004,Puebla,Acatzingo,63743,13.566979903675698,7.72,34.86578674180632,19.00489396411093,63.12278150793311,4.930737492744301,49.57250207865962,Acatzingo de Hidalgo,18.979454999999998,-97.78545972222221
21005,Puebla,Acteopan,3070,12.247557003257329,6.33,20.352941176470587,2.4705882352941178,67.0364500792393,0.9771986970684039,0.0,Acteopan,18.76502027777778,-98.71529138888889
21006,Puebla,Ahuacatlán,14542,11.532113877045798,6.06,8.37222069722756,9.11336810321164,61.09403254972875,5.707605556319626,0.0,Tlacotepec (San Mateo),20.061779444444443,-97.84948861111111
21007,Puebla,Ahuatlán,3162,7.7798861480075905,6.13,25.982256020278832,4.309252217997465,36.37894736842105,1.0120177103099304,0.0,Ahuatlán,18.57301111111111,-98.25523
21008,Puebla,Ahuazotepec,11439,10.770172217851211,8.44,45.13153399385036,28.629996583532627,53.669197147458014,14.074656875601015,0.0,Ahuazotepec,20.04604666666667,-98.16234750000001
21009,Puebla,Ahuehuetitla,2207,9.379247847757137,7.24,37.27714748784441,5.510534846029174,41.16597263533611,6.9777979157227,0.0,Ahuehuetitla,18.2107675,-98.22135527777777
21010,Puebla,Ajalpan,74768,13.959180398031243,6.63,16.545746388443018,18.683788121990368,73.6793343990699,8.593248448534132,42.391129895142306,Ciudad de Ajalpan,18.377536666666668,-97.25830444444445
21011,Puebla,Albino Zertuche,1885,9.708222811671087,6.52,20.743639921722114,28.180039138943247,28.37370242214533,1.0079575596816976,0.0,Acaxtlahuacán de Albino Zertuche,18.017277222222223,-98.54015888888888
21012,Puebla,Aljojuca,6591,10.650887573964496,7.57,30.89097303634232,15.59202813599062,50.84033613445378,8.906084054013048,0.0,Aljojuca,19.10040638888889,-97.53133527777777
21013,Puebla,Altepexi,22629,12.183481373458836,6.92,27.14346349745331,34.52886247877759,70.41587356520736,13.20871448141765,94.15793892792435,Altepexi,18.366766944444446,-97.29917972222222
21014,Puebla,Amixtlán,4812,10.972568578553616,6.18,6.65680473372781,7.914201183431953,41.332982086406744,7.29426433915212,0.0,Amixtlán,20.049436944444444,-97.79891694444444
21015,Puebla,Amozoc,125876,12.946073914010613,9.27,34.149121418394806,44.30900744024062,61.72206615129083,36.05770758524262,75.72690584384632,Amozoc de Mota,19.04461277777778,-98.04491694444444
21016,Puebla,Aquixtla,9021,11.074160292650483,7.21,35.327177840224806,21.67804094741068,60.255109436150164,5.143553929719543,0.0,El Terrero,19.786841944444447,-97.95361
21017,Puebla,Atempan,29742,12.985004370923274,7.7,23.493714781100998,14.029764484901026,65.24212634261788,10.113644005110618,0.0,Atempan,19.8399,-97.45927861111112
21018,Puebla,Atexcal,3859,9.587976159626846,7.2,21.299638989169676,17.870036101083034,41.69491525423729,15.651723244363826,0.0,San Martín Atexcal,18.398350833333332,-97.73681694444444
21019,Puebla,Atlixco,141793,12.199473880939115,9.39,38.62880259760998,46.272589359380405,66.34025725941068,28.39914523283942,62.98900509898232,Atlixco,18.90884833333333,-98.4341675
21020,Puebla,Atoyatempan,7704,13.14901349948079,7.86,30.983606557377048,21.74863387978142,62.07608882768118,2.9335410176531673,0.0,Atoyatempan,18.822566944444443,-97.91374972222222
21021,Puebla,Atzala,1512,12.367724867724867,8.17,32.83582089552239,39.0547263681592,50.809889173060526,28.43915343915344,0.0,Atzala,18.54482,-98.55427583333334
21022,Puebla,Atzitzihuacán,12857,11.962355137279303,6.75,27.46370095767686,14.025332097621254,59.2792976725194,4.837831531461461,0.0,San Juan Amecac,18.834315277777776,-98.65829472222222
21023,Puebla,Atzitzintla,9051,12.473759805546349,6.5,32.77270543008169,9.514656415185007,57.13193701268919,2.441719147055574,0.0,Atzitzintla,18.897381944444444,-97.32738777777777
21024,Puebla,Axutla,976,9.938524590163935,6.15,35.333333333333336,3.3333333333333335,46.592317224287484,26.12704918032787,0.0,Axutla,18.18855388888889,-98.38940333333333
21025,Puebla,Ayotoxco de Guerrero,8208,10.53849902534113,7.79,17.38567730802416,9.1458153580673,61.864139020537124,8.223684210526315,0.0,Ayotoxco de Guerrero,20.097159444444443,-97.41052361111112
21026,Puebla,Calpan,15271,12.553205422041778,7.48,34.93340732519423,37.12541620421754,62.45852687458527,6.024490865038308,0.0,San Andrés Calpan,19.107938055555557,-98.45923916666666
21027,Puebla,Caltepec,4128,8.042635658914728,6.65,14.779116465863455,19.116465863453815,53.881002718212024,6.395348837209302,0.0,San Luis Atolotitlán (Atolotitlán),18.18811388888889,-97.4237663888889
21028,Puebla,Camocuautla,2758,13.052936910804931,6.07,2.4861878453038675,3.314917127071823,44.62264150943396,1.704133430021755,0.0,Camocuautla,20.038487777777778,-97.75772694444444
21029,Puebla,Caxhuacan,3811,10.75833114668066,7.71,9.548793284365162,15.84470094438615,47.273936170212764,22.251377591183417,0.0,Caxhuacan,20.063958055555556,-97.60661722222221
21030,Puebla,Coatepec,772,11.528497409326425,6.63,9.821428571428571,29.017857142857142,44.46280991735537,4.7927461139896375,0.0,Coatepec,20.062145,-97.73226611111112
21031,Puebla,Coatzingo,2820,9.25531914893617,5.81,32.233502538071065,9.137055837563452,41.39685476410731,0.8156028368794326,0.0,Coatzingo,18.615143333333336,-98.1742163888889
21032,Puebla,Cohetzala,1382,7.88712011577424,6.57,23.444976076555022,17.22488038277512,36.230558096980786,3.979739507959479,0.0,Santa Mónica,18.209176666666664,-98.80349305555555
21033,Puebla,Cohuecan,5403,10.08698870997594,7.85,35.58692421991085,8.395245170876672,50.692588092345076,3.3870072182121045,0.0,Cohuecan,18.783205,-98.7204888888889
21034,Puebla,Coronango,46836,12.853360662738064,9.8,49.45240851215386,47.92983705814264,62.94825113097208,25.286104705781877,69.90349303954223,Santa María Coronango,19.13110222222222,-98.30807361111111
21035,Puebla,Coxcatlán,20653,11.489856195225876,8.35,22.026947861745754,26.479203280609255,57.48488214241639,23.570425604028472,0.0,Coxcatlán,18.266533055555556,-97.14711305555556
21036,Puebla,Coyomeapan,14806,10.522761042820479,5.38,8.376214979988564,5.4030874785591765,38.245845921450154,1.1616912062677294,0.0,Tlixco (Sección Tercera),18.27414361111111,-96.99855277777777
21037,Puebla,Coyotepec,2334,8.868894601542417,7.63,31.770833333333332,19.791666666666668,44.380554103502355,27.59211653813196,0.0,San Vicente Coyotepec,18.40441583333333,-97.83077999999999
21038,Puebla,Cuapiaxtla de Madero,10542,13.39404287611459,7.72,38.985200845665965,20.29598308668076,61.96430897485997,3.3959400493265037,0.0,Cuapiaxtla de Madero,18.916873333333335,-97.82529749999999
21039,Puebla,Cuautempan,9837,10.978956999085087,7.13,12.242042672263029,6.3658621895767755,64.37934724451578,5.062519060689235,0.0,San Esteban Cuautempan,19.912638333333334,-97.79624111111112
21040,Puebla,Cuautinchán,12340,13.33063209076175,7.63,32.36101578586136,12.69732326698696,64.30594900849859,9.294975688816855,0.0,San Jerónimo Almoloya,18.940606111111112,-98.01162583333333
21041,Puebla,Cuautlancingo,137435,11.519627460253938,11.32,48.61708069255239,62.361283116000095,64.68161500031734,58.795066758831446,84.86484519954888,San Juan Cuautlancingo,19.089346944444443,-98.27331
21042,Puebla,Cuayuca de Andrade,3315,9.321266968325792,6.62,24.105263157894736,8.421052631578947,26.926070038910506,4.6455505279034695,0.0,San Pedro Cuayuca,18.486664722222223,-98.18386444444445
21043,Puebla,Cuetzalan del Progreso,49864,11.405021658912242,7.47,9.55207344096233,10.224754669199113,70.72672515385622,7.382079255575165,0.0,Ciudad de Cuetzalan,20.018520277777778,-97.52077055555556
21044,Puebla,Cuyoaco,17139,11.400898535503822,7.93,32.91940589237887,21.207694180667154,55.707692307692305,9.9188984188109,0.0,San Andrés Payuca,19.525262777777776,-97.61762777777777
21045,Puebla,Chalchicomula de Sesma,47410,11.634676228643746,8.36,27.304540798907478,25.597473540457493,58.70969492997503,14.165787808479223,53.71862476270829,Ciudad Serdán,18.98826,-97.44849583333334
21046,Puebla,Chapulco,8193,13.023312583913096,7.55,26.096033402922757,31.941544885177453,61.01583113456464,17.649212742585135,0.0,Chapulco,18.620488055555555,-97.41116722222223
21047,Puebla,Chiautla,21699,11.281625881377021,8.24,29.302086897023607,25.196715703044816,54.70237039664243,20.46638093921379,0.0,Ciudad de Chiautla de Tapia,18.299651111111114,-98.6027811111111
21048,Puebla,Chiautzingo,22039,13.004219792186579,8.53,38.696781930841496,32.78033180091945,66.20302729238502,15.30014973456146,0.0,San Lorenzo Chiautzingo,19.202914444444446,-98.46825916666667
21049,Puebla,Chiconcuautla,17382,13.675066160395811,5.59,8.357843137254902,1.6911764705882353,74.12482179629336,3.3080197905879647,0.0,Chiconcuautla,20.0947675,-97.93962555555557
21050,Puebla,Chichiquila,26928,14.100564468211527,5.78,13.933345885897195,7.776313311993975,63.01446333417914,3.3682412358882945,0.0,Chichiquila,19.2002575,-97.06770999999999
21051,Puebla,Chietla,37030,10.799351876856603,7.86,31.766312298839363,33.69745440358919,54.800636854492595,35.962732919254655,0.0,Atencingo,18.51189111111111,-98.6073286111111
21052,Puebla,Chigmecatitlán,1215,9.465020576131687,6.35,7.792207792207792,20.25974025974026,50.767754318618046,1.5637860082304527,0.0,Chigmecatitlán,18.645566111111112,-98.0756211111111
21053,Puebla,Chignahuapan,66464,11.320414058738566,8.02,45.21282798833819,23.393586005830905,64.10454105134136,12.185544053923929,34.4607607125662,Ciudad de Chignahuapan,19.83822333333333,-98.03097527777777
21054,Puebla,Chignautla,35223,13.44292081878318,7.4,16.05095541401274,15.681528662420382,66.63092594010875,15.620475257644152,0.0,Chignautla,19.813911944444445,-97.38958972222223
21055,Puebla,Chila,5082,10.999606454151909,7.31,27.680448493342677,16.608269096005607,38.0746761493523,5.6080283353010625,0.0,Chila,17.97001583333333,-97.86166027777777
21056,Puebla,Chila de la Sal,1317,9.41533788914199,6.1,21.830985915492956,21.12676056338028,41.52542372881356,2.809415337889142,0.0,Chila de la Sal,18.1091,-98.48432222222222
21057,Puebla,Honey,6687,10.094212651413189,6.64,37.55199049316696,16.93404634581105,54.74689977637731,6.3855241513384176,0.0,Chila de Juárez,20.278689999999997,-98.21298694444445
21058,Puebla,Chilchotla,21002,11.636986953623465,5.67,22.063565177337633,10.732381391064026,52.66351090072671,3.556804113893915,0.0,Rafael J. García,19.255201944444444,-97.18389333333333
21059,Puebla,Chinantla,2846,10.50597329585383,7.4,30.83645443196005,19.350811485642947,47.732478240952815,6.9571328179901615,0.0,Chinantla,18.200502222222223,-98.26316388888888
21060,Puebla,Domingo Arenas,7982,14.607867702330243,7.44,31.34087237479806,32.364028002154015,62.69133725820017,7.567025808068153,0.0,Domingo Arenas,19.14202861111111,-98.45750916666667
21061,Puebla,Eloxochitlán,14461,13.588271903741097,5.57,4.1246290801186944,5.8753709198813056,45.27536778574123,0.864393887006431,0.0,Eloxochitlán,18.498946944444445,-96.95483722222222
21062,Puebla,Epatlán,4943,10.560388428080113,7.54,29.044394281414597,25.959367945823928,50.48671402262563,15.253894396115719,0.0,San Juan Epatlán,18.641786666666665,-98.37078888888888
21063,Puebla,Esperanza,14766,11.783827712312068,7.91,30.421849648458625,19.064359113034072,57.39650249821556,13.625897331707979,0.0,Esperanza,18.858356944444445,-97.37512638888889
21064,Puebla,Francisco Z. Mena,17824,8.791517055655296,7.42,26.319921491658487,17.134445534838076,63.32836138930322,5.133527827648115,0.0,Metlaltoyuca,20.733694166666666,-97.8521375
21065,Puebla,General Felipe Ángeles,22694,12.14858552921477,6.81,27.601809954751133,13.461538461538462,64.77649006622516,4.807438089362827,0.0,Santa Úrsula Chiconquiac,19.013256666666667,-97.6759213888889
21066,Puebla,Guadalupe,6451,11.207564718648271,6.42,31.98707592891761,6.515885837372106,43.208895949166006,2.433731204464424,0.0,Guadalupe,18.09146722222222,-98.12042138888889
21067,Puebla,Guadalupe Victoria,18784,12.627768313458262,7.45,32.74941251869259,20.700704977568897,61.405473507384336,7.059199318568995,0.0,Guadalupe Victoria,19.289786388888892,-97.34269555555555
21068,Puebla,Hermenegildo Galeana,7011,8.087291399229782,5.58,4.3086172344689375,13.226452905811623,55.710565476190474,4.364569961489089,0.0,Bienvenido,20.12173361111111,-97.74462083333333
21069,Puebla,Huaquechula,29233,12.499572401053603,6.99,30.729957223678763,23.14060990754795,63.45774268795981,6.249786200526802,0.0,Cacaloxúchitl,18.786795555555557,-98.48634611111112
21070,Puebla,Huatlatlauca,6111,9.900180003272787,5.91,25.042301184433164,13.931190073322053,55.76571079926784,5.972835869743086,0.0,Tepetzitzintla,18.686382777777776,-98.07573472222222
21071,Puebla,Huauchinango,103946,11.580051180420604,9.1,29.664551223934723,32.59836808703536,62.98745041291385,19.868008388971198,56.71887326111635,Huauchinango,20.17469777777778,-98.05134
21072,Puebla,Huehuetla,17082,10.285680833626039,5.89,4.640489546149923,5.5328913819479855,46.031025349981086,4.817937009717832,0.0,Cinco de Mayo,20.131570833333335,-97.6310675
21073,Puebla,Huehuetlán el Chico,9760,10.061475409836065,7.39,22.38689547581903,19.110764430577223,46.895161290322584,7.899590163934426,0.0,Huehuetlán el Chico,18.373166944444446,-98.68794805555557
21074,Puebla,Huejotzingo,90794,12.588937594995263,9.78,38.261716157011996,44.13417710315529,67.25057229386756,29.1450976936802,52.29200167411943,Huejotzingo,19.158994166666666,-98.40813111111112
21075,Puebla,Hueyapan,13080,12.31651376146789,7.95,8.548828719196836,6.662610282932765,66.64618535586277,7.821100917431193,0.0,Hueyapan,19.882558055555556,-97.44586277777778
21076,Puebla,Hueytamalco,27600,11.235507246376812,7.17,20.62904717853839,13.26813796749042,64.2499768368387,10.003623188405797,0.0,Hueytamalco,19.93947888888889,-97.28904083333333
21077,Puebla,Hueytlalpan,5951,12.586119979835322,5.74,3.3379694019471486,25.938803894297635,43.966623876765084,1.8316249369853805,0.0,Hueytlalpan,20.02573333333333,-97.69867833333333
21078,Puebla,Huitzilan de Serdán,15928,14.339527875439478,5.69,4.028556858745538,18.91891891891892,57.01649940466066,1.6197890507282773,0.0,Huitzilan,19.96621222222222,-97.69365916666668
21079,Puebla,Huitziltepec,5782,10.636457973019716,8.4,37.484116899618805,25.47649301143583,57.5580085604866,7.454168107921134,0.0,Santa Clara Huitziltepec,18.769415555555554,-97.88083333333333
21080,Puebla,Atlequizayan,2633,10.482339536650208,6.05,2.511078286558346,3.2496307237813884,40.103920642418515,2.886441321686289,0.0,Atlequizayan,20.0140075,-97.62408611111111
21081,Puebla,Ixcamilpa de Guerrero,4065,10.92250922509225,6.25,18.982742960944595,16.167120799273388,29.932192444300938,2.902829028290283,0.0,Ixcamilpa,18.02704333333333,-98.69657305555556
21082,Puebla,Ixcaquixtla,8804,11.222171740118128,9.15,35.10726072607261,27.64026402640264,62.12809614539059,18.661971830985916,0.0,San Juan Ixcaquixtla,18.460095555555554,-97.8323475
21083,Puebla,Ixtacamaxtitlán,25319,10.186026304356412,7.03,31.06131341425459,7.936507936507937,64.48482345653521,6.5444922785260085,0.0,La Unión Ejido Mexcaltepec,19.60834861111111,-97.711285
21084,Puebla,Ixtepec,6950,11.553956834532373,5.8,4.844290657439446,11.707035755478662,51.03796521413877,4.618705035971223,0.0,Ixtepec,20.024936666666665,-97.64677944444445
21085,Puebla,Izúcar de Matamoros,82809,11.574828822954027,8.89,32.996539792387544,37.97923875432526,61.18509487636375,27.30500307937543,59.87030395246894,Izúcar de Matamoros,18.602231111111113,-98.4654063888889
21086,Puebla,Jalpan,12050,9.493775933609959,7.06,13.120674089678001,20.373156786036713,54.88387236813545,4.340248962655601,0.0,Apapantilla,20.404957222222222,-97.84500638888889
21087,Puebla,Jolalpan,13308,11.09107303877367,6.16,16.406480117820323,7.2459499263622975,47.660243806527724,1.2774271115118725,0.0,Jolalpan,18.320516666666666,-98.8442975
21088,Puebla,Jonotla,4457,9.468252187570114,7.19,9.527498063516655,10.224632068164214,48.18234275822274,7.202153915189589,0.0,Jonotla,20.030380277777777,-97.57490472222221
21089,Puebla,Jopala,12131,10.180529222652709,6.18,5.426599749058971,5.395232120451694,52.15694775634078,5.102629626576539,0.0,Chicontla,20.244568333333333,-97.83076361111111
21090,Puebla,Juan C. Bonilla,23783,11.928688559054788,9.5,41.939890710382514,44.006147540983605,63.89591814280999,26.729176302400873,0.0,Santa María Zacatepec,19.12244138888889,-98.36590666666666
21091,Puebla,Juan Galindo,9828,10.083435083435084,9.6,36.97359029264811,43.96859386152748,56.14550095724314,37.61701261701262,0.0,Nuevo Necaxa,20.212083055555556,-98.00214194444445
21092,Puebla,Juan N. Méndez,5293,10.598904213111657,6.38,24.779959377115777,13.270142180094787,48.767605633802816,3.2495749102588323,0.0,Atenayuca,18.540004444444445,-97.77229
21093,Puebla,Lafragua,7650,9.751633986928105,6.39,34.55012853470437,7.969151670951157,48.0,4.666666666666667,0.0,González Ortega,19.341545,-97.26911138888889
21094,Puebla,Libres,37257,11.938696083957376,8.65,34.31721987079528,27.13299175762976,62.319356446216275,11.76154816544542,48.60831521593258,Ciudad de Libres,19.4647325,-97.68772611111112
21095,Puebla,La Magdalena Tlatlauquitepec,650,9.076923076923077,8.89,42.01183431952663,17.159763313609467,44.4,2.923076923076923,0.0,La Magdalena Tlatlauquitepec,18.75852,-98.10070055555555
21096,Puebla,Mazapiltepec de Juárez,3176,11.712846347607053,8.0,30.4798962386511,36.4461738002594,50.86490939044481,8.154911838790932,0.0,Mazapiltepec de Juárez,19.119264166666667,-97.7035013888889
21097,Puebla,Mixtla,2668,11.431784107946028,9.42,48.792270531400966,37.84219001610306,49.21875,14.055472263868065,0.0,San Francisco Mixtla,18.903080555555555,-97.89548722222223
21098,Puebla,Molcaxac,6668,11.127774445110978,7.71,30.98745226404801,21.76759410801964,51.778425655976676,7.0935812837432515,0.0,Molcaxac,18.73790138888889,-97.91185944444445
21099,Puebla,Cañada Morelos,20659,12.319086112590155,6.73,34.43645990922844,12.613464447806354,61.25065070275898,7.6286364296432545,0.0,San José Ixtapa,18.71515527777778,-97.45742944444444
21100,Puebla,Naupan,9310,9.645542427497315,6.27,8.29103214890017,7.233502538071066,73.24586423274387,3.64124597207304,0.0,Naupan,20.228471944444443,-98.10973305555555
21101,Puebla,Nauzontla,3317,9.737714802532409,7.09,10.040567951318458,7.302231237322515,43.73343430518743,7.627374133252939,0.0,Nauzontla,19.959037777777777,-97.60311972222222
21102,Puebla,Nealtican,14075,13.591474245115453,7.75,38.38802166294998,37.40044600191143,65.11273903529636,1.8898756660746003,0.0,San Buenaventura Nealtican,19.05094666666667,-98.42773027777778
21103,Puebla,Nicolás Bravo,6644,12.22155328115593,7.18,27.566539923954373,26.425855513307983,56.40821207893163,13.56110776640578,0.0,Azumbilla,18.642162222222222,-97.39799527777778
21104,Puebla,Nopalucan,32772,13.596973025753693,7.72,25.79529737206086,29.64038727524205,58.45892679695263,17.313560356401805,0.0,Santa María Ixtiyucan,19.18915888888889,-97.80954027777777
21105,Puebla,Ocotepec,5077,9.74985227496553,7.54,34.4903988183161,23.042836041358935,47.08141321044547,7.2877683671459526,0.0,Guadalupe Victoria,19.559691944444445,-97.65881444444445
21106,Puebla,Ocoyucan,42669,13.546134195786168,9.48,53.4195589466828,46.31990322880804,61.12226925810339,17.03344348355949,0.0,Lomas de Angelópolis,18.964751666666665,-98.29087333333334
21107,Puebla,Olintla,11993,9.947469357124989,5.21,2.951763858891289,4.607631389488841,39.458199178416784,2.4180772117068288,0.0,Olintla,20.10177777777778,-97.6847375
21108,Puebla,Oriental,19903,12.339848264080793,8.26,27.823691460055098,25.725789362152998,59.071589852570064,21.981610812440337,0.0,Oriental,19.3758025,-97.61935083333333
21109,Puebla,Pahuatlán,20274,10.61458025056723,6.85,11.285500747384155,9.678624813153961,68.59993348852677,5.9189109203906485,0.0,Ciudad de Pahuatlán de Valle,20.27572611111111,-98.14991027777778
21110,Puebla,Palmar de Bravo,50226,13.59455262214789,6.84,27.889634601043998,13.845389013174248,67.34151828061903,6.8490423286743916,0.0,San Miguel Xaltepec,18.873691666666666,-97.61546972222222
21111,Puebla,Pantepec,18528,8.608592400690846,6.78,14.291180409412664,13.392003061029271,58.51567322861651,10.92940414507772,0.0,Mecapalapa,20.527254444444445,-97.85727694444444
21112,Puebla,Petlalcingo,9350,10.427807486631016,6.72,20.967117988394584,9.671179883945841,52.2273845312927,3.871657754010695,0.0,Petlalcingo,18.08220138888889,-97.91784805555557
21113,Puebla,Piaxtla,4627,9.29327858223471,6.63,35.07779349363508,18.599717114568598,44.93773687060097,5.403068943159715,0.0,Piaxtla,18.198756111111113,-98.26014472222222
21114,Puebla,Puebla,1692181,12.712410788207645,11.16,45.132734098394295,63.86563067278883,62.21473407620067,49.162235009139096,93.046606716421,Heroica Puebla de Zaragoza,19.043989722222225,-98.19749472222223
21115,Puebla,Quecholac,57992,13.367361015312456,6.57,31.80099354934381,13.976421739452807,68.23979591836735,5.374879293695682,29.950682852807283,Palmarito Tochapan,18.902716666666667,-97.63485277777778
21116,Puebla,Quimixtlán,22855,11.835484576679063,5.87,25.730994152046783,12.969924812030076,63.17487369894698,3.1196674688252024,0.0,Quimixtlán,19.253261666666667,-97.1356775
21117,Puebla,Rafael Lara Grajales,15952,13.20210631895687,8.65,27.70142818647265,42.01023982753975,53.23119550158911,30.046389167502507,0.0,Ciudad de Rafael Lara Grajales,19.225384166666664,-97.80455083333334
21118,Puebla,Los Reyes de Juárez,30021,12.824356283934579,7.34,43.956381508216865,27.768391952081092,65.08781508781509,3.221078578328503,63.89860431031611,Los Reyes de Juárez,18.946788333333334,-97.8131036111111
21119,Puebla,San Andrés Cholula,154448,14.784263959390863,12.07,63.97964649169791,72.45357971790752,62.073894703952504,36.181756966746086,95.00414378949549,San Bernardino Tlaxcalancingo,19.029456944444444,-98.27570805555555
21120,Puebla,San Antonio Cañada,5938,13.35466487032671,6.2,11.65821868211441,6.7342505430847215,49.84134179510426,8.992926911417985,0.0,San Antonio Cañada,18.497338333333335,-97.29000138888888
21121,Puebla,San Diego la Mesa Tochimiltzingo,1270,11.5748031496063,6.03,30.494505494505493,11.813186813186814,43.17048853439681,1.2598425196850394,0.0,Tochimiltzingo,18.809586666666668,-98.33140305555555
21122,Puebla,San Felipe Teotlalcingo,11063,12.266112266112266,8.49,36.76414736042537,41.43562476262818,54.42240373395566,12.573443008225617,0.0,San Felipe Teotlalcingo,19.235724722222223,-98.49545472222222
21123,Puebla,San Felipe Tepatlán,3793,8.410229369891907,5.42,3.075489282385834,9.599254426840634,43.596824301001035,3.4010018455048776,0.0,Jojupango (San Miguel Jojupango),20.095983333333333,-97.77175805555555
21124,Puebla,San Gabriel Chilac,15954,11.87163093894948,7.38,23.517329910141207,29.293966623876766,61.52051488334674,8.555848063181648,0.0,San Gabriel Chilac,18.326273333333333,-97.34798166666666
21125,Puebla,San Gregorio Atzompa,9671,12.118705407920586,9.69,57.200321802091715,52.091713596138376,63.77077063980113,22.37617619687726,0.0,San Gregorio Atzompa,19.02668583333333,-98.34576555555554
21126,Puebla,San Jerónimo Tecuanipan,6597,12.217674700621494,7.86,36.351165980795614,20.781893004115226,64.0097600650671,7.503410641200546,0.0,San Jerónimo Tecuanipan,19.014411944444443,-98.40095694444445
21127,Puebla,San Jerónimo Xayacatlán,3606,8.12534664448142,7.21,23.50907519446845,17.718236819360413,46.58322056833559,12.174154187465335,0.0,San Jerónimo Xayacatlán,18.22126944444444,-97.91433722222223
21128,Puebla,San José Chiapa,10443,11.548405630565929,7.68,27.846584099081102,18.977227327207352,56.51051748612724,17.552427463372595,0.0,San José Chiapa,19.242070555555557,-97.76883333333333
21129,Puebla,San José Miahuatlán,14018,11.870452275645599,6.7,18.011894647408667,21.806853582554517,57.31528895391368,8.603224425738336,0.0,San José Miahuatlán,18.290238333333335,-97.287655
21130,Puebla,San Juan Atenco,3604,11.293007769145394,7.47,32.572614107883815,18.568464730290458,48.02101576182137,6.32630410654828,0.0,San Juan Atenco,19.089983888888888,-97.54084361111111
21131,Puebla,San Juan Atzompa,975,11.076923076923077,8.22,44.32234432234432,9.89010989010989,46.03174603174603,4.717948717948718,0.0,San Juan Atzompa,18.746093611111114,-98.024315
21132,Puebla,San Martín Texmelucan,155738,12.084398155877178,9.73,36.58383796199624,44.35424932136145,63.343299103080724,31.106730534615828,81.77387663897058,San Martín Texmelucan de Labastida,19.282908055555556,-98.43551555555555
21133,Puebla,San Martín Totoltepec,692,12.283236994219653,7.7,25.257731958762886,25.77319587628866,46.69117647058823,9.248554913294798,0.0,San Martín Totoltepec,18.649203333333332,-98.34640083333333
21134,Puebla,San Matías Tlalancaleca,20974,12.258033756078955,8.35,32.56310679611651,24.368932038834952,61.17193712153649,10.374749690092495,0.0,San Matías Tlalancaleca,19.324427222222223,-98.49816333333334
21135,Puebla,San Miguel Ixitlán,526,7.414448669201521,6.59,20.555555555555557,0.5555555555555556,49.327354260089685,3.041825095057034,0.0,San Miguel Ixitlán,17.999518055555555,-97.77342416666667
21136,Puebla,San Miguel Xoxtla,12461,12.767835647219325,10.0,37.41209563994374,49.472573839662445,54.92628368073208,47.676751464569456,0.0,San Miguel Xoxtla,19.16830277777778,-98.30969888888889
21137,Puebla,San Nicolás Buenos Aires,10464,11.343654434250764,6.62,26.704545454545453,17.288961038961038,54.634397528321315,7.607033639143731,0.0,Emilio Portes Gil,19.30675388888889,-97.51129277777778
21138,Puebla,San Nicolás de los Ranchos,11780,12.308998302207131,7.66,35.966578047854156,24.192935814660082,65.77377602701182,4.745331069609508,0.0,San Nicolás de los Ranchos,19.072589166666667,-98.48569694444444
21139,Puebla,San Pablo Anicano,3759,9.949454642192073,7.62,27.734375,15.72265625,46.542827657378744,6.70391061452514,0.0,San Pablo Anicano,18.124454444444446,-98.08403249999999
21140,Puebla,San Pedro Cholula,138433,12.229742908121619,10.94,54.817893470414525,64.22673083233074,63.9123057688873,37.81179343075712,88.5215230472503,Cholula de Rivadavia,19.062484166666668,-98.30750583333334
21141,Puebla,San Pedro Yeloixtlahuaca,3488,10.493119266055047,7.62,31.513409961685824,12.452107279693486,49.908391352143646,9.51834862385321,0.0,San Pedro Yeloixtlahuaca,18.117105000000002,-98.07809916666666
21142,Puebla,San Salvador el Seco,30639,11.566957146120957,7.45,22.858679575097486,25.050423557886244,60.938357031348886,11.230784294526584,64.12741930219654,San Salvador el Seco,19.13474527777778,-97.64274972222223
21143,Puebla,San Salvador el Verde,34880,12.66915137614679,9.04,33.459581015504796,34.34726003077287,58.16141338568095,19.928325688073393,0.0,San Lucas el Grande,19.30514972222222,-98.47933388888889
21144,Puebla,San Salvador Huixcolotla,16790,13.00774270399047,7.5,38.55555555555556,31.72222222222222,70.32196365954734,2.3168552709946395,0.0,San Salvador Huixcolotla,18.920609722222224,-97.77178944444444
21145,Puebla,San Sebastián Tlacotepec,13189,10.106907271210858,5.91,4.176829268292683,10.945121951219512,46.26926610186792,2.873606793540071,0.0,Tlacotepec de Porfirio Díaz,18.40464611111111,-96.85061027777778
21146,Puebla,Santa Catarina Tlaltempan,749,8.811748998664887,5.66,13.28125,16.796875,46.01910828025478,8.277703604806408,0.0,Santa Catarina Tlaltempan,18.614262500000002,-98.0799
21147,Puebla,Santa Inés Ahuatempan,6341,11.133890553540452,7.12,20.473307649972483,12.217941662080353,50.80072977903912,6.560479419649898,0.0,Santa Inés Ahuatempan,18.412717777777775,-98.01769555555555
21148,Puebla,Santa Isabel Cholula,11498,12.88050095668812,7.4,40.68382635420669,22.935074913561277,60.517302468406754,6.366324578187511,0.0,San Pablo Ahuatempa,18.98178944444444,-98.35752083333333
21149,Puebla,Santiago Miahuatlán,30309,13.652710416048038,7.59,20.987321284057188,24.656056110062046,65.49763033175356,26.965587779207496,54.19512356065855,Santiago Miahuatlán,18.55315527777778,-97.44185333333334
21150,Puebla,Huehuetlán el Grande,6105,10.4013104013104,6.43,20.560747663551403,3.3294392523364484,47.84668389319552,2.407862407862408,0.0,Santo Domingo Huehuetlán,18.738305555555556,-98.16791055555557
21151,Puebla,Santo Tomás Hueyotlipan,9315,12.163177670424048,8.87,44.45430346051464,25.820763087843833,55.8753667737879,8.126677402039721,0.0,Santo Tomás Hueyotlipan,18.891089166666667,-97.86723111111111
21152,Puebla,Soltepec,12631,11.360937376296414,7.4,38.89641164522681,16.553825321597834,55.60690080098583,10.735492043385323,0.0,Soltepec,19.119228055555556,-97.70844472222223
21153,Puebla,Tecali de Herrera,23625,11.691005291005292,8.77,35.52522057599467,23.1729648743133,60.151085930122754,13.591534391534392,0.0,Tecali de Herrera,18.9010325,-97.96913611111111
21154,Puebla,Tecamachalco,80771,12.672865261046663,8.74,34.3328335832084,34.34782608695652,63.486460427187005,15.702417947035446,38.77010313107427,Tecamachalco,18.884691666666665,-97.72841611111112
21155,Puebla,Tecomatlán,6830,20.219619326500734,8.54,27.335824879871865,22.63747997864389,47.62684124386252,16.339677891654464,0.0,Tecomatlán,18.110960277777778,-98.31437249999999
21156,Puebla,Tehuacán,327312,13.057877499144547,9.47,32.69834575190965,51.862786447349926,67.5486489728479,36.7282592755536,89.76908882045265,Tehuacán,18.462184444444443,-97.39199888888889
21157,Puebla,Tehuitzingo,12672,10.929608585858587,7.11,30.29325513196481,16.56891495601173,48.889571180022514,6.849747474747475,0.0,Tehuitzingo,18.331714166666668,-98.27612611111111
21158,Puebla,Tenampulco,6743,8.987097730980276,7.59,11.951807228915662,6.024096385542169,57.37138702054172,9.639626279104256,0.0,El Chacal,20.220608055555555,-97.46027694444444
21159,Puebla,Teopantlán,3836,8.706986444212722,4.79,16.623600344530576,9.21619293712317,38.44951547358549,1.0427528675703859,0.0,Teopantlán,18.713259444444443,-98.26237055555555
21160,Puebla,Teotlalco,3689,10.192464082407156,7.48,34.817012858555884,14.342235410484669,41.672547635850385,5.58416915153158,0.0,Teotlalco,18.469622777777776,-98.77826861111112
21161,Puebla,Tepanco de López,22218,13.079485102169413,8.08,35.0232891436761,30.956646363310643,62.31170505832014,27.22567287784679,0.0,San Bartolo Teontepec,18.48919027777778,-97.52451388888889
21162,Puebla,Tepango de Rodríguez,4155,11.335740072202166,5.92,8.61244019138756,3.444976076555024,44.545740333228544,2.2382671480144403,0.0,Tepango de Rodríguez,20.0028125,-97.79626999999999
21163,Puebla,Tepatlaxco de Hidalgo,18854,12.336904635621089,7.59,20.60546875,21.97265625,56.63157894736842,11.0798769491885,97.45412114140235,Tepatlaxco de Hidalgo,19.077302222222222,-97.96661694444445
21164,Puebla,Tepeaca,84270,12.847988608045569,8.64,39.902008291606094,28.503741991062295,64.8568576815222,13.0687077251691,34.55915509671295,Tepeaca,18.966132777777776,-97.90543444444445
21165,Puebla,Tepemaxalco,1216,12.417763157894736,6.0,32.95454545454545,1.1363636363636365,34.87064116985377,0.24671052631578946,0.0,San Felipe Tepemaxalco,18.735603333333334,-98.629055
21166,Puebla,Tepeojuma,8918,12.312177618300067,7.17,34.66135458167331,27.755644090305445,60.29262639432131,13.938102713612917,0.0,Tepeojuma,18.72244861111111,-98.45028861111112
21167,Puebla,Tepetzintla,10373,10.34416273016485,5.62,6.625097427903351,11.457521434138737,42.377260981912144,15.925961631157813,0.0,Tlamanca de Hernández,19.953408333333332,-97.81225722222221
21168,Puebla,Tepexco,7523,13.438787717665825,6.73,18.736017897091724,10.738255033557047,47.40121039515842,3.6022863219460324,0.0,Calmeca (San Juan Calmeca),18.63601472222222,-98.63456194444446
21169,Puebla,Tepexi de Rodríguez,22331,10.760825757915006,7.94,29.249466250615864,26.244046641484644,63.274107296877695,15.718060095830907,0.0,Tepexi de Rodríguez,18.581016944444443,-97.92619027777778
21170,Puebla,Tepeyahualco,19200,11.338541666666666,7.3,28.492686029255882,25.10069959720161,56.73390171206765,8.885416666666666,0.0,San José Alchichica,19.434391666666667,-97.3884638888889
21171,Puebla,Tepeyahualco de Cuauhtémoc,3851,11.010127239678006,8.59,38.98139079333986,35.84720861900098,57.25345001682935,9.374188522461699,0.0,Tepeyahualco de Cuauhtémoc,18.81314916666667,-97.8780286111111
21172,Puebla,Tetela de Ocampo,27216,10.133744855967079,7.56,23.95698367452708,16.377299818605856,65.1970070089032,8.531746031746032,0.0,Ciudad de Tetela de Ocampo,19.816758055555557,-97.80597222222222
21173,Puebla,Teteles de Avila Castillo,6653,16.879603186532393,10.66,35.84045584045584,35.66951566951567,56.11917782387328,30.151811212986622,0.0,Teteles de Ávila Castillo,19.85829,-97.4571525
21174,Puebla,Teziutlán,103583,12.479847079153915,9.58,26.988616276603267,38.05062575125504,65.38191076624636,39.68122182211367,60.67501423978838,Teziutlán,19.817990555555554,-97.3608775
21175,Puebla,Tianguismanalco,14432,13.012749445676276,7.78,31.98775055679287,28.062360801781736,71.1737004165912,13.774944567627495,0.0,Tianguismanalco,18.977758888888886,-98.44821916666668
21176,Puebla,Tilapa,9664,11.1341059602649,7.97,31.058282208588956,32.82208588957055,58.46174460672652,24.906870860927153,0.0,Tilapa,18.59158111111111,-98.55641
21177,Puebla,Tlacotepec de Benito Juárez,54757,11.978377193783443,6.89,30.208809632677944,16.346593507087334,68.47203762396482,9.047245101082966,0.0,San Marcos Tlacoyalco,18.671558055555558,-97.6049861111111
21178,Puebla,Tlacuilotepec,15977,8.881517180947613,6.42,8.209626630679262,18.26360773729195,62.41495204524961,3.993240282906678,0.0,Tlacuilotepec,20.32626527777778,-98.06890916666666
21179,Puebla,Tlachichuca,31639,12.516198362780113,7.52,25.894707751830868,13.099350559624154,59.320339830084954,5.891463067732861,0.0,Tlachichuca,19.115634722222225,-97.41911305555556
21180,Puebla,Tlahuapan,41547,12.511131971020772,8.1,29.617706237424546,18.812877263581488,58.568130790880055,12.034563265699088,0.0,Santa Rita Tlahuapan,19.330503611111112,-98.58239888888889
21181,Puebla,Tlaltenango,7425,12.121212121212121,8.64,29.18577981651376,29.472477064220183,50.74199892723047,23.13804713804714,0.0,Tlaltenango,19.170023333333333,-98.34431638888888
21182,Puebla,Tlanepantla,5390,13.506493506493506,8.24,36.096256684491976,33.065953654188945,51.67583791895948,3.1725417439703154,0.0,Tlanepantla,18.86536388888889,-97.88739694444445
21183,Puebla,Tlaola,20433,11.755493564332207,5.97,8.769476628046345,3.9552536955653217,68.54090150250417,4.64444770714041,0.0,Xaltepuxtla,20.17499,-97.97141222222223
21184,Puebla,Tlapacoya,6422,10.884459669884771,6.11,9.272300469483568,19.366197183098592,60.05515485787017,3.270009342883837,0.0,Tlamaya Grande,20.146927777777776,-97.80349694444445
21185,Puebla,Tlapanalá,10344,12.238979118329466,6.71,29.783889980353635,17.406679764243616,58.802083333333336,9.677107501933488,0.0,Tlapanalá,18.696144166666667,-98.53779444444444
21186,Puebla,Tlatlauquitepec,55576,11.035338995249749,8.57,26.872307906071974,17.55592608031124,65.29376135675348,16.861594933064634,0.0,Ciudad de Tlatlauquitepec,19.851329722222225,-97.49666972222222
21187,Puebla,Tlaxco,4934,8.492095662748277,6.54,9.79706088173548,21.06368089573128,63.303941908713696,4.681799756789623,0.0,Tlaxco,20.423815,-98.02864361111111
21188,Puebla,Tochimilco,19315,12.14082319440849,6.9,28.619316991410013,12.005028284098051,67.1299513551077,3.437742687030805,0.0,Tochimilco,18.892924444444443,-98.5721661111111
21189,Puebla,Tochtepec,22454,12.082479736349871,8.3,36.699321778447626,25.584024114544086,61.26290941280614,7.388438585552685,0.0,Tochtepec,18.840114166666666,-97.82574888888888
21190,Puebla,Totoltepec de Guerrero,1187,9.519797809604043,8.08,12.322274881516588,12.559241706161137,41.34020618556701,13.395113732097725,0.0,Totoltepec de Guerrero,18.22254111111111,-97.85513444444445
21191,Puebla,Tulcingo,9871,10.809441799209807,6.49,32.246506628448586,31.709064851307776,59.58256760304542,3.920575422956134,0.0,Tulcingo de Valle,18.045135833333337,-98.44130972222223
21192,Puebla,Tuzamapan de Galeana,5924,9.75692099932478,7.64,12.606060606060606,23.696969696969695,58.34548864346739,13.571910871033086,0.0,Tetelilla de Miguel Islas,20.077939999999998,-97.54907555555555
21193,Puebla,Tzicatlacoyan,6476,10.731933292155652,7.13,23.714285714285715,7.142857142857143,52.61359067149176,4.045707226683137,0.0,San Antonio Juárez,18.799863611111114,-97.98693972222222
21194,Puebla,Venustiano Carranza,28395,9.804543053354465,8.17,25.8646998982706,25.356052899287896,62.64965923742862,12.047895756295123,0.0,Ciudad de Lázaro Cárdenas,20.4631175,-97.70282194444445
21195,Puebla,Vicente Guerrero,26559,12.052411611882977,5.42,19.872760756738657,6.261510128913444,43.161476053389165,1.972965849617832,0.0,Santa María del Monte,18.537871666666668,-97.20245611111112
21196,Puebla,Xayacatlán de Bravo,1570,9.490445859872612,7.81,26.970954356846473,18.87966804979253,40.031771247021446,14.713375796178344,0.0,Xayacatlán de Bravo,18.23557638888889,-97.97553972222222
21197,Puebla,Xicotepec,80591,11.95046593292055,8.6,20.41584344717283,25.3786809671653,62.86180385062669,17.999528483329403,51.43874626198955,Xicotepec de Juárez,20.27605861111111,-97.95814361111111
21198,Puebla,Xicotlán,1312,11.128048780487806,6.54,18.67816091954023,6.896551724137931,31.386138613861387,38.109756097560975,0.0,Xicotlán,18.058743055555556,-98.52494944444445
21199,Puebla,Xiutetelco,42943,12.986982744568381,6.79,20.600121236613457,19.96362901596282,64.4454916745209,8.627715809328645,0.0,San Juan Xiutetelco,19.79606138888889,-97.32651777777778
21200,Puebla,Xochiapulco,3443,9.119953528899217,7.23,16.519174041297934,8.849557522123893,44.74354310658421,15.742085390647691,0.0,Cinco de Mayo,19.82121861111111,-97.65869944444445
21201,Puebla,Xochiltepec,3375,11.022222222222222,6.52,31.422018348623855,17.889908256880734,41.426344505066254,4.562962962962963,0.0,Ayotla,18.67050638888889,-98.37227194444444
21202,Puebla,Xochitlán de Vicente Suárez,13025,12.107485604606525,6.41,7.855251544571933,12.444836716681376,64.60822028750759,3.163147792706334,0.0,Zoatecpan,19.933569444444444,-97.62046694444444
21203,Puebla,Xochitlán Todos Santos,7178,12.482585678461968,7.0,23.882978723404257,16.170212765957448,50.32413409890721,7.27222067428253,0.0,Xochitlán,18.70549361111111,-97.77507694444445
21204,Puebla,Yaonáhuac,7926,11.380267474135756,9.3,20.83124687030546,16.124186279419128,60.61782306323791,23.353520060560182,0.0,Yaonáhuac,19.870895277777777,-97.46644611111111
21205,Puebla,Yehualtepec,26392,12.3370718399515,7.39,33.700980392156865,17.371323529411764,61.84490728717603,5.558502576538345,0.0,Yehualtepec,18.793291111111113,-97.66286972222223
21206,Puebla,Zacapala,4647,9.984936518183774,6.4,28.49462365591398,19.431643625192013,44.509006391632774,2.001291155584248,0.0,Zacapala,18.590619999999998,-98.06532861111111
21207,Puebla,Zacapoaxtla,57887,11.97159984106967,8.29,22.231991883665877,17.23368278660805,64.8719913458938,15.278041701936532,0.0,Zacapoaxtla,19.873036388888888,-97.5895536111111
21208,Puebla,Zacatlán,87361,11.521159327388652,9.01,36.07130373995106,27.018524991261796,66.56866988016534,15.395886036103066,44.874715261959,Zacatlán,19.932365,-97.96024444444444
21209,Puebla,Zapotitlán,8595,11.6695753344968,7.91,29.237472766884533,41.00217864923747,64.14289914730962,9.331006399069226,0.0,Zapotitlán Salinas,18.329708888888888,-97.47542083333333
21210,Puebla,Zapotitlán de Méndez,5675,10.94273127753304,7.48,6.936813186813187,14.423076923076923,52.87458379578246,5.726872246696035,0.0,Tuxtla,20.000757222222223,-97.65534027777778
21211,Puebla,Zaragoza,16752,11.765759312320917,9.85,36.35952003622368,30.337333031469324,59.050467863169196,25.334288443170966,0.0,Zaragoza,19.771435,-97.55564749999999
21212,Puebla,Zautla,20717,10.98131968914418,6.99,24.150650359153563,10.017472335468842,63.63927291346646,7.163199304918666,0.0,San Miguel Tenextatiloyan,19.710176944444445,-97.59505222222222
21213,Puebla,Zihuateutla,11967,10.930057658561044,6.57,8.097038437303087,4.158790170132325,60.984007107952024,4.997075290381884,0.0,La Unión,20.265290277777776,-97.8804461111111
21214,Puebla,Zinacatepec,18359,12.41897706846778,7.24,22.19196732471069,28.27320172452916,66.93207782316694,11.378615392995261,97.59790838280952,San Sebastián Zinacatepec,18.333268333333333,-97.24541305555556
21215,Puebla,Zongozotla,4539,10.905485789821547,6.74,5.0,6.293103448275862,47.31211553891415,15.069398545935227,0.0,Zongozotla,19.978638333333333,-97.72674166666667
21216,Puebla,Zoquiapan,2452,8.31973898858075,6.5,7.162162162162162,5.135135135135135,51.72591447707367,6.892332789559544,0.0,Zoquiapan,20.009838333333335,-97.5956425
21217,Puebla,Zoquitlán,20335,10.336857634620113,5.03,8.705782673162465,7.7949586951916965,43.755047106325705,1.111384312761249,0.0,Zoquitlán,18.335726944444442,-97.01725888888889
22001,Querétaro,Amealco de Bonfil,66841,12.610523481096932,7.24,40.1880621422731,11.248685901179769,66.82640253438666,13.719124489460063,0.0,Amealco de Bonfil,20.18644388888889,-100.14419500000001
22002,Querétaro,Pinal de Amoles,27365,11.986113648821487,7.23,25.624816230520434,11.687738900323435,52.25710754017305,3.2596382240087705,0.0,Pinal de Amoles,21.135302499999998,-99.62754027777777
22003,Querétaro,Arroyo Seco,13142,10.485466443463704,7.59,51.982147545287475,30.034129692832764,49.89198743126473,5.227514837924212,0.0,Purísima de Arista,21.31221777777778,-99.51157361111112
22004,Querétaro,Cadereyta de Montes,69075,11.71480275063337,8.02,46.172497402147556,26.307585729130587,59.97311471685253,16.661599710459644,22.45674990951864,Cadereyta de Montes,20.695023333333335,-99.81563305555555
22005,Querétaro,Colón,67121,13.00338195199714,7.97,40.468227424749166,29.52434039390561,61.93714499105722,37.42345912605593,0.0,Colón,20.78832638888889,-100.04543055555555
22006,Querétaro,Corregidora,212567,11.375707424012194,12.22,76.58804151905028,82.91845360183977,65.60187743151874,59.88370725465383,81.35787775148542,El Pueblito,20.552435833333334,-100.44588305555556
22007,Querétaro,Ezequiel Montes,45141,12.099864867858487,8.28,49.21248963802155,40.2321083172147,63.108139266774266,18.8719789105248,37.205644536009395,Ezequiel Montes,20.665294999999997,-99.89840555555556
22008,Querétaro,Huimilpan,36808,11.75287980873723,7.73,55.90106007067138,32.963149924280664,57.75650289017341,18.202564659856552,0.0,El Vegil,20.42797666666667,-100.34996777777778
22009,Querétaro,Jalpan de Serra,27343,12.697948286581575,8.58,47.43928194297782,26.663146779303062,59.047664351631624,14.095015177559157,0.0,Jalpan de Serra,21.21680222222222,-99.47291083333333
22010,Querétaro,Landa de Matamoros,18794,10.833244652548686,6.98,49.55140186915888,24.05607476635514,49.87988194110783,3.330850271363201,0.0,Landa de Matamoros,21.183455833333333,-99.32191472222222
22011,Querétaro,El Marqués,231668,12.51187043527807,10.59,58.523772385479056,65.72538517003399,69.36569391431966,58.143981905140116,17.496589947683756,Saldarriaga,20.628744444444443,-100.29008194444444
22012,Querétaro,Pedro Escobedo,77404,12.370161748746835,8.72,46.99559563758389,32.31438758389262,63.119687494760846,51.8422820526071,0.0,Pedro Escobedo,20.50249361111111,-100.14473027777778
22013,Querétaro,Peñamiller,19141,12.261637323023875,7.39,40.64489628260423,18.340521667693572,51.06849315068493,6.0968601431482154,0.0,Agua Fría,21.155976944444443,-99.79758916666667
22014,Querétaro,Querétaro,1049777,12.505989367265618,11.43,62.860352173329275,80.44838731861633,66.83651404815714,62.24226669092579,88.8842106466421,Santiago de Querétaro,20.59339111111111,-100.38995722222222
22015,Querétaro,San Joaquín,8359,10.707022371097022,7.4,45.64643799472295,41.072999120492526,47.60230179028133,5.897834669218806,0.0,San Joaquín,20.916061388888888,-99.56635916666666
22016,Querétaro,San Juan del Río,297804,11.97767659265826,10.0,54.31059194496202,51.65305049925947,63.36203438213919,54.44923506735974,59.676498636687214,San Juan del Río,20.386441388888887,-99.99963166666667
22017,Querétaro,Tequisquiapan,72201,11.91534743286104,9.28,49.920827615327774,48.62767866568141,64.03227492942038,37.61443747316519,48.41345687732857,Tequisquiapan,20.5188175,-99.88384
22018,Querétaro,Tolimán,27916,12.082676601232269,8.25,33.41383719278306,25.301889472936498,55.42630160306427,15.303052013182404,0.0,Tolimán,20.908149166666664,-99.93080083333334
23001,Quintana Roo,Cozumel,88626,11.149098458691581,10.15,40.94196039828872,70.16999204936963,67.86910048611014,58.39595603998826,95.36591970753503,Cozumel,20.503784166666666,-86.95758833333333
23002,Quintana Roo,Felipe Carrillo Puerto,83990,12.425288724848196,8.52,21.810642065045197,27.97968502469481,60.76710522184193,18.839147517561614,36.61626384093344,Felipe Carrillo Puerto,19.57851,-88.04658666666667
23003,Quintana Roo,Isla Mujeres,22686,11.60627699903024,8.92,27.05778040490616,51.884143638244424,67.7967991970111,30.82517852419995,0.0,Isla Mujeres,21.256569166666665,-86.74609166666667
23004,Quintana Roo,Othón P. Blanco,233648,11.777545709785661,10.19,46.402272695150735,57.389792658968524,64.46143213628139,50.38605081147709,72.34301170992262,Chetumal,18.493889444444445,-88.29789888888888
23005,Quintana Roo,Benito Juárez,911503,12.361780487831636,10.56,40.6290824342543,61.246181018836246,68.69736187701876,58.874847367479866,99.67997911142366,Cancún,21.16141611111111,-86.8248111111111
23006,Quintana Roo,José María Morelos,39165,12.651602195838121,8.15,22.9714176098216,19.614425474774603,66.64637651753407,11.814119749776586,0.0,José María Morelos,19.74939277777778,-88.71051527777779
23007,Quintana Roo,Lázaro Cárdenas,29171,11.775393370127867,8.28,22.432739674118984,20.689655172413794,62.32812290052403,10.746974735182201,0.0,Kantunilkín,21.10139888888889,-87.4872225
23008,Quintana Roo,Solidaridad,333800,11.973337327741163,10.7,34.328250408529925,52.48774410227242,73.83232875853366,52.712702216896346,98.20850808867586,Playa del Carmen,20.6281425,-87.07549999999999
23009,Quintana Roo,Tulum,46721,13.625564521307336,9.28,31.714448723434604,44.708315504207675,72.84023336699204,22.98538130605081,71.43254639241455,Tulum,20.210776666666668,-87.46320472222223
23010,Quintana Roo,Bacalar,41754,12.564065718254538,7.86,28.563763190842426,18.538722947594348,61.512038320937855,11.507879484600277,0.0,Bacalar,18.676146666666668,-88.38935277777779
23011,Quintana Roo,Puerto Morelos,26921,11.496601166375692,10.36,42.595349902645744,52.319321956247855,69.83736059479554,42.89588053935589,71.33836038780134,Puerto Morelos,20.8484525,-86.87617722222221
24001,San Luis Potosí,Ahualulco,18974,12.522399072414883,7.68,53.77937751429177,17.107770484861316,57.58516066749414,14.514598924844524,0.0,Ahualulco del Sonido 13,22.400099444444443,-101.16684222222223
24002,San Luis Potosí,Alaquines,7785,10.751445086705202,6.84,37.872535534158644,12.196240256762954,48.44853061894599,8.387925497752088,0.0,Alaquines,22.127894166666668,-99.60038916666666
24003,San Luis Potosí,Aquismón,48359,11.933662813540396,6.96,12.726691699288967,8.931852680354718,60.22281370907994,8.57751400980169,0.0,Tampate,21.63785777777778,-99.02681805555555
24004,San Luis Potosí,Armadillo de los Infante,4013,11.039122850735112,6.33,44.377682403433475,10.042918454935622,39.1661594643944,14.079242461998504,0.0,La Concordia,22.353012777777778,-100.58443638888889
24005,San Luis Potosí,Cárdenas,18317,10.629469891357756,8.58,43.06779011872845,29.56721562619686,58.993399339933994,31.637276846645193,83.75279794726211,Cárdenas,22.000904444444444,-99.642505
24006,San Luis Potosí,Catorce,9579,9.426871280927028,7.37,41.27105666156202,10.796324655436447,47.62097864287645,18.290009395552772,0.0,Real de Catorce,23.690449444444443,-100.88625333333334
24007,San Luis Potosí,Cedral,19840,12.026209677419354,8.94,52.99783762531944,34.362099469235304,55.53963394776265,40.82157258064516,0.0,Cedral,23.819331666666667,-100.72660611111111
24008,San Luis Potosí,Cerritos,22075,10.477916194790486,8.33,48.728813559322035,32.893910860012554,55.44409377817854,27.882219705549264,71.08493771234428,Cerritos,22.42766611111111,-100.27959666666666
24009,San Luis Potosí,Cerro de San Pedro,5050,12.217821782178218,9.37,63.756419662509174,42.84666177549523,56.040684693624414,58.01980198019802,0.0,Portezuelo,22.170315833333333,-100.82459944444444
24010,San Luis Potosí,Ciudad del Maíz,30320,10.369393139841689,7.61,51.62935323383085,18.208955223880597,56.87090759290577,9.198548812664908,0.0,Ciudad del Maíz,22.39984611111111,-99.6005736111111
24011,San Luis Potosí,Ciudad Fernández,48106,12.121149129006776,8.64,49.02359006405249,38.01749726605218,60.901456362283405,25.15694507961585,75.40639421278011,Ciudad Fernández,21.943511944444445,-100.01102222222222
24012,San Luis Potosí,Tancanhuitz,20300,10.714285714285714,8.52,16.842914824072295,9.767352432224572,59.456911182349614,16.561576354679804,0.0,Tancanhuitz,21.59731888888889,-98.96638777777778
24013,San Luis Potosí,Ciudad Valles,179371,10.831739801863177,9.91,45.74198751008008,46.231457344860566,60.43149207218931,57.68658255793857,76.01618990806763,Ciudad Valles,21.986536666666666,-99.0187211111111
24014,San Luis Potosí,Coxcatlán,15660,9.687100893997446,7.89,15.265539414146225,4.8344844010478685,53.28525641025641,9.406130268199234,0.0,Coxcatlán,21.54114277777778,-98.90346944444445
24015,San Luis Potosí,Charcas,21814,10.763729714862015,8.15,47.133122818680405,20.57503739405019,55.3839005691718,49.54616301457779,0.0,Charcas,23.129818333333333,-101.11335222222222
24016,San Luis Potosí,Ebano,40899,10.445243159979462,8.46,44.53144948506256,26.40224699974466,57.85318430911174,23.80742805447566,59.79119293870266,Ebano,22.212339166666666,-98.37780333333333
24017,San Luis Potosí,Guadalcázar,25119,10.032246506628448,6.43,43.37941628264209,11.981566820276498,56.48047300451221,12.639834388311636,0.0,Entronque de Matehuala (El Huizache),22.921768611111112,-100.46406555555556
24018,San Luis Potosí,Huehuetlán,15334,11.236467979653058,8.29,17.85274562915538,10.859394237872445,55.59735808042806,14.92761184296335,0.0,Huichihuayán,21.483088888888886,-98.96750333333334
24019,San Luis Potosí,Lagunillas,5453,8.674124335228315,6.38,45.22700814901048,10.186263096623982,44.43944169293111,5.7032825967357414,0.0,San Rafael,21.59006972222222,-99.70641305555556
24020,San Luis Potosí,Matehuala,102199,11.761367528058004,9.71,58.55486890700991,54.331370899915896,61.321732691595706,53.485846241156956,84.82079081008621,Matehuala,23.646359444444442,-100.64419777777779
24021,San Luis Potosí,Mexquitic de Carmona,58469,12.317638406677043,8.6,53.86280025968405,23.7610906730145,61.308972152345646,31.392703825959057,0.0,San Marcos (San Marcos Carmona),22.192094444444443,-101.05333472222222
24022,San Luis Potosí,Moctezuma,19036,10.994956923723471,7.07,58.06638363566191,13.353917406406794,48.917808219178085,12.260979197310359,0.0,Moctezuma,22.749893611111112,-101.08555944444444
24023,San Luis Potosí,Rayón,15301,10.48951048951049,7.18,44.07158836689038,24.697986577181208,53.968648917641204,14.992484151362657,0.0,Rayón,21.84372361111111,-99.64531527777778
24024,San Luis Potosí,Rioverde,97943,11.259610181432057,8.63,49.187456240557175,42.9340015477024,60.96347655746578,27.37306392493593,59.37943497748691,Rioverde,21.932378055555557,-99.9929225
24025,San Luis Potosí,Salinas,31107,11.839778827916547,7.95,56.33048578350121,24.28917506056356,56.509256085018855,17.05082457324718,59.748609637702124,Salinas de Hidalgo,22.628015,-101.71573500000001
24026,San Luis Potosí,San Antonio,9382,11.372841611596675,8.21,11.914715719063546,4.724080267558528,51.6115815350997,9.710083137923684,0.0,Tocoy,21.638167222222222,-98.87116555555555
24027,San Luis Potosí,San Ciro de Acosta,10215,10.73910915320607,7.5,49.76897689768977,31.94719471947195,56.083743842364534,10.073421439060205,0.0,San Ciro de Acosta,21.650006944444442,-99.818685
24028,San Luis Potosí,San Luis Potosí,911908,12.619365111392815,11.38,62.370625163887645,68.31222717527109,64.71152251707703,66.25778039012708,92.76604657487378,San Luis Potosí,22.151654999999998,-100.97695805555556
24029,San Luis Potosí,San Martín Chalchicuautla,18468,8.40372536278969,7.26,16.878920357346512,6.253563961224102,48.89318575810108,7.586094866796621,0.0,San Martín Chalchicuautla,21.369703333333334,-98.65723833333334
24030,San Luis Potosí,San Nicolás Tolentino,4779,9.771918811466834,6.41,46.715328467153284,21.49966821499668,43.740610916374564,11.11111111111111,0.0,Santa Catarina,22.047320555555558,-100.45800611111112
24031,San Luis Potosí,Santa Catarina,12163,12.570911781632821,5.75,24.915254237288135,10.508474576271187,29.636563876651984,8.460083860889583,0.0,San Diego (Pueblo Viejo),21.49694388888889,-99.48722194444444
24032,San Luis Potosí,Santa María del Río,39880,12.169007021063189,7.87,38.845401174168295,16.164383561643834,59.35201684756196,26.82296890672016,0.0,Santa María del Río,21.80043861111111,-100.73710888888888
24033,San Luis Potosí,Santo Domingo,10785,9.290681502086231,6.63,61.12066002062564,17.97868683396356,35.39748953974895,6.165971256374594,0.0,Jesús María,23.153898055555555,-102.1924338888889
24034,San Luis Potosí,San Vicente Tancuayalab,14945,10.277684844429576,8.36,30.016822879115598,17.92838260033646,54.665662398527076,20.43492806958849,0.0,San Vicente Tancuayalab,21.714944444444445,-98.58571777777777
24035,San Luis Potosí,Soledad de Graciano Sánchez,332072,12.723445517839505,10.68,58.676353654950056,62.89171849641095,65.19426291090447,69.54847141583753,93.41106747934182,Soledad de Graciano Sánchez,22.18788138888889,-100.93727416666667
24036,San Luis Potosí,Tamasopo,29184,11.105400219298245,7.27,36.79189028026237,21.299940369707812,57.406599162011176,34.30646929824562,0.0,Tamasopo,21.92390166666667,-99.39215972222223
24037,San Luis Potosí,Tamazunchale,95037,10.941001925565832,8.43,15.53120143943731,16.508546659033286,58.505214210934206,18.81372518071909,25.524795605921906,Tamazunchale,21.26273777777778,-98.7915175
24038,San Luis Potosí,Tampacán,14348,9.395037635907444,8.43,19.64702828964443,6.851803789255126,52.856770153926426,16.824644549763033,0.0,Tampacán,21.402307777777775,-98.72767583333334
24039,San Luis Potosí,Tampamolón Corona,13603,10.556494890832905,8.04,21.094414516586333,8.02381627445421,55.95810925559015,15.173123575681835,0.0,Tampamolón Corona,21.560351666666666,-98.81511444444445
24040,San Luis Potosí,Tamuín,36968,10.457693140012983,8.51,39.05420773313116,26.62054586808188,58.059660645867545,40.05626487773209,44.855009738151914,Tamuín,22.004146666666667,-98.77516083333333
24041,San Luis Potosí,Tanlajás,18208,10.753514938488577,8.07,13.100524828421477,6.903512313282196,57.297335007674064,14.076230228471001,0.0,Tanlajás,21.665663888888886,-98.88807027777779
24042,San Luis Potosí,Tanquián de Escobedo,13448,8.811719214753124,8.64,37.604758042714245,19.464720194647203,57.22846441947566,20.754015466983937,0.0,Tanquián de Escobedo,21.598088055555554,-98.6620625
24043,San Luis Potosí,Tierra Nueva,7966,10.708009038413257,6.93,36.63457129756992,11.875286565795507,50.273136246786635,6.502636203866432,0.0,Tierra Nueva,21.667455833333335,-100.57391833333332
24044,San Luis Potosí,Vanegas,7557,10.41418552335583,7.29,40.802845528455286,18.140243902439025,44.438678429337486,46.46023554320497,0.0,Vanegas,23.883888888888887,-100.95055555555555
24045,San Luis Potosí,Venado,14188,10.107132788271779,7.67,54.3079628234112,20.62295905551369,58.46408647140865,23.900479278263322,0.0,Venado,22.93134388888889,-101.09462944444444
24046,San Luis Potosí,Villa de Arriaga,18206,11.611556629682521,7.24,50.796726959517656,13.006029285099052,60.24700326916091,12.649675931011755,0.0,Villa de Arriaga,21.91013583333333,-101.38337027777779
24047,San Luis Potosí,Villa de Guadalupe,9277,10.768567424814057,6.49,48.90131841789852,31.60207750699161,47.61256971840566,12.19144119866336,0.0,Villa de Guadalupe,23.374424722222223,-100.75789722222223
24048,San Luis Potosí,Villa de la Paz,5298,11.494903737259342,8.82,53.30827067669173,44.43609022556391,49.80750721847931,62.72178180445451,0.0,Villa de la Paz,23.675351388888892,-100.71317083333334
24049,San Luis Potosí,Villa de Ramos,38389,10.940634035791502,6.64,49.77960328591465,22.019635343618514,45.40752131972599,4.001146161660892,0.0,Dulce Grande,23.002819722222224,-102.17427
24050,San Luis Potosí,Villa de Reyes,52912,12.79293921983671,7.92,49.06141939733246,15.87353861353532,57.789159197609905,51.85780163289991,0.0,Villa de Reyes,21.803124444444446,-100.93248583333333
24051,San Luis Potosí,Villa Hidalgo,15458,10.687022900763358,7.53,50.33175355450237,18.862559241706162,53.94683359076498,32.65622978393065,0.0,Villa Hidalgo,22.44869277777778,-100.67886361111111
24052,San Luis Potosí,Villa Juárez,10304,9.569099378881987,6.62,46.999325691166554,22.218476062036412,53.7518573551263,7.3563664596273295,0.0,Villa Juárez,22.323209444444444,-100.2666488888889
24053,San Luis Potosí,Axtla de Terrazas,32544,10.220009832841692,8.76,22.2065396377323,12.408844977652317,60.104904685481664,15.606563421828909,0.0,Axtla de Terrazas,21.43638888888889,-98.875
24054,San Luis Potosí,Xilitla,49741,11.029130898051909,8.18,14.690823158723907,8.782985427333596,58.81669000872024,7.223417301622404,0.0,Xilitla,21.385192777777778,-98.98957305555555
24055,San Luis Potosí,Zaragoza,27386,13.017600233696049,7.53,40.01551590380139,19.006982156710627,54.54589348655304,57.89089315708756,0.0,Villa de Zaragoza,22.035605,-100.73096666666667
24056,San Luis Potosí,Villa de Arista,17258,11.710511067331092,7.31,50.99953509995351,14.388656438865643,55.59494451294698,5.272916908100591,0.0,Villa de Arista,22.644771666666667,-100.84902
24057,San Luis Potosí,Matlapa,28996,10.180714581321562,7.86,13.720060916516683,9.802021320780838,57.492874873586466,9.470271761622293,0.0,Matlapa,21.337504444444445,-98.82680333333333
24058,San Luis Potosí,El Naranjo,20959,10.348776182069756,8.26,54.76959700731168,19.129399761945248,55.41538461538462,47.10625506942125,0.0,El Naranjo,22.52203611111111,-99.32250944444444
25001,Sinaloa,Ahome,459310,12.173477607715922,10.66,60.652297305371334,54.649877516878774,59.650172686312025,65.75254185626265,64.8818880494655,Los Mochis,25.783416944444447,-108.99434277777777
25002,Sinaloa,Angostura,44093,10.4982650307305,9.15,62.86773222145008,34.85445139371477,54.44905990380411,50.56131358719071,0.0,La Reforma,25.080774722222223,-108.0538725
25003,Sinaloa,Badiraguato,26542,9.678999321829552,7.13,45.324137931034485,10.386206896551725,56.38150059547439,9.51322432371336,0.0,Badiraguato,25.362651666666668,-107.55101833333333
25004,Sinaloa,Concordia,24899,9.920077111530583,8.84,35.753880266075384,37.389135254988915,57.73975732345027,34.1780794409414,0.0,Heroica Ciudad Concordia,23.287625555555557,-106.06861083333332
25005,Sinaloa,Cosalá,17012,10.50434987067952,7.9,53.641590800191665,30.402491614758027,57.269032358918246,22.495885257465318,0.0,Cosalá,24.411345833333332,-106.69153472222223
25006,Sinaloa,Culiacán,1003530,12.425238906659493,11.06,64.93516640799525,62.46008942809349,62.75075549723647,66.21306787041743,83.3711996651819,Culiacán Rosales,24.808808055555556,-107.39375611111112
25007,Sinaloa,Choix,29334,9.937274152860162,7.29,43.089530332681015,26.675636007827787,54.526640246587405,16.881434512851982,0.0,Choix,26.70701083333333,-108.32235194444443
25008,Sinaloa,Elota,55339,13.865447514411175,7.97,51.38534900929047,22.527337005672944,57.11290664530871,42.20712336688411,35.67465982399393,La Cruz,23.91540388888889,-106.89271166666667
25009,Sinaloa,Escuinapa,59988,11.60898846435954,9.16,36.917209988928526,44.05215893713864,64.15030034507733,30.97286123891445,56.55131026205241,Escuinapa de Hidalgo,22.83505138888889,-105.77787583333333
25010,Sinaloa,El Fuerte,96593,11.501868665431243,8.9,44.458281444582816,25.193403524661306,58.43718554067652,48.491091486960755,0.0,El Fuerte,26.42159888888889,-108.61996638888888
25011,Sinaloa,Guasave,289370,11.816014099595673,9.61,58.900557167432666,40.730993401288934,56.84405047948684,59.474029788851645,43.34485261084425,Guasave,25.56554722222222,-108.4718175
25012,Sinaloa,Mazatlán,501441,12.03451652337962,10.83,50.09876769315298,63.14002773344497,62.51081259548588,62.81915519472879,91.51804499432635,Mazatlán,23.20031583333333,-106.4222213888889
25013,Sinaloa,Mocorito,40358,9.497497398285347,7.93,55.99378613963925,23.931992750496246,54.38155393389342,28.54948213489271,0.0,Pericos,25.086016666666666,-107.70424361111111
25014,Sinaloa,Rosario,52345,10.705893590600821,9.01,37.19281663516068,33.98595733189306,63.15712900096993,33.45687267169739,32.662145381602826,El Rosario,22.990874166666668,-105.85375666666665
25015,Sinaloa,Salvador Alvarado,79492,10.938207618376692,10.49,66.58196227065208,52.140580584029635,58.327227375477435,61.22502893372918,82.03970210838827,Guamúchil,25.457,-108.0807
25016,Sinaloa,San Ignacio,19505,9.500128172263523,8.04,42.718096611391495,9.444844989185292,54.754119381932426,25.947193027428863,0.0,San Ignacio,23.940275833333335,-106.42549694444445
25017,Sinaloa,Sinaloa,78670,10.818609380958433,7.84,53.134045077105576,19.492289442467378,54.5466312860009,28.055167153934157,0.0,Estación Naranjo,25.801375555555556,-108.47782833333333
25018,Sinaloa,Navolato,149122,12.834457692359276,8.6,48.02379940501488,29.815660858478537,62.09927128665835,62.392537653733186,43.1136921446869,Licenciado Benito Juárez (Campo Gobierno),24.65737,-107.54077833333334
26001,Sonora,Aconchi,2563,9.676160749122122,8.78,64.0506329113924,32.151898734177216,48.933143669985775,44.28404213811939,0.0,Aconchi,29.8258725,-110.22855194444445
26002,Sonora,Agua Prieta,91929,12.43568406052497,9.64,74.9926122931442,69.20065011820331,60.33750589802659,55.150170240076584,99.0209835851581,Agua Prieta,31.327815277777777,-109.5463513888889
26003,Sonora,Alamos,24976,10.073670723894939,8.2,51.030421982335625,19.75325949810739,55.52056780126956,30.817584881486226,0.0,Álamos,27.02405,-108.93492583333334
26004,Sonora,Altar,9492,11.662452591656132,8.73,65.47842401500938,47.84240150093809,56.07960741548528,26.991150442477878,0.0,Altar,30.713338888888888,-111.83357194444444
26005,Sonora,Arivechi,1177,6.542056074766355,8.18,68.35443037974683,62.53164556962025,48.3837330552659,37.46813933729822,0.0,Arivechi,28.928644722222224,-109.18709194444445
26006,Sonora,Arizpe,2788,7.6757532281205165,8.13,68.59504132231405,15.082644628099173,48.98488120950324,31.27690100430416,0.0,Arizpe,30.336231666666666,-110.16680861111112
26007,Sonora,Atil,626,8.466453674121405,9.07,65.96858638743456,18.32460732984293,40.49429657794677,29.712460063897762,0.0,Atil,30.843988888888887,-111.58389166666666
26008,Sonora,Bacadéhuachi,979,6.230847803881511,7.64,47.39884393063584,51.15606936416185,41.33811230585424,18.896833503575078,0.0,Bacadéhuachi,29.809073611111113,-109.14074527777778
26009,Sonora,Bacanora,759,5.4018445322793145,7.23,60.53639846743295,32.56704980842912,46.09120521172638,27.272727272727273,0.0,Bacanora,28.9840625,-109.4004013888889
26010,Sonora,Bacerac,1221,8.19000819000819,8.1,65.26315789473684,31.31578947368421,48.18181818181818,19.082719082719084,0.0,Bacerac,30.35527777777778,-108.92979916666667
26011,Sonora,Bacoachi,1475,8.610169491525424,8.11,74.03100775193798,10.65891472868217,43.7956204379562,22.983050847457626,0.0,Bacoachi,30.633038333333335,-109.9690075
26012,Sonora,Bácum,23151,11.895814435661526,8.75,46.31480324797002,30.88694565896315,57.17434546529756,56.43816681784804,0.0,Francisco Javier Mina (Campo 60),27.46125333333333,-110.11127583333332
26013,Sonora,Banámichi,1825,10.41095890410959,9.35,70.4424778761062,66.3716814159292,51.9674355495251,48.87671232876713,0.0,Banámichi,30.007775555555554,-110.21555277777779
26014,Sonora,Baviácora,3191,7.771858351613914,8.68,68.75,44.90384615384615,43.88327721661055,38.4832340958947,0.0,Baviácora,29.715235,-110.16505222222223
26015,Sonora,Bavispe,1169,7.8699743370402055,7.72,75.71059431524547,26.873385012919897,38.56209150326797,10.350727117194182,0.0,Bavispe,30.48012333333333,-108.94102305555556
26016,Sonora,Benjamín Hill,4988,10.425020048115478,9.11,57.22618276085548,47.4400518470512,49.48271511481201,59.52285485164395,0.0,Benjamín Hill,30.167163055555555,-111.11792166666666
26017,Sonora,Caborca,89122,11.163349116940823,9.51,70.14221613810936,56.88265267320709,61.773765418955556,56.37440811471915,75.85556877089832,Heroica Caborca,30.714073888888887,-112.14835472222222
26018,Sonora,Cajeme,436484,11.72963957441739,10.8,58.73427609229114,58.73648683502701,60.37262849932442,73.82561560103005,84.44020857580118,Ciudad Obregón,27.49648888888889,-109.93271611111112
26019,Sonora,Cananea,39451,10.78299662872931,10.52,80.43665861235762,74.66344494304452,55.64571094738892,63.21512762667613,96.60845098983549,Heroica Ciudad de Cananea,30.982652777777776,-110.30167138888889
26020,Sonora,Carbó,4946,10.351799433885969,8.3,51.748750892219846,29.1220556745182,56.785345717234264,34.89688637282653,0.0,Carbó,29.68468861111111,-110.95443138888889
26021,Sonora,La Colorada,1848,8.008658008658008,7.57,60.26392961876833,11.87683284457478,50.714285714285715,47.83549783549783,0.0,Tecoripa,28.623738055555556,-109.95380944444445
26022,Sonora,Cucurpe,863,9.269988412514484,7.72,71.74603174603175,18.41269841269841,50.13623978201635,26.535341830822713,0.0,Cucurpe,30.329191944444442,-110.70588666666667
26023,Sonora,Cumpas,5829,8.509178246697546,9.54,72.81031703385277,39.333691563675444,53.78725165562914,62.84096757591354,0.0,Cumpas,29.993563611111114,-109.78249694444445
26024,Sonora,Divisaderos,753,9.428950863213812,8.52,69.83471074380165,54.54545454545455,48.44006568144499,24.701195219123505,0.0,Divisaderos,29.615069444444448,-109.47067111111112
26025,Sonora,Empalme,51431,11.819719624351073,9.59,54.385727801054195,50.155426408974186,59.534408523680945,68.98368688145283,75.60809628434212,Empalme,27.957605833333332,-110.81599333333332
26026,Sonora,Etchojoa,61309,12.360338612601739,9.41,34.68323461241308,22.785217615245944,57.90551915782641,44.30507755794419,0.0,Etchojoa,26.910833333333333,-109.62527777777777
26027,Sonora,Fronteras,9041,9.534343546067912,9.59,75.78791249536522,48.53540971449759,50.549291702804275,68.68709213582568,0.0,Esqueda,30.723524166666664,-109.58900333333332
26028,Sonora,Granados,1009,5.153617443012884,8.97,62.865497076023395,15.2046783625731,50.23809523809524,33.3994053518335,0.0,Granados,29.862293333333334,-109.31052222222222
26029,Sonora,Guaymas,156863,11.329631589348667,10.11,55.165385758566515,59.68324062672498,60.249545883603425,66.50197943428341,74.74866603341769,Heroica Guaymas,27.923248611111113,-110.88944472222222
26030,Sonora,Hermosillo,936263,12.517422989053289,11.3,68.58876323819781,70.3008436546401,63.122478037913496,69.00753313972676,95.59675005847716,Hermosillo,29.074891666666666,-110.95846361111111
26031,Sonora,Huachinera,1186,10.286677908937605,7.86,66.32911392405063,33.164556962025316,48.83720930232558,18.381112984822934,0.0,Huachinera,30.211482222222223,-108.95881611111112
26032,Sonora,Huásabas,888,7.207207207207207,8.99,68.22742474916387,51.83946488294314,47.44429882044561,43.58108108108108,0.0,Huásabas,29.904188055555554,-109.30146944444444
26033,Sonora,Huatabampo,77682,11.240699261090086,9.59,44.26558417319895,30.82306830907055,55.19135169257476,49.603511753044465,39.03607013207693,Huatabampo,26.826896944444446,-109.64415333333334
26034,Sonora,Huépac,943,3.499469777306469,9.23,73.47560975609755,60.97560975609756,39.64421855146124,61.717921527041355,0.0,Huépac,29.911269166666667,-110.21371527777778
26035,Sonora,Imuris,12536,11.255583918315253,8.93,64.41873589164786,49.32279909706546,58.053007135575946,41.225271218889596,0.0,Imuris,30.77732972222222,-110.8615386111111
26036,Sonora,Magdalena,33049,11.389149444763836,10.01,73.03325223033252,61.67883211678832,59.472823399642465,55.0243577717934,92.07237737904323,Magdalena de Kino,30.630355555555557,-110.96940444444445
26037,Sonora,Mazatán,1101,7.901907356948229,8.51,70.8955223880597,26.119402985074625,47.62407602956706,27.338782924613987,0.0,Mazatán,29.003356944444445,-110.14022083333334
26038,Sonora,Moctezuma,5173,12.275275468780205,10.35,68.7536231884058,51.53623188405797,52.12866603595081,58.72801082543978,0.0,Moctezuma,29.802179722222224,-109.68033666666668
26039,Sonora,Naco,5774,10.980256321440942,9.37,68.94519740718916,46.611667648791986,53.08195981034093,36.47384828541739,0.0,Naco,31.331547222222223,-109.94813194444446
26040,Sonora,Nácori Chico,1531,6.596995427824951,7.11,64.7410358565737,16.53386454183267,40.876494023904385,17.766165904637493,0.0,Nácori Chico,29.686324722222224,-108.97859416666667
26041,Sonora,Nacozari de García,14369,9.269956155612778,10.1,71.84622467771639,72.07642725598527,55.393378426486294,84.57791078015171,0.0,Nacozari de García,30.3737225,-109.68647027777779
26042,Sonora,Navojoa,164387,11.855560354529251,10.31,54.546229592054225,46.28287650795004,58.9404518067786,68.27486358410337,73.56177799947685,Navojoa,27.0815975,-109.44554611111111
26043,Sonora,Nogales,264782,12.758797803476067,10.59,64.42226703080732,70.89384619311366,64.86440120659337,69.39557824927677,98.62339585017108,Heroica Nogales,31.325903055555557,-110.94574472222223
26044,Sonora,Onavas,365,7.671232876712328,7.12,57.5,72.5,53.15614617940199,23.835616438356166,0.0,Ónavas,28.460539166666667,-109.52951833333333
26045,Sonora,Opodepe,2438,7.957342083675144,7.81,57.48792270531401,33.69565217391305,51.4186162269786,30.762920426579164,0.0,Querobabi,30.049759166666668,-111.02148972222223
26046,Sonora,Oquitoa,496,10.685483870967742,9.85,73.71794871794872,28.846153846153847,49.285714285714285,29.637096774193548,0.0,Oquitoa,30.74205388888889,-111.73481805555555
26047,Sonora,Pitiquito,9122,10.502082876562158,9.24,65.67919075144509,48.98843930635838,59.934809181040336,58.55075641306731,0.0,Pitiquito,30.675995833333335,-112.05392527777778
26048,Sonora,Puerto Peñasco,62689,10.831246311155066,9.83,75.62056737588652,69.71214017521902,65.14831798076533,49.64985882690743,99.38107163936257,Puerto Peñasco,31.306780833333335,-113.54013083333334
26049,Sonora,Quiriego,3090,8.83495145631068,7.23,32.368703108252944,6.323687031082529,43.51738241308794,32.07119741100323,0.0,Quiriego,27.520487777777777,-109.25122944444445
26050,Sonora,Rayón,1496,5.949197860962567,7.75,60.18518518518518,26.48148148148148,45.40367705835332,18.91711229946524,0.0,Rayón,29.71447861111111,-110.57350444444444
26051,Sonora,Rosario,4830,8.55072463768116,7.21,50.86206896551724,17.90450928381963,51.301405517959395,50.45548654244306,0.0,Rosario,27.840659166666665,-109.37077
26052,Sonora,Sahuaripa,5257,7.456724367509986,8.42,69.3012600229095,35.79610538373425,50.334178382115695,36.73197641240251,0.0,Sahuaripa,29.056330555555558,-109.23337055555555
26053,Sonora,San Felipe de Jesús,369,10.02710027100271,9.5,73.80952380952381,20.634920634920636,51.56794425087108,51.21951219512195,0.0,San Felipe de Jesús,29.85862416666667,-110.24105805555556
26054,Sonora,San Javier,537,8.752327746741155,8.77,66.66666666666667,36.53846153846154,46.11528822055138,34.07821229050279,0.0,San Javier,28.595282777777776,-109.73946055555555
26055,Sonora,San Luis Río Colorado,199021,11.99722642334226,9.46,79.11277893185016,65.1963412182537,62.32780768481818,48.15572226046498,88.77706372694338,San Luis Río Colorado,32.47983111111111,-114.77962444444444
26056,Sonora,San Miguel de Horcasitas,10729,14.57731382235064,6.73,31.70556552962298,22.72890484739677,65.5534941249227,20.05778730543387,0.0,Pesqueira,29.380089166666668,-110.8965938888889
26057,Sonora,San Pedro de la Cueva,1458,6.104252400548697,7.7,60.88495575221239,31.150442477876105,45.17437145174372,28.257887517146777,0.0,San Pedro de la Cueva,29.286481944444446,-109.7361088888889
26058,Sonora,Santa Ana,16203,10.510399308769982,9.86,70.23905996758509,58.44813614262561,55.39007639478355,49.80559155711905,0.0,Santa Ana,30.543890555555556,-111.12108583333332
26059,Sonora,Santa Cruz,1835,9.863760217983652,8.5,72.15189873417721,26.220614828209765,48.89992902767921,41.36239782016349,0.0,Santa Cruz,31.231535555555553,-110.59597777777778
26060,Sonora,Sáric,2058,9.329446064139942,7.82,69.60629921259843,7.244094488188976,47.25609756097561,7.968901846452867,0.0,Sásabe,31.47186194444444,-111.54578666666667
26061,Sonora,Soyopa,1368,6.652046783625731,7.4,63.59832635983263,48.32635983263598,51.52329749103943,31.28654970760234,0.0,La Estrella,28.94241,-109.64375972222223
26062,Sonora,Suaqui Grande,1114,8.797127468581687,7.6,53.69318181818182,21.875,50.64377682403433,34.20107719928187,0.0,Suaqui Grande,28.3955475,-109.88820277777778
26063,Sonora,Tepache,1178,6.621392190152801,8.19,73.86934673366834,51.256281407035175,38.17468105986261,29.37181663837012,0.0,Tepache,29.53439861111111,-109.53237305555555
26064,Sonora,Trincheras,1381,7.168718320057929,7.73,59.87525987525988,13.513513513513514,49.909909909909906,23.171614771904416,0.0,Trincheras,30.398620833333332,-111.5314825
26065,Sonora,Tubutama,1473,9.300746775288527,7.7,64.8870636550308,5.95482546201232,44.32565789473684,11.065852002715546,0.0,La Sangre (La Sangre Nueva),30.64217222222222,-111.42092166666667
26066,Sonora,Ures,8548,7.475432849789424,9.07,64.7758152173913,39.130434782608695,55.87952138632925,44.981282171268134,0.0,Heroica Ciudad de Ures,29.42807666666667,-110.3895825
26067,Sonora,Villa Hidalgo,1429,6.508047585724283,8.08,68.62348178137651,33.80566801619433,44.472573839662445,53.6039188243527,0.0,Villa Hidalgo,30.16310611111111,-109.31986944444444
26068,Sonora,Villa Pesqueira,1043,7.094918504314477,8.35,69.39313984168865,23.218997361477573,55.48245614035088,35.66634707574305,0.0,Villa Pesqueira (Mátape),29.118317222222224,-109.96890944444445
26069,Sonora,Yécora,4793,8.42895889839349,7.09,47.34077478660539,19.63230466185161,43.74668786433492,17.06655539328187,0.0,Yécora,28.372694722222224,-108.92590555555556
26070,Sonora,General Plutarco Elías Calles,13627,9.906802671167535,8.93,74.70056220972867,47.71449523343926,60.93144848954299,27.944521905041462,0.0,Sonoyta,31.866395833333335,-112.85727694444444
26071,Sonora,Benito Juárez,21692,11.695555965332842,8.97,47.36050785165386,32.4423655195456,58.06863712908658,49.17481099022681,0.0,Villa Juárez,27.12781,-109.84257333333333
26072,Sonora,San Ignacio Río Muerto,14279,11.89158904685202,8.55,43.70540265035678,20.948012232415902,56.742912655656625,49.247146158694584,0.0,San Ignacio Río Muerto,27.411414999999998,-110.24151416666666
27001,Tabasco,Balancán,58524,10.250495523204156,8.27,23.658565222496183,20.54127040037572,67.18337657729582,12.089057480691682,0.0,Balancán,17.800395,-91.5338461111111
27002,Tabasco,Cárdenas,243229,10.96908674541276,8.84,25.085849351112696,28.212103643580253,59.95899538698104,31.303010742962392,33.077470202977445,Cárdenas,17.989430000000002,-93.37685555555555
27003,Tabasco,Centla,107731,11.381125210013831,9.32,12.597014925373134,18.89025460930641,63.4421053914697,15.22774317513065,21.371750006961783,Frontera,18.53011083333333,-92.65218722222222
27004,Tabasco,Centro,683607,11.337800812455109,10.96,38.06403626832896,54.65649318450905,63.25566705168929,41.24036178681611,55.72880324513939,Villahermosa,17.9878375,-92.91941611111112
27005,Tabasco,Comalcalco,214877,11.31391447200026,9.14,25.12131968379718,23.991288989488485,63.397331636848136,19.0727718648343,20.02773679826133,Comalcalco,18.266048055555554,-93.22501722222222
27006,Tabasco,Cunduacán,137257,11.190686085226982,8.86,23.684140535652546,20.218622835713717,61.83465673796588,22.953291999679433,15.301951813022287,Cunduacán,18.065363333333334,-93.17430027777779
27007,Tabasco,Emiliano Zapata,32181,10.31043162114291,9.62,25.97225141896153,31.20664284212739,62.85064145317588,22.376557596097076,69.8207016562568,Emiliano Zapata,17.744582222222224,-91.76508138888889
27008,Tabasco,Huimanguillo,190885,11.394294994368337,8.45,22.76800402562465,19.564922874450833,61.68526232791164,22.406160777431438,14.239987426984834,Huimanguillo,17.835174444444444,-93.39076916666667
27009,Tabasco,Jalapa,37749,10.670481337253968,9.08,25.513196480938415,19.827830858007758,64.86941592102222,22.411189700389414,0.0,Jalapa,17.719729166666664,-92.81217138888888
27010,Tabasco,Jalpa de Méndez,91185,11.789219718155397,9.73,25.64448757436395,23.779587359183157,58.28812793128779,24.477710149695675,18.291385644568734,Jalpa de Méndez,18.1768475,-93.06259666666666
27011,Tabasco,Jonuta,30798,11.150074680174038,8.27,11.355775881946046,8.38136961032972,69.10008410428932,7.328397947918696,0.0,Jonuta,18.09070611111111,-92.13872916666668
27012,Tabasco,Macuspana,158601,11.07370067023537,9.33,20.658862721510204,20.46684865590154,59.0582977859029,15.275439625223044,19.820177678577057,Macuspana,17.75643138888889,-92.59407055555555
27013,Tabasco,Nacajuca,150300,11.062541583499668,10.53,30.06641750184493,43.90458733068298,64.46189102020031,36.46573519627412,21.01929474384564,Pomoca,18.05102527777778,-92.93134694444444
27014,Tabasco,Paraíso,96741,11.11214479899939,10.04,35.5450058400211,36.969217437172674,59.18353965589593,20.07938722981983,26.41589398497018,Paraíso,18.39577,-93.21423694444445
27015,Tabasco,Tacotalpa,47905,11.355808370733744,8.66,12.079905992949472,17.18762240501371,58.751080380293864,14.994259471871413,0.0,Tacotalpa,17.5917925,-92.82628388888888
27016,Tabasco,Teapa,58718,11.793657822132907,8.68,20.877149573178276,33.70035877768155,61.39696312364425,22.621683299839912,49.50441091317824,Teapa,17.548284444444445,-92.95299444444444
27017,Tabasco,Tenosique,62310,10.635532017332691,8.74,21.41478745106688,26.10685339361526,66.44679886218411,23.432835820895523,56.084095650778366,Tenosique de Pino Suárez,17.477494166666666,-91.42594777777778
28001,Tamaulipas,Abasolo,9822,8.0024434941967,7.91,62.982171799027554,22.820097244732576,52.93213828425096,20.616982284667074,0.0,Abasolo,24.060836666666667,-98.37427888888888
28002,Tamaulipas,Aldama,28725,8.957354221061793,8.1,55.95809690091663,22.261021388040156,58.618412362963944,25.577023498694516,0.0,Aldama,22.919306111111112,-98.07371305555556
28003,Tamaulipas,Altamira,269790,11.557878349827643,9.76,35.29651694559118,52.362000346080634,62.169101455250804,54.318544052781796,89.56744134326699,Miramar,22.336469444444443,-97.86633055555555
28004,Tamaulipas,Antiguo Morelos,8850,9.389830508474576,7.86,49.730700179533216,44.23698384201077,53.882881617750314,39.80790960451977,0.0,Antiguo Morelos,22.54942,-99.08361722222222
28005,Tamaulipas,Burgos,4256,7.495300751879699,7.0,73.78435517970402,7.399577167019028,47.57760371337395,7.542293233082707,0.0,Burgos,24.946639722222223,-98.79901
28006,Tamaulipas,Bustamante,7542,9.466984884645983,6.48,45.924347362813,13.21257325519446,46.563424395336696,6.695836648103951,0.0,Bustamante,23.43547722222222,-99.75780805555556
28007,Tamaulipas,Camargo,16546,9.277166686812523,8.1,68.74509188000629,26.841526621642846,58.42613214550854,19.243321648736856,0.0,Ciudad Camargo,26.316723888888887,-98.8359886111111
28008,Tamaulipas,Casas,4143,9.341057204923969,6.26,57.35660847880299,18.952618453865338,40.29662354054907,11.803041274438812,0.0,Casas,23.727133888888886,-98.73784194444444
28009,Tamaulipas,Ciudad Madero,205933,10.989496583840376,11.74,53.569850869042,72.58214389080993,56.538150444863845,49.20095370824492,100.0,Ciudad Madero,22.246278611111112,-97.83699999999999
28010,Tamaulipas,Cruillas,1671,8.557749850388989,7.23,71.52899824253076,4.21792618629174,45.24517087667162,23.638539796529024,0.0,Cruillas,24.755170833333334,-98.53454222222221
28011,Tamaulipas,Gómez Farías,8288,10.328185328185327,8.35,47.006907137375286,11.550268610897929,52.817940395396874,46.5492277992278,0.0,Loma Alta (Loma Alta de Gómez Farías),22.886455277777777,-99.02777527777778
28012,Tamaulipas,González,41470,10.393055220641427,7.65,49.582353418214254,21.133728002595085,56.79662478442966,28.717144924041477,0.0,Estación Manuel (Úrsulo Galván),22.728992499999997,-98.32147111111111
28013,Tamaulipas,Güémez,15032,10.278073443320915,7.96,51.70380078636959,23.503713411970292,52.926788124156545,25.525545502927088,0.0,Güémez,23.919140833333334,-99.00832972222223
28014,Tamaulipas,Guerrero,3803,7.494083618196161,8.18,72.99843014128729,34.90319204604919,62.50770178681454,32.8161977386274,0.0,Nueva Ciudad Guerrero,26.56635111111111,-99.22763
28015,Tamaulipas,Gustavo Díaz Ordaz,15677,11.009759520316386,8.71,72.15574934090448,52.66680186574731,57.706495589414594,32.47432544491931,0.0,Ciudad Gustavo Díaz Ordaz,26.233966666666667,-98.59028194444444
28016,Tamaulipas,Hidalgo,17012,8.511638843169527,7.74,51.741747218675904,28.50629217581616,52.187454729827614,16.50011756407242,0.0,Estación Santa Engracia,24.01659111111111,-99.20176472222222
28017,Tamaulipas,Jaumave,15994,10.25384519194698,8.5,47.260741077517615,19.913616731075244,53.33869023704299,21.14542953607603,0.0,Jaumave,23.405120277777776,-99.37567499999999
28018,Tamaulipas,Jiménez,6375,9.16078431372549,8.69,62.53746253746254,24.025974025974026,48.12957963748554,31.419607843137253,0.0,Santander Jiménez,24.214493333333333,-98.48570444444445
28019,Tamaulipas,Llera,14645,8.576305906452713,7.85,50.24236037934668,25.142255005268705,53.21681231793591,27.94127688630932,0.0,Llera de Canales,23.31896,-99.02363027777778
28020,Tamaulipas,Mainero,2048,7.32421875,7.5,52.89855072463768,36.95652173913044,42.797866034380554,11.81640625,0.0,Magueyes,24.567919166666666,-99.54821944444444
28021,Tamaulipas,El Mante,106144,9.57284443774495,9.68,50.886002886002885,46.16450216450217,55.83667134558983,60.6487413325294,74.91238317757009,Ciudad Mante,22.74399916666667,-98.97171805555556
28022,Tamaulipas,Matamoros,541979,12.370036477428092,9.92,64.03762753503297,56.86621042340378,63.39160750184492,58.3895316977226,94.23593903084806,Heroica Matamoros,25.87991527777778,-97.5048225
28023,Tamaulipas,Méndez,4280,7.616822429906542,7.14,78.35714285714286,9.857142857142858,47.740610328638496,11.004672897196262,0.0,Méndez,25.11654805555556,-98.58621722222222
28024,Tamaulipas,Mier,6385,7.783868441660141,9.1,59.49027498323273,36.9215291750503,57.92616720955483,26.891151135473766,0.0,Mier,26.43047027777778,-99.14869416666667
28025,Tamaulipas,Miguel Alemán,26237,9.174067157068263,9.0,76.0439180427077,59.13374254344255,68.99427489519002,29.99199603613218,70.86176010976865,Ciudad Miguel Alemán,26.401017777777778,-99.02610916666667
28026,Tamaulipas,Miquihuana,3704,8.990280777537796,6.9,45.57213930348259,19.402985074626866,40.3666427030913,13.714902807775378,0.0,Miquihuana,23.573950277777776,-99.75419722222222
28027,Tamaulipas,Nuevo Laredo,425058,12.16186967425622,9.98,72.17114451020815,58.63869122830352,62.250469966878526,59.76102084891944,97.88193611224821,Nuevo Laredo,27.48629138888889,-99.50849277777778
28028,Tamaulipas,Nuevo Morelos,3810,10.36745406824147,7.96,60.670194003527335,35.80246913580247,46.45911734519329,35.06561679790026,0.0,Nuevo Morelos,22.534470555555558,-99.22133277777777
28029,Tamaulipas,Ocampo,13190,8.506444275966642,8.2,55.233574818885835,37.12215838121409,53.8980794827914,38.9764973464746,0.0,Ocampo,22.845040277777777,-99.33602388888889
28030,Tamaulipas,Padilla,13618,9.318548979292114,8.66,55.733722060252674,22.52186588921283,51.823736345121276,24.614480834190044,0.0,Nueva Villa de Padilla,24.048798611111113,-98.90029416666667
28031,Tamaulipas,Palmillas,1917,9.9113197704747,7.65,51.76470588235294,29.57983193277311,41.47312541473126,8.763693270735525,0.0,Palmillas,23.301759166666667,-99.54753944444444
28032,Tamaulipas,Reynosa,704767,12.016027992230056,10.12,56.538872469439006,52.92150577918384,65.99316981857443,61.77020206678235,98.12562165935692,Reynosa,26.09235,-98.27812916666666
28033,Tamaulipas,Río Bravo,132484,11.61498747018508,9.13,70.36322973702475,47.78283334618647,62.227053325160895,51.029558286283624,84.02071193502611,Ciudad Río Bravo,25.980996388888887,-98.09013833333333
28034,Tamaulipas,San Carlos,7411,6.841182026717043,7.05,52.199661590524535,6.175972927241963,45.42772861356932,12.022669005532316,0.0,San Carlos,24.58177361111111,-98.943635
28035,Tamaulipas,San Fernando,51405,9.596342768213209,8.44,67.30410147447041,31.137724550898202,57.59534583063995,23.08530298609085,54.88765684271958,San Fernando,24.848678055555553,-98.15962083333334
28036,Tamaulipas,San Nicolás,926,8.423326133909287,7.36,51.61290322580645,2.150537634408602,19.398907103825138,3.4557235421166306,0.0,Flechadores,24.522695555555554,-98.67794194444446
28037,Tamaulipas,Soto la Marina,23673,9.196130612934567,7.88,55.12321660181583,38.5473411154345,58.56222269173885,18.57390275841676,0.0,Soto la Marina,23.76703861111111,-98.20619
28038,Tamaulipas,Tampico,297562,11.136838709243788,11.47,46.54119552822568,71.33950742276171,59.142372543150756,59.49986893487744,99.93648382521963,Tampico,22.21606027777778,-97.85838666666666
28039,Tamaulipas,Tula,28230,9.596174282678001,7.71,51.62078723951634,12.696166709544636,55.36546708931568,21.905773999291533,0.0,Ciudad Tula,22.996876944444445,-99.71299777777779
28040,Tamaulipas,Valle Hermoso,60055,10.943301973191241,9.21,77.35672127530476,50.31717138286723,59.61900380577977,38.83273665806344,80.21313795687287,Valle Hermoso,25.673799722222224,-97.81245416666667
28041,Tamaulipas,Victoria,349688,11.55515774061449,11.44,66.53582811946642,62.56345177664975,61.347413984539955,58.18529660726133,94.9703735901718,Ciudad Victoria,23.731053055555552,-99.15125027777778
28042,Tamaulipas,Villagrán,5361,7.759746315985824,7.07,55.845697329376854,20.652818991097924,51.207056638811515,24.47304607349375,0.0,Villagrán,24.47319111111111,-99.48811055555555
28043,Tamaulipas,Xicoténcatl,22229,10.26137028206397,9.28,54.05904059040591,25.816065852966222,50.5916020031919,63.903009582077466,0.0,Xicoténcatl,22.996771666666667,-98.94567722222223
29001,Tlaxcala,Amaxac de Guerrero,11403,11.540822590546348,10.89,43.17048853439681,52.34297108673978,60.22033158813264,45.51433833201789,0.0,Amaxac de Guerrero,19.350285833333334,-98.16956944444445
29002,Tlaxcala,Apetatitlán de Antonio Carvajal,16003,11.741548459663813,11.19,46.57372400756144,56.45085066162571,61.74554587551997,44.854089858151596,0.0,Apetatitlán,19.332260277777777,-98.19682166666666
29003,Tlaxcala,Atlangatepec,7087,12.360660364046847,8.41,40.95437860513896,15.469323544834818,57.82337852693294,18.11768025963031,0.0,Zumpango,19.555373055555556,-98.21470000000001
29004,Tlaxcala,Atltzayanca,18111,11.816023411186572,8.08,34.37706725468578,7.342888643880926,66.45878136200717,12.219093368670974,0.0,Atlzayanca,19.43136416666667,-97.79653194444444
29005,Tlaxcala,Apizaco,80725,11.894704242799628,10.86,45.85527771630892,52.369993361363136,60.97427559904578,41.126045215236914,59.00526478786002,Ciudad de Apizaco,19.41633472222222,-98.14061166666667
29006,Tlaxcala,Calpulalpan,51172,12.209802235597593,9.42,38.33721833721834,35.01165501165501,61.73637483966701,23.166966309700616,73.68091925271634,Heroica Ciudad de Calpulalpan,19.588525833333332,-98.57047555555555
29007,Tlaxcala,El Carmen Tequexquitla,17332,13.247172859450727,8.04,21.811193850588516,17.12707182320442,54.81868423044894,6.946688206785137,0.0,Villa de El Carmen Tequexquitla,19.32458611111111,-97.65915916666667
29008,Tlaxcala,Cuapiaxtla,16222,12.217975588706695,8.26,27.53548387096774,13.341935483870968,58.32199183412057,10.769325607200098,0.0,Cuapiaxtla,19.296660555555558,-97.76937527777778
29009,Tlaxcala,Cuaxomulco,5928,12.078272604588394,9.7,40.368178829717294,17.882971729125575,58.737341090282264,24.746963562753038,0.0,Cuaxomulco,19.355807222222225,-98.10312222222221
29010,Tlaxcala,Chiautempan,73215,11.654715563750598,10.46,38.31345917330624,43.174161809528904,64.31317295482614,35.1007307245783,72.89899610735505,Santa Ana Chiautempan,19.31398,-98.19296138888889
29011,Tlaxcala,Muñoz de Domingo Arenas,4755,11.798107255520504,9.08,43.96135265700483,53.30112721417069,44.703673907213734,19.03259726603575,0.0,Muñoz,19.47604972222222,-98.20888583333334
29012,Tlaxcala,Españita,9416,11.10875106202209,8.31,31.12474437627812,12.842535787321063,52.59713131875783,10.439677145284621,0.0,Españita,19.462299444444444,-98.42380666666668
29013,Tlaxcala,Huamantla,98764,12.674658782552347,9.12,30.268039518112467,28.938263370711574,61.86832018628259,23.744481794986026,60.62026649386416,Huamantla,19.31265972222222,-97.92310277777779
29014,Tlaxcala,Hueyotlipan,15190,11.711652402896643,8.59,38.61693861693862,30.45843045843046,55.9403844525362,11.152073732718893,0.0,Hueyotlipan,19.469988055555554,-98.34849805555555
29015,Tlaxcala,Ixtacuixtla de Mariano Matamoros,38970,12.065691557608417,9.66,38.58786508014554,29.81610777854263,63.088154890168205,32.0913523222992,0.0,Villa Mariano Matamoros,19.326645833333334,-98.37711499999999
29016,Tlaxcala,Ixtenco,7504,11.473880597014926,9.83,31.522842639593907,43.807106598984774,63.02031302031302,25.46641791044776,0.0,Ixtenco,19.251144166666666,-97.89511111111112
29017,Tlaxcala,Mazatecochco de José María Morelos,11592,12.456866804692892,8.27,34.10083366415244,26.597856292179436,62.525297953676635,9.981021394064872,0.0,Mazatecochco,19.179725833333336,-98.19067944444444
29018,Tlaxcala,Contla de Juan Cuamatzi,38579,12.06355789419114,9.9,34.81768312358825,39.01258470474347,64.8231594644536,34.845382202752795,78.84341221908292,Contla,19.334517777777776,-98.1679063888889
29019,Tlaxcala,Tepetitla de Lardizábal,22274,12.965789709975757,9.98,33.21039690902705,40.79733052335792,60.904905360086396,26.178504085480828,0.0,Tepetitla,19.26753,-98.38200888888888
29020,Tlaxcala,Sanctórum de Lázaro Cárdenas,9432,11.450381679389313,8.78,35.76519916142558,30.18867924528302,51.0449392159541,11.630619168787108,0.0,Sanctórum,19.492704722222225,-98.47204111111111
29021,Tlaxcala,Nanacamilpa de Mariano Arista,18686,11.703949480894787,8.74,34.07716371220021,31.178310740354537,58.034246575342465,18.232901637589638,0.0,Ciudad de Nanacamilpa,19.49316,-98.5363425
29022,Tlaxcala,Acuamanala de Miguel Hidalgo,6432,12.639925373134329,9.63,42.838283828382835,51.55115511551155,61.243543901470005,44.092039800995025,0.0,Concepción Chimalpa,19.21635861111111,-98.19836388888889
29023,Tlaxcala,Natívitas,26309,12.417803793378692,9.47,34.26301028357744,33.46837020878778,64.28951055708556,21.004219088524838,0.0,Santiago Michac,19.22056111111111,-98.33767083333333
29024,Tlaxcala,Panotla,28357,12.367316711922982,10.89,45.382310798488994,45.225999739481566,61.422507147188774,38.07525478717777,0.0,Panotla,19.31512916666667,-98.26723305555555
29025,Tlaxcala,San Pablo del Monte,82688,13.450561145510836,8.46,33.3606378331149,36.41328090869375,64.82131007678453,18.58673568111455,84.92647058823529,Ciudad de San Pablo del Monte,19.11973777777778,-98.17041583333334
29026,Tlaxcala,Santa Cruz Tlaxcala,24116,12.041797976447173,10.06,40.07948639559768,42.35707734637725,61.23950127810527,39.05291093050257,0.0,San Miguel Contla,19.362077777777777,-98.13300972222221
29027,Tlaxcala,Tenancingo,12974,12.039463542469555,8.34,40.646492434662996,42.1939477303989,47.709885742672625,29.289347926622476,0.0,Tenancingo,19.147757777777777,-98.20253
29028,Tlaxcala,Teolocholco,25257,12.455952805162925,9.67,37.83503371952274,38.82068130727996,60.10711553175211,41.06980243100922,75.80868670071663,Teolocholco,19.244394444444445,-98.1923513888889
29029,Tlaxcala,Tepeyanco,13328,11.32202881152461,10.29,46.220036877689,55.53165334972342,62.62854986319464,36.6671668667467,0.0,Tepeyanco,19.245567222222224,-98.23603527777777
29030,Tlaxcala,Terrenate,15475,11.631663974151857,7.87,30.426716141001855,10.734163795388286,55.646887575991094,14.074313408723748,0.0,Terrenate,19.477437499999997,-97.91910472222223
29031,Tlaxcala,Tetla de la Solidaridad,35284,12.532592676567283,9.65,41.98023964683624,32.11057389110784,60.212115764875065,37.88402675433624,49.540868382269586,Tetla,19.441415555555555,-98.10405222222222
29032,Tlaxcala,Tetlatlahuca,13561,11.746921318486837,9.97,46.609161213563354,35.5145746579417,61.251725724804416,26.443477619644568,0.0,Tetlatlahuca,19.231639444444443,-98.29572833333333
29033,Tlaxcala,Tlaxcala,99896,11.371826699767759,12.18,54.73228210015595,64.72015248657078,63.75715232186954,49.54853047169056,41.58224553535677,Ocotlán,19.317395555555557,-98.2285263888889
29034,Tlaxcala,Tlaxco,45438,12.194638848540869,8.33,35.5320945945946,15.532094594594595,60.67645955383683,15.755535014745368,39.566002024737,Tlaxco,19.614889444444447,-98.11920111111111
29035,Tlaxcala,Tocatlán,6294,12.662853511280584,9.16,39.07103825136612,34.35792349726776,55.7360197368421,26.755640292341912,0.0,Tocatlán,19.390451944444443,-98.0319311111111
29036,Tlaxcala,Totolac,22529,11.90909494429402,11.5,48.49662162162162,52.229729729729726,62.705817782656425,41.74175507124151,0.0,San Juan Totolac,19.325644166666667,-98.25841333333334
29037,Tlaxcala,Ziltlaltépec de Trinidad Sánchez Santos,9207,12.327576843705875,7.65,26.890380313199106,22.460850111856825,53.00085738782509,6.95123275768437,0.0,Zitlaltépec,19.204729722222222,-97.90875638888889
29038,Tlaxcala,Tzompantepec,18006,12.706875485949128,10.21,42.9893658920835,36.84521465143757,65.02648452746027,38.220593135621456,0.0,San Andrés Ahuashuatepec,19.37995638888889,-98.1055275
29039,Tlaxcala,Xaloztoc,25607,12.719178349670011,9.42,38.92875020857667,32.95511430001669,58.27367147322779,34.45932752762916,0.0,Xaloztoc,19.404180277777776,-98.04882305555556
29040,Tlaxcala,Xaltocan,10601,11.876238090746156,9.24,36.03512326916582,20.837554880108073,54.43577004968063,22.422412979907556,0.0,San Simón Tlatlahuquitepec,19.399176666666666,-98.22155833333333
29041,Tlaxcala,Papalotla de Xicohténcatl,33499,12.26006746470044,9.85,35.92046951730746,44.232842256557674,61.07763880414887,38.79220275232097,85.54583718916983,Papalotla,19.1698525,-98.2045863888889
29042,Tlaxcala,Xicohtzinco,14197,11.396773966330915,10.46,42.93971924029727,50.344068263143406,56.4147320649328,53.12389941536944,0.0,Xicohtzinco,19.17503388888889,-98.23372222222223
29043,Tlaxcala,Yauhquemehcan,42242,12.137209412433123,10.87,47.58031045073462,45.83713787664979,62.06368376093552,41.06576393163203,0.0,Santa Úrsula Zimatepec,19.41978888888889,-98.16411833333333
29044,Tlaxcala,Zacatelco,45717,12.53144344554542,10.19,38.20837733192538,45.573741640267514,62.970526548184125,42.69965220815014,99.71564188376315,Zacatelco,19.21615,-98.24022638888889
29045,Tlaxcala,Benito Juárez,6211,12.477861857993881,8.48,31.08371187540558,34.26346528228423,54.55882352941177,10.867815166639833,0.0,Benito Juárez,19.58451361111111,-98.42635750000001
29046,Tlaxcala,Emiliano Zapata,4951,12.037972126843062,7.99,30.161290322580644,22.177419354838708,55.463531926262355,6.099777822662088,0.0,Emiliano Zapata,19.558805833333334,-97.91720055555557
29047,Tlaxcala,Lázaro Cárdenas,3534,13.412563667232597,8.68,32.417582417582416,10.87912087912088,48.79674194742688,17.826825127334466,0.0,Lázaro Cárdenas,19.53876388888889,-97.98319055555555
29048,Tlaxcala,La Magdalena Tlaltelulco,19036,1.2607690691321707,10.95,3.4243606415257912,4.139575205895102,67.18289085545723,3.2622399663794917,100.0,La Magdalena Tlaltelulco,19.277355,-98.19496166666667
29049,Tlaxcala,San Damián Texóloc,5884,12.151597552685248,10.52,50.70993914807302,35.09127789046653,60.65263157894737,30.472467709041467,0.0,San Damián Texóloc,19.278431666666666,-98.28462388888889
29050,Tlaxcala,San Francisco Tetlanohcan,11761,12.720006802142676,9.59,31.245447924253458,35.906773488710854,59.06572514937534,30.065470623246323,0.0,San Francisco Tetlanohcan,19.260078333333333,-98.16355027777779
29051,Tlaxcala,San Jerónimo Zacualpan,4092,11.779081133919844,10.53,43.93063583815029,42.19653179190752,55.63014952700641,31.524926686217007,0.0,San Jerónimo Zacualpan,19.241711944444447,-98.26261722222222
29052,Tlaxcala,San José Teacalco,6436,11.963952765692976,8.62,38.098641887062186,20.014295925661187,48.91347293559858,13.331261653200746,0.0,San José Teacalco,19.335704166666666,-98.06442305555555
29053,Tlaxcala,San Juan Huactzinco,7688,12.799167533818938,10.47,65.63593932322054,44.74912485414236,68.67529880478088,23.439125910509887,0.0,San Juan Huactzinco,19.237945555555555,-98.25030055555555
29054,Tlaxcala,San Lorenzo Axocomanitla,5689,12.005624890138865,9.99,49.849849849849846,46.92192192192192,52.75419116046157,42.151520478115664,0.0,San Lorenzo Axocomanitla,19.225223611111108,-98.2488738888889
29055,Tlaxcala,San Lucas Tecopilco,3077,12.089697757556062,9.22,41.221374045801525,39.44020356234097,43.45528455284553,17.77705557361066,0.0,San Lucas Tecopilco,19.48498916666667,-98.25654222222222
29056,Tlaxcala,Santa Ana Nopalucan,7952,11.581991951710261,10.16,51.00635593220339,39.72457627118644,56.928958266964,23.905935613682093,0.0,Santa Ana Nopalucan,19.299835555555557,-98.33418916666666
29057,Tlaxcala,Santa Apolonia Teacalco,4636,12.68334771354616,10.5,49.559859154929576,42.605633802816904,50.3663500678426,28.645383951682486,0.0,Santa Apolonia Teacalco,19.237168333333333,-98.30866916666666
29058,Tlaxcala,Santa Catarina Ayometla,9463,12.945154813484097,9.4,36.171171171171174,45.765765765765764,50.263852242744065,38.67695234069534,0.0,Santa Catarina Ayometla,19.199918888888888,-98.21441833333334
29059,Tlaxcala,Santa Cruz Quilehtla,7750,13.27741935483871,8.88,46.10917537746806,38.79210220673635,60.10763538513286,18.219354838709677,0.0,Santa Cruz Quilehtla,19.213179722222222,-98.22201777777778
29060,Tlaxcala,Santa Isabel Xiloxoxtla,5443,13.154510380304979,9.6,44.72199838839646,40.934730056406124,53.554175293305725,30.957192724600404,0.0,Santa Isabel Xiloxoxtla,19.268064444444445,-98.21355805555555
30001,Veracruz de Ignacio de la Llave,Acajete,9701,12.978043500670035,7.25,22.73764258555133,19.011406844106464,60.22457067371202,14.029481496752911,0.0,Acajete,19.586974444444444,-97.01045361111112
30002,Veracruz de Ignacio de la Llave,Acatlán,3441,12.438244696309212,7.61,17.381228273464657,24.10196987253766,50.73446327683616,8.39872130194711,0.0,Acatlán,19.696924166666665,-96.84217472222221
30003,Veracruz de Ignacio de la Llave,Acayucan,80815,10.43741879601559,8.61,21.063677958275616,30.793770725769214,62.77198532008661,28.976056425168593,60.0965167357545,Acayucan,17.9488225,-94.91387083333333
30004,Veracruz de Ignacio de la Llave,Actopan,41742,9.67131426381103,7.35,33.420035671819264,32.42419738406659,56.405810284544756,31.929471515499976,0.0,Actopan,19.50405111111111,-96.61688138888888
30005,Veracruz de Ignacio de la Llave,Acula,5253,8.75690081857986,6.95,17.781690140845072,17.253521126760564,54.349338900487126,37.959261374452694,0.0,Acula,18.506030555555554,-95.77458388888888
30006,Veracruz de Ignacio de la Llave,Acultzingo,23100,13.051948051948052,7.38,21.736227045075125,17.111853088480803,54.36777024331871,17.965367965367964,0.0,Acultzingo,18.718762777777776,-97.30283722222222
30007,Veracruz de Ignacio de la Llave,Camarón de Tejeda,6538,9.666564698684613,6.74,30.569948186528496,18.44559585492228,56.86496694995279,28.433771795656163,0.0,Camarón de Tejeda,19.02117472222222,-96.61497555555555
30008,Veracruz de Ignacio de la Llave,Alpatláhuac,10338,11.491584445734185,6.35,18.304814962196577,19.816951850378036,60.47794117647059,5.039659508609016,0.0,Ayahualulco,19.10357861111111,-97.13435500000001
30009,Veracruz de Ignacio de la Llave,Alto Lucero de Gutiérrez Barrios,28184,9.207351688901504,6.84,25.4502208630649,35.859100690904974,54.29191858979818,12.212602895259721,0.0,Alto Lucero,19.62352472222222,-96.73361944444444
30010,Veracruz de Ignacio de la Llave,Altotonga,64234,12.482485910888315,7.05,19.484017718185083,24.003352089069796,69.39648904123818,10.634554908615375,33.68932341127751,Altotonga,19.76614888888889,-97.24552611111112
30011,Veracruz de Ignacio de la Llave,Alvarado,57035,11.506969404751468,9.72,34.17913684667101,45.37518976360876,58.282731658625856,37.566406592443236,36.463574997808365,Alvarado,18.7742775,-95.76392916666667
30012,Veracruz de Ignacio de la Llave,Amatitlán,7866,9.204169844902111,6.96,20.20497803806735,19.363103953147878,55.689889678101856,54.67836257309941,0.0,El Corte,18.4569625,-95.73482416666667
30013,Veracruz de Ignacio de la Llave,Naranjos Amatlán,26843,9.317140409045189,9.71,40.936790536503764,44.569243637232645,56.075611631167185,28.759825652870393,71.79525388369407,Naranjos,21.3469025,-97.68625166666666
30014,Veracruz de Ignacio de la Llave,Amatlán de los Reyes,46955,10.901927377276115,8.5,27.26657645466847,40.8660351826793,57.23732357553581,45.967415610691084,0.0,Amatlán de los Reyes,18.84757833333333,-96.9154838888889
30015,Veracruz de Ignacio de la Llave,Angel R. Cabada,33839,9.054641094594993,7.05,19.667157043030524,28.429569694740714,58.58646937468877,40.74884009574751,0.0,Ángel R. Cabada,18.595481666666664,-95.44272527777778
30016,Veracruz de Ignacio de la Llave,La Antigua,28682,10.801199358482672,9.29,33.485938521909745,48.223239590146065,60.5643872487173,54.69632522139321,70.30541803221533,José Cardel,19.36683027777778,-96.37138944444443
30017,Veracruz de Ignacio de la Llave,Apazapan,4709,9.237630070078573,8.17,29.342105263157894,23.092105263157894,50.038749677086024,32.12996389891697,0.0,Chahuapan,19.347669444444442,-96.68610333333334
30018,Veracruz de Ignacio de la Llave,Aquila,1978,10.364004044489382,5.35,19.54732510288066,13.786008230452675,47.346072186836516,2.3255813953488373,0.0,Aquila,18.79573527777778,-97.30812333333333
30019,Veracruz de Ignacio de la Llave,Astacinga,6909,10.971196989434072,5.35,17.001180637544273,31.463990554899645,35.46187228766274,1.0421189752496742,0.0,Astacinga,18.56683,-97.1020761111111
30020,Veracruz de Ignacio de la Llave,Atlahuilco,11577,13.630474216118165,5.66,18.58496953283683,13.033175355450236,46.22217095397393,3.0059600932884165,0.0,Atlahuilco,18.697427222222224,-97.09068555555555
30021,Veracruz de Ignacio de la Llave,Atoyac,23461,10.063509654319935,8.2,24.626444882999717,29.038624189455877,58.60854017669331,48.21192617535485,0.0,General Miguel Alemán (Potrero Nuevo),18.891399166666666,-96.79684777777777
30022,Veracruz de Ignacio de la Llave,Atzacan,22651,13.04578164319456,7.38,13.25044404973357,24.52930728241563,59.67080533090329,29.23932718202287,0.0,Atzacan,18.906967777777776,-97.08390472222221
30023,Veracruz de Ignacio de la Llave,Atzalan,49180,10.949572997153314,6.33,21.71878323760902,18.067077926682266,64.77296505545092,7.645384302562017,0.0,Plan de Arroyos,19.8944225,-97.11026388888888
30024,Veracruz de Ignacio de la Llave,Tlaltetela,16485,13.017895056111616,6.29,27.63219466541881,18.320074871314926,58.708460994579305,9.930239611768274,0.0,Tlaltetela,19.314659722222224,-96.90258555555556
30025,Veracruz de Ignacio de la Llave,Ayahualulco,27217,9.534482125142373,4.72,15.571473061351604,14.403612581750233,52.701235589102,1.392512032920601,0.0,Los Altos,19.44645,-97.20192194444445
30026,Veracruz de Ignacio de la Llave,Banderilla,25993,12.234063016966106,10.2,37.005389772577885,59.64243459971079,60.89050474526654,44.45427615127149,87.56203593275113,Banderilla,19.591606666666664,-96.94088444444445
30027,Veracruz de Ignacio de la Llave,Benito Juárez,16120,8.734491315136477,6.78,9.856262833675565,9.99315537303217,49.821677779500696,13.635235732009926,0.0,Benito Juárez,20.886560833333334,-98.20544472222223
30028,Veracruz de Ignacio de la Llave,Boca del Río,144550,10.349360083016258,11.4,51.51267888526237,72.72365888358858,60.92324251381571,54.46904185402975,91.32549290902801,Veracruz,19.142849166666664,-96.11595861111111
30029,Veracruz de Ignacio de la Llave,Calcahualco,13701,11.823954455879132,5.52,18.54604200323102,13.344103392568659,45.652838650494346,1.7589956937449822,0.0,Cruz Verde,19.138047222222223,-97.10813527777778
30030,Veracruz de Ignacio de la Llave,Camerino Z. Mendoza,41835,11.234612166845942,9.55,30.16021816942219,45.45764445201977,54.221470442415935,39.55778654236883,83.29628301661289,Ciudad Mendoza,18.804240833333335,-97.18471722222223
30031,Veracruz de Ignacio de la Llave,Carrillo Puerto,18888,11.377594239728928,5.97,31.04199683042789,10.063391442155309,58.053484713767865,12.732952138924185,0.0,El Palmar,18.803852222222222,-96.67189972222222
30032,Veracruz de Ignacio de la Llave,Catemaco,49451,10.272795292309558,7.53,17.126227719170608,33.03746817024373,59.33846665472871,16.535560453782534,57.946249823057165,Catemaco,18.424614722222223,-95.11233916666666
30033,Veracruz de Ignacio de la Llave,Cazones de Herrera,24421,9.581917202407764,7.58,16.98381141721102,10.494177790400455,59.24220221896588,14.716842062159616,0.0,Cazones de Herrera,20.703285,-97.31232055555556
30034,Veracruz de Ignacio de la Llave,Cerro Azul,25011,8.972052296989325,10.1,43.926191696565866,46.450538185545874,53.0185497470489,25.284874655151732,85.23449682139858,Cerro Azul,21.191466666666667,-97.74231861111112
30035,Veracruz de Ignacio de la Llave,Citlaltépetl,11165,8.499776085982983,7.2,16.810730253353203,10.312965722801788,54.3859649122807,6.538289296909986,0.0,Citlaltépec,21.328468055555554,-97.87927499999999
30036,Veracruz de Ignacio de la Llave,Coacoatzintla,11018,12.869849337447812,7.4,22.554820744865992,24.782457361642884,62.86292241789624,14.821201669994554,0.0,Coacoatzintla,19.65310611111111,-96.94514083333334
30037,Veracruz de Ignacio de la Llave,Coahuitlán,8176,11.191291585127201,6.02,4.86568677141409,4.206791687785099,43.56980887593132,2.7886497064579254,0.0,Coahuitlán,20.26060138888889,-97.72866194444444
30038,Veracruz de Ignacio de la Llave,Coatepec,93911,10.772965893239343,9.66,35.66625246692493,57.638330531393905,62.81723291035612,45.00963678376335,59.33277251866129,Coatepec,19.454660555555556,-96.96027416666666
30039,Veracruz de Ignacio de la Llave,Coatzacoalcos,310698,10.287481734674829,10.34,33.49863549346259,57.48747505193271,61.138703958105836,50.28130210043193,88.71476481985722,Coatzacoalcos,18.137882777777776,-94.4530013888889
30040,Veracruz de Ignacio de la Llave,Coatzintla,55016,10.387887160098881,9.98,36.417651791793034,53.141053413381194,60.637582388019545,37.796277446561,61.87109204595027,Coatzintla,20.482363333333332,-97.46078194444445
30041,Veracruz de Ignacio de la Llave,Coetzala,2355,13.205944798301486,7.18,9.204368174726989,11.856474258970358,46.53622421998942,24.118895966029726,0.0,Coetzala,18.78563638888889,-96.91669222222222
30042,Veracruz de Ignacio de la Llave,Colipa,5743,10.290788786348598,6.82,19.166215484569573,24.85110990795885,53.505132124918106,10.186313773289221,0.0,Colipa,19.923999722222224,-96.72673
30043,Veracruz de Ignacio de la Llave,Comapa,19876,11.70255584624673,5.74,31.499440507273405,13.073480044759417,55.038709677419355,3.572147313342725,0.0,Boca del Monte,19.15412111111111,-96.83484055555554
30044,Veracruz de Ignacio de la Llave,Córdoba,204721,10.574879958577771,9.96,31.26554073691349,56.741046920915814,63.76440920037528,49.739401429262266,67.93391982258781,Córdoba,18.89438388888889,-96.93534916666667
30045,Veracruz de Ignacio de la Llave,Cosamaloapan de Carpio,54737,9.244204103257394,8.62,25.457606865460864,37.216881212318725,61.146622734761124,52.522060032519136,53.12859674443247,Cosamaloapan,18.36477388888889,-95.7963586111111
30046,Veracruz de Ignacio de la Llave,Cosautlán de Carvajal,16167,11.257499845364013,6.42,24.231545882880862,16.670406102759703,63.9104153750775,7.812210057524587,0.0,Cosautlán de Carvajal,19.33264361111111,-96.99136444444444
30047,Veracruz de Ignacio de la Llave,Coscomatepec,59471,13.598224344638563,6.38,20.390924956369982,18.596858638743456,60.44610853633478,9.890534882547797,27.515932134990162,Coscomatepec de Bravo,19.072898333333335,-97.04642055555556
30048,Veracruz de Ignacio de la Llave,Cosoleacaque,130903,10.500905250452625,9.54,26.04998648349758,44.056425253741615,59.76574598079793,40.08769852486192,53.73979205976945,Minatitlán,18.012785555555556,-94.5709025
30049,Veracruz de Ignacio de la Llave,Cotaxtla,22050,11.002267573696145,6.95,32.51982916412447,23.856009762050032,61.89435949140201,20.92063492063492,0.0,La Tinaja,18.761240555555556,-96.46663777777778
30050,Veracruz de Ignacio de la Llave,Coxquihui,16333,9.894079471009613,6.85,10.335403726708075,25.51552795031056,58.08852640747486,6.9981020020816755,0.0,Coxquihui,20.18473722222222,-97.58627055555556
30051,Veracruz de Ignacio de la Llave,Coyutla,23096,9.417215102182196,6.54,12.991086167051833,15.434136678771871,56.34791397607951,5.113439556633184,0.0,Coyutla,20.24712166666667,-97.65769722222223
30052,Veracruz de Ignacio de la Llave,Cuichapa,11869,10.548487656921392,7.81,24.49160035366932,19.18656056587091,51.021928890781346,47.87260931839245,0.0,Cuichapa,18.773509999999998,-96.86922388888888
30053,Veracruz de Ignacio de la Llave,Cuitláhuac,28075,10.721282279608193,8.03,37.6458902408741,38.96200645641917,59.724293785310735,35.04541406945681,0.0,Cuitláhuac,18.814539444444446,-96.72232277777778
30054,Veracruz de Ignacio de la Llave,Chacaltianguis,11461,8.271529534944595,7.22,20.460230115057527,22.18609304652326,54.44862155388471,48.686851060116915,0.0,Chacaltianguis,18.30533638888889,-95.84139027777778
30055,Veracruz de Ignacio de la Llave,Chalma,13527,7.717897538256819,7.31,19.26197330541743,8.898194190002616,51.32677676748933,22.192651733569896,0.0,Chalma,21.208391111111112,-98.39760305555556
30056,Veracruz de Ignacio de la Llave,Chiconamel,6610,7.503782148260211,6.45,16.127167630057805,11.84971098265896,48.25038880248834,9.470499243570348,0.0,Chiconamel,21.230555555555554,-98.45951305555556
30057,Veracruz de Ignacio de la Llave,Chiconquiaco,13881,12.801671349326417,6.09,13.297394429469902,11.440551063192572,62.984903497038026,2.3485339672934225,0.0,Chiconquiaco,19.742096111111113,-96.81880833333332
30058,Veracruz de Ignacio de la Llave,Chicontepec,53858,7.866983549333432,7.63,16.755476613380697,12.354450365107558,52.8178095518201,25.57651602361766,0.0,Chicontepec de Tejeda,20.971974999999997,-98.17834416666668
30059,Veracruz de Ignacio de la Llave,Chinameca,22638,9.784433253821009,7.87,18.598420755781163,20.431472081218274,54.18089677206125,29.65809700503578,0.0,Chinameca,18.017777777777777,-94.68305555555555
30060,Veracruz de Ignacio de la Llave,Chinampa de Gorostiza,16283,9.758643984523736,7.56,22.188905547226387,23.816663097022918,53.54269801980198,13.271510163974698,0.0,Chinampa de Gorostiza,21.359599444444445,-97.73533805555556
30061,Veracruz de Ignacio de la Llave,Las Choapas,81080,10.894178589047854,7.52,24.856238577096242,33.82071056033522,59.816796900650075,12.731869758263443,57.85520473606315,Las Choapas,17.90932583333333,-94.09027611111111
30062,Veracruz de Ignacio de la Llave,Chocamán,20839,12.279859878113154,7.05,16.38494045332309,24.95197848636189,61.26555631230264,26.133691635875042,0.0,Chocamán,19.01087111111111,-97.0332375
30063,Veracruz de Ignacio de la Llave,Chontla,13359,7.912268882401377,6.73,17.35137747704205,11.019816336394394,57.20695970695971,8.88539561344412,0.0,Chontla,21.293434722222223,-97.92492972222223
30064,Veracruz de Ignacio de la Llave,Chumatlán,4008,10.553892215568862,6.99,6.115107913669065,5.215827338129497,37.376,5.289421157684631,0.0,Chumatlán,20.2075325,-97.59463638888889
30065,Veracruz de Ignacio de la Llave,Emiliano Zapata,85489,11.1757068160816,10.24,43.69359454105217,55.9395406853034,63.522478148221964,47.05049772485349,0.0,Jacarandas,19.495915833333335,-96.85446083333333
30066,Veracruz de Ignacio de la Llave,Espinal,26830,9.657100260901975,7.5,17.088779956427015,15.427559912854031,60.88545126696403,7.976146105106224,0.0,Entabladero,20.275960277777777,-97.54885777777777
30067,Veracruz de Ignacio de la Llave,Filomeno Mata,19179,13.379216851764951,5.6,2.17152281473337,5.579989004947773,44.707365922409316,2.017832003754106,80.38479587048334,Filomeno Mata,20.20024638888889,-97.70373861111112
30068,Veracruz de Ignacio de la Llave,Fortín,66372,10.778641595853673,10.16,38.36178841435939,59.11981174585691,62.82683181559998,48.94081841740493,32.22895196769722,Fortín de las Flores,18.903663055555555,-96.99934555555555
30069,Veracruz de Ignacio de la Llave,Gutiérrez Zamora,24085,8.822918829146772,8.68,20.0234344486395,38.0809790391876,59.254982679853406,22.150716213410835,0.0,Gutiérrez Zamora,20.451932222222222,-97.08756583333333
30070,Veracruz de Ignacio de la Llave,Hidalgotitlán,18275,9.87140902872777,6.96,17.238131122833458,28.541823662396382,59.03014789533561,5.395348837209302,0.0,Hidalgotitlán,17.771016666666664,-94.6465163888889
30071,Veracruz de Ignacio de la Llave,Huatusco,59920,12.75033377837116,8.21,29.50351084322376,28.658422916796123,65.7885270530481,19.110480640854473,55.744325767690256,Huatusco de Chicuellar,19.14697138888889,-96.96734972222222
30072,Veracruz de Ignacio de la Llave,Huayacocotla,21796,10.58451091943476,7.27,31.605541972290137,13.007334963325183,56.67322952091164,8.997063681409433,0.0,Huayacocotla,20.537277222222222,-98.47915194444445
30073,Veracruz de Ignacio de la Llave,Hueyapan de Ocampo,41670,9.671226301895848,6.94,15.33475614575923,23.144415461228363,55.97709808648486,29.848812095032397,0.0,Juan Díaz Covarrubias,18.159620277777776,-95.18426694444445
30074,Veracruz de Ignacio de la Llave,Huiloapan de Cuauhtémoc,7293,11.792129439188262,9.18,24.529236868186324,38.25569871159564,55.39422589903765,42.24598930481283,0.0,Huiloapan de Cuauhtémoc,18.81657722222222,-97.15591972222222
30075,Veracruz de Ignacio de la Llave,Ignacio de la Llave,16525,8.937972768532527,6.88,17.428924598269468,23.96256401200777,57.69857735625371,10.765506807866869,0.0,Ignacio de la Llave,18.724305555555553,-95.98563527777777
30076,Veracruz de Ignacio de la Llave,Ilamatlán,13377,10.33116543320625,5.01,4.741379310344827,14.520474137931034,35.679826720488336,8.103461164685655,0.0,Chahuatlán,20.78344277777778,-98.39314583333334
30077,Veracruz de Ignacio de la Llave,Isla,42807,9.909594225243534,7.34,25.40699427193247,27.698221284293037,64.21545667447307,18.56238465671502,59.82199173032448,Isla,18.027513888888887,-95.52762805555555
30078,Veracruz de Ignacio de la Llave,Ixcatepec,12379,9.40302124565797,7.38,17.997329773030707,6.328437917222964,54.185152321798284,13.805638581468616,0.0,Ixcatepec,21.237634444444446,-98.00595194444445
30079,Veracruz de Ignacio de la Llave,Ixhuacán de los Reyes,11387,11.530692895407043,5.94,14.001953760989906,11.787691305763595,60.81730769230769,3.4425221744094143,0.0,Ixhuacán de los Reyes,19.355945833333333,-97.11527972222221
30080,Veracruz de Ignacio de la Llave,Ixhuatlán del Café,23132,12.376794051530348,7.09,22.065727699530516,23.07176391683434,64.97757847533633,7.790074355870655,0.0,Ixhuatlán del Café,19.051156666666667,-96.984325
30081,Veracruz de Ignacio de la Llave,Ixhuatlancillo,27295,11.862978567503205,8.71,27.53789326200484,37.905999235766146,64.09647359766124,36.62941930756549,0.0,Unión y Progreso,18.871544166666666,-97.11898166666666
30082,Veracruz de Ignacio de la Llave,Ixhuatlán del Sureste,15831,10.277304023750869,8.26,28.941865328314513,28.419071518193224,54.140228426395936,17.724717326763944,0.0,Ixhuatlán del Sureste,18.02275361111111,-94.39372750000001
30083,Veracruz de Ignacio de la Llave,Ixhuatlán de Madero,50836,8.65725076717287,6.79,14.386339381003202,7.541800071149058,54.85230000489884,10.642064678574238,0.0,San Francisco,20.552363055555556,-98.00223888888888
30084,Veracruz de Ignacio de la Llave,Ixmatlahuacan,5574,8.95227843559383,6.95,18.866943866943867,13.617463617463617,53.02056555269923,37.38787226408324,0.0,Ixmatlahuacan,18.44856861111111,-95.82988194444444
30085,Veracruz de Ignacio de la Llave,Ixtaczoquitlán,74004,11.235879141668018,9.17,27.892264928591967,40.10831016965398,58.719266239309086,51.0783200908059,40.71536673693314,Ixtaczoquitlán,18.851066388888892,-97.06306722222222
30086,Veracruz de Ignacio de la Llave,Jalacingo,46794,12.668290806513655,6.62,23.313201035375325,27.860224331320104,63.13087365123564,8.129247339402488,33.77997179125529,Jalacingo,19.80596611111111,-97.30868166666666
30087,Veracruz de Ignacio de la Llave,Xalapa,488531,11.996782189871267,11.27,42.104880403020005,68.89685173676764,62.022650361013035,50.795548286597985,90.69291406277186,Xalapa-Enríquez,19.52708472222222,-96.92264472222223
30088,Veracruz de Ignacio de la Llave,Jalcomulco,5054,8.389394538979026,6.63,14.705882352941176,28.55392156862745,56.34398496240601,11.47605856747131,0.0,Jalcomulco,19.331685555555556,-96.7618225
30089,Veracruz de Ignacio de la Llave,Jáltipan,38669,9.483048436732266,9.0,19.68041741398989,32.47187347138431,61.37820512820513,35.356487108536555,82.3812356150922,Jáltipan de Morelos,17.966068055555557,-94.72173472222222
30090,Veracruz de Ignacio de la Llave,Jamapa,11132,10.528206970894718,7.7,28.61487420514238,28.08957699751175,58.41726618705036,34.23463887890765,0.0,Jamapa,19.04202638888889,-96.24059083333333
30091,Veracruz de Ignacio de la Llave,Jesús Carranza,28524,10.058196606366568,7.0,25.23763100170607,29.234706312454303,67.21594262109038,7.004627681952041,0.0,Jesús Carranza,17.434926944444445,-95.0262525
30092,Veracruz de Ignacio de la Llave,Xico,39623,12.230270297554451,7.77,19.95511319281811,34.1432474629196,61.26357104421866,21.043333417459557,54.47593569391515,Xico,19.421269444444444,-97.00723277777777
30093,Veracruz de Ignacio de la Llave,Jilotepec,16585,11.974675911968646,8.44,24.06128614587829,35.735865343116096,57.040165999703575,33.30117576123003,0.0,Jilotepec,19.61130388888889,-96.95027972222222
30094,Veracruz de Ignacio de la Llave,Juan Rodríguez Clara,38367,9.91477050590351,6.93,25.43643021374436,21.118964489483098,57.93775851881032,9.588969687491854,40.430578361612845,Juan Rodríguez Clara,17.99400361111111,-95.40135388888889
30095,Veracruz de Ignacio de la Llave,Juchique de Ferrer,15059,9.53582575204197,6.73,16.531742650191735,21.687260332339157,57.676792623693096,8.227637957367687,0.0,Juchique de Ferrer,19.84116111111111,-96.69473027777778
30096,Veracruz de Ignacio de la Llave,Landero y Coss,1543,9.915748541801685,6.8,29.647058823529413,31.294117647058822,47.668810289389064,1.2961762799740766,0.0,Landero y Coss,19.735191944444445,-96.85158777777777
30097,Veracruz de Ignacio de la Llave,Lerdo de Tejada,19123,9.423207655702557,8.86,24.160971905846623,39.87851176917236,52.98333741729968,62.118914396276736,92.69989018459447,Lerdo de Tejada,18.628199722222224,-95.52322194444444
30098,Veracruz de Ignacio de la Llave,Magdalena,3299,13.88299484692331,7.2,2.807017543859649,12.865497076023392,51.398459667612485,9.548347984237648,0.0,Magdalena,18.760589444444445,-97.0454675
30099,Veracruz de Ignacio de la Llave,Maltrata,18327,12.997217220494353,7.52,21.980461811722915,19.982238010657195,55.88319701535371,20.287008239209907,0.0,Maltrata,18.810400833333333,-97.27830388888889
30100,Veracruz de Ignacio de la Llave,Manlio Fabio Altamirano,23918,10.33949326866795,7.33,29.05635648754915,27.588466579292266,56.76986010807535,38.941383058784176,0.0,Manlio Fabio Altamirano,19.094434166666666,-96.33323027777777
30101,Veracruz de Ignacio de la Llave,Mariano Escobedo,38670,12.38686320144815,8.33,24.487814350907854,33.95475288862996,58.00619486903239,30.711145590897335,40.26377036462374,Palmira,18.882726944444446,-97.10946444444444
30102,Veracruz de Ignacio de la Llave,Martínez de la Torre,108842,11.436761544256813,8.99,29.28460199688559,44.10857683734848,62.35971817409864,36.00172727439775,74.31138714834347,Martínez de la Torre,20.07338777777778,-97.05384
30103,Veracruz de Ignacio de la Llave,Mecatlán,12799,10.53207281818892,5.75,2.2002551020408165,2.5191326530612246,35.06999263235449,3.203375263692476,0.0,Mecatlán,20.210655555555554,-97.68174
30104,Veracruz de Ignacio de la Llave,Mecayapan,17134,11.57931597992296,6.3,8.756497401039583,10.055977608956418,54.2007044892453,7.283763277693475,0.0,Mecayapan,18.22145722222222,-94.83764305555555
30105,Veracruz de Ignacio de la Llave,Medellín de Bravo,95202,10.75187496061007,9.87,35.27623976889745,49.67802118440058,65.64119584365187,50.94850948509485,36.67254889603159,Fraccionamiento Puente Moreno,19.102991666666668,-96.15701194444445
30106,Veracruz de Ignacio de la Llave,Miahuatlán,4841,12.951869448461062,7.07,16.29260182876143,28.761429758935993,45.57823129251701,5.9078702747366245,0.0,Miahuatlán,19.707459444444442,-96.86985555555555
30107,Veracruz de Ignacio de la Llave,Las Minas,2934,13.905930470347649,6.12,17.22222222222222,13.61111111111111,44.352236053480866,7.191547375596455,0.0,Rinconada,19.6679175,-97.14614583333334
30108,Veracruz de Ignacio de la Llave,Minatitlán,144776,9.933276233629883,9.64,33.916542540183634,51.64625063915876,58.40198869601001,27.79189920981378,69.9950268000221,Minatitlán,17.9909775,-94.54844416666667
30109,Veracruz de Ignacio de la Llave,Misantla,65761,11.225498395705662,8.59,22.834605337294473,35.686113814475235,60.622714057957424,20.13047246848436,45.97253691397637,Misantla,19.928634444444445,-96.8527361111111
30110,Veracruz de Ignacio de la Llave,Mixtla de Altamirano,12125,13.608247422680412,4.3,2.002503128911139,1.2828535669586985,42.83645276292335,9.31958762886598,0.0,Barrio Segundo,18.59533972222222,-96.98752888888889
30111,Veracruz de Ignacio de la Llave,Moloacán,16493,9.864791123506942,8.05,26.09397055858036,27.485380116959064,50.72763480392157,18.601831079852058,0.0,Cuichapa,17.938997222222223,-94.27969027777777
30112,Veracruz de Ignacio de la Llave,Naolinco,22835,11.521786730895554,8.27,24.087812263436792,32.92959878879637,61.102396278465946,26.8184804028903,0.0,Naolinco de Victoria,19.655267499999997,-96.87367555555555
30113,Veracruz de Ignacio de la Llave,Naranjal,4614,12.462071954919809,7.48,11.19281045751634,17.401960784313726,47.43411927877947,18.899003034243606,0.0,Naranjal,18.810826111111112,-96.96134111111111
30114,Veracruz de Ignacio de la Llave,Nautla,10130,9.693978282329713,7.88,26.265916493929524,25.229493633402427,54.992301314698565,19.772951628825272,0.0,Nautla,20.209191666666666,-96.77414722222223
30115,Veracruz de Ignacio de la Llave,Nogales,37314,10.944953636704723,9.23,25.57879014189694,35.7916355489171,56.98357591133663,37.25947365600043,56.97861392506834,Nogales,18.822537222222223,-97.16255638888889
30116,Veracruz de Ignacio de la Llave,Oluta,17027,10.236682915369707,8.36,18.795946751440493,25.968607192529305,60.10876754611597,23.727021788923473,0.0,Oluta,17.92818527777778,-94.8969438888889
30117,Veracruz de Ignacio de la Llave,Omealca,23773,10.781138266100198,7.32,31.445603576751118,18.405365126676603,55.25394974021843,30.479956252891935,0.0,Omealca,18.74730527777778,-96.78620305555556
30118,Veracruz de Ignacio de la Llave,Orizaba,123182,10.206036596255947,11.35,37.27513929424251,66.51101087821704,57.91831281060453,62.140572486239876,97.82273384098326,Orizaba,18.850960833333335,-97.09891444444445
30119,Veracruz de Ignacio de la Llave,Otatitlán,5651,9.431958945319412,7.88,21.217105263157894,27.905701754385966,58.8467441350581,31.30419394797381,0.0,Otatitlán,18.1767125,-96.03457444444444
30120,Veracruz de Ignacio de la Llave,Oteapan,10343,10.896258338973219,8.01,12.734452122408687,17.670286278381045,59.89627306718128,29.04379773760031,0.0,Oteapan,17.999503333333333,-94.66658944444445
30121,Veracruz de Ignacio de la Llave,Ozuluama de Mascareñas,22756,8.657057479346106,7.19,34.176684372379086,14.048084987419625,61.217896947181394,15.138864475303217,0.0,Ozuluama de Mascareñas,21.661260555555554,-97.85050638888889
30122,Veracruz de Ignacio de la Llave,Pajapan,18051,11.450889147415655,5.85,7.1146245059288535,7.45598275242544,63.95845190665908,5.772533377652207,0.0,Pajapan,18.26174361111111,-94.69178472222222
30123,Veracruz de Ignacio de la Llave,Pánuco,96185,10.281228881842283,8.57,38.12645379572849,33.94304645097625,58.27987769175721,42.20928419192182,43.23751104642096,Pánuco,22.0536125,-98.18130527777778
30124,Veracruz de Ignacio de la Llave,Papantla,159910,9.539741104371208,8.32,21.368705866825053,33.984469521986846,62.31155004660694,20.826715027202802,34.67700581577137,Papantla de Olarte,20.4467325,-97.32274916666667
30125,Veracruz de Ignacio de la Llave,Paso del Macho,31894,10.738696933592525,7.25,34.23156972286121,21.875342315697228,57.58970727101039,46.27516147237725,0.0,Paso del Macho,18.972154999999997,-96.72451111111111
30126,Veracruz de Ignacio de la Llave,Paso de Ovejas,33442,10.020333712098559,7.93,29.154903067946545,33.75682288725767,55.0178629425138,46.9409724298786,0.0,Paso de Ovejas,19.285046944444446,-96.43845277777778
30127,Veracruz de Ignacio de la Llave,La Perla,28258,14.374690353174323,4.97,8.853182104599874,6.600504095778198,48.94947217382392,2.5196404558001273,0.0,La Perla,18.927619166666666,-97.13402361111112
30128,Veracruz de Ignacio de la Llave,Perote,77432,11.847814856906705,8.39,32.78860255604442,41.70333123821496,57.94032723772859,23.385680338877982,54.82358714743258,Perote,19.560653333333335,-97.24407194444444
30129,Veracruz de Ignacio de la Llave,Platón Sánchez,18053,8.519359663213871,7.25,22.0103986135182,16.040824186404777,52.22796479955301,17.531712180800977,0.0,Platón Sánchez,21.273197777777778,-98.37414527777777
30130,Veracruz de Ignacio de la Llave,Playa Vicente,39327,9.075190072977852,6.72,24.31663361214107,32.98266793136156,61.188435085889374,7.582576855595392,0.0,Playa Vicente,17.832132777777776,-95.81205666666666
30131,Veracruz de Ignacio de la Llave,Poza Rica de Hidalgo,189457,10.311046833846202,10.84,43.07308765954458,62.23423866289787,57.634738121770845,42.116153005695224,95.03845199702307,Poza Rica de Hidalgo,20.534087500000002,-97.44356694444444
30132,Veracruz de Ignacio de la Llave,Las Vigas de Ramírez,20300,12.596059113300493,7.52,29.842209072978303,19.368836291913215,54.664227854716486,16.92118226600985,0.0,Las Vigas de Ramírez,19.638479722222222,-97.10337777777777
30133,Veracruz de Ignacio de la Llave,Pueblo Viejo,57909,11.402372688183185,8.81,25.075656700157367,43.72352015494492,60.515709642470206,44.56820183391183,26.71778134659552,Benito Juárez,22.20423472222222,-97.84080972222222
30134,Veracruz de Ignacio de la Llave,Puente Nacional,23544,9.667006455997281,8.13,34.660297239915074,39.039278131634816,56.29884821061292,42.919639823309545,0.0,Cabezas,19.371666666666666,-96.38277777777778
30135,Veracruz de Ignacio de la Llave,Rafael Delgado,24127,13.176109752559373,8.18,16.83843085106383,27.07779255319149,60.29373058904037,28.62353380030671,0.0,Rafael Delgado,18.810521666666666,-97.0734375
30136,Veracruz de Ignacio de la Llave,Rafael Lucio,8343,12.117943185904352,8.38,22.727272727272727,38.16287878787879,60.161733292645714,25.98585640656838,0.0,Rafael Lucio,19.593105555555553,-96.98955833333333
30137,Veracruz de Ignacio de la Llave,Los Reyes,6308,14.695624603677869,6.61,3.4188034188034186,3.357753357753358,45.67459482214271,2.4889029803424223,0.0,Los Reyes,18.67257777777778,-97.0442575
30138,Veracruz de Ignacio de la Llave,Río Blanco,41795,10.415121426007895,10.64,30.10778831347759,56.00940108598752,56.04748523255147,56.461299198468716,99.97607369302548,Río Blanco,18.838865,-97.139525
30139,Veracruz de Ignacio de la Llave,Saltabarranca,6126,9.043421482206986,7.19,17.744287797763732,26.300437530384055,48.35597558574523,50.342801175318314,0.0,Saltabarranca,18.590240277777777,-95.53187888888888
30140,Veracruz de Ignacio de la Llave,San Andrés Tenejapan,3134,13.592852584556477,6.62,7.267833109017497,18.842530282637956,56.22641509433962,7.466496490108487,0.0,San Andrés Tenejapan,18.788702500000003,-97.09322527777778
30141,Veracruz de Ignacio de la Llave,San Andrés Tuxtla,162428,10.617011845248356,7.23,14.871199607125318,27.26461002723336,56.009390035096416,22.167975964735145,39.67604107666166,San Andrés Tuxtla,18.448668333333334,-95.21257083333333
30142,Veracruz de Ignacio de la Llave,San Juan Evangelista,32631,9.877110722932182,6.73,21.361773668172745,17.07470841651781,56.71727849317701,8.96386871379976,0.0,San Juan Evangelista,17.886052222222222,-95.14008000000001
30143,Veracruz de Ignacio de la Llave,Santiago Tuxtla,57085,9.618989226591925,6.63,12.205195738058183,17.149527116006226,53.94439299636035,21.33835508452308,27.560655163352894,Santiago Tuxtla,18.465642777777777,-95.30175361111111
30144,Veracruz de Ignacio de la Llave,Sayula de Alemán,32400,10.268518518518519,7.42,16.50626678603402,18.99059982094897,59.963588870859226,14.472222222222221,46.65432098765432,Sayula de Alemán,17.880969444444446,-94.9601088888889
30145,Veracruz de Ignacio de la Llave,Soconusco,16574,10.432001930734886,8.81,23.242811501597444,28.75399361022364,63.682672859390216,30.686617593821648,0.0,Soconusco,17.962880555555554,-94.88105083333333
30146,Veracruz de Ignacio de la Llave,Sochiapa,3925,13.375796178343949,6.8,29.861849096705633,10.626992561105208,58.00200467758102,8.45859872611465,0.0,Sochiapa,19.19329527777778,-96.94064555555556
30147,Veracruz de Ignacio de la Llave,Soledad Atzompa,24578,12.90585076084303,5.31,26.07685433422699,9.68722073279714,37.72615590797409,1.1717796403287493,0.0,Atzompa,18.725245277777777,-97.18407555555557
30148,Veracruz de Ignacio de la Llave,Soledad de Doblado,28130,10.504799146818343,7.2,29.735449735449734,26.937095825984716,57.77506219176887,22.98613579808034,0.0,Soledad de Doblado,19.044745833333334,-96.42328916666668
30149,Veracruz de Ignacio de la Llave,Soteapan,34385,11.080412970772139,5.62,6.163212988677633,18.948942533646658,52.185301016419075,4.5717609422713394,0.0,Soteapan,18.229509999999998,-94.87275638888889
30150,Veracruz de Ignacio de la Llave,Tamalín,11631,9.534863726248817,7.51,21.424517593643586,20.090805902383654,59.07841893891355,10.704152695383028,0.0,Tamalín,21.33793861111111,-97.81322999999999
30151,Veracruz de Ignacio de la Llave,Tamiahua,21902,8.236690713176879,7.26,15.235531628532975,10.888290713324361,55.44809800128949,18.002922107570086,0.0,Tamiahua,21.279741944444442,-97.44652472222222
30152,Veracruz de Ignacio de la Llave,Tampico Alto,11561,9.021710924660496,7.37,25.523560209424083,9.502617801047121,50.89939343233633,27.852261915059252,0.0,Tampico Alto,22.113046111111114,-97.801625
30153,Veracruz de Ignacio de la Llave,Tancoco,5795,8.352027610008628,7.47,19.55215729109776,12.834516657564173,51.773648648648646,12.597066436583262,0.0,Tancoco,21.286381111111112,-97.79141916666667
30154,Veracruz de Ignacio de la Llave,Tantima,11991,8.756567425569177,6.66,18.627982646420826,11.062906724511931,50.909822056901575,9.065132182470187,0.0,Tantima,21.329636944444445,-97.83329222222221
30155,Veracruz de Ignacio de la Llave,Tantoyuca,99959,9.571924489040507,7.94,16.68192638710859,15.11078557040835,64.55592105263158,19.077821906981864,33.23962824758151,Tantoyuca,21.351814166666667,-98.22991944444445
30156,Veracruz de Ignacio de la Llave,Tatatila,6041,13.143519284886608,6.23,13.383152173913043,31.657608695652176,49.52935903182429,5.859956960768085,0.0,Tatatila,19.693456944444446,-97.11214194444445
30157,Veracruz de Ignacio de la Llave,Castillo de Teayo,20145,9.60536113179449,7.7,30.730926551662815,20.700693579939536,54.311039484286866,10.181186398610077,0.0,Castillo de Teayo,20.749733055555556,-97.63274944444444
30158,Veracruz de Ignacio de la Llave,Tecolutla,24551,9.873324915482058,7.61,22.03725723345224,22.12973972783723,61.23976841684967,10.846808683963994,0.0,Tecolutla,20.477392499999997,-97.00845083333333
30159,Veracruz de Ignacio de la Llave,Tehuipango,29686,14.4815738058344,5.04,3.267170209028632,23.818724749692606,38.66099995224679,4.342114127871724,0.0,Tehuipango,18.51776,-97.05612722222222
30160,Veracruz de Ignacio de la Llave,Álamo Temapache,107270,9.916099561853267,8.17,31.47586850081604,22.079738866868734,57.89418653283145,15.639041670550947,24.457909946863055,Álamo,20.9171425,-97.6755313888889
30161,Veracruz de Ignacio de la Llave,Tempoal,34408,8.867123924668682,7.13,25.338241146040588,14.046955829685634,58.08093662509545,13.682864450127877,0.0,Tempoal de Sánchez,21.522280555555554,-98.38812527777779
30162,Veracruz de Ignacio de la Llave,Tenampa,6448,12.267369727047146,6.08,30.399061032863848,20.011737089201876,57.877312560856865,4.962779156327543,0.0,Tenampa,19.248555,-96.88485361111111
30163,Veracruz de Ignacio de la Llave,Tenochtitlán,5040,11.369047619047619,6.56,15.408320493066256,13.86748844375963,48.2571649883811,4.226190476190476,0.0,Tenochtitlán,19.810133055555557,-96.91636583333334
30164,Veracruz de Ignacio de la Llave,Teocelo,16957,10.750722415521613,8.37,23.755102040816325,35.10204081632653,64.3709759097157,22.34475437872265,0.0,Teocelo,19.386250555555556,-96.97217694444444
30165,Veracruz de Ignacio de la Llave,Tepatlaxco,8925,12.448179271708684,6.58,16.350611040876526,30.17277707543194,66.54157043879907,7.294117647058823,0.0,San José Tenejapa,19.014560833333334,-96.84149638888888
30166,Veracruz de Ignacio de la Llave,Tepetlán,9405,11.206804891015418,5.93,17.48301751877011,18.87736860922417,51.15945805106826,14.077618288144604,0.0,Alto Tío Diego,19.62376972222222,-96.75744666666667
30167,Veracruz de Ignacio de la Llave,Tepetzintla,14619,9.48081264108352,7.76,19.80550284629981,7.352941176470588,55.77523413111342,11.266160476092756,0.0,Tepetzintla,21.166113333333332,-97.8510575
30168,Veracruz de Ignacio de la Llave,Tequila,16343,13.82855044973383,6.33,6.237816764132553,7.188109161793372,49.00598028123485,7.599583919720981,0.0,Tequila,18.729805277777775,-97.06942472222222
30169,Veracruz de Ignacio de la Llave,José Azueta,22709,9.432383636443701,6.79,24.938373048479868,13.913996165434128,60.14636293606251,18.543308820291514,0.0,Villa Azueta,18.075635,-95.707965
30170,Veracruz de Ignacio de la Llave,Texcatepec,10824,10.347376201034738,5.04,5.270555165144062,5.551651440618412,30.408395498798836,2.2819660014781964,0.0,Ayotuxtla,20.649121666666666,-98.30222583333332
30171,Veracruz de Ignacio de la Llave,Texhuacán,5575,12.286995515695068,6.71,8.350586611456176,4.623878536922015,50.32972209138012,7.874439461883408,0.0,Texhuacán,18.620638055555556,-97.03873333333333
30172,Veracruz de Ignacio de la Llave,Texistepec,19925,9.365119196988708,7.16,10.949158424431719,14.662502169009196,58.643187432697786,15.29736511919699,0.0,Texistepec,17.89420722222222,-94.81520888888889
30173,Veracruz de Ignacio de la Llave,Tezonapa,54537,10.587307699360068,6.8,14.96497145822522,15.133627400103789,62.44851850980208,20.44116838109907,0.0,Tezonapa,18.606806944444447,-96.68753361111112
30174,Veracruz de Ignacio de la Llave,Tierra Blanca,95602,10.243509550009414,8.36,33.47615801603531,37.65702600058428,60.066283238335956,38.95525198217611,49.19876153218552,Tierra Blanca,18.44744888888889,-96.36031472222221
30175,Veracruz de Ignacio de la Llave,Tihuatlán,92726,10.704656730582577,8.47,26.595176308960465,29.201648603266676,60.59583428949393,23.613657442357052,16.505618704570455,Tihuatlán,20.716672222222222,-97.537945
30176,Veracruz de Ignacio de la Llave,Tlacojalpan,4489,8.866117175317443,7.24,19.02173913043478,26.019021739130434,56.99582753824757,35.6872354644687,0.0,Tlacojalpan,18.230885555555552,-95.94762750000001
30177,Veracruz de Ignacio de la Llave,Tlacolulan,11685,13.264869490800171,7.0,19.00035448422545,17.653314427507976,57.82344698738907,9.619169875909286,0.0,Tlacolulan,19.66485861111111,-97.00137083333334
30178,Veracruz de Ignacio de la Llave,Tlacotalpan,12898,9.768956427353078,7.86,16.2748643761302,31.984629294755877,59.99087174806024,31.880911769266554,0.0,Tlacotalpan,18.61327166666667,-95.65631111111112
30179,Veracruz de Ignacio de la Llave,Tlacotepec de Mejía,4284,11.507936507936508,7.23,38.25944170771757,12.561576354679802,56.55519384433264,11.531279178338002,0.0,Tlacotepec de Mejía,19.192134166666666,-96.8365075
30180,Veracruz de Ignacio de la Llave,Tlachichilco,10900,9.192660550458715,5.8,8.289473684210526,19.57236842105263,36.960093896713616,8.357798165137615,0.0,Tlachichilco,20.621568611111112,-98.19904861111111
30181,Veracruz de Ignacio de la Llave,Tlalixcoyan,37795,9.734091811086122,7.34,27.667889615568672,29.231137342478863,60.874907045167966,15.290382325704458,0.0,Piedras Negras,18.7696425,-96.17254722222222
30182,Veracruz de Ignacio de la Llave,Tlalnelhuayocan,19664,12.947518307567128,8.42,23.518815052041635,42.834267413931144,63.78806571001883,25.676362896663953,0.0,Guadalupe Victoria,19.554158611111113,-96.96115222222222
30183,Veracruz de Ignacio de la Llave,Tlapacoyan,61377,11.74218355410007,7.79,25.655526992287918,34.84147386461011,60.836103928087674,13.801586913664728,58.479560747511286,Tlapacoyan,19.96265222222222,-97.21252972222223
30184,Veracruz de Ignacio de la Llave,Tlaquilpa,7933,12.517332661036178,5.67,12.124406958355298,5.482340537691091,38.78828905060078,1.2227404512794655,0.0,Tlaquilpa,18.612270555555558,-97.11888083333332
30185,Veracruz de Ignacio de la Llave,Tlilapan,5548,12.959625090122566,7.96,14.926470588235293,25.147058823529413,53.90753344285379,21.647440519105984,0.0,Tlilapan,18.805745555555557,-97.09905833333333
30186,Veracruz de Ignacio de la Llave,Tomatlán,7197,10.726691677087675,8.34,26.92491630798661,39.59827833572454,59.831121833534375,24.343476448520217,0.0,Tomatlán,19.031539444444444,-97.01026055555556
30187,Veracruz de Ignacio de la Llave,Tonayán,6105,13.038493038493039,6.46,13.639626704953338,13.424264178033022,46.895170264856446,2.293202293202293,0.0,Tonayán,19.68289027777778,-96.92150694444445
30188,Veracruz de Ignacio de la Llave,Totutla,17217,12.272753673694604,6.68,31.811263318112633,25.94042183083279,60.854762767113364,10.971714003601091,0.0,Totutla,19.21128583333333,-96.96129472222222
30189,Veracruz de Ignacio de la Llave,Tuxpan,154600,10.458602846054333,9.87,33.82210659843908,50.06127582722367,59.19622832232997,43.496765847347994,71.11060802069858,Túxpam de Rodríguez Cano,20.964296666666666,-97.40392722222222
30190,Veracruz de Ignacio de la Llave,Tuxtilla,2258,7.218777679362267,7.53,16.74757281553398,21.359223300970875,36.75443310048361,60.318866253321524,0.0,Tuxtilla,18.238959722222223,-95.89474611111112
30191,Veracruz de Ignacio de la Llave,Ursulo Galván,30097,9.831544672226467,9.07,37.32351754739815,53.40863251311013,56.770358628888445,64.4449612918231,0.0,Zempoala,19.44257138888889,-96.40876222222222
30192,Veracruz de Ignacio de la Llave,Vega de Alatorre,20204,10.384082359928726,7.9,27.98900595510765,30.936020766529243,58.433734939759034,17.99148683429024,0.0,Vega de Alatorre,20.02746583333333,-96.649765
30193,Veracruz de Ignacio de la Llave,Veracruz,607209,10.963111548083114,10.6,36.55842677724884,62.94078641343613,62.44350869795235,57.81287826761461,81.6111091897518,Veracruz,19.190323333333332,-96.15302750000001
30194,Veracruz de Ignacio de la Llave,Villa Aldama,12492,12.479987191802755,7.09,23.289070480081715,25.4341164453524,55.08791208791209,11.311239193083573,0.0,Villa Aldama,19.64888638888889,-97.223025
30195,Veracruz de Ignacio de la Llave,Xoxocotla,5900,13.033898305084746,6.25,10.666666666666666,2.066666666666667,39.55646073772347,0.7627118644067796,0.0,Xoxocotla,18.647805277777778,-97.15189777777779
30196,Veracruz de Ignacio de la Llave,Yanga,17902,10.3061110490448,8.03,36.52629676486535,46.2136273269474,57.26302831350021,38.82806390347447,0.0,Yanga,18.83383611111111,-96.79849805555556
30197,Veracruz de Ignacio de la Llave,Yecuatla,11205,9.808121374386435,6.65,15.709969788519638,19.96978851963746,56.42201834862385,7.916108879964302,0.0,Yecuatla,19.86618638888889,-96.77622666666666
30198,Veracruz de Ignacio de la Llave,Zacualpan,6788,9.295816146140247,5.93,23.535302954431646,6.209313970956434,52.56580193145238,4.5079552150854445,0.0,Zacualpan,20.433706666666666,-98.34869694444444
30199,Veracruz de Ignacio de la Llave,Zaragoza,11899,13.219598285570216,7.65,7.012002526847757,21.036007580543274,54.74908464354943,16.58962938062022,0.0,Zaragoza,17.955747499999998,-94.64241361111112
30200,Veracruz de Ignacio de la Llave,Zentla,12581,11.286861139814006,7.03,41.59495123350545,25.358577165806082,55.464296067252874,11.684285827835625,0.0,Ejido la Piña (Maromilla),19.029013055555556,-96.78330972222223
30201,Veracruz de Ignacio de la Llave,Zongolica,45028,11.710491249888959,6.75,8.403498732935502,15.425488432927327,66.51502145922747,13.660389091232123,0.0,Zongolica,18.666890833333333,-96.99836444444445
30202,Veracruz de Ignacio de la Llave,Zontecomatlán de López y Fuentes,14644,9.27342256214149,5.59,3.3636823469903896,4.754678806272129,33.49655422560755,15.781207320404262,0.0,Tetzacual,20.773587777777777,-98.26760055555556
30203,Veracruz de Ignacio de la Llave,Zozocolco de Hidalgo,14524,10.31396309556596,6.42,5.93619972260749,19.86130374479889,42.76415514935354,5.508124483613329,0.0,Zozocolco de Hidalgo,20.140845277777778,-97.57551333333333
30204,Veracruz de Ignacio de la Llave,Agua Dulce,44104,9.792762561218938,9.39,35.448848732148065,43.80647041678811,54.42525708900408,20.23852711772175,77.05877017957555,Agua Dulce,18.138272222222223,-94.1472388888889
30205,Veracruz de Ignacio de la Llave,El Higo,19402,9.51448304298526,8.66,40.34711039541958,21.774915011629986,51.3900535380249,55.643748067209565,0.0,El Higo,21.768734166666665,-98.45372416666667
30206,Veracruz de Ignacio de la Llave,Nanchital de Lázaro Cárdenas del Río,29209,10.051696394946763,10.17,48.88072168392917,57.54538367301481,52.52229246033407,20.339621349584032,96.1210585778356,Nanchital de Lázaro Cárdenas del Río,18.072141388888888,-94.41117583333335
30207,Veracruz de Ignacio de la Llave,Tres Valles,44978,10.047134154475522,7.88,30.453197797543414,29.401383594522095,58.87105700055341,41.06229712303793,37.258215127395616,Tres Valles,18.240921944444445,-96.13479694444445
30208,Veracruz de Ignacio de la Llave,Carlos A. Carrillo,23376,9.17180013689254,8.04,23.805264502938922,45.01661129568107,50.74223333163291,66.80783709787816,76.65554414784394,Carlos A. Carrillo,18.371734444444446,-95.74475972222223
30209,Veracruz de Ignacio de la Llave,Tatahuicapan de Juárez,15044,11.49295400159532,6.37,7.809260539046303,7.92444137295554,57.32555145481074,6.986173889922893,0.0,Tatahuicapan,18.246447222222223,-94.76023916666666
30210,Veracruz de Ignacio de la Llave,Uxpanapa,30891,10.621216535560519,6.73,22.235112142304718,17.85253931425625,57.03948819766159,4.1500760739373925,0.0,Poblado 10,17.27602361111111,-94.45133277777778
30211,Veracruz de Ignacio de la Llave,San Rafael,30351,10.75417613917169,8.3,29.658037711728987,33.83402578033451,61.27642600717989,23.23152449672169,0.0,San Rafael,20.18802527777778,-96.87095416666666
30212,Veracruz de Ignacio de la Llave,Santiago Sochiapan,13062,9.577400091869546,5.65,19.166666666666668,4.166666666666667,58.54791477330102,1.423977951309141,0.0,Xochiapa,17.663731944444443,-95.73460194444445
31001,Yucatán,Abalá,6550,11.740458015267176,6.77,12.019758507135016,18.93523600439078,53.60687022900763,38.213740458015266,0.0,Uayalceh,20.69555861111111,-89.59412499999999
31002,Yucatán,Acanceh,16772,11.972334843787264,8.33,18.595914533928152,32.096736323080535,62.31449667373346,61.26281898402099,0.0,Acanceh,20.81242166666667,-89.45354666666667
31003,Yucatán,Akil,12285,12.820512820512821,7.39,26.823314006713456,29.32560268538297,66.58081133290406,14.52991452991453,0.0,Akil,20.267052777777778,-89.34682555555555
31004,Yucatán,Baca,6195,10.33091202582728,8.74,25.185608223872073,33.00970873786408,58.87487875848691,66.95722356739306,0.0,Baca,21.109548333333336,-89.39938222222223
31005,Yucatán,Bokobá,2167,11.029072450392247,7.55,16.08832807570978,31.70347003154574,54.2382271468144,37.471158283341026,0.0,Bokobá,21.00693972222222,-89.179525
31006,Yucatán,Buctzotz,9159,11.748007424391309,7.23,20.20841086713807,26.386304428730927,58.21757667446018,11.213014521235943,0.0,Buctzotz,21.201896666666666,-88.79446222222222
31007,Yucatán,Cacalchén,7490,11.268357810413885,7.87,21.64797659678206,25.012189176011702,55.62530976375351,55.52736982643525,0.0,Cacalchén,20.98309861111111,-89.22818000000001
31008,Yucatán,Calotmul,3949,10.07850088630033,6.82,11.495246326707,29.29991356957649,49.268912905276544,13.01595340592555,0.0,Calotmul,21.019289444444443,-88.1770463888889
31009,Yucatán,Cansahcab,4466,10.725481415136587,8.27,19.08745247148289,29.96197718631179,52.56064690026954,52.5974025974026,0.0,Cansahcab,21.158102777777778,-89.10234138888889
31010,Yucatán,Cantamayec,2755,12.740471869328493,6.44,12.734584450402144,8.579088471849866,50.44776119402985,5.335753176043557,0.0,Cantamayec,20.470555555555553,-89.08094416666667
31011,Yucatán,Celestún,8389,12.27798307307188,7.07,14.09877585479105,27.01561840439004,46.43077873918418,3.695315293837168,0.0,Celestún,20.86009166666667,-90.39946361111112
31012,Yucatán,Cenotillo,3736,8.190578158458244,7.03,14.73063973063973,28.282828282828284,47.07868963188112,7.789079229122056,0.0,Cenotillo,20.965771666666665,-88.60441999999999
31013,Yucatán,Conkal,16671,10.377301901505609,11.24,55.62236921226699,59.270394868711165,62.75327335235169,57.830963949373164,0.0,Conkal,21.07389388888889,-89.52128388888889
31014,Yucatán,Cuncunul,1714,13.302217036172696,7.9,13.832199546485262,39.45578231292517,47.47774480712166,11.843640606767794,0.0,Cuncunul,20.641163055555555,-88.29663138888888
31015,Yucatán,Cuzamá,5560,12.517985611510792,7.27,10.310641110376736,30.53536021150033,60.46878521523552,38.992805755395686,0.0,Cuzamá,20.741484166666666,-89.31696111111111
31016,Yucatán,Chacsinkín,3104,13.047680412371134,6.65,9.517241379310345,21.93103448275862,40.11012282930962,3.060567010309278,0.0,Chacsinkín,20.172600833333334,-89.01640888888889
31017,Yucatán,Chankom,4686,12.313273580879216,6.77,12.36863379143088,6.548100242522231,50.937672366243795,5.612462654716176,0.0,Ticimul,20.596968055555553,-88.55258583333332
31018,Yucatán,Chapab,3385,12.259970457902511,7.86,16.16580310880829,29.22279792746114,48.37278106508876,28.183161004431316,0.0,Chapab,20.458750555555554,-89.45655222222223
31019,Yucatán,Chemax,38934,14.450095032619304,6.51,11.811023622047244,26.46609472323422,59.38296164450494,7.068372116915806,44.95299738018185,Chemax,20.65501638888889,-87.93732805555555
31020,Yucatán,Chicxulub Pueblo,4497,11.541027351567712,9.2,28.963414634146343,38.109756097560975,53.66922234392114,51.05625972870803,0.0,Chicxulub Pueblo,21.137289444444445,-89.51507611111111
31021,Yucatán,Chichimilá,9406,13.799702317669572,7.65,13.59883438562409,33.02574065080136,54.190668202764975,12.672762066765895,0.0,Chichimilá,20.63127,-88.21739666666667
31022,Yucatán,Chikindzonot,4363,11.918404767361906,6.82,11.735700197238659,0.9861932938856016,52.06761243585874,4.584001833600733,0.0,Chikindzonot,20.333655277777776,-88.48648555555556
31023,Yucatán,Chocholá,4863,10.939749126053876,8.66,22.52747252747253,19.574175824175825,60.28708133971292,60.74439646308863,0.0,Chocholá,20.75023138888889,-89.8306986111111
31024,Yucatán,Chumayel,3244,12.392108508014797,6.56,16.778523489932887,21.364653243847876,54.503641241855114,7.151664611590629,0.0,Chumayel,20.429534722222222,-89.30251916666667
31025,Yucatán,Dzán,6003,11.244377811094452,7.94,32.33695652173913,31.182065217391305,54.90066225165563,8.662335498917209,0.0,Dzan,20.387764166666667,-89.46887055555555
31026,Yucatán,Dzemul,3622,10.629486471562673,8.33,23.006416131989003,34.73877176901925,50.62706270627063,62.092766427388185,0.0,Dzemul,21.211503055555553,-89.30881388888889
31027,Yucatán,Dzidzantún,8345,10.940683043738765,9.41,27.866880513231756,35.72574178027266,54.63976945244957,48.65188735769922,0.0,Dzidzantún,21.246678333333335,-89.042975
31028,Yucatán,Dzilam de Bravo,2936,12.397820163487738,8.57,26.417233560090704,42.97052154195011,46.425495262704565,14.645776566757494,0.0,Dzilam de Bravo,21.393229166666668,-88.89187972222223
31029,Yucatán,Dzilam González,6240,10.929487179487179,7.9,17.585848074921955,28.980228928199793,52.30231202642316,27.259615384615383,0.0,Dzilam González,21.280124999999998,-88.92974055555555
31030,Yucatán,Dzitás,4015,11.45703611457036,6.74,13.438368860055608,32.90083410565338,55.6687898089172,10.261519302615193,0.0,Dzitás,20.839865555555555,-88.52782222222223
31031,Yucatán,Dzoncauich,2818,10.361958836053939,6.89,9.343434343434344,11.237373737373737,41.836292767431786,28.566359119943222,0.0,Dzoncauich,21.12916388888889,-88.89093111111112
31032,Yucatán,Espita,16779,13.576494427558258,7.03,11.635591220202974,35.40240736370073,70.32386494142868,12.45604624828655,0.0,Espita,21.0110525,-88.3068225
31033,Yucatán,Halachó,21255,11.484356621971301,7.63,12.417620534165799,18.487686437738468,61.72949794532786,37.821689014349566,0.0,Halachó,20.47774583333333,-90.08222888888889
31034,Yucatán,Hocabá,6514,11.728584587043292,7.26,11.03202846975089,22.65717674970344,59.11827539328025,46.19281547436291,0.0,Hocabá,20.81624,-89.24509916666666
31035,Yucatán,Hoctún,6384,12.218045112781954,6.94,14.55834242093784,15.430752453653216,54.92008472944348,41.290726817042604,0.0,Hoctún,20.865212222222222,-89.20206583333334
31036,Yucatán,Homún,8090,12.707045735475896,7.38,12.965455361148496,22.162404665769404,58.16862260654725,43.25092707045736,0.0,Homún,20.73951527777778,-89.28575444444444
31037,Yucatán,Huhí,5250,11.504761904761905,6.95,14.575411913814955,21.79974651457541,61.84615384615385,24.666666666666668,0.0,Huhí,20.724990555555554,-89.1621988888889
31038,Yucatán,Hunucmá,35137,11.813757577482425,8.18,19.00234873056705,26.361704507325804,64.91747625410812,45.971483052053394,80.86063124341862,Hunucmá,21.016154166666666,-89.87705166666666
31039,Yucatán,Ixil,4186,12.780697563306259,8.41,27.053571428571427,48.214285714285715,59.58503798947984,46.36884854276158,0.0,Ixil,21.153000277777775,-89.48121111111111
31040,Yucatán,Izamal,28555,11.37804237436526,8.05,20.29113924050633,26.443037974683545,61.08814215341309,48.02311329014183,62.47942566976011,Izamal,20.932997500000003,-89.01971472222222
31041,Yucatán,Kanasín,141939,12.040383545043998,9.13,29.99025560302826,46.24341003922744,66.1857691512039,54.970092786337794,98.4599017887966,Kanasín,20.934639722222222,-89.55805944444444
31042,Yucatán,Kantunil,5553,11.16513596254277,7.03,13.260730301089046,19.154388212684175,58.921933085501855,19.70106248874482,0.0,Kantunil,20.79644,-89.03651916666666
31043,Yucatán,Kaua,3405,13.186490455212923,7.28,17.27810650887574,5.562130177514793,46.01393188854489,6.901615271659325,0.0,Kaua,20.620085555555555,-88.41461666666667
31044,Yucatán,Kinchil,7530,12.722443559096945,7.45,13.973147687717553,20.73595226255594,60.46906866077498,54.02390438247012,0.0,Kinchil,20.916461944444443,-89.94758277777778
31045,Yucatán,Kopomá,2677,10.310048561822937,8.13,12.436548223350254,39.84771573604061,53.27570518653321,56.219648860664925,0.0,Kopomá,20.64897,-89.89952583333334
31046,Yucatán,Mama,3296,11.893203883495145,6.81,21.478060046189377,25.635103926097,53.627145085803434,18.203883495145632,0.0,Mama,20.477398055555554,-89.36557944444444
31047,Yucatán,Maní,5968,11.528150134048257,7.22,24.95176848874598,27.20257234726688,60.1364314645065,9.450402144772118,0.0,Maní,20.38770138888889,-89.39297083333334
31048,Yucatán,Maxcanú,23991,12.625567921303823,7.84,11.487341772151899,18.575949367088608,58.60920258171976,47.08849151765245,0.0,Maxcanú,20.585059444444443,-90.00064027777778
31049,Yucatán,Mayapán,3965,13.921815889029004,6.13,12.592592592592593,9.206349206349206,57.262569832402235,6.708701134930643,0.0,Mayapán,20.468744166666664,-89.21517111111112
31050,Yucatán,Mérida,995129,11.854744460265955,11.4,56.83135659335776,71.49083391763199,63.16205467328836,63.82087146490556,92.62829241234051,Mérida,20.96753722222222,-89.62439166666665
31051,Yucatán,Mocochá,3430,11.166180758017493,8.32,29.382470119521912,38.147410358565736,51.19465917076599,57.28862973760933,0.0,Mocochá,21.105684444444446,-89.45205555555556
31052,Yucatán,Motul,37804,11.77653158395937,8.41,22.36478484011054,28.41492301618634,61.41952924111558,52.5526399322823,68.99005396254364,Motul de Carrillo Puerto,21.095550555555555,-89.28392472222222
31053,Yucatán,Muna,13494,12.257299540536534,8.21,20.29325513196481,30.087976539589445,60.13631758312609,35.53431154587224,0.0,Muna,20.483953333333336,-89.7133775
31054,Yucatán,Muxupip,2990,11.17056856187291,7.97,17.66743648960739,34.8729792147806,52.490736928777274,54.78260869565217,0.0,Muxupip,21.04282305555556,-89.32989111111111
31055,Yucatán,Opichén,7080,12.30225988700565,7.35,12.33019853709509,24.294670846394986,64.014272970562,28.163841807909606,0.0,Opichén,20.55065138888889,-89.85624444444444
31056,Yucatán,Oxkutzcab,33854,12.459384415430968,7.37,28.68144690781797,42.90548424737456,63.83825767924749,17.820641578543157,77.31730371595675,Oxkutzcab,20.3019325,-89.41875166666667
31057,Yucatán,Panabá,7766,10.867885655421066,7.41,18.73589164785553,54.94356659142212,57.202304737516,14.988411022405357,0.0,Panabá,21.296861111111113,-88.27118333333333
31058,Yucatán,Peto,25954,12.13685751714572,7.67,14.997656616153726,22.46523980628027,60.08390463521948,11.824766895276259,82.66933805964399,Peto,20.125918333333335,-88.92398527777779
31059,Yucatán,Progreso,66008,11.860683553508666,9.33,36.680538291087935,62.460141598659675,62.761927863713545,37.33032359713974,63.57562719670343,Progreso,21.282577222222223,-89.663595
31060,Yucatán,Quintana Roo,976,9.631147540983607,7.43,11.147540983606557,37.377049180327866,54.66321243523316,7.069672131147541,0.0,Quintana Roo,20.8671875,-88.6317511111111
31061,Yucatán,Río Lagartos,3974,11.222949169602416,7.82,25.431425976385103,57.49318801089918,52.72784610532955,53.1202818319074,0.0,Río Lagartos,21.597750555555553,-88.1579775
31062,Yucatán,Sacalum,4962,11.225312374042725,7.42,20.538965768390387,29.715950473415877,52.429930573412186,32.80935106811769,0.0,Sacalum,20.495829166666667,-89.59116527777778
31063,Yucatán,Samahil,5631,12.41342567927544,7.99,18.169209431345354,26.421636615811373,56.3746358951378,64.44681228911384,0.0,Samahil,20.8834175,-89.88881555555557
31064,Yucatán,Sanahcat,1701,9.288653733098178,7.79,11.776859504132231,19.834710743801654,49.09365558912387,47.325102880658434,0.0,Sanahcat,20.771262222222223,-89.21476055555556
31065,Yucatán,San Felipe,2118,11.425873465533522,8.15,31.329113924050635,65.03164556962025,49.419953596287705,48.1586402266289,0.0,San Felipe,21.567598888888888,-88.23206333333333
31066,Yucatán,Santa Elena,4220,13.76777251184834,7.37,16.814946619217082,52.93594306049822,52.38674369109152,12.914691943127963,0.0,Santa Elena,20.3288975,-89.64325944444445
31067,Yucatán,Seyé,10053,12.115786332438079,7.48,12.750185322461082,21.423276501111935,60.21924482338611,35.0442653934149,0.0,Seyé,20.836986666666665,-89.37225277777777
31068,Yucatán,Sinanché,3206,10.82345601996257,7.98,21.248741188318228,21.852970795568982,48.41867469879518,31.97130380536494,0.0,Sinanché,21.225595,-89.18578333333333
31069,Yucatán,Sotuta,8967,12.534850005576,6.84,12.01000834028357,13.96997497914929,58.245212917976566,11.408497825359651,0.0,Sotuta,20.595017777777777,-89.00670555555556
31070,Yucatán,Sucilá,3971,11.68471417778897,8.3,23.364485981308412,35.938827527612574,55.24585029752584,23.444976076555022,0.0,Sucilá,21.156165555555553,-88.31393833333333
31071,Yucatán,Sudzal,1949,11.185223191380196,7.25,12.26252158894646,7.599309153713299,59.13102511880516,19.70241149307337,0.0,Sudzal,20.872095555555557,-88.98879194444444
31072,Yucatán,Suma,1857,10.070005385029617,8.21,19.055944055944057,20.454545454545453,53.264382676147385,63.27409800753904,0.0,Suma,21.086491388888888,-89.14827861111112
31073,Yucatán,Tahdziú,5854,14.195421933720533,6.56,9.71025841816758,23.17932654659358,53.7821482602118,2.3231978134608813,0.0,Tahdziú,20.203820555555556,-88.94490361111112
31074,Yucatán,Tahmek,3774,11.181770005299416,7.94,15.702479338842975,25.252525252525253,51.326595072646874,52.888182299947005,0.0,Tahmek,20.875535,-89.25579472222222
31075,Yucatán,Teabo,6921,13.682993787024996,6.89,12.231503579952268,24.761336515513126,63.57427433124644,10.244184366421038,0.0,Teabo,20.400411111111108,-89.28491916666667
31076,Yucatán,Tecoh,17939,12.169017225040415,7.03,11.461864406779661,17.372881355932204,62.71527777777778,45.353698645409445,0.0,Tecoh,20.741726111111113,-89.47430222222222
31077,Yucatán,Tekal de Venegas,2683,12.187849422288483,6.85,10.193548387096774,9.548387096774194,48.42154131847725,38.874394334699964,0.0,Tekal de Venegas,21.0140725,-88.94700527777778
31078,Yucatán,Tekantó,3747,11.235655190819323,7.56,16.266173752310536,23.65988909426987,49.28010471204188,55.59113957832933,0.0,Tekantó,21.011647222222223,-89.10608388888889
31079,Yucatán,Tekax,45062,12.749101238293907,7.97,25.565669700910274,26.163849154746423,60.798858773181166,23.285695264302518,63.15964670897874,Tekax de Álvaro Obregón,20.203464722222222,-89.28838805555556
31080,Yucatán,Tekit,11020,13.039927404718693,6.43,13.800500536288881,33.10690025026815,63.94175647787205,20.190562613430128,0.0,Tekit,20.533493333333336,-89.33309472222221
31081,Yucatán,Tekom,3355,12.518628912071534,7.22,11.860174781523096,20.72409488139825,46.04288499025341,9.746646795827123,0.0,Tekom,20.602224722222225,-88.26443777777777
31082,Yucatán,Telchac Pueblo,3512,9.510250569476081,8.88,27.564674397859054,33.80909901873327,52.734107997265895,46.83940774487471,0.0,Telchac,21.20334888888889,-89.27126722222222
31083,Yucatán,Telchac Puerto,1915,12.010443864229766,8.03,31.514084507042252,32.04225352112676,58.97602073882048,17.54569190600522,0.0,Telchac Puerto,21.343003888888887,-89.264225
31084,Yucatán,Temax,7037,11.63848230780162,7.3,12.939297124600639,13.365282215122471,53.659839715048975,41.2249538155464,0.0,Temax,21.15184111111111,-88.93863416666667
31085,Yucatán,Temozón,16680,13.321342925659472,7.01,15.070422535211268,45.539906103286384,64.42538063219723,10.683453237410072,0.0,Temozón,20.80368027777778,-88.20115777777778
31086,Yucatán,Tepakán,2133,10.642287857477731,6.94,10.997067448680351,7.771260997067449,44.84991171277222,43.459915611814345,0.0,Tepakán,21.049377222222223,-89.03944666666666
31087,Yucatán,Tetiz,5464,11.896046852122987,6.44,14.478114478114477,13.468013468013469,61.30177514792899,47.58418740849195,0.0,Tetiz,20.961911666666666,-89.93344888888889
31088,Yucatán,Teya,1917,10.119979134063641,7.25,11.052631578947368,10.350877192982455,41.07382550335571,46.84402712571727,0.0,Teya,21.048538333333337,-89.07370888888889
31089,Yucatán,Ticul,40495,11.887887393505371,8.95,26.30272952853598,39.99007444168735,61.99037416550225,27.366341523644895,86.88233115199408,Ticul,20.39834,-89.53444666666667
31090,Yucatán,Timucuy,7503,12.688258030121284,6.7,10.005527915975676,34.60475400773908,58.87603305785124,38.158070105291216,0.0,Timucuy,20.810508055555555,-89.513505
31091,Yucatán,Tinum,12700,13.031496062992126,7.61,19.20816579028766,30.68357562635323,55.788090182994644,13.078740157480315,0.0,Pisté,20.6985975,-88.58823555555556
31092,Yucatán,Tixcacalcupul,7888,13.29868154158215,7.07,7.640681466184822,10.170366546205472,60.61224489795919,6.516227180527383,0.0,Tixcacalcupul,20.537088611111113,-88.27026694444444
31093,Yucatán,Tixkokob,18420,11.525515743756786,9.17,26.557632398753896,36.56542056074766,62.128469260547206,62.269272529858846,0.0,Tixkokob,21.0024825,-89.3950513888889
31094,Yucatán,Tixmehuac,5444,12.876561351947098,7.02,15.904292751583393,8.374384236453203,43.96718146718147,14.3460690668626,0.0,Tixmehuac,20.235720833333335,-89.10900111111111
31095,Yucatán,Tixpéhual,5690,10.790861159929701,8.92,25.764476252439817,28.62719583604424,59.15966386554622,68.78734622144113,0.0,Tixpéhual,20.978168333333333,-89.44190277777778
31096,Yucatán,Tizimín,80672,12.735521618405395,7.88,23.311557080415472,29.952530901912862,60.49414081107688,27.859728282427607,65.19362356207854,Tizimín,21.143523055555555,-88.15226611111112
31097,Yucatán,Tunkás,3684,9.77198697068404,7.16,13.985374771480805,26.873857404021937,53.697304768486525,9.96199782844734,0.0,Tunkás,20.902349722222223,-88.75227944444444
31098,Yucatán,Tzucacab,15346,12.53095269125505,7.48,16.883116883116884,28.446553446553448,63.46678023850085,17.496416004170467,0.0,Tzucacab,20.071931666666668,-89.05033027777777
31099,Yucatán,Uayma,4191,12.598425196850394,6.7,8.73015873015873,17.063492063492063,55.06715506715507,10.713433548079218,0.0,Uayma,20.7177875,-88.3171386111111
31100,Yucatán,Ucú,4049,12.620400098789824,8.01,33.801580333625985,35.99648814749781,61.48215919487649,49.14793776241047,0.0,Ucú,21.03173472222222,-89.74644027777778
31101,Yucatán,Umán,69147,12.395331684671786,9.11,25.628841485460462,49.73400134290584,65.80433164497214,65.92476897045425,81.57837650223438,Umán,20.881890000000002,-89.74828333333333
31102,Yucatán,Valladolid,85460,13.159372805991106,8.88,30.335296782963297,44.000906207521524,61.762382435796155,28.084483969108355,66.10578048209689,Valladolid,20.689725555555555,-88.20098
31103,Yucatán,Xocchel,3451,11.532889017676036,7.32,13.11111111111111,37.77777777777778,49.08411214953271,33.2657200811359,0.0,Xocchel,20.833488888888887,-89.18371944444445
31104,Yucatán,Yaxcabá,16350,12.685015290519878,6.8,10.228898426323319,5.03099666189795,59.6742671009772,7.174311926605505,0.0,Yaxcabá,20.54912555555556,-88.82720611111111
31105,Yucatán,Yaxkukul,3293,12.51138779228667,9.22,32.37885462555066,48.23788546255506,54.77707006369427,47.91982994230185,0.0,Yaxkukul,21.06347888888889,-89.41923833333334
31106,Yucatán,Yobaín,2215,10.790067720090294,8.5,18.887262079062957,33.08931185944363,54.443823365008384,32.00902934537246,0.0,Yobaín,21.2334675,-89.11650027777777
32001,Zacatecas,Apozol,6260,10.383386581469649,7.5,52.152317880794705,29.083885209713024,50.465210355987054,21.070287539936103,0.0,Apozol,21.47087694444444,-103.09119
32002,Zacatecas,Apulco,4942,9.368676649129906,7.29,53.97769516728624,47.5092936802974,46.60246120920278,16.025900445163902,0.0,Tenayuca,21.502084166666666,-102.65770666666667
32003,Zacatecas,Atolinga,2277,7.817303469477382,7.46,67.23237597911228,39.29503916449086,41.78454842219804,19.89459815546772,0.0,Atolinga,21.80694861111111,-103.46558333333334
32004,Zacatecas,Benito Juárez,4493,10.015579790785667,7.78,60.5655930871956,25.13747054202671,44.09011117612639,12.931226352103272,0.0,Florencia,21.504477777777776,-103.55595027777777
32005,Zacatecas,Calera,45759,12.563648681133767,8.93,60.81227587357184,45.50913184888667,59.59137011197749,50.80312069756769,83.46554776109618,Víctor Rosales,22.949037222222223,-102.7022625
32006,Zacatecas,Cañitas de Felipe Pescador,8255,9.836462749848577,8.63,55.27615626403233,24.966322406825327,53.06540583136328,40.15748031496063,0.0,Cañitas de Felipe Pescador,23.606976111111113,-102.72659
32007,Zacatecas,Concepción del Oro,12115,10.177465951300041,9.13,56.05546995377504,41.72573189522342,51.61692835603618,68.37804374742055,0.0,Concepción del Oro,24.61316888888889,-101.4204838888889
32008,Zacatecas,Cuauhtémoc,13466,11.889202435764147,8.39,42.5077399380805,23.374613003095977,48.6244019138756,34.36803802168424,0.0,San Pedro Piedra Gorda,22.449218333333334,-102.35010194444443
32009,Zacatecas,Chalchihuites,10086,10.063454293079516,8.26,66.09345794392523,27.66355140186916,42.58974358974359,27.681935355938926,0.0,Chalchihuites,23.477349999999998,-103.88404583333335
32010,Zacatecas,Fresnillo,240532,11.753945420983486,9.22,62.006340084638566,52.0074332026797,57.91675734494015,49.1256880581378,59.56837343887715,Fresnillo,23.174894722222223,-102.86822944444444
32011,Zacatecas,Trinidad García de la Cadena,3362,10.618679357525282,7.7,67.31481481481481,49.629629629629626,43.08152580403889,13.057703747769185,0.0,La Estanzuela,21.209789999999998,-103.46487083333334
32012,Zacatecas,Genaro Codina,8168,10.798237022526934,7.96,53.84615384615385,31.353456669912365,47.550717466600695,18.43780607247796,0.0,Genaro Codina,22.48761388888889,-102.4565738888889
32013,Zacatecas,General Enrique Estrada,6644,12.010836845273932,8.71,57.97021511307226,32.48758963044677,52.24232887490165,45.4846478025286,0.0,General Enrique Estrada,22.995123333333336,-102.74001305555555
32014,Zacatecas,General Francisco R. Murguía,20191,10.341241147045713,7.92,68.13471502590673,25.85122131754256,46.07905038514964,11.683423307414195,0.0,Nieves,23.994668055555557,-103.01982527777778
32015,Zacatecas,El Plateado de Joaquín Amaro,1579,7.59974667511083,6.75,63.653483992467045,55.1789077212806,44.092664092664094,8.676377454084864,0.0,El Plateado de Joaquín Amaro,21.936653055555556,-103.0923936111111
32016,Zacatecas,General Pánfilo Natera,23526,11.370398707812633,7.51,50.91059602649007,26.655629139072847,49.22077922077922,17.635807192042847,0.0,General Pánfilo Natera,22.66437138888889,-102.10992333333333
32017,Zacatecas,Guadalupe,211740,12.723623311608577,11.39,64.91762059154371,70.16806722689076,63.29205897490237,64.97449702465288,80.30084065363181,Guadalupe,22.746781944444447,-102.51880166666666
32018,Zacatecas,Huanusco,4547,9.566747305915989,7.39,59.10095799557848,49.152542372881356,42.62926292629263,17.176160105564108,0.0,Huanusco,21.77216888888889,-102.97202416666667
32019,Zacatecas,Jalpa,25296,10.9938330170778,8.67,54.441624365482234,44.07783417935702,55.61745589600743,27.794908285895,60.44829222011385,Jalpa,21.63223916666667,-102.97583416666667
32020,Zacatecas,Jerez,59910,10.98814889000167,9.06,61.930640372009634,53.7116925317945,59.2712955440285,30.43899182106493,77.00216992154898,Jerez de García Salinas,22.649403333333332,-102.98992361111111
32021,Zacatecas,Jiménez del Teul,4465,10.257558790593505,7.94,50.46296296296296,33.05555555555556,39.29004854368932,17.357222844344903,0.0,Jiménez del Teul,23.254110277777777,-103.79838388888889
32022,Zacatecas,Juan Aldama,19749,10.719530102790015,8.79,64.3002780352178,41.3531047265987,56.71524222134699,23.768292065421033,76.18107245936503,Juan Aldama,24.290481111111113,-103.39359027777779
32023,Zacatecas,Juchipila,12251,10.529752673251163,8.93,52.82921810699588,48.91975308641975,53.728470111448836,28.405844420863602,0.0,Juchipila,21.411503888888888,-103.11924333333333
32024,Zacatecas,Loreto,53709,11.849038336219255,9.13,57.24068944290551,35.34933825792552,57.52169842354311,30.78813606658102,48.94338006665549,Loreto,22.272186666666666,-101.9865638888889
32025,Zacatecas,Luis Moya,13184,10.869235436893204,8.57,52.892561983471076,32.568105295378025,50.2703254105886,37.86407766990291,0.0,Luis Moya,22.43247777777778,-102.24924944444444
32026,Zacatecas,Mazapil,17774,9.165072577922809,7.41,57.05059203444564,18.579117330462864,48.855133193654595,38.13997974569596,0.0,Mazapil,24.638096944444445,-101.55496666666666
32027,Zacatecas,Melchor Ocampo,2736,9.137426900584796,7.54,54.92371705963939,13.314840499306518,45.77498792853694,39.473684210526315,0.0,Melchor Ocampo,24.831724444444443,-101.6422263888889
32028,Zacatecas,Mezquital del Oro,2451,10.567115463076295,7.15,62.72108843537415,47.755102040816325,33.64485981308411,6.24235006119951,0.0,Mezquital del Oro,21.216721666666665,-103.3629011111111
32029,Zacatecas,Miguel Auza,23713,11.626533968709147,8.21,69.41136440966315,32.59612112963593,55.77705218536977,16.345464513136253,0.0,Miguel Auza,24.29444638888889,-103.45144944444445
32030,Zacatecas,Momax,2446,10.09811937857727,7.81,64.0960809102402,43.8685208596713,47.66214177978884,21.095666394112836,0.0,Momax,21.922014166666667,-103.31397527777777
32031,Zacatecas,Monte Escobedo,8683,9.00610388114707,7.84,71.74147217235189,27.54039497307002,54.06993407853253,16.00829206495451,0.0,Monte Escobedo,22.302784722222224,-103.56164305555555
32032,Zacatecas,Morelos,13207,11.88763534489286,9.64,67.18317653569453,42.6950747094632,55.91864276074802,59.33974407511168,0.0,Morelos,22.862194444444444,-102.609535
32033,Zacatecas,Moyahua de Estrada,4530,8.609271523178808,7.52,52.60631001371742,41.49519890260631,41.62797049986342,16.423841059602648,0.0,Moyahua de Estrada,21.26559361111111,-103.16569666666668
32034,Zacatecas,Nochistlán de Mejía,27945,9.844337090713902,8.14,59.14943886591849,47.017129356172475,56.42019837691614,21.90373948828055,60.16818751118268,Nochistlán de Mejía,21.363253333333336,-102.84716499999999
32035,Zacatecas,Noria de Ángeles,16284,11.035372144436256,8.07,55.816771691711104,23.315559864275325,46.11766647413153,23.636698599852615,0.0,Maravillas,22.4015325,-102.01910805555555
32036,Zacatecas,Ojocaliente,44144,11.802283436027546,8.56,55.36780236936358,36.6792175590045,53.50517357497092,31.553552011598406,50.50516491482421,Ojocaliente,22.571966666666665,-102.25293388888889
32037,Zacatecas,Pánuco,17577,11.327302725152187,7.67,56.85364824968368,27.5411218894981,52.10358444714459,33.09438470728794,0.0,Pozo de Gamboa,22.946665833333334,-102.57238
32038,Zacatecas,Pinos,72241,9.85313049376393,7.85,50.17644006227296,16.8759730150493,51.272524614527214,12.026411594523886,0.0,Pinos,22.298841944444447,-101.57516722222222
32039,Zacatecas,Río Grande,64535,11.276051754861703,9.07,61.485036702428005,42.86278938452851,57.02809663509815,32.39327496707213,54.311613852948014,Río Grande,23.827434166666666,-103.03433166666666
32040,Zacatecas,Sain Alto,21844,10.465116279069768,8.08,58.97529069767442,25.563226744186046,49.84393169716629,18.467313678813404,0.0,Sain Alto,23.579830277777777,-103.24747916666666
32041,Zacatecas,El Salvador,2509,7.971303308090873,6.93,39.29058663028649,3.6834924965893587,46.68341708542714,23.83419689119171,0.0,El Salvador,24.520576666666667,-100.86783
32042,Zacatecas,Sombrerete,63665,10.448441058666457,8.69,65.3655982781688,36.193356989122215,56.18786002746971,35.78104138851803,39.374852744836254,Sombrerete,23.63137777777778,-103.64134222222224
32043,Zacatecas,Susticacán,1365,11.355311355311356,7.59,49.00990099009901,42.32673267326733,41.36363636363637,9.523809523809524,0.0,Susticacán,22.61108888888889,-103.0996886111111
32044,Zacatecas,Tabasco,16588,11.460091632505426,8.1,53.383292924840205,35.46396297112629,52.95631825273011,22.148541114058354,0.0,Tabasco,21.865276944444446,-102.91305694444445
32045,Zacatecas,Tepechitlán,8321,9.289748828265834,8.23,60.51703877790834,36.03603603603604,51.10260336906585,21.932460040860473,0.0,Tepechitlán,21.67112611111111,-103.32762527777777
32046,Zacatecas,Tepetongo,6490,8.659476117103235,6.94,53.77541142303969,26.669893514036787,41.68060977876929,8.397534668721109,0.0,Tepetongo,22.46126472222222,-103.14789805555556
32047,Zacatecas,Teúl de González Ortega,5356,9.447348767737116,8.62,62.05438066465257,39.93957703927492,53.013182674199626,20.29499626587005,0.0,Teúl de González Ortega,21.46409138888889,-103.46203944444444
32048,Zacatecas,Tlaltenango de Sánchez Román,27302,10.786755549044026,8.85,54.42483414695206,39.90486919514332,60.17740870057563,24.95787854369643,65.49703318438209,Tlaltenango de Sánchez Román,21.783041666666666,-103.30581333333333
32049,Zacatecas,Valparaíso,32461,9.787129170389083,8.36,66.47595995158983,26.7466167895258,54.5078011902847,17.861433720464557,0.0,Valparaíso,22.771900277777778,-103.56723333333333
32050,Zacatecas,Vetagrande,10276,11.638769949396652,8.72,52.800908402725206,38.72066616199849,48.82762174697243,38.21525885558583,0.0,Sauceda de la Borda,22.83019527777778,-102.50263805555555
32051,Zacatecas,Villa de Cos,34623,10.143546197614302,7.72,55.93903102885139,24.07185628742515,54.92694464578644,13.430378650030327,0.0,Villa de Cos,23.293892500000002,-102.34688833333333
32052,Zacatecas,Villa García,19525,11.687580025608195,9.19,55.83468395461912,34.866288492706644,53.97998253509773,42.85787451984635,0.0,Villa García,22.164898055555554,-101.95631888888889
32053,Zacatecas,Villa González Ortega,13208,10.4633555420957,8.35,49.97136311569301,38.83161512027491,46.95669934640523,25.99939430648092,0.0,Villa González Ortega,22.512991666666668,-101.91376055555556
32054,Zacatecas,Villa Hidalgo,19446,10.403167746580273,8.02,49.08099373863866,23.22763078166027,46.760977659499964,14.769104185950837,0.0,Villa Hidalgo,22.357088333333333,-101.71259888888889
32055,Zacatecas,Villanueva,31558,10.628049939793396,8.08,61.415146489773356,48.76727473742399,54.451823279118784,26.196210152734647,0.0,Villanueva,22.354258611111113,-102.88372611111112
32056,Zacatecas,Zacatecas,149607,13.500036762985689,11.57,66.06595272915979,75.456432514035,59.515914575091514,69.30892271083572,92.53845074094127,Zacatecas,22.77609611111111,-102.57183638888888
32057,Zacatecas,Trancoso,20455,12.00684429234906,8.61,44.89183979438852,23.388305847076463,55.11570850739341,30.447323392813495,83.21192862380836,Trancoso,22.735389166666668,-102.36603777777778
32058,Zacatecas,Santa María de la Paz,2767,8.45681243223708,8.0,56.04651162790697,30.697674418604652,42.11968935587026,26.057101554029636,0.0,Santa María de la Paz,21.512178333333335,-103.40704194444444
