id,nom_estab,raz_social,codigo_act,per_ocu,entidad,municipio,clave_mun,localidad,nom_CenCom,latitud,longitud,fecha_alta,por_operador
6281027,M00760 MC DONALDS EL DORADO (AGS),RESTAURANTES ADMX,722516,31 a 50 personas,Aguascalientes,Aguascalientes,01001,Aguascalientes,,21.86319198,-102.30369411,2010-07,True
7666809,M09510 MC DONALDS ALTARIA AGUASCALIENTES,RESTAURANTES ADMX,722516,11 a 30 personas,Aguascalientes,Aguascalientes,01001,Aguascalientes,CENTRO COMERCIAL PLAZA ALTARIA,21.92422666,-102.29029984,2019-11,True
6286484,0391 PLAZA RIO,RESTAURANTES ADMX,722516,11 a 30 personas,Baja California,Tijuana,02004,Tijuana                                                                                                       ,,32.52795605,-117.02188995,2013-07,True
6286478,0407 ARCOS SERCAL INMOBILIARIA MEXICALI VILLAFONTANA,RESTAURANTES ADMX,722516,11 a 30 personas,Baja California,Mexicali,02002,Mexicali                                                                                                      ,,32.62363387,-115.49409,2010-07,True
11766527,MC DONALDS,OPERADORA DE FRANQUICIAS SAILE,722516,11 a 30 personas,Baja California,Tijuana,02004,Tijuana                                                                                                       ,,32.48641996,-116.84986054,2025-04,True
9480756,MC DONALDS BELLAS ARTES,OPERADORA DE FRANQUICIAS SAILE,722516,31 a 50 personas,Baja California,Tijuana,02004,Tijuana                                                                                                       ,,32.53552963,-116.93247889,2024-05,True
9480760,MC DONALDS CARROUSELL,OPERADORA DE FRANQUICIAS SAILE,722516,51 a 100 personas,Baja California,Tijuana,02004,Tijuana                                                                                                       ,,32.49676819,-116.96090358,2024-05,True
6287124,MC DONALDS DIAZ ORDAZ,OPERADORA DE FRANQUICIAS SAILE,722516,31 a 50 personas,Baja California,Tijuana,02004,Tijuana                                                                                                       ,,32.48641404,-116.94695878,2010-07,True
6283580,MC DONALDS ENSENADA,OPERADORA DE FRANQUICIAS SAILE,722516,31 a 50 personas,Baja California,Ensenada,02001,Ensenada                                                                                                      ,,31.85604377,-116.60558016,2010-07,True
9296489,MC DONALDS ENSENADA MALECON,OPERADORA DE FRANQUICIAS SAILE,722516,11 a 30 personas,Baja California,Ensenada,02001,Ensenada                                                                                                      ,,31.86211828,-116.6258217,2020-11,True
6286477,MC DONALDS ENSENADA SUR,OPERADORA DE FRANQUICIAS SAILE,722516,31 a 50 personas,Baja California,Ensenada,02001,Ensenada                                                                                                      ,,31.82044159,-116.5989063,2010-07,True
9480755,MC DONALDS INSURGENTES,OPERADORA DE FRANQUICIAS SAILE,722516,31 a 50 personas,Baja California,Tijuana,02004,Tijuana                                                                                                       ,,32.49544048,-116.93221825,2024-05,True
6286485,MC DONALDS MEXICALI BENITO JUAREZ,OPERADORA DE FRANQUICIAS SAILE,722516,31 a 50 personas,Baja California,Mexicali,02002,Mexicali                                                                                                      ,,32.62963617,-115.44568607,2010-07,True
9480761,MC DONALDS MEXICALI CARRANZA,OPERADORA DE FRANQUICIAS SAILE,722516,31 a 50 personas,Baja California,Mexicali,02002,Mexicali                                                                                                      ,,32.62312818,-115.40625148,2024-05,True
9293585,MC DONALDS MEXICALI VILLA FONTANA,OPERADORA DE FRANQUICIAS SAILE,722516,31 a 50 personas,Baja California,Mexicali,02002,Mexicali                                                                                                      ,,32.62363383,-115.49410205,2020-11,True
6795598,MC DONALDS MEXICO,RESTAURANTES ADMX,722516,11 a 30 personas,Baja California,Ensenada,02001,Ensenada                                                                                                      ,,31.85586855,-116.60554666,2017-03,True
8983335,MC DONALDS PLAZA RIO,OPERADORA DE FRANQUICIAS SAILE,722516,11 a 30 personas,Baja California,Tijuana,02004,Tijuana                                                                                                       ,RIO,32.5271287,-117.02071271,2019-11,True
12297161,MC DONALDS PLAZA RIO,OPERADORA DE FRANQUICIAS SAILE,722516,11 a 30 personas,Baja California,Tijuana,02004,Tijuana                                                                                                       ,PLAZA RIO,32.52999518,-117.02064358,2026-04,True
6287036,MC DONALDS ROSARITO,OPERADORA DE FRANQUICIAS SAILE,722516,31 a 50 personas,Baja California,Playas de Rosarito,02005,Playas de Rosarito                                                                                            ,,32.36495358,-117.05955444,2010-07,True
6287083,MC DONALDS SEGUNDA AVENIDA,OPERADORA DE FRANQUICIAS SAILE,722516,31 a 50 personas,Baja California,Tijuana,02004,Tijuana                                                                                                       ,,32.53543197,-117.03819385,2010-07,True
9472120,MC DONALDS TECATE,OPERADORA DE FRANQUICIAS SAILE,722516,31 a 50 personas,Baja California,Tecate,02003,Tecate                                                                                                        ,,32.57226569,-116.62571899,2024-05,True
165246,MC DONALDS LA PAZ 5 DE FEBRERO,OPERADORA DE FRANQUICIAS SAILE,722516,11 a 30 personas,Baja California Sur,La Paz,03003,La Paz                                                                                                        ,,24.14265961,-110.31360601,2010-07,True
9472188,MC DONALDS LOS CABOS,OPERADORA DE FRANQUICIAS SAILE,722516,31 a 50 personas,Baja California Sur,Los Cabos,03008,Cabo San Lucas                                                                                                ,,22.89028615,-109.90920052,2024-05,True
180427,MC DONALDS LOS CABOS SORIANA,OPERADORA DE FRANQUICIAS SAILE,722516,11 a 30 personas,Baja California Sur,Los Cabos,03008,Cabo San Lucas                                                                                                ,,22.90305643,-109.93281003,2014-12,True
9480818,MC DONALS SAN JOSE MEGA MALL,OPERADORA DE FRANQUICIAS SAILE,722516,11 a 30 personas,Baja California Sur,Los Cabos,03008,San José del Cabo                                                                                             ,,23.04396915,-109.70566974,2024-05,True
6290516,MC DONALDS MEXICO,RESTAURANTES ADMX,722516,11 a 30 personas,Campeche,Carmen,04003,Ciudad del Carmen                                                                                             ,,18.6499026,-91.81285886,2010-07,True
6302315,M00810 MC DONALDS TORREÓN COLÓN,RESTAURANTES ADMX,722516,31 a 50 personas,Coahuila de Zaragoza,Torreón,05035,Torreón                                                                                                       ,,25.54209673,-103.44846022,2010-07,True
6814003,M00860 MC DONALDS SALTILLO,RESTAURANTES ADMX,722516,31 a 50 personas,Coahuila de Zaragoza,Saltillo,05030,Saltillo                                                                                                      ,,25.44259755,-100.97868641,2017-11,True
6299883,M03360 MC DONALDS WM TORREON,RESTAURANTES ADMX,722516,6 a 10 personas,Coahuila de Zaragoza,Torreón,05035,Torreón                                                                                                       ,,25.53828035,-103.4097445,2010-07,True
6301942,M03580 MC DONALDS WM SALTILLO,RESTAURANTES ADMX,722516,11 a 30 personas,Coahuila de Zaragoza,Saltillo,05030,Saltillo                                                                                                      ,WALMART,25.44256825,-100.97862704,2010-07,True
6301700,M04020 MC DONALDS MONCLOVA,RESTAURANTES ADMX,722516,31 a 50 personas,Coahuila de Zaragoza,Monclova,05018,Monclova                                                                                                      ,,26.90524562,-101.43013598,2010-07,True
6302316,M04060 MC DONALDS PIEDRAS NEGRAS,RESTAURANTES ADMX,722516,31 a 50 personas,Coahuila de Zaragoza,Piedras Negras,05025,Piedras Negras                                                                                                ,,28.69980694,-100.53915554,2010-07,True
6301911,M04500 MC DONALDS DIAGONAL REFORMA,RESTAURANTES ADMX,722516,31 a 50 personas,Coahuila de Zaragoza,Torreón,05035,Torreón                                                                                                       ,,25.53827724,-103.40974075,2010-07,True
6301912,M05190 MC DONALDS TORREON 4 CAMINOS F. C,RESTAURANTES ADMX,722516,11 a 30 personas,Coahuila de Zaragoza,Torreón,05035,Torreón                                                                                                       ,PLAZA CUATRO CAMINOS,25.56023185,-103.43358083,2010-07,True
6301913,M05420 MC DONALDS TORREON GALERIAS LAGUNA F. C,RESTAURANTES ADMX,722516,11 a 30 personas,Coahuila de Zaragoza,Torreón,05035,Torreón                                                                                                       ,GALERIAS,25.58185431,-103.40227699,2010-07,True
6255891,M07980 MC DONALS GALERIAS SALTILLO,RESTAURANTES ADMX,722516,11 a 30 personas,Coahuila de Zaragoza,Saltillo,05030,Saltillo                                                                                                      ,GALERIAS SALTILLO,25.45880796,-100.9808524,2014-12,True
268918,MC DONALD S,CADENA COMERCIAL MC DONALD,722516,11 a 30 personas,Coahuila de Zaragoza,Saltillo,05030,Saltillo                                                                                                      ,,25.45878784,-100.97824763,2026-04,False
7771626,MC DONALDS,RESTAURANTES ADMX,722516,11 a 30 personas,Coahuila de Zaragoza,Torreón,05035,Torreón                                                                                                       ,PLAZA DE LA TECNOLOGIA,25.53706108,-103.46297079,2019-11,True
6303724,MC DONALDS,ALIMENTOS RAPIDOS DE OCCIDENTE,722516,11 a 30 personas,Colima,Colima,06002,Colima                                                                                                        ,CENTRO COMERCIAL ZENTRALIA COLIMA,19.26662088,-103.69918539,2013-07,True
376190,MC DONALDS,JUCEGARE,722516,0 a 5 personas,Chiapas,Tuxtla Gutiérrez,07101,Tuxtla Gutiérrez                                                                                              ,,16.75534652,-93.1470084,2026-04,True
6197511,MC DONALDS,JUCEGARE,722516,31 a 50 personas,Chiapas,Tuxtla Gutiérrez,07101,Tuxtla Gutiérrez                                                                                              ,PLAZA POLUFORUM,16.74820875,-93.08266199,2010-07,True
370843,MC DONALS,JUCEGARE,722516,6 a 10 personas,Chiapas,Tuxtla Gutiérrez,07101,Tuxtla Gutiérrez                                                                                              ,PLAZA GALERIAS,16.75537622,-93.15045134,2010-07,True
11774022,MCDONALS,JUCEGARE,722517,0 a 5 personas,Chiapas,San Cristóbal de las Casas,07078,San Cristóbal de las Casas                                                                                    ,PLAZA SAN CRISTOBAL,16.73360444,-92.65187647,2025-04,True
6292808,0098 TECNOLOGICO,OPERADORA DE FRANQUICIAS SAILE,722516,11 a 30 personas,Chihuahua,Juárez,08037,Juárez                                                                                                        ,,31.717229,-106.4243108,2026-04,True
6294482,0565 MC DONALDS,OPERADORA DE FRANQUICIAS SAILE,722516,31 a 50 personas,Chihuahua,Juárez,08037,Juárez                                                                                                        ,,31.71346291,-106.45176338,2010-07,True
9292200,MACDONALD,OPERADORA DE FRANQUICIA SALIR,722516,0 a 5 personas,Chihuahua,Juárez,08037,Juárez                                                                                                        ,,31.71821493,-106.42427326,2026-04,False
9480763,MACDONALDS AMERICAS,OPERADORA DE FRANQUICIAS SAILE,722516,31 a 50 personas,Chihuahua,Chihuahua,08019,Chihuahua                                                                                                     ,,28.65862926,-106.10175083,2026-04,True
9483332,MACDONALDS JUVENTUD,OPERADORA DE FRANQUICIAS SAILE,722516,11 a 30 personas,Chihuahua,Chihuahua,08019,Chihuahua                                                                                                     ,,28.62211779,-106.11098798,2024-05,True
9472121,MACDONALDS MISIONES FC,OPERADORA DE FRANQUICIAS SAILE,722516,11 a 30 personas,Chihuahua,Juárez,08037,Juárez                                                                                                        ,,31.68462917,-106.40904954,2024-05,True
9483333,MACDONALDS VICTORIA,OPERADORA DE FRANQUICIAS SAILE,722516,11 a 30 personas,Chihuahua,Chihuahua,08019,Chihuahua                                                                                                     ,,28.63662574,-106.07588184,2024-05,True
6813247,MC DONALDS,OPERADORA DE FRANQUICIAS SAILE,722516,11 a 30 personas,Chihuahua,Chihuahua,08019,Chihuahua                                                                                                     ,,28.62210654,-106.1109701,2017-11,True
9480821,MC DONALDS LAS TORRES,OPERADORA DE FRANQUICIAS SAILE,722516,11 a 30 personas,Chihuahua,Juárez,08037,Juárez                                                                                                        ,LAS TORRES,31.62436251,-106.39411808,2024-05,True
9480762,MC DONALDS SENDERO,OPERADORA DE FRANQUICIAS SAILE,722516,11 a 30 personas,Chihuahua,Juárez,08037,Juárez                                                                                                        ,,31.69238552,-106.38252309,2024-05,True
6291573,MC DONALS PASEO TRIUNFO,OPERADORA DE FRANQUICIAS SAILE,722516,11 a 30 personas,Chihuahua,Juárez,08037,Juárez                                                                                                        ,,31.73716882,-106.44934386,2010-07,True
6314966,M00010 MC DONALDS PEDREGAL,RESTAURANTES ADMX,722516,51 a 100 personas,Ciudad de México,Álvaro Obregón,09010,Álvaro Obregón                                                                                                ,,19.3068636,-99.21111328,2010-07,True
6315104,M00030 MC DONALDS POLANCO,RESTAURANTES ADMX,722516,51 a 100 personas,Ciudad de México,Miguel Hidalgo,09016,Miguel Hidalgo                                                                                                ,,19.43338469,-99.20966407,2010-07,True
6304469,M00080 MC DONALDS ZONA ROSA,RESTAURANTES ADMX,722516,31 a 50 personas,Ciudad de México,Cuauhtémoc,09015,Cuauhtémoc                                                                                                    ,,19.42587411,-99.16374275,2010-07,True
9281381,M00090 MC DONALDS INSURGENTES PARQUE HUNDIDO,RESTAURANTES ADMX,722516,51 a 100 personas,Ciudad de México,Benito Juárez,09014,Benito Juárez                                                                                                 ,,19.37957278,-99.17684709,2020-11,True
6314521,M00180 MC DONALDS COAPLAZA,RESTAURANTES ADMX,722516,51 a 100 personas,Ciudad de México,Tlalpan,09012,Tlalpan                                                                                                       ,COAPLAZA,19.29493123,-99.12525828,2010-07,True
6304285,M00220 MC DONALDS REFORMA INSURGENTES,RESTAURANTES ADMX,722516,31 a 50 personas,Ciudad de México,Cuauhtémoc,09015,Cuauhtémoc                                                                                                    ,,19.4298864,-99.15982187,2010-07,True
12296963,M00340 MC DONALDS AEROPUERTO,RESTAURANTES ADMX,722516,11 a 30 personas,Ciudad de México,Venustiano Carranza,09017,Venustiano Carranza                                                                                           ,,19.42968628,-99.09107401,2026-04,True
6318860,M00380 MC DONALDS PLAZA CUAUHTEMOC,RESTAURANTES ADMX,722516,11 a 30 personas,Ciudad de México,Cuauhtémoc,09015,Cuauhtémoc                                                                                                    ,PLAZA CENTRO CULTURAL CUAUHTEMOC,19.42476606,-99.15388962,2010-07,True
9406967,M00400 MC DONALDS MUNICIPIO LIBRE,RESTAURANTES ADMX,722516,11 a 30 personas,Ciudad de México,Benito Juárez,09014,Benito Juárez                                                                                                 ,,19.37053473,-99.1583885,2023-11,True
12297044,M00470 MC DONALDS WALMART PLAZA ORIENTE,RESTAURANTES ADMX,722516,11 a 30 personas,Ciudad de México,Iztapalapa,09007,Iztapalapa                                                                                                    ,PLAZA ORIENTE,19.38203086,-99.08269538,2026-04,True
6304470,M00480 MC DONALDS MADERO,RESTAURANTES ADMX,722516,51 a 100 personas,Ciudad de México,Cuauhtémoc,09015,Cuauhtémoc                                                                                                    ,,19.43350422,-99.13710824,2010-07,True
6788686,M00510 MC DONALDS ZARAGOZA,RESTAURANTES ADMX,722516,51 a 100 personas,Ciudad de México,Iztapalapa,09007,Iztapalapa                                                                                                    ,,19.39465546,-99.05161708,2017-03,True
6845666,M00560 MC DONALDS PLAZA UNIVERSIDAD,RESTAURANTES ADMX,722516,31 a 50 personas,Ciudad de México,Benito Juárez,09014,Benito Juárez                                                                                                 ,PLAZA UNIVERSIDAD,19.36767338,-99.16654624,2018-03,True
6309774,M00680 MC DONALDS 068 AEROPUERTO II,RESTAURANTES ADMX,722516,31 a 50 personas,Ciudad de México,Venustiano Carranza,09017,Venustiano Carranza                                                                                           ,AEROPUERTO INTERNACIONAL BENITO JUAREZ DE LA CIUDAD DE MEX,19.43894318,-99.07707301,2010-07,True
6762038,M00720 MC DONALDS PLAZA INN,RESTAURANTES ADMX,722516,11 a 30 personas,Ciudad de México,Álvaro Obregón,09010,Álvaro Obregón                                                                                                ,PLAZA INN,19.35185512,-99.18619883,2016-10,True
9447467,M00880 MC DONALDS TLAHUAC,RESTAURANTES ADMX,722516,31 a 50 personas,Ciudad de México,Iztapalapa,09007,Iztapalapa                                                                                                    ,,19.32028864,-99.08445663,2023-11,True
6306192,M00960 MC DONALDS LA VILLA,RESTAURANTES ADMX,722516,31 a 50 personas,Ciudad de México,Gustavo A. Madero,09005,Gustavo A. Madero                                                                                             ,,19.48297799,-99.11764997,2010-07,True
6306734,M01120 MC DONALDS ERMITA,RESTAURANTES ADMX,722516,51 a 100 personas,Ciudad de México,Iztapalapa,09007,Iztapalapa                                                                                                    ,,19.35646028,-99.10931074,2010-07,True
6730100,M01260 MC DONALDS PLUTARCO,RESTAURANTES ADMX,722516,31 a 50 personas,Ciudad de México,Iztacalco,09006,Iztacalco                                                                                                     ,,19.39605976,-99.09398522,2016-01,True
6813514,M02140 MC DONALDS AV. DEL TALLER,RESTAURANTES ADMX,722516,51 a 100 personas,Ciudad de México,Venustiano Carranza,09017,Venustiano Carranza                                                                                           ,,19.41408923,-99.11600483,2017-11,True
6316535,M02180 MC DONALDS SAN JERONIMO,RESTAURANTES ADMX,722516,51 a 100 personas,Ciudad de México,La Magdalena Contreras,09008,La Magdalena Contreras                                                                                        ,,19.32701868,-99.21305361,2010-07,True
6316585,M03050 MC DONALDS DIVISION DEL NORTE,RESTAURANTES ADMX,722516,51 a 100 personas,Ciudad de México,Coyoacán,09003,Coyoacán                                                                                                      ,,19.35121431,-99.15111211,2010-07,True
6814091,M03320 MC DONALDS WM TLAHUAC,RESTAURANTES ADMX,722516,11 a 30 personas,Ciudad de México,Tláhuac,09011,Tláhuac                                                                                                       ,,19.30471513,-99.06113313,2017-11,True
12297103,M03330 MC DONALDS WM CUITLÁHUAC,RESTAURANTES ADMX,722516,11 a 30 personas,Ciudad de México,Azcapotzalco,09002,Azcapotzalco                                                                                                  ,,19.47151024,-99.16548098,2026-04,True
6794734,M03380 MC DONALDS CAMARONES,RESTAURANTES ADMX,722516,31 a 50 personas,Ciudad de México,Azcapotzalco,09002,Azcapotzalco                                                                                                  ,,19.46066801,-99.17064037,2017-03,True
6316264,M03620 MC DONALDS LAS AGUILAS,RESTAURANTES ADMX,722516,51 a 100 personas,Ciudad de México,Álvaro Obregón,09010,Álvaro Obregón                                                                                                ,,19.35064175,-99.2202979,2010-07,True
6353351,M03740 MC DONALDS VISTA HERMOSA (EL OLIVO),RESTAURANTES ADMX,722516,51 a 100 personas,Ciudad de México,Cuajimalpa de Morelos,09004,Cuajimalpa de Morelos                                                                                         ,,19.37344811,-99.27764446,2014-12,True
6794463,M04080 MC DONALDS ZOCALO,RESTAURANTES ADMX,722516,31 a 50 personas,Ciudad de México,Cuauhtémoc,09015,Cuauhtémoc                                                                                                    ,,19.43369717,-99.13410821,2017-03,True
6316227,M04270 MC DONALDS CARREFOUR COAPA,RESTAURANTES ADMX,722516,31 a 50 personas,Ciudad de México,Coyoacán,09003,Coyoacán                                                                                                      ,,19.30218845,-99.11929384,2010-07,True
6316238,M04440 MC DONALDS SANTA FE MALL,RESTAURANTES ADMX,722516,31 a 50 personas,Ciudad de México,Cuajimalpa de Morelos,09004,Cuajimalpa de Morelos                                                                                         ,CENTRO COMERCIAL SANTA FE,19.36221051,-99.27565819,2010-07,True
6305512,M04450 MC DONALDS LAZARO CARDENAS,RESTAURANTES ADMX,722516,11 a 30 personas,Ciudad de México,Cuauhtémoc,09015,Cuauhtémoc                                                                                                    ,PLAZA DE LA TECNOLOGIA URUGUAY,19.43108335,-99.14120316,2010-07,True
6305485,M04480 MC DONALDS MÉXICO PLAMA CENTRO,RESTAURANTES ADMX,722516,31 a 50 personas,Ciudad de México,Cuauhtémoc,09015,Cuauhtémoc                                                                                                    ,PALMA NORTE,19.43592347,-99.13478995,2010-07,True
6813210,M04490 MC DONALDS PERISUR F.C. (II),RESTAURANTES ADMX,722516,31 a 50 personas,Ciudad de México,Coyoacán,09003,Coyoacán                                                                                                      ,PERISUR,19.30272078,-99.18990013,2017-11,True
6310076,M04630 MCDONALDS NEZA GUELATAO,RESTAURANTES ADMX,722516,11 a 30 personas,Ciudad de México,Iztapalapa,09007,Iztapalapa                                                                                                    ,,19.38629705,-99.03696252,2010-07,True
6316219,M04800 MC DONALDS CARREFOUR AJUSCO,RESTAURANTES ADMX,722516,31 a 50 personas,Ciudad de México,Tlalpan,09012,Tlalpan                                                                                                       ,,19.29518907,-99.21494711,2010-07,True
6306735,M04870 MC DONALDS SAN LORENZO,RESTAURANTES ADMX,722516,31 a 50 personas,Ciudad de México,Iztapalapa,09007,Iztapalapa                                                                                                    ,,19.32031324,-99.08459749,2010-07,True
6314138,M04910 MC DONALDS ERMITA SAN MIGUEL,RESTAURANTES ADMX,722516,31 a 50 personas,Ciudad de México,Iztapalapa,09007,Iztapalapa                                                                                                    ,,19.34927191,-99.07079404,2010-07,True
12296954,M05010 MC DONALDS CUAUHTÉMOC ESPERANZA,RESTAURANTES ADMX,722516,11 a 30 personas,Ciudad de México,Benito Juárez,09014,Benito Juárez                                                                                                 ,,19.40000843,-99.15535948,2026-04,True
6308504,M05620 MC DONALDS FERROCARRIL HIDALGO,RESTAURANTES ADMX,722516,51 a 100 personas,Ciudad de México,Gustavo A. Madero,09005,Gustavo A. Madero                                                                                             ,,19.46635732,-99.11876231,2010-07,True
6315397,M05800 MC DONALDS MARINA NACIONAL,RESTAURANTES ADMX,722516,51 a 100 personas,Ciudad de México,Miguel Hidalgo,09016,Miguel Hidalgo                                                                                                ,,19.44656312,-99.18200678,2010-07,True
6845651,M05840 MC DONALDS PLAZA GALERIAS,RESTAURANTES ADMX,722516,11 a 30 personas,Ciudad de México,Miguel Hidalgo,09016,Miguel Hidalgo                                                                                                ,GALERIAS PLAZA DE LAS ESTRELLAS,19.43571272,-99.17026951,2018-03,True
9289735,M06610 MC DONALDS SANTA FE FREE STANDING,RESTAURANTES ADMX,722516,51 a 100 personas,Ciudad de México,Cuajimalpa de Morelos,09004,Cuajimalpa de Morelos                                                                                         ,,19.35900822,-99.2748536,2020-11,True
12296961,M06630 MC DONALDS PLAZA PATRIOTISMO FC,RESTAURANTES ADMX,722516,11 a 30 personas,Ciudad de México,Benito Juárez,09014,Benito Juárez                                                                                                 ,METRÓPOLI PATRIOTISMO,19.39604011,-99.18102346,2026-04,True
895619,M06640 MC DONALDS REFORMA 222,RESTAURANTES ADMX,722516,11 a 30 personas,Ciudad de México,Cuauhtémoc,09015,Cuauhtémoc                                                                                                    ,REFORMA 222,19.42907292,-99.16214313,2014-12,True
7746941,M06660 MC DONALDS AEROPUERTO FC,RESTAURANTES ADMX,722516,51 a 100 personas,Ciudad de México,Venustiano Carranza,09017,Venustiano Carranza                                                                                           ,AEROPUERTO INTERNACIONAL DE LA CIUDAD DE MÉXICO BENITO JUÁREZ TERMINAL 1,19.42111711,-99.09585041,2019-11,True
6315672,M06720 MC DONALDS CD DE LOS NIÑOS SANTA FE,RESTAURANTES ADMX,722516,11 a 30 personas,Ciudad de México,Cuajimalpa de Morelos,09004,Cuajimalpa de Morelos                                                                                         ,,19.36245515,-99.27493486,2014-12,True
6309772,M06750 MC DONALDS POLANCO ANTARA,RESTAURANTES ADMX,722516,11 a 30 personas,Ciudad de México,Miguel Hidalgo,09016,Miguel Hidalgo                                                                                                ,ANTARA,19.43859291,-99.20294006,2010-07,True
9467892,M06860 MC DONALDS SAN JUAN DE ARAGON,RESTAURANTES ADMX,722516,31 a 50 personas,Ciudad de México,Gustavo A. Madero,09005,Gustavo A. Madero                                                                                             ,PARQUE TEPEYAC,19.47692794,-99.09905339,2023-11,True
6309771,M06980 MC DONALDS ERMITA LAS TORRES,RESTAURANTES ADMX,722516,31 a 50 personas,Ciudad de México,Iztapalapa,09007,Iztapalapa                                                                                                    ,,19.35270076,-99.01378488,2010-07,True
6318859,M07070 MC DONALDS ALAMEDA FOOD COURT,RESTAURANTES ADMX,722516,11 a 30 personas,Ciudad de México,Cuauhtémoc,09015,Cuauhtémoc                                                                                                    ,,19.4349979,-99.14665,2010-07,True
12297075,M07480 MC DONALDS WALMART TOREO FC,RESTAURANTES ADMX,722516,11 a 30 personas,Ciudad de México,Miguel Hidalgo,09016,Miguel Hidalgo                                                                                                ,,19.45060948,-99.21981088,2026-04,True
6319228,M07630 MC DONALDS ARCOS BOSQUES,RESTAURANTES ADMX,722516,11 a 30 personas,Ciudad de México,Cuajimalpa de Morelos,09004,Cuajimalpa de Morelos                                                                                         ,,19.38745267,-99.25208664,2010-07,True
6773515,M07640 MC DONALDS FORUM BUENAVISTA,RESTAURANTES ADMX,722516,31 a 50 personas,Ciudad de México,Cuauhtémoc,09015,Cuauhtémoc                                                                                                    ,FORUM BUENAVISTA,19.44707323,-99.15294736,2016-10,True
6319229,M07710 MC DONALDS GALERÍAS COAPA,RESTAURANTES ADMX,722516,11 a 30 personas,Ciudad de México,Tlalpan,09012,Tlalpan                                                                                                       ,GALERIAS COAPA,19.30300868,-99.12454238,2010-07,True
6723165,M07720 MC DONALDS WALLMART AZCAPOTZALCO,RESTAURANTES ADMX,722516,11 a 30 personas,Ciudad de México,Azcapotzalco,09002,Azcapotzalco                                                                                                  ,PLAZA AZCAPOTZALCO,19.47383668,-99.19280177,2016-01,True
6317596,M07900 MC DONALDS VIA ACOXPA,RESTAURANTES ADMX,722516,31 a 50 personas,Ciudad de México,Tlalpan,09012,Tlalpan                                                                                                       ,PASEO ACOXPA,19.29736268,-99.13652482,2012-06,True
6812928,M07930 MC DONALDS PLAZA CENTRAL,RESTAURANTES ADMX,722516,11 a 30 personas,Ciudad de México,Iztapalapa,09007,Iztapalapa                                                                                                    ,PLAZA CENTRAL,19.37686551,-99.09661302,2017-11,True
9299561,M08120 MC DONALDS SANTA FE F. C,RESTAURANTES ADMX,722516,11 a 30 personas,Ciudad de México,Cuajimalpa de Morelos,09004,Cuajimalpa de Morelos                                                                                         ,CENTRO COMERCIAL SANTA FE,19.36262855,-99.27443276,2020-11,True
6317578,M08350 MC DONALDS SAN JERÓNIMO MALL,RESTAURANTES ADMX,722516,11 a 30 personas,Ciudad de México,Álvaro Obregón,09010,Álvaro Obregón                                                                                                ,PLAZA SAN JERONIMO,19.33110778,-99.21003955,2010-07,True
6309775,M08400 MC DONALDS EL ROSARIO MALL,RESTAURANTES ADMX,722516,31 a 50 personas,Ciudad de México,Azcapotzalco,09002,Azcapotzalco                                                                                                  ,TOWN CENTER,19.50291025,-99.20513044,2014-12,True
12296955,M08550 MC DONALDS PLAZA TORRES LINDAVISTA,RESTAURANTES ADMX,722516,11 a 30 personas,Ciudad de México,Gustavo A. Madero,09005,Gustavo A. Madero                                                                                             ,PLAZA TORRES LINDAVISTA,19.50686537,-99.14572233,2026-04,True
8441989,M08700 MC DONALDS TORRE MANACAR,RESTAURANTES ADMX,722516,11 a 30 personas,Ciudad de México,Benito Juárez,09014,Benito Juárez                                                                                                 ,TORRE MANACAR,19.36853594,-99.18082789,2019-11,True
6785286,M08810 MC DONALDS OASIS COYOACAN,RESTAURANTES ADMX,722516,31 a 50 personas,Ciudad de México,Coyoacán,09003,Coyoacán                                                                                                      ,OASIS COYOACAN,19.34634581,-99.1791748,2017-03,True
9191963,M08870 MC DONALDS SEARS INSURGENTES,RESTAURANTES ADMX,722516,11 a 30 personas,Ciudad de México,Cuauhtémoc,09015,Cuauhtémoc                                                                                                    ,PLAZA INSURGENTES,19.41283682,-99.16558855,2019-11,True
9305347,M08900 MC DONALDS VIA VALLEJO,RESTAURANTES ADMX,722516,11 a 30 personas,Ciudad de México,Azcapotzalco,09002,Azcapotzalco                                                                                                  ,PARQUE VIA VALLEJO,19.48749487,-99.15154021,2024-05,True
6316168,M08970 MC DONALDS GRAN SUR,RESTAURANTES ADMX,722516,31 a 50 personas,Ciudad de México,Coyoacán,09003,Coyoacán                                                                                                      ,GRAN SUR,19.30726387,-99.16419267,2010-07,True
9279552,M09000 MC DONALDS LAS ANTENAS II,RESTAURANTES ADMX,722516,31 a 50 personas,Ciudad de México,Iztapalapa,09007,Iztapalapa                                                                                                    ,PARQUE LAS ANTENAS,19.31556874,-99.07713905,2020-11,True
7838141,M09070 MC DONALDS ENCUENTRO OCEANIA,RESTAURANTES ADMX,722516,31 a 50 personas,Ciudad de México,Venustiano Carranza,09017,Venustiano Carranza                                                                                           ,ENCUENTRO OCEANIA,19.44007279,-99.09439656,2019-11,True
9309534,M09080 MC DONALDS ANTENAS FC,RESTAURANTES ADMX,722516,11 a 30 personas,Ciudad de México,Iztapalapa,09007,Iztapalapa                                                                                                    ,PARQUE LAS ANTENAS,19.31556874,-99.07713905,2020-11,True
6317503,M09210 MC DONALDS PORTAL CENTRO,RESTAURANTES ADMX,722516,11 a 30 personas,Ciudad de México,Cuauhtémoc,09015,Cuauhtémoc                                                                                                    ,PORTAL CENTRO,19.41780183,-99.13113607,2010-07,True
6707655,M09350 MC DONALDS LOMAS PLAZA,RESTAURANTES ADMX,722516,11 a 30 personas,Ciudad de México,Miguel Hidalgo,09016,Miguel Hidalgo                                                                                                ,LOMAS PLAZA,19.42946049,-99.20521177,2016-01,True
6308503,M09490 MC DONALDS PARQUE TEPEYAC FC,RESTAURANTES ADMX,722516,31 a 50 personas,Ciudad de México,Gustavo A. Madero,09005,Gustavo A. Madero                                                                                             ,,19.47794386,-99.09860471,2010-07,True
12296965,M09640 MC DONALDS INSURGENTES SAN ÁNGEL,RESTAURANTES ADMX,722516,11 a 30 personas,Ciudad de México,Álvaro Obregón,09010,Álvaro Obregón                                                                                                ,,19.33943854,-99.19032882,2026-04,True
6794457,MC DONALDS HIPODROMO CONDESA,RESTAURANTES ADMX,722516,11 a 30 personas,Ciudad de México,Cuauhtémoc,09015,Cuauhtémoc                                                                                                    ,,19.40640109,-99.1685133,2017-03,True
6316197,MC DONALDS LOMAS VERDES,EQCO,722516,11 a 30 personas,Ciudad de México,Iztapalapa,09007,Iztapalapa                                                                                                    ,,19.38224998,-99.08370095,2010-07,True
6309597,MC DONALDS LOMAS VERDES,EQCO,722516,31 a 50 personas,Ciudad de México,Gustavo A. Madero,09005,Gustavo A. Madero                                                                                             ,PARQUE LINDAVISTA,19.48711485,-99.1317381,2010-07,True
6795575,MC DONALDS PARQUE LINDAVISTA II,EQCO,722516,11 a 30 personas,Ciudad de México,Gustavo A. Madero,09005,Gustavo A. Madero                                                                                             ,PARQUE LINDAVISTA,19.48711485,-99.1317381,2017-03,True
6309598,MC DONALDS PARQUE TEZONTLE 1,EQCO,722516,31 a 50 personas,Ciudad de México,Iztapalapa,09007,Iztapalapa                                                                                                    ,PARQUE TEZONTLE,19.3820579,-99.08281949,2010-07,True
6318623,MC DONALDS PLAZA PATRIOTISMO,EQCO,722516,11 a 30 personas,Ciudad de México,Benito Juárez,09014,Benito Juárez                                                                                                 ,METROPOLI PATRIOTISMO,19.39647523,-99.18091635,2010-07,True
7802305,MC DONALS,RESTAURANTES ADMXL,722516,11 a 30 personas,Ciudad de México,Azcapotzalco,09002,Azcapotzalco                                                                                                  ,TOWN CENTER EL ROSARIO,19.50403736,-99.20595511,2019-11,False
6316220,MC DONALS TLALPAN 28,RESTAURANTES ADMX,722516,11 a 30 personas,Ciudad de México,Tlalpan,09012,Tlalpan                                                                                                       ,TLALPAN,19.28127005,-99.17195796,2010-07,True
6309590,MCDONALD S AEROPUERTO,EQCO,722516,31 a 50 personas,Ciudad de México,Venustiano Carranza,09017,Venustiano Carranza                                                                                           ,,19.43010603,-99.09115459,2010-07,True
6309588,MCDONALD S LOMAS VERDES,EQCO,722516,11 a 30 personas,Ciudad de México,Iztapalapa,09007,Iztapalapa                                                                                                    ,PLAZA ORIENTE,19.38203086,-99.08269538,2010-07,True
6318624,MCDONALD S PARQUE DELTA,EQCO,722516,11 a 30 personas,Ciudad de México,Benito Juárez,09014,Benito Juárez                                                                                                 ,PARQUE DELTA,19.40266306,-99.15542694,2014-12,True
6795079,RESTAURANTES DE AUTOSERVICIO SIN NOMBRE,EQCO,722516,51 a 100 personas,Ciudad de México,Benito Juárez,09014,Benito Juárez                                                                                                 ,,19.4026449,-99.15542837,2017-03,True
9450810,M04780 MC DONALDS GOMEZ PALACIO DURANGO,RESTAURANTES ADMX,722516,31 a 50 personas,Durango,Gómez Palacio,10007,Gómez Palacio                                                                                                 ,,25.55303635,-103.49281643,2023-11,True
9292501,M04990 MC DONALDS DURANGO BARRILITO,RESTAURANTES ADMX,722516,31 a 50 personas,Durango,Durango,10005,Victoria de Durango                                                                                           ,PLAZA GALAS,24.03207403,-104.64085788,2020-11,True
6326869,M07370 MC DONALDS DURANGO CENTRO,RESTAURANTES ADMX,722516,11 a 30 personas,Durango,Durango,10005,Victoria de Durango                                                                                           ,,24.02332166,-104.66980006,2010-07,True
9404868,M07570 MC DONALDS PASEO DURANGO FC,RESTAURANTES ADMX,722516,11 a 30 personas,Durango,Durango,10005,Victoria de Durango                                                                                           ,PASEO DURANGO,24.03475785,-104.6517857,2023-11,True
6333765,M00350 35 LEÓN GRAN PLAZA,RESTAURANTES ADMX,722516,11 a 30 personas,Guanajuato,León,11020,León de los Aldama                                                                                            ,,21.14271425,-101.68578085,2010-07,True
6333764,M01030 MC DONALDS PLAZA ZAPATO (LEÓN),RESTAURANTES ADMX,722516,31 a 50 personas,Guanajuato,León,11020,León de los Aldama                                                                                            ,,21.11835382,-101.66255205,2010-07,True
1169246,M04230 MC DONALDS LEON CENTRO MAX F.C,RESTAURANTES ADMX,722516,11 a 30 personas,Guanajuato,León,11020,León de los Aldama                                                                                            ,CENTRO MAX,21.10196792,-101.63564722,2014-12,True
6333763,M04230 MC DONALDS LEON CENTRO MAX FS,RESTAURANTES ADMX,722516,31 a 50 personas,Guanajuato,León,11020,León de los Aldama                                                                                            ,CENTRO MAX,21.10196792,-101.63564722,2014-12,True
6333767,M06080 MC DONALDS LEON BLVD LAS TORRES,RESTAURANTES ADMX,722516,31 a 50 personas,Guanajuato,León,11020,León de los Aldama                                                                                            ,,21.14972976,-101.67087287,2010-07,True
6333439,M06490 MC DONALDS LEÓN JARDIN CENTRAL,RESTAURANTES ADMX,722516,31 a 50 personas,Guanajuato,León,11020,León de los Aldama                                                                                            ,,21.12235114,-101.68278994,2010-07,True
6333438,M07260 MC DONALDS PLAZA POZUELOS FC,RESTAURANTES ADMX,722516,11 a 30 personas,Guanajuato,Guanajuato,11015,Guanajuato                                                                                                    ,PLAZA POZUELOS,21.01321693,-101.26191559,2012-06,True
6333436,M07510 MC DONALDS SAN MIGUEL DE ALLENDE LA LUCIÉRNAGA,RESTAURANTES ADMX,722516,31 a 50 personas,Guanajuato,San Miguel de Allende,11003,San Miguel de Allende                                                                                         ,LA LUCIERNAGA,20.90434575,-100.72925053,2010-07,True
6703737,M08570 MC DONALDS SILAO 857,RESTAURANTES ADMX,722516,11 a 30 personas,Guanajuato,León,11020,León de los Aldama                                                                                            ,MULZA,21.10107834,-101.63448,2016-01,True
6333768,M08830 MC DONALDS LEON PLAZA MAYOR FS,RESTAURANTES ADMX,722516,31 a 50 personas,Guanajuato,León,11020,León de los Aldama                                                                                            ,PLAZA MAYOR,21.16070199,-101.69243386,2010-07,True
6261718,M08880 MC DONALDS PLAZA MAYOR LEON FC,RESTAURANTES ADMX,722516,11 a 30 personas,Guanajuato,León,11020,León de los Aldama                                                                                            ,PLAZA MAYOR,21.15562146,-101.69515354,2014-12,True
11799918,MACDONALD,RESTAURANTES MACDONALD,722516,11 a 30 personas,Guanajuato,Silao de la Victoria,11037,Silao de la Victoria                                                                                          ,,20.95570123,-101.43037674,2025-04,False
6333762,MC DONALDS IRAPUATO,RESTAURANTES ADMX,722516,11 a 30 personas,Guanajuato,Irapuato,11017,Irapuato                                                                                                      ,,20.68442197,-101.35485805,2010-07,True
10367413,MC DONALS,RESTAURANTES MCDONALS,722516,31 a 50 personas,Guanajuato,León,11020,León de los Aldama                                                                                            ,,21.16057309,-101.69240565,2024-11,False
9288069,MC DONALS,CLY ALIMENTOS,722516,11 a 30 personas,Guanajuato,Celaya,11007,Celaya                                                                                                        ,PLAZA PARQUE CELAYA,20.54680341,-100.84110726,2020-11,False
8697648,RESTAURANTE IRAPUATO,ALIMENTOS SIGLO XXI,722511,31 a 50 personas,Guanajuato,Irapuato,11017,Irapuato                                                                                                      ,,20.68528911,-101.35540133,2019-11,True
6329042,00KAP0 MC DONALDS GRAN PLAZA ACAPULCO,RESTAURANTES ADMX,722516,11 a 30 personas,Guerrero,Acapulco de Juárez,12001,Acapulco de Juárez                                                                                            ,,16.86075172,-99.88141793,2010-07,True
6329039,M00270 MC DONALDS PAPAGAYO (ACA),RESTAURANTES ADMX,722516,31 a 50 personas,Guerrero,Acapulco de Juárez,12001,Acapulco de Juárez                                                                                            ,,16.86075611,-99.8813947,2010-07,True
6327553,M00540 MC DONALDS ACAPULCO CONDESA,RESTAURANTES ADMX,722516,31 a 50 personas,Guerrero,Acapulco de Juárez,12001,Acapulco de Juárez                                                                                            ,,16.85875918,-99.8713529,2010-07,True
6813388,M03790 MC DONALDS CHILPANCINGO,RESTAURANTES ADMX,722516,31 a 50 personas,Guerrero,Chilpancingo de los Bravo,12029,Chilpancingo de los Bravo                                                                                     ,,17.54156437,-99.50272167,2017-11,True
6327554,M04110 MC DONALDS ACAPULCO COSTA AZUL,RESTAURANTES ADMX,722516,31 a 50 personas,Guerrero,Acapulco de Juárez,12001,Acapulco de Juárez                                                                                            ,,16.8493428,-99.85192883,2010-07,True
6328243,M06120 MC DONALDS ACAPULCO PALMAS,RESTAURANTES ADMX,722516,31 a 50 personas,Guerrero,Acapulco de Juárez,12001,Acapulco de Juárez                                                                                            ,MULTI PLAZA LAS PALMAS,16.79671379,-99.8123295,2011-03,True
1490897,M06500 MC DONALDS CARR. PIE DE LA CUESTA,RESTAURANTES ADMX,722516,11 a 30 personas,Guerrero,Acapulco de Juárez,12001,Acapulco de Juárez                                                                                            ,CHEDRAUI CALZADA,16.85849638,-99.9153798,2010-07,True
6327865,M07790 MC DONALDS CHILPANCINGO CENTRO,RESTAURANTES ADMX,722516,11 a 30 personas,Guerrero,Chilpancingo de los Bravo,12029,Chilpancingo de los Bravo                                                                                     ,,17.55241895,-99.50198906,2010-07,True
6328491,M07820 MC DONALDS IGUALA MALL,RESTAURANTES ADMX,722516,11 a 30 personas,Guerrero,Iguala de la Independencia,12035,Iguala de la Independencia                                                                                    ,GALERIAS TAMARINDOS IGUALA,18.3421096,-99.52282206,2010-07,True
6329041,M07840 MC DONALDS PLAZA CARACOL,RESTAURANTES ADMX,722516,11 a 30 personas,Guerrero,Acapulco de Juárez,12001,Acapulco de Juárez                                                                                            ,MULTIPLAZA CARACOL,16.90534421,-99.82582868,2013-07,True
6795572,M07870 MC DONALDS SENDERO ACAPULCO (ACOSTA VERDE),RESTAURANTES ADMX,722516,11 a 30 personas,Guerrero,Acapulco de Juárez,12001,Acapulco de Juárez                                                                                            ,PATIO ACAPULCO,16.90537726,-99.82580822,2017-03,True
6260746,M07880 MC DONALDS GALERIAS CHILPANCINGO (LIVERPOOL),RESTAURANTES ADMX,722516,11 a 30 personas,Guerrero,Chilpancingo de los Bravo,12029,Chilpancingo de los Bravo                                                                                     ,GALERIAS CHILPANCINGO,17.51493559,-99.48499818,2011-03,True
9290407,MC DONALDS GALERIAS CHIPANCINGO,RESTAURANTES ADMX,722516,11 a 30 personas,Guerrero,Chilpancingo de los Bravo,12029,Chilpancingo de los Bravo                                                                                     ,GALERIAS CHILPANCINGO,17.51493559,-99.48499818,2020-11,True
6794702,MC DONALDS VIA VALLEJO 890,RESTAURANTES ADMX,722516,31 a 50 personas,Guerrero,Acapulco de Juárez,12001,Acapulco de Juárez                                                                                            ,,16.86077341,-99.88264877,2017-03,True
6202306,MCDONALDS WM ACAPULCO 189,RESTAURANTES ADMX,722516,31 a 50 personas,Guerrero,Acapulco de Juárez,12001,Acapulco de Juárez                                                                                            ,,16.85753605,-99.891837,2010-07,True
9312419,TIENDA MC DONALD S,MC DONALD S,722516,0 a 5 personas,Guerrero,Acapulco de Juárez,12001,Acapulco de Juárez                                                                                            ,,16.77229653,-99.77626007,2026-04,False
12296960,M02440 MC DONALDS PACHUCA,RESTAURANTES ADMX,722516,11 a 30 personas,Hidalgo,Pachuca de Soto,13048,Pachuca de Soto                                                                                               ,,20.11170277,-98.74747964,2026-04,True
12296953,M05740 MC DONALDS PACHUCA SAN JAVIER,RESTAURANTES ADMX,722516,11 a 30 personas,Hidalgo,Pachuca de Soto,13048,Pachuca de Soto                                                                                               ,PLAZA DEL VALLE,20.09707613,-98.76020811,2026-04,True
12297015,M06270 MC DONALDS PACHUCA GALERIAS MALL,RESTAURANTES ADMX,722516,31 a 50 personas,Hidalgo,Pachuca de Soto,13048,Pachuca de Soto                                                                                               ,GALERIAS PACHUCA,20.09765521,-98.76700859,2026-04,True
9288521,MC DONALDS,LA QUINTA FAST DOOD,722516,11 a 30 personas,Hidalgo,Pachuca de Soto,13048,Pachuca de Soto                                                                                               ,,20.1133174,-98.74726429,2020-11,False
8295900,MCDONALDS,LA QUINTA FAST FOOD,722516,0 a 5 personas,Hidalgo,Pachuca de Soto,13048,Pachuca de Soto                                                                                               ,GALERIAS PACHUCA,20.09765521,-98.76700859,2019-11,False
6260190,M00240 MC DONALDS MARINA (PVA),RESTAURANTES ADMX,722516,11 a 30 personas,Jalisco,Puerto Vallarta,14067,Puerto Vallarta                                                                                               ,PLAZA MARINA,20.67291249,-105.25062743,2010-07,True
6264802,M00460 MC DONALDS MALECON (PVA),RESTAURANTES ADMX,722516,31 a 50 personas,Jalisco,Puerto Vallarta,14067,Puerto Vallarta                                                                                               ,,20.61423254,-105.23279994,2010-07,True
8901095,M07020 MC DONALDS PLAZA CARACOL PUERTO VALLARTA MALL,RESTAURANTES ADMX,722516,11 a 30 personas,Jalisco,Puerto Vallarta,14067,Puerto Vallarta                                                                                               ,PLAZA CARACOL,20.64189324,-105.23161882,2019-11,True
6264801,M07590 MC DONALDS GALERIAS VALLARTA FC,RESTAURANTES ADMX,722516,11 a 30 personas,Jalisco,Puerto Vallarta,14067,Puerto Vallarta                                                                                               ,GALERIAS VALLARTA,20.65814253,-105.24028221,2010-07,True
6342954,MC DONALDS,ALIMENTOS RAPIDOS DE OCCIDENTE,722516,11 a 30 personas,Jalisco,Guadalajara,14039,Guadalajara                                                                                                   ,PLAZA ALAMEDA,20.67437727,-103.34198042,2010-07,True
6342955,MC DONALDS,ALIMENTOS RAPIDOS DE OCCIDENTE,722516,11 a 30 personas,Jalisco,Zapopan,14120,Zapopan                                                                                                       ,PLAZA GALERIAS,20.67698999,-103.4318178,2010-07,True
6793850,MC DONALDS,ALIMENTOS RAPIDOS DE OCCIDENTE,722516,11 a 30 personas,Jalisco,Guadalajara,14039,Guadalajara                                                                                                   ,,20.67470121,-103.36727549,2017-03,True
11840231,MC DONALDS,ALIMENTOS RAPIDOS DE OCCIDENTE,722516,11 a 30 personas,Jalisco,Tlajomulco de Zúñiga,14097,San Agustín                                                                                                   ,GALERIAS SANTA ANITA,20.5569661,-103.4651552,2025-04,True
6793852,MC DONALDS,ALIMENTOS RAPIDOS DE OCCIDENTE,722516,11 a 30 personas,Jalisco,Zapopan,14120,Zapopan                                                                                                       ,PLAZA PATRIA,20.7125052,-103.37566282,2017-03,True
6338681,MC DONALDS,ALIMENTOS RAPIDOS DE OCCIDENTE,722516,11 a 30 personas,Jalisco,Guadalajara,14039,Guadalajara                                                                                                   ,,20.65081106,-103.39842781,2010-07,True
6337410,MC DONALDS,ALIMENTOS RAPIDOS DE OCCIDENTE,722516,11 a 30 personas,Jalisco,Zapopan,14120,Zapopan                                                                                                       ,LA GRAN PLAZA,20.67518666,-103.40492351,2010-07,True
6337434,MC DONALDS,ALIMENTOS RAPIDOS DE OCCIDENTE,722516,11 a 30 personas,Jalisco,Zapopan,14120,Zapopan                                                                                                       ,,20.67803557,-103.40409313,2010-07,True
6337368,MC DONALDS,ALIMENTOS RAPIDOS DE OCCIDENTE,722516,11 a 30 personas,Jalisco,Guadalajara,14039,Guadalajara                                                                                                   ,,20.64936097,-103.36449268,2010-07,True
6337691,MC DONALDS,ALIMENTOS RAPIDOS DE OCCIDENTE,722516,11 a 30 personas,Jalisco,Guadalajara,14039,Guadalajara                                                                                                   ,,20.64950461,-103.30766242,2010-07,True
9330998,MC DONALDS,ALIMENTOS RAPIDOS DE OCCIDENTE,722516,11 a 30 personas,Jalisco,Guadalajara,14039,Guadalajara                                                                                                   ,PLAZA MIDTOWN,20.69381119,-103.37479909,2026-04,True
6345602,MC DONALDS,ALIMENTOS RAPIDOS DE OCCIDENTE,722516,11 a 30 personas,Jalisco,Guadalajara,14039,Guadalajara                                                                                                   ,PLAZA FORUM,20.64692292,-103.321014,2012-06,True
6344017,MC DONALDS,ALIMENTOS RAPIDOS DE OCCIDENTE,722516,11 a 30 personas,Jalisco,Guadalajara,14039,Guadalajara                                                                                                   ,,20.71860333,-103.31858352,2010-07,True
6337656,MC DONALDS,ALIMENTOS RAPIDOS DE OCCIDENTE,722516,11 a 30 personas,Jalisco,Guadalajara,14039,Guadalajara                                                                                                   ,,20.69639281,-103.35062063,2010-07,True
6343961,MC DONALDS,ALIMENTOS RAPIDOS DE OCCIDENTE,722516,11 a 30 personas,Jalisco,Guadalajara,14039,Guadalajara                                                                                                   ,,20.64356561,-103.28074063,2010-07,True
6344252,MC DONALDS,ALIMENTOS RAPIDOS DE OCCIDENTE,722516,11 a 30 personas,Jalisco,Zapopan,14120,Zapopan                                                                                                       ,,20.62846632,-103.41748443,2010-07,True
6337690,MC DONALDS,ALIMENTOS RAPIDOS DE OCCIDENTE,722516,11 a 30 personas,Jalisco,Guadalajara,14039,Guadalajara                                                                                                   ,,20.67500286,-103.34795868,2010-07,True
6318548,M00110 MC DONALDS INTERLOMAS,RESTAURANTES ADMX,722516,51 a 100 personas,México,Huixquilucan,15037,Naucalpan de Juárez                                                                                           ,,19.40077428,-99.26929109,2014-12,True
6353899,M00140 MC DONALDS TOLUCA,RESTAURANTES ADMX,722516,51 a 100 personas,México,Toluca,15106,Toluca de Lerdo                                                                                               ,,19.28436734,-99.63258687,2010-07,True
12296964,M00410 MC DONALDS LOMAS VERDES,RESTAURANTES ADMX,722516,11 a 30 personas,México,Naucalpan de Juárez,15057,Naucalpan de Juárez                                                                                           ,,19.49447037,-99.24585888,2026-04,True
6347319,M00530 MC DONALDS PLAZA ARAGON,RESTAURANTES ADMX,722516,31 a 50 personas,México,Ecatepec de Morelos,15033,Ecatepec de Morelos                                                                                           ,PLAZA ARAGON,19.52965334,-99.02921256,2010-07,True
6773737,M00600 MC DONALDS LAS ALAMEDAS,RESTAURANTES ADMX,722516,31 a 50 personas,México,Atizapán de Zaragoza,15013,Ciudad López Mateos                                                                                           ,,19.55330076,-99.24161552,2016-10,True
6812882,M00620 MC DONALDS PERINORTE,RESTAURANTES ADMX,722516,31 a 50 personas,México,Cuautitlán Izcalli,15121,Cuautitlán Izcalli                                                                                            ,OUTLET PUNTA NORTE,19.602034,-99.202182,2017-11,True
6351807,M01070 MC DONALDS COACALCO,RESTAURANTES ADMX,722516,31 a 50 personas,México,Coacalco de Berriozábal,15020,San Francisco Coacalco                                                                                        ,PLAZA LOS ARCOS COACALCO,19.63466223,-99.09946339,2010-07,True
6793856,M01300 MC DONALDS CUAUTITLAN,RESTAURANTES ADMX,722516,31 a 50 personas,México,Cuautitlán Izcalli,15121,Cuautitlán Izcalli                                                                                            ,,19.64802898,-99.20472012,2017-03,True
6354159,M03230 MC DONALDS METEPEC,RESTAURANTES ADMX,722516,51 a 100 personas,México,Metepec,15054,San Francisco Coaxusco                                                                                        ,,19.26083599,-99.62809406,2010-07,True
9404867,M03700 MC DONALDS SAN MATEO,RESTAURANTES ADMX,722516,31 a 50 personas,México,Naucalpan de Juárez,15057,Naucalpan de Juárez                                                                                           ,MEGA SORIANA SAN MATEO,19.48139404,-99.25073693,2023-11,True
12296975,M03960 MC DONALDS BELLAVISTA,RESTAURANTES ADMX,722516,11 a 30 personas,México,Tlalnepantla de Baz,15104,Tlalnepantla                                                                                                  ,,19.51898593,-99.24670985,2026-04,True
6813215,M04030 MC DONALDS TOLUCA GRAN PLAZA,RESTAURANTES ADMX,722516,11 a 30 personas,México,Toluca,15106,Toluca de Lerdo                                                                                               ,GRAN PLAZA TOLUCA,19.28632663,-99.65417472,2017-11,True
6353898,M04250 MC DONALS TOLUCA NORTE 425,RESTAURANTES ADMX,722516,31 a 50 personas,México,Toluca,15106,Toluca de Lerdo                                                                                               ,,19.31149482,-99.63517219,2010-07,True
12296956,M05020 MC DONALDS PLAZA SAN JUAN,RESTAURANTES ADMX,722516,11 a 30 personas,México,Nezahualcóyotl,15058,Ciudad Nezahualcóyotl                                                                                         ,MULTIPLAZA SAN JUAN,19.46824811,-99.05620515,2026-04,True
6357781,M05270 MC DONALDS TOLUCA PILARES,RESTAURANTES ADMX,722516,51 a 100 personas,México,Metepec,15054,San Jerónimo Chicahualco                                                                                      ,,19.28576407,-99.57339846,2010-07,True
6710144,M05960 MC DONALDS OUTLET PUNTA NORTE FC,RESTAURANTES ADMX,722516,11 a 30 personas,México,Cuautitlán Izcalli,15121,Cuautitlán Izcalli                                                                                            ,PREMIUM OUTLES PUNTA NORTE,19.59991238,-99.19246649,2016-01,True
6813208,M06280 MC DONALDS TOLUCA PORTALES,RESTAURANTES ADMX,722516,51 a 100 personas,México,Toluca,15106,Toluca de Lerdo                                                                                               ,,19.29033492,-99.65766625,2017-11,True
6812881,M06510 MC DONALDS TOLUCA SANTIN,RESTAURANTES ADMX,722516,31 a 50 personas,México,Toluca,15106,Hacienda Santín (Rancho Santín)                                                                               ,MULTI PLAZA SANTIN,19.34981169,-99.59037752,2017-11,True
6845737,M06530 MC DONALDS CHEDRAUI NEZA,RESTAURANTES ADMX,722516,31 a 50 personas,México,Nezahualcóyotl,15058,Ciudad Nezahualcóyotl                                                                                         ,PLAZA CHEDRAUI,19.40020692,-98.98834181,2018-03,True
6351806,M06740 MC DONALDS COACALCO LAS FLORES,RESTAURANTES ADMX,722516,11 a 30 personas,México,Coacalco de Berriozábal,15020,San Francisco Coacalco                                                                                        ,PLAZA LAS FLORES,19.63420929,-99.09727275,2010-07,True
6357672,M07230 MC DONALDS MULTIPLAZA ARBOLEDAS,RESTAURANTES ADMX,722516,11 a 30 personas,México,Tlalnepantla de Baz,15104,Tlalnepantla                                                                                                  ,,19.54808278,-99.20985259,2010-07,True
6356373,M07340 MC DONALDS SENDERO TOLUCA,RESTAURANTES ADMX,722516,31 a 50 personas,México,Lerma,15051,Lerma de Villada                                                                                              ,PLAZA SENDERO,19.2893847,-99.55596093,2011-03,True
9406820,M07390 MC DONALDS LA CUSPIDE,RESTAURANTES ADMX,722516,11 a 30 personas,México,Naucalpan de Juárez,15057,Naucalpan de Juárez                                                                                           ,CENTRO COMERCIAL LA CÚSPIDE,19.5160051,-99.266331,2023-11,True
6265811,M07420 MC DONALDS PASEO INTERLOMAS,RESTAURANTES ADMX,722516,11 a 30 personas,México,Huixquilucan,15037,Naucalpan de Juárez                                                                                           ,PASEO INTERLOMAS,19.39730987,-99.28354668,2014-12,True
6729613,M07520 MC DONALDS TOLUCA ZINACANTEPEC,RESTAURANTES ADMX,722516,51 a 100 personas,México,Zinacantepec,15118,San Luis Mextepec                                                                                             ,,19.28897788,-99.69711039,2016-01,True
6351808,M07660 MC DONALDS WALMART CD JARDIN PLAZA,RESTAURANTES ADMX,722516,11 a 30 personas,México,Nezahualcóyotl,15058,Ciudad Nezahualcóyotl                                                                                         ,PLAZA JARDIN,19.4229547,-99.02274129,2010-07,True
6351809,M07680 MC DONALDS SEARS CD JADRDÍN PLAZA,RESTAURANTES ADMX,722516,31 a 50 personas,México,Nezahualcóyotl,15058,Ciudad Nezahualcóyotl                                                                                         ,PLAZA JARDIN,19.4229547,-99.02274129,2010-07,True
6347246,M07750 MC DONALDS SENDERO ECATEPEC,RESTAURANTES ADMX,722516,11 a 30 personas,México,Ecatepec de Morelos,15033,Ecatepec de Morelos                                                                                           ,,19.62067904,-98.99456385,2010-07,True
6265810,M08140 MC DONALDS HUEHUETOCA,,722516,31 a 50 personas,México,Huehuetoca,15035,Santa Teresa                                                                                                  ,,19.84191337,-99.23904275,2014-12,False
2440664,M08150 MC DONALDS GALERIAS METEPEC,RESTAURANTES ADMX,722516,31 a 50 personas,México,Metepec,15054,Metepec                                                                                                       ,GALERIAS METEPEC,19.25873973,-99.62061733,2014-12,True
6726183,M08170 MC DONALDS TOLUCA AUTOPISTA,RESTAURANTES ADMX,722516,31 a 50 personas,México,Ocoyoacac,15062,Ejido San Miguel Ameyalco                                                                                     ,,19.28504853,-99.4583824,2016-01,True
6265814,M08390 MC DONALDS ZUMPANGO,RESTAURANTES ADMX,722516,31 a 50 personas,México,Zumpango,15120,Paseos del Lago [Fraccionamiento]                                                                             ,TOWN CENTER ZUMPANGO,19.78832037,-99.05490297,2014-12,True
6265808,M08480 MC DONALDS CHIMAHUALCAN,RESTAURANTES ADMX,722516,31 a 50 personas,México,Chimalhuacán,15031,Chimalhuacán                                                                                                  ,PLAZA CHIMALHUACAN,19.40993084,-98.92740587,2010-07,True
6265807,M08640 MC DONALDS CUAUTITLAN MEXICO (CENTELLA),RESTAURANTES ADMX,722516,31 a 50 personas,México,Cuautitlán,15024,Cuautitlán                                                                                                    ,,19.67861854,-99.14777318,2014-12,True
6418398,M08740 MC DONALDS OJO DE AGUA,RESTAURANTES ADMX,722516,31 a 50 personas,México,Tecámac,15081,Ojo de Agua                                                                                                   ,,19.66750861,-99.01763237,2014-12,True
6716999,M08850 MC DONALDS GALERIAS TOLUCA,RESTAURANTES ADMX,722516,11 a 30 personas,México,Toluca,15106,Santa Ana Tlapaltitlán                                                                                        ,,19.29117932,-99.62167598,2016-01,True
9304047,M09220 MC DONALDS TOWN SQUARE METEPEC,RESTAURANTES ADMX,722516,31 a 50 personas,México,Metepec,15054,San Francisco Coaxusco                                                                                        ,TOWN SQUEARE,19.26695093,-99.60718919,2020-11,True
6265813,M09260 MC DONALDS SENTURA TLANEPANTLA,RESTAURANTES ADMX,722516,11 a 30 personas,México,Tlalnepantla de Baz,15104,Tlalnepantla                                                                                                  ,CENTRO COMERCIAL SENTURA,19.53987436,-99.21503327,2010-07,True
12296962,M09270 MC DONALDS CARRETERA MÉX-PUE,RESTAURANTES ADMX,722516,11 a 30 personas,México,Chalco,15025,San Marcos Huixtoco                                                                                           ,ESTACIÓN DE SERVICIO SÓCRATES,19.29818488,-98.85428357,2026-04,True
9404869,M09280 MC DONALDS PARQUE TOREO,RESTAURANTES ADMX,722516,11 a 30 personas,México,Naucalpan de Juárez,15057,Naucalpan de Juárez                                                                                           ,TOREO PARQUE CENTRAL,19.45319959,-99.21896362,2023-11,True
6698244,M09340 MC DONALDS CETRAM TOREO,RESTAURANTES ADMX,722516,11 a 30 personas,México,Naucalpan de Juárez,15057,Naucalpan de Juárez                                                                                           ,,19.45886885,-99.21433437,2016-01,True
12296952,M09670 MC DONALDS COSMOPOL,RESTAURANTES ADMX,722516,11 a 30 personas,México,Coacalco de Berriozábal,15020,San Francisco Coacalco                                                                                        ,COSMOPOL,19.63115018,-99.12436109,2026-04,True
12296951,M09680 MC DONALDS SETÉLITE PERIFÉRICO,RESTAURANTES ADMX,722516,11 a 30 personas,México,Naucalpan de Juárez,15057,Naucalpan de Juárez                                                                                           ,,19.51056403,-99.23660059,2026-04,True
9307947,MC DONALDS,ADMX,722516,6 a 10 personas,México,Tlalnepantla de Baz,15104,Tlalnepantla                                                                                                  ,PLAZA SENTURA,19.54011702,-99.21488247,2020-11,True
2208636,MC DONALDS,ADMX,722516,11 a 30 personas,México,Naucalpan de Juárez,15057,Naucalpan de Juárez                                                                                           ,,19.50663154,-99.24638748,2014-12,True
6357697,MC DONALDS PLAZA SAN JUAN,EQCO,722516,31 a 50 personas,México,Nezahualcóyotl,15058,Ciudad Nezahualcóyotl                                                                                         ,MULTIPLAZA SAN JUAN,19.46781582,-99.05639632,2010-07,True
10723829,MCDONALD S,RESTAURANTES ADMX,722516,0 a 5 personas,México,Capulhuac,15019,Agua Blanca                                                                                                   ,,19.21575823,-99.47057713,2024-11,True
6357655,MCDONALD S BELLAVISTA,EQCO,722516,51 a 100 personas,México,Tlalnepantla de Baz,15104,Tlalnepantla                                                                                                  ,,19.51883549,-99.24697054,2010-07,True
6357340,MCDONALD S LOMAS VERDES,EQCO,722516,31 a 50 personas,México,Naucalpan de Juárez,15057,Naucalpan de Juárez                                                                                           ,,19.49434245,-99.24640542,2010-07,True
6813465,MCDONALD S PLAZA ARAGON II,EQCO,722516,31 a 50 personas,México,Ecatepec de Morelos,15033,Ecatepec de Morelos                                                                                           ,MULTIPLAZA ARAGON,19.52865206,-99.02745216,2017-11,True
6794978,MCDONALS,EQCO,722516,0 a 5 personas,México,Ecatepec de Morelos,15033,Ecatepec de Morelos                                                                                           ,AMERICAS POWER CENTER,19.58006351,-99.02063412,2017 03,True
8833793,RESTAURANTE CAMELINAS,ALIMENTOS SIGLO XXI,722511,51 a 100 personas,Michoacán de Ocampo,Morelia,16053,Morelia                                                                                                       ,,19.68723617,-101.15318967,2019-11,True
8697671,RESTAURANTE CENTRO,ALIMENTOS SIGLO XXI,722511,31 a 50 personas,Michoacán de Ocampo,Morelia,16053,Morelia                                                                                                       ,,19.70188125,-101.19069856,2019-11,True
2577310,RESTAURANTE LA HUERTA,ALIMENTOS SIGLO XXI,722511,31 a 50 personas,Michoacán de Ocampo,Morelia,16053,Morelia                                                                                                       ,,19.67825408,-101.21860141,2012-06,True
8697669,RESTAURANTE LAS AMERICAS,ALIMENTOS SIGLO XXI,722511,11 a 30 personas,Michoacán de Ocampo,Morelia,16053,Morelia                                                                                                       ,PLAZA LAS AMERICAS,19.68874985,-101.1591241,2019-11,True
8697670,RESTAURANTE LAZARO CARDENAS,ALIMENTOS SIGLO XXI,722511,31 a 50 personas,Michoacán de Ocampo,Lázaro Cárdenas,16052,Ciudad Lázaro Cárdenas                                                                                        ,,17.97721909,-102.21221329,2019-11,True
8697668,RESTAURANTE SAHUAYO,ALIMENTOS SIGLO XXI,722511,31 a 50 personas,Michoacán de Ocampo,Sahuayo,16076,Sahuayo de Morelos                                                                                            ,PLAZA FERIA,20.044676,-102.71673616,2019-11,True
8919686,RESTAURANTE URUAPAN,ALIMENTOS SIGLO XXI,722511,11 a 30 personas,Michoacán de Ocampo,Uruapan,16102,Uruapan                                                                                                       ,,19.40673798,-102.05424101,2019-11,True
2717298,RESTAURANTE ZAMORA,ALIMENTOS SIGLO XXI,722511,31 a 50 personas,Michoacán de Ocampo,Zamora,16108,Zamora de Hidalgo                                                                                             ,,19.97577687,-102.29179973,2010-07,True
6361537,M00250 MC DONALDS PLAZA CUERNAVACA,RESTAURANTES ADMX,722516,51 a 100 personas,Morelos,Cuernavaca,17007,Cuernavaca                                                                                                    ,PLAZA CUERNAVACA,18.93503551,-99.2298331,2010-07,True
6362783,M00700 MC DONALDS CENTRO CUERNAVACA,RESTAURANTES ADMX,722516,31 a 50 personas,Morelos,Cuernavaca,17007,Cuernavaca                                                                                                    ,,18.92223784,-99.2343631,2010-07,True
6362785,M05690 MC DONALDS CUERNAVACA PALMIRA,RESTAURANTES ADMX,722516,51 a 100 personas,Morelos,Cuernavaca,17007,Cuernavaca                                                                                                    ,,18.89043766,-99.22758801,2014-12,True
6362787,M07490 MC DONALDS WALMART JIUTEPEC,,722516,31 a 50 personas,Morelos,Jiutepec,17011,Jiutepec                                                                                                      ,,18.90226973,-99.17424255,2014-12,False
6362786,M07740 MC DONALDS GALERIAS CUERNAVACA,RESTAURANTES ADMX,722516,11 a 30 personas,Morelos,Cuernavaca,17007,Cuernavaca                                                                                                    ,PLAZA GALERIAS CUERNAVACA,18.93885057,-99.19004777,2010-07,True
6362788,M07780 MC DONALDS LOS ATRIOS CUAUTLA,RESTAURANTES ADMX,722516,11 a 30 personas,Morelos,Cuautla,17006,Tierra Larga                                                                                                  ,PLAZA ATRIOS,18.86676478,-98.94917244,2014-12,True
6268994,M04510 MC DONALDS NUEVO VALLARTA,RESTAURANTES ADMX,722516,11 a 30 personas,Nayarit,Bahía de Banderas,18020,Nuevo Vallarta                                                                                                ,CENTRO COMERCIAL PARADISE PLAZA,20.69348528,-105.29465187,2010-07,True
6371694,M00020 MC DONALDS GONZALITOS (MTY),RESTAURANTES ADMX,722516,51 a 100 personas,Nuevo León,Monterrey,19039,Monterrey                                                                                                     ,,25.67880249,-100.35199051,2010-07,True
6371772,M00040 MC DONALDS GARZA SADA (MTY),RESTAURANTES ADMX,722516,51 a 100 personas,Nuevo León,Monterrey,19039,Monterrey                                                                                                     ,,25.64328976,-100.28742346,2010-07,True
6371704,M00050 MC DONALDS HIDALGO (MTY),RESTAURANTES ADMX,722516,51 a 100 personas,Nuevo León,Monterrey,19039,Monterrey                                                                                                     ,,25.66832702,-100.31993437,2010-07,True
6370576,M01200 MC DONALDS WALMART TORRES (MTY),RESTAURANTES ADMX,722516,11 a 30 personas,Nuevo León,Monterrey,19039,Monterrey                                                                                                     ,,25.61544203,-100.27121991,2010-07,True
6371755,M01560 MC DONALDS SANTA CATARINA (MTY),RESTAURANTES ADMX,722516,31 a 50 personas,Nuevo León,Santa Catarina,19048,Ciudad Santa Catarina                                                                                         ,,25.6738731,-100.41997779,2010-07,True
6445652,M05100 MC DONALDS LINCOLN (MTY),RESTAURANTES ADMX,722516,51 a 100 personas,Nuevo León,Monterrey,19039,Monterrey                                                                                                     ,,25.72468822,-100.36546764,2010-07,True
6369936,M05470 MC DONALDS ESCOBEDO (MTY),RESTAURANTES ADMX,722516,31 a 50 personas,Nuevo León,General Escobedo,19021,Ciudad General Escobedo                                                                                       ,,25.78752363,-100.32135207,2010-07,True
6369926,M05550 MC DONALDS MONTERREY LA FE,RESTAURANTES ADMX,722516,51 a 100 personas,Nuevo León,San Nicolás de los Garza,19046,San Nicolás de los Garza                                                                                      ,SIN NOMBRE,25.72370749,-100.22239478,2010-07,True
6369931,M05600 MC DONALDS SENDERO NORTE,RESTAURANTES ADMX,722516,51 a 100 personas,Nuevo León,General Escobedo,19021,Ciudad General Escobedo                                                                                       ,,25.77023823,-100.27315579,2010-07,True
9285129,M05640 MC DONALDS PABLO LIVAS,RESTAURANTES ADMX,722516,51 a 100 personas,Nuevo León,Guadalupe,19026,Guadalupe                                                                                                     ,SUN MALL,25.65600419,-100.1831857,2020-11,True
6847690,M06020 MC DONALDS LAS TORRES MONTERREY,RESTAURANTES ADMX,722516,31 a 50 personas,Nuevo León,Monterrey,19039,Monterrey                                                                                                     ,,25.62755215,-100.29459498,2018-03,True
6369939,M06700 MC DONALDS GOMEZ MORIN,RESTAURANTES ADMX,722516,31 a 50 personas,Nuevo León,San Pedro Garza García,19019,San Pedro Garza García                                                                                        ,,25.64559826,-100.36048652,2010-07,True
6369938,M06880 MC DONALDS CUMBRES MONTERREY,RESTAURANTES ADMX,722516,11 a 30 personas,Nuevo León,Monterrey,19039,Monterrey                                                                                                     ,,25.7330739,-100.39783086,2010-07,True
6369937,M07060 MC DONALDS MONTERREY KIDZANIA 706,RESTAURANTES ADMX,722516,0 a 5 personas,Nuevo León,Monterrey,19039,Monterrey                                                                                                     ,GALERIAS VALLE ORIENTE,25.63874152,-100.3135809,2010-07,True
6370578,M07220 MC DONALDS MTY PLAZA SAN AGUSTIN,RESTAURANTES ADMX,722516,6 a 10 personas,Nuevo León,San Pedro Garza García,19019,San Pedro Garza García                                                                                        ,ÁURIGA SAN PEDRO,25.64804341,-100.33825935,2010-07,True
6715681,M07920 MC DONALDS LA ESTANZUELA,RESTAURANTES ADMX,722516,31 a 50 personas,Nuevo León,Monterrey,19039,Monterrey                                                                                                     ,,25.58524885,-100.25716532,2016-01,True
6367622,M08240 MC DONALDS LA PASTORA,RESTAURANTES ADMX,722516,31 a 50 personas,Nuevo León,Guadalupe,19026,Guadalupe                                                                                                     ,ALTEA LA PASTORA,25.66168515,-100.25210598,2010-07,True
12296950,M09840 MC DONALDS FS VILLA DE GARCÍA NL,RESTAURANTES ADMX,722516,11 a 30 personas,Nuevo León,García,19018,García                                                                                                        ,,25.7859872,-100.58008698,2026-04,True
8373100,MACDONALS,GRUPO MONSERRAT,722516,31 a 50 personas,Oaxaca,Oaxaca de Juárez,20067,Oaxaca de Juárez                                                                                              ,,17.03863156,-96.71099298,2019-11,True
8445094,MC DONALDS,GRUPO MONSERRAT,722516,11 a 30 personas,Oaxaca,Santa Lucía del Camino,20390,Santa Lucía del Camino                                                                                        ,MACROPLAZA OAXACA,17.06863352,-96.6947061,2019-11,True
3126051,MC DONALDS SUCURSAL REFORMA,GRUPO MONSERRAT,722516,31 a 50 personas,Oaxaca,Oaxaca de Juárez,20067,Oaxaca de Juárez                                                                                              ,,17.07005824,-96.71123947,2014-12,True
3118199,MCDONALD S,GRUPO MONSERRAT,722516,11 a 30 personas,Oaxaca,Oaxaca de Juárez,20067,Oaxaca de Juárez                                                                                              ,CENTRO COMERCIAL PLAZA BELLA OAXACA,17.0743372,-96.75693891,2014-12,True
6374623,MCDONALDS SUCURSAL 1 TUXTEPEC,GRUPO MONSERRAT,722516,0 a 5 personas,Oaxaca,San Juan Bautista Tuxtepec,20184,San Juan Bautista Tuxtepec                                                                                    ,,18.08800592,-96.13230289,2014-12,True
8696234,MC DONALDS,VIVCO ALIMENTOS,722516,31 a 50 personas,Puebla,Puebla,21114,Heroica Puebla de Zaragoza                                                                                    ,PLAZA PARQUE PUEBLA,19.07136222,-98.17341571,2019-11,True
6272724,MC DONALDS ANGELOPOLIS,VIVCO ALIMENTOS,722516,31 a 50 personas,Puebla,Puebla,21114,Heroica Puebla de Zaragoza                                                                                    ,CENTRO COMERCIAL ANGELOPOLIS,19.03016487,-98.23254292,2010-07,True
6717305,MC DONALDS GALERIAS,VIVCO ALIMENTOS,722516,11 a 30 personas,Puebla,Puebla,21114,Heroica Puebla de Zaragoza                                                                                    ,GALERIAS SERDAN,19.07058631,-98.22591145,2016-01,True
6271476,MC DONALDS PLAZA CRYSTAL,VIVCO ALIMENTOS,722516,51 a 100 personas,Puebla,Puebla,21114,Heroica Puebla de Zaragoza                                                                                    ,PLAZA CRYSTAL,19.02193038,-98.21232796,2010-07,True
6272664,MC DONALDS SUCURSAL AGUA SANTA,VIVCO ALIMENTOS,722516,11 a 30 personas,Puebla,Puebla,21114,Heroica Puebla de Zaragoza                                                                                    ,PLAZA CENTRO SUR,18.98685935,-98.24879099,2010-07,True
6272723,MC DONALDS SUCURSAL CHOLULA,VIVCO ALIMENTOS,722516,31 a 50 personas,Puebla,San Andrés Cholula,21119,San Andrés Cholula                                                                                            ,,19.0591626,-98.2953916,2010-07,True
6272665,MC DONALDS SUCURSAL CRUZ DEL SUR,VIVCO ALIMENTOS,722516,11 a 30 personas,Puebla,Puebla,21114,Heroica Puebla de Zaragoza                                                                                    ,CRUZ DEL SUR,19.07315566,-98.25764789,2010-07,True
6272668,MC DONALDS SUCURSAL DORADA,VIVCO ALIMENTOS,722516,11 a 30 personas,Puebla,Puebla,21114,Heroica Puebla de Zaragoza                                                                                    ,PLAZA DORADA,19.02819005,-98.20369757,2010-07,True
6272726,MC DONALDS SUCURSAL NORTE,VIVCO ALIMENTOS,722516,51 a 100 personas,Puebla,Puebla,21114,Heroica Puebla de Zaragoza                                                                                    ,,19.05269811,-98.19190586,2010-07,True
6272666,MC DONALDS SUCURSAL OUTLET,VIVCO ALIMENTOS,722516,31 a 50 personas,Puebla,Coronango,21034,San Francisco Ocotlán (Ocotlán)                                                                               ,OUTLET PUEBLA,19.13114948,-98.26729216,2010-07,True
6272667,MC DONALDS SUCURSAL SAN DIEGO,VIVCO ALIMENTOS,722516,11 a 30 personas,Puebla,San Pedro Cholula,21140,Cholula de Rivadavia                                                                                          ,PLAZA SAN DIEGO,19.07495633,-98.29562067,2010-07,True
6272900,MC DONALDS SUCURSAL SAN MANUEL,VIVCO ALIMENTOS,722516,11 a 30 personas,Puebla,Puebla,21114,Heroica Puebla de Zaragoza                                                                                    ,PLAZA PLATINUM,19.01938011,-98.19915631,2010-07,True
6272725,MC DONALDS SUCURSAL SAN PEDRO,VIVCO ALIMENTOS,722516,51 a 100 personas,Puebla,Puebla,21114,Heroica Puebla de Zaragoza                                                                                    ,,19.06714045,-98.21177101,2010-07,True
6272669,MC DONALDS SUCURSAL TEHUACAN,VIVCO ALIMENTOS,722516,11 a 30 personas,Puebla,Tehuacán,21156,Tehuacán                                                                                                      ,EL PASEO DE TEHUACAN,18.4675068,-97.41772624,2010-07,True
6271512,MC DONALDS SUCURSAL ZOCALO,VIVCO ALIMENTOS,722516,51 a 100 personas,Puebla,Puebla,21114,Heroica Puebla de Zaragoza                                                                                    ,,19.04417617,-98.19797181,2010-07,True
9406038,MCDONALDS ARCANGELES,VIVCO ALIMENTOS,722516,31 a 50 personas,Puebla,San Andrés Cholula,21119,San Bernardino Tlaxcalancingo                                                                                 ,ARCANGELES,19.00639699,-98.26818614,2026-04,True
7873049,VIVCO ALIMENTOS,VIVCO ALIMENTOS,722516,0 a 5 personas,Puebla,Puebla,21114,Heroica Puebla de Zaragoza                                                                                    ,,19.02910561,-98.20628162,2019-11,True
6271503,VIVCO ALIMENTOS,VIVCO ALIMENTOS,722516,11 a 30 personas,Puebla,Puebla,21114,Heroica Puebla de Zaragoza                                                                                    ,,19.03026372,-98.20697708,2010-07,True
11828736,VIVE LA CIENEGA VIVCO ALIMENTOS,VIVCO ALIMENTOS,722516,0 a 5 personas,Puebla,Puebla,21114,Heroica Puebla de Zaragoza                                                                                    ,VIVE LA CIENEGA,19.06499703,-98.16038704,2025-04,True
12297242,0837 MC DONALDS,RESTAURANTES ADMX,722516,51 a 100 personas,Querétaro,San Juan del Río,22016,San Juan del Río                                                                                              ,,20.39053125,-99.96827706,2026-04,True
3545677,M00770 MC DONALDS QUERETARO,RESTAURANTES ADMX,722516,51 a 100 personas,Querétaro,Querétaro,22014,Santiago de Querétaro                                                                                         ,,20.6162924,-100.39274571,2010-07,True
3539379,M01630 MC DONALDS SAN JUAN DEL RIO,RESTAURANTES ADMX,722516,31 a 50 personas,Querétaro,San Juan del Río,22016,San Juan del Río                                                                                              ,,20.37499005,-99.99975711,2010-07,True
6273249,M07270 MC DONALDS QRO. PLAZA DE TOROS FS,RESTAURANTES ADMX,722516,31 a 50 personas,Querétaro,Querétaro,22014,Santiago de Querétaro                                                                                         ,CENTRO COMERCIAL PLAZA DE TOROS,20.57469473,-100.40715455,2014-12,True
6273250,M07770 MC DONALDS QUERÉTARO JURICA,RESTAURANTES ADMX,722516,31 a 50 personas,Querétaro,Querétaro,22014,Santiago de Querétaro                                                                                         ,URBAN CENTER JURICA,20.64945556,-100.43174743,2012-06,True
6273251,M08370 MC DONALDS SAN JUAN DEL RIO FS,RESTAURANTES ADMX,722516,31 a 50 personas,Querétaro,San Juan del Río,22016,San Juan del Río                                                                                              ,PLAZA PASEO CENTRAL,20.39288491,-99.98400694,2011-03,True
8983331,M09100 MC DONALDS PUERTA LA VICTORIA,RESTAURANTES ADMX,722516,11 a 30 personas,Querétaro,Querétaro,22014,Santiago de Querétaro                                                                                         ,PUERTA LA VICTORIA,20.58627901,-100.38188173,2019-11,True
6791424,M09390 MC DONALDS ANTEA QUERETARO,RESTAURANTES ADMX,722516,11 a 30 personas,Querétaro,Querétaro,22014,Santiago de Querétaro                                                                                         ,,20.6752519,-100.43455756,2017-03,True
12296970,M09790 MC DONALDS FS REFUGIO,RESTAURANTES ADMX,722516,11 a 30 personas,Querétaro,Querétaro,22014,El Refugio [Fraccionamiento]                                                                                  ,,20.64829699,-100.34407804,2026-04,True
12296959,M09860 MC DONALDS FS SOMBRERETE,RESTAURANTES ADMX,722516,11 a 30 personas,Querétaro,Querétaro,22014,Santiago de Querétaro                                                                                         ,,20.63949237,-100.41491089,2026-04,True
6386388,M00190 MC DONALDS TULUM (CAN),RESTAURANTES ADMX,722516,51 a 100 personas,Quintana Roo,Benito Juárez,23005,Cancún                                                                                                        ,,21.165813,-86.82570007,2010-07,True
6386389,M00730 MC DONALDS PLAZA 2000 (CAN),RESTAURANTES ADMX,722516,31 a 50 personas,Quintana Roo,Benito Juárez,23005,Cancún                                                                                                        ,LAS TIENDAS DE CANCUN,21.17397429,-86.82676032,2010-07,True
6794703,M03460 MC DONALDS WN CANCUN,RESTAURANTES ADMX,722516,11 a 30 personas,Quintana Roo,Benito Juárez,23005,Cancún                                                                                                        ,,21.15495255,-86.83858247,2017-03,True
6386391,M03660 MC DONALDS CANCÚN AMÉRICAS,RESTAURANTES ADMX,722516,11 a 30 personas,Quintana Roo,Benito Juárez,23005,Cancún                                                                                                        ,PLAZA LAS AMERICAS,21.14741602,-86.82434274,2010-07,True
9283868,M03680 MC DONALDS LA ISLA CANCÚN,RESTAURANTES ADMX,722516,11 a 30 personas,Quintana Roo,Benito Juárez,23005,Cancún                                                                                                        ,ISLA LAGUNA,21.10938713,-86.76485036,2020-11,True
6386392,M04120 MC DONALDS CANCÚN LÓPEZ PORTILLO,RESTAURANTES ADMX,722516,31 a 50 personas,Quintana Roo,Benito Juárez,23005,Cancún                                                                                                        ,,21.16260286,-86.85051091,2010-07,True
6384258,M04130 MC DONALDS PLAYA DEL CARMEN,RESTAURANTES ADMX,722516,31 a 50 personas,Quintana Roo,Solidaridad,23008,Playa del Carmen                                                                                              ,MC DONALDS PLAYA DEL CARMEN,20.62269678,-87.07503565,2010-07,True
6384604,M04220 MC DONALDS CANCÚN LAS PALMAS,RESTAURANTES ADMX,722516,51 a 100 personas,Quintana Roo,Benito Juárez,23005,Cancún                                                                                                        ,PLAZA LAS PALMAS,21.15404548,-86.83789546,2010-07,True
6386394,M05230 MC DONALDS NICHUPTE,RESTAURANTES ADMX,722516,51 a 100 personas,Quintana Roo,Benito Juárez,23005,Cancún                                                                                                        ,,21.14150165,-86.83314705,2010-07,True
8700075,M05430 MC DONALDS PLAYA DEL CARMEN CHEDRAUI,RESTAURANTES ADMX,722516,51 a 100 personas,Quintana Roo,Solidaridad,23008,Playa del Carmen                                                                                              ,,20.64817378,-87.0830642,2019-11,True
6384497,M06210 MC DONALDS CHETUMAL FS,RESTAURANTES ADMX,722516,51 a 100 personas,Quintana Roo,Othón P. Blanco,23004,Chetumal                                                                                                      ,PLAZA LAS AMERICAS,18.5188033,-88.32267959,2010-07,True
3646429,M06220 MC DONALDS CHETUMAL FC,RESTAURANTES ADMX,722516,11 a 30 personas,Quintana Roo,Othón P. Blanco,23004,Chetumal                                                                                                      ,LAS AMERICAS,18.51881599,-88.32242287,2014-12,True
6386384,M06560 MC DONALDS CANCUN COLEGIOS F S,RESTAURANTES ADMX,722516,31 a 50 personas,Quintana Roo,Benito Juárez,23005,Cancún                                                                                                        ,,21.10671978,-86.8394153,2010-07,True
6386395,M06570 MC DONALDS CANCUN II FC,RESTAURANTES ADMX,722516,31 a 50 personas,Quintana Roo,Benito Juárez,23005,Cancún                                                                                                        ,CANCUN MALL,21.18011591,-86.85007082,2010-07,True
6795674,M06690 MC DONALDS CANCÚN KABAH MALL,RESTAURANTES ADMX,722516,11 a 30 personas,Quintana Roo,Benito Juárez,23005,Cancún                                                                                                        ,MUTIPLAZA KABAH,21.17210765,-86.85907617,2017-03,True
6795677,M06790 MC DONALDS PLAYA DEL CARMEN CENTRO MAYA,RESTAURANTES ADMX,722516,11 a 30 personas,Quintana Roo,Solidaridad,23008,Playa del Carmen                                                                                              ,,20.62122598,-87.07763798,2017-03,True
6384234,M06810 MC DONALDS LA CRUZ PLAYA DEL CARMEN,RESTAURANTES ADMX,722516,31 a 50 personas,Quintana Roo,Solidaridad,23008,Playa del Carmen                                                                                              ,,20.62664959,-87.08416907,2010-07,True
9347465,M07080 MC DONALDS CANCUN ZAZIL-HA,RESTAURANTES ADMX,722516,11 a 30 personas,Quintana Roo,Benito Juárez,23005,Cancún                                                                                                        ,,21.09290299,-86.77069958,2021-05,True
6794589,M07940 MC DONALDS MALECON AMERICAS,RESTAURANTES ADMX,722516,31 a 50 personas,Quintana Roo,Benito Juárez,23005,Cancún                                                                                                        ,PLAZA MALECON AMERICAS,21.14669902,-86.82428871,2017-03,True
6795596,M09410 MC DONALDS MULTIPLAZA CANCUN,RESTAURANTES ADMX,722516,51 a 100 personas,Quintana Roo,Benito Juárez,23005,Cancún                                                                                                        ,MULTIPLAZA CANCUN,21.17166141,-86.85882277,2017-03,True
3659604,M09550 MC DONALDS F. S. CANCUN MALL,RESTAURANTES ADMX,722516,31 a 50 personas,Quintana Roo,Benito Juárez,23005,Cancún                                                                                                        ,CANCUN MALL,21.18011591,-86.85007082,2014-12,True
6384470,M09580 MC DONALDS VILLAS DEL SOL,RESTAURANTES ADMX,722516,51 a 100 personas,Quintana Roo,Solidaridad,23008,Playa del Carmen                                                                                              ,,20.67038715,-87.11505245,2010-07,True
6795675,M09610 MC DONALDS ARCO NORTE CANCUN,RESTAURANTES ADMX,722516,51 a 100 personas,Quintana Roo,Benito Juárez,23005,Cancún                                                                                                        ,ARCO NORTE,21.17655963,-86.91360124,2017-03,True
12296958,M09930 MC DONALDS FS POLÍGONO SUR,RESTAURANTES ADMX,722516,11 a 30 personas,Quintana Roo,Benito Juárez,23005,Cancún                                                                                                        ,,21.11113347,-86.8834707,2026-04,True
6795672,MC DONALDS CHETUMAL FS CANCUN,ARCOS SERCAL,722516,11 a 30 personas,Quintana Roo,Othón P. Blanco,23004,Chetumal                                                                                                      ,PLAZA LAS AMERICAS,18.5188033,-88.32267959,2017 03,False
6386382,MC DONALDS MEXICO,RESTAURANTES ADMX,722516,31 a 50 personas,Quintana Roo,Solidaridad,23008,Playa del Carmen                                                                                              ,PLAZA LAS AMERICAS,20.64907279,-87.0812759,2024-05,True
6794700,MC DONALDS MEXICO MALL,RESTAURANTES ADMX,722516,31 a 50 personas,Quintana Roo,Benito Juárez,23005,Cancún                                                                                                        ,CANCUN MALL,21.18011591,-86.85007082,2017-03,True
6795670,MC DONALDS MEXICO NIZUC,RESTAURANTES ADMX,722516,51 a 100 personas,Quintana Roo,Benito Juárez,23005,Cancún                                                                                                        ,,21.14272597,-86.8330351,2017-03,True
9454687,M00820 MC DONALDS TANGAMANGA S. L. P,RESTAURANTES ADMX,722516,31 a 50 personas,San Luis Potosí,San Luis Potosí,24028,San Luis Potosí                                                                                               ,,22.13955774,-101.00418391,2026-04,True
9405060,M05250 MC DONALDS SAN LUIS POTOSI MUÑOZ F.S,RESTAURANTES ADMX,722516,11 a 30 personas,San Luis Potosí,San Luis Potosí,24028,San Luis Potosí                                                                                               ,,22.16964585,-101.00233466,2023-11,True
9464602,M05370 MC DONALDS S. L. P. CHALITA,RESTAURANTES ADMX,722516,31 a 50 personas,San Luis Potosí,San Luis Potosí,24028,San Luis Potosí                                                                                               ,,22.13784438,-100.93627482,2026-04,True
6393307,MC DONALDS,PROMOTORA MEXICANA DE SERVICIOS Y ALIMENTOS,722516,0 a 5 personas,San Luis Potosí,San Luis Potosí,24028,San Luis Potosí                                                                                               ,,22.1518144,-101.01087065,2010-07,False
6390298,M00550 MC DONALDS MAZATLAN,RESTAURANTES ADMX,722516,31 a 50 personas,Sinaloa,Mazatlán,25012,Mazatlán                                                                                                      ,,23.23906213,-106.44571067,2010-07,True
6388109,M00920 MC DONALDS CULIACAN,RESTAURANTES ADMX,722516,31 a 50 personas,Sinaloa,Culiacán,25006,Culiacán Rosales                                                                                              ,,24.79606612,-107.41145731,2010-07,True
6390491,M04460 MC DONALDS LOS MOCHIS,RESTAURANTES ADMX,722516,31 a 50 personas,Sinaloa,Ahome,25001,Los Mochis                                                                                                    ,,25.79232716,-108.99858128,2010-07,True
6390296,M07000 MC DONALDS FORUM CULIACAN,RESTAURANTES ADMX,722516,11 a 30 personas,Sinaloa,Culiacán,25006,Culiacán Rosales                                                                                              ,PLAZA FORUM CULIACAN,24.81600254,-107.40060744,2010-07,True
9283354,M09240 MC DONALDS GALERIAS MAZATLAN FC,RESTAURANTES ADMX,722516,11 a 30 personas,Sinaloa,Mazatlán,25012,Mazatlán                                                                                                      ,,23.27875122,-106.44737172,2020-11,True
6453276,M09380 MC DONALDS SENDERO CULIACAN,RESTAURANTES ADMX,722516,11 a 30 personas,Sinaloa,Culiacán,25006,Culiacán Rosales                                                                                              ,,24.82559491,-107.4248363,2014-12,True
11835670,MACDONALDS,ARCOS SERCAL INMOBILIARIA,722516,0 a 5 personas,Sinaloa,Culiacán,25006,Culiacán Rosales                                                                                              ,PLAZA FORUM CULIACAN,24.81600254,-107.40060744,2025-04,False
6390740,MC DONALDS,RESTAURANTES ADMX,722516,11 a 30 personas,Sinaloa,Mazatlán,25012,Mazatlán                                                                                                      ,,23.23677302,-106.42313312,2026-04,True
6813284,MC DONALDS,RESTAURANTES ADMX,722516,31 a 50 personas,Sinaloa,Ahome,25001,Los Mochis                                                                                                    ,,25.80461481,-108.99133489,2017-11,True
11754576,MC DONALDS ,OPERADORA DE FRANQUICIAS SAILE,722516,11 a 30 personas,Sonora,Cajeme,26018,Ciudad Obregón                                                                                                ,,27.49984604,-109.93088469,2025-04,True
9283275,MC DONALDS,OPERADORA DE FRANQUICIAS SAILE,722516,11 a 30 personas,Sonora,Hermosillo,26030,Hermosillo                                                                                                    ,GALERIAS MALL,29.06740007,-110.95044779,2020-11,True
9480765,MC DONALDS GALERIAS,OPERADORA DE FRANQUICIAS SAILE,722516,11 a 30 personas,Sonora,Hermosillo,26030,Hermosillo                                                                                                    ,,29.06708516,-110.95164836,2024-05,True
9480767,MC DONALDS GUAYMAS,OPERADORA DE FRANQUICIAS SAILE,722516,11 a 30 personas,Sonora,Guaymas,26029,Heroica Guaymas                                                                                               ,,27.9263006,-110.92126659,2026-04,True
9480759,MC DONALDS HERMOSILLO PLAZA DEL SOL,OPERADORA DE FRANQUICIAS SAILE,722516,31 a 50 personas,Sonora,Hermosillo,26030,Hermosillo                                                                                                    ,,29.10081828,-110.99254772,2024-05,True
9480819,MC DONALDS KINO,OPERADORA DE FRANQUICIAS SAILE,722516,11 a 30 personas,Sonora,Hermosillo,26030,Hermosillo                                                                                                    ,,29.09756774,-110.95085627,2024-05,True
9480757,MC DONALDS NOGALES GRECO,OPERADORA DE FRANQUICIAS SAILE,722516,31 a 50 personas,Sonora,Nogales,26043,Heroica Nogales                                                                                               ,,31.29253054,-110.93693238,2024-05,True
9480820,MC DONALDS NOGALES MALL,OPERADORA DE FRANQUICIAS SAILE,722516,11 a 30 personas,Sonora,Nogales,26043,Heroica Nogales                                                                                               ,NOGALES MALL,31.28977903,-110.94094184,2026-04,True
9480822,MC DONALDS PERIFERICO SATELITE,OPERADORA DE FRANQUICIAS SAILE,722516,31 a 50 personas,Sonora,Hermosillo,26030,Hermosillo                                                                                                    ,EDIICIO COMERCIAL Y DE SERVICIOS,29.0860873,-110.9866243,2024-05,True
9472540,MC DONALDS PITIC,OPERADORA DE FRANQUICIAS SAILE,722516,11 a 30 personas,Sonora,Hermosillo,26030,Hermosillo                                                                                                    ,,29.12161955,-110.95136221,2024-05,True
9480764,MC DONALDS SOLIDARIDAD,OPERADORA DE FRANQUICIAS SAILE,722516,11 a 30 personas,Sonora,Hermosillo,26030,Hermosillo                                                                                                    ,,29.14466325,-110.99143664,2024-05,True
9480758,MC DONALDS WALMART HERMOSILLO,OPERADORA DE FRANQUICIAS SAILE,722516,6 a 10 personas,Sonora,Hermosillo,26030,Hermosillo                                                                                                    ,,29.06900308,-110.97013049,2026-04,True
9480766,MC DONLADS NAVOJOA,OPERADORA DE FRANQUICIAS SAILE,722516,11 a 30 personas,Sonora,Navojoa,26042,Navojoa                                                                                                       ,,27.07922746,-109.4439536,2024-05,True
6401353,M00780 MC DONALDS VILLAHERMOSA,RESTAURANTES ADMX,722516,51 a 100 personas,Tabasco,Centro,27004,Villahermosa                                                                                                  ,,17.99477695,-92.94345794,2010-07,True
6401356,M02430 MC DONALDS REYNOSA,RESTAURANTES ADMX,722516,31 a 50 personas,Tabasco,Centro,27004,Villahermosa                                                                                                  ,SIN NOMBRE,18.01494034,-92.91601633,2010-07,True
6695907,M03720 MC DONALDS TABASCO 2000,RESTAURANTES ADMX,722516,11 a 30 personas,Tabasco,Centro,27004,Villahermosa                                                                                                  ,GALERIAS TABASCO 2000,18.00053756,-92.94560502,2016-01,True
6276233,M07800 MC DONALDS VILLAHERMOSA CD DEPORTIVA,RESTAURANTES ADMX,722516,51 a 100 personas,Tabasco,Centro,27004,Villahermosa                                                                                                  ,PLAZA MEGA DEPORTIVA,17.97778009,-92.94264564,2014-12,True
4001642,M09290 MC DONALDS ALTABRISA TABASCO,RESTAURANTES ADMX,722516,11 a 30 personas,Tabasco,Centro,27004,Villahermosa                                                                                                  ,PLAZA ALTABRISA,17.96775555,-92.94104179,2014-12,True
6401355,MC DONALDS,RESTAURANTES ADMX,722516,11 a 30 personas,Tabasco,Centro,27004,Villahermosa                                                                                                  ,,18.0002522,-92.94567885,2010-07,True
6405289,M02000 MC DONALDS NUEVO LAREDO,RESTAURANTES ADMX,722516,31 a 50 personas,Tamaulipas,Nuevo Laredo,28027,Nuevo Laredo                                                                                                  ,,27.45844437,-99.51297483,2010-07,True
6405339,M02040 MC DONALDS MATAMOROS,RESTAURANTES ADMX,722516,51 a 100 personas,Tamaulipas,Matamoros,28022,Heroica Matamoros                                                                                             ,,25.85218888,-97.50531463,2010-07,True
6405336,M02210 MC DONALDS CD VICTORIA,RESTAURANTES ADMX,722516,31 a 50 personas,Tamaulipas,Victoria,28041,Ciudad Victoria                                                                                               ,PLAZA LOS ARCOS,23.75176358,-99.14184822,2010-07,True
6405337,M05580 MC DONALDS TAMPICO HEB,RESTAURANTES ADMX,722516,31 a 50 personas,Tamaulipas,Tampico,28038,Tampico                                                                                                       ,,22.25055903,-97.86394973,2010-07,True
6794704,M05730 MC DONALDS REYNOSA SORIANA,RESTAURANTES ADMX,722516,31 a 50 personas,Tamaulipas,Reynosa,28032,Reynosa                                                                                                       ,,26.07371053,-98.32190189,2017-03,True
6813218,M06070 MC DONALDS NUEVO LAREDO VENEZUELA,RESTAURANTES ADMX,722516,31 a 50 personas,Tamaulipas,Nuevo Laredo,28027,Nuevo Laredo                                                                                                  ,,27.48083537,-99.51754407,2017-11,True
8983323,M06350 MC DONALDS MATAMOROS FC,RESTAURANTES ADMX,722516,11 a 30 personas,Tamaulipas,Matamoros,28022,Heroica Matamoros                                                                                             ,,25.85239219,-97.50519623,2019-11,True
6404707,M06360 MC DONALDS REYNOSA FOOD COURT,RESTAURANTES ADMX,722516,11 a 30 personas,Tamaulipas,Reynosa,28032,Reynosa                                                                                                       ,PLAZA DEL RIO,26.05592996,-98.291229,2014-12,True
6404704,M07120 MC DONALDS REYNOSA PLAZA REAL FC,RESTAURANTES ADMX,722516,11 a 30 personas,Tamaulipas,Reynosa,28032,Reynosa                                                                                                       ,PLAZA REAL,26.07540992,-98.31759295,2014-12,True
4095582,MC DONALDS,RESTAURANTES ADMX,722516,31 a 50 personas,Tamaulipas,Tampico,28038,Tampico                                                                                                       ,,22.26233689,-97.87525683,2014-12,True
4080441,MC DONALDS,RESTAURANTES ADMX,722516,31 a 50 personas,Tamaulipas,Victoria,28041,Ciudad Victoria                                                                                               ,,23.75324173,-99.15631898,2014-12,True
4077509,MC DONALDS MEXICO,RESTAURANTES ADMX,722516,31 a 50 personas,Tamaulipas,Nuevo Laredo,28027,Nuevo Laredo                                                                                                  ,HEB,27.46120453,-99.51250394,2014-12,True
4090746,MC DONALDS MEXICO,RESTAURANTES ADMX,722516,31 a 50 personas,Tamaulipas,Ciudad Madero,28009,Ciudad Madero                                                                                                 ,,22.25358178,-97.85318957,2014-12,True
6272899,MC DONALDS SUCURSAL EL PATIO,VIVCO ALIMENTOS,722516,11 a 30 personas,Tlaxcala,Apetatitlán de Antonio Carvajal,29002,Apetatitlán                                                                                                   ,GRAN PATIO,19.33994257,-98.19877914,2014-12,True
6277673,MC DONALS SUCURSAL TLAXCALA,VIVCO ALIMENTOS,722516,51 a 100 personas,Tlaxcala,Chiautempan,29010,Santa Ana Chiautempan                                                                                         ,,19.31759943,-98.20364151,2010-07,True
6410517,M02680 MC DONALDS COATZACOALCOS,RESTAURANTES ADMX,722516,31 a 50 personas,Veracruz de Ignacio de la Llave,Coatzacoalcos,30039,Coatzacoalcos                                                                                                 ,,18.14483095,-94.42829629,2010-07,True
6412203,MC DONALDS AMERICAS,VERAFOOD,722516,31 a 50 personas,Veracruz de Ignacio de la Llave,Boca del Río,30028,Veracruz                                                                                                      ,,19.13791734,-96.10674337,2010-07,True
6410483,MC DONALDS CENTRO,VERAFOOD,722516,31 a 50 personas,Veracruz de Ignacio de la Llave,Veracruz,30193,Veracruz                                                                                                      ,,19.19941616,-96.13829425,2010-07,True
6412202,MC DONALDS DIAZ MIRON,VERAFOOD,722516,31 a 50 personas,Veracruz de Ignacio de la Llave,Veracruz,30193,Veracruz                                                                                                      ,SIN NOMBRE,19.16214023,-96.1316462,2010-07,True
6410660,MC DONALDS MOCAMBO,VERAFOOD,722516,51 a 100 personas,Veracruz de Ignacio de la Llave,Boca del Río,30028,Veracruz                                                                                                      ,PLAZA MOCAMBO,19.15955469,-96.11148302,2010-07,True
6410661,MC DONALDS NORTE,VERAFOOD,722516,31 a 50 personas,Veracruz de Ignacio de la Llave,Veracruz,30193,Veracruz                                                                                                      ,,19.20169737,-96.15651181,2010-07,True
6410485,MC DONALDS ORIZABA,VERAFOOD,722516,31 a 50 personas,Veracruz de Ignacio de la Llave,Orizaba,30118,Orizaba                                                                                                       ,,18.84691066,-97.10112477,2010-07,True
6409215,MC DONALDS VILLA DEL MAR,VERAFOOD,722516,11 a 30 personas,Veracruz de Ignacio de la Llave,Veracruz,30193,Veracruz                                                                                                      ,,19.18143001,-96.12463575,2010-07,True
6412302,MC DONALDS WALMART,VERAFOOD,722516,6 a 10 personas,Veracruz de Ignacio de la Llave,Boca del Río,30028,Veracruz                                                                                                      ,,19.15753437,-96.11188398,2010-07,True
12297012,MCDONALDS,VERAFOOD,722516,11 a 30 personas,Veracruz de Ignacio de la Llave,Xalapa,30087,Xalapa-Enríquez                                                                                               ,ANIMAS,19.52025847,-96.88424502,2026-04,True
6410662,MCDONALDS AMERICAS II,VERAFOOD,722516,11 a 30 personas,Veracruz de Ignacio de la Llave,Boca del Río,30028,Veracruz                                                                                                      ,PLAZA AMERICAS,19.14089258,-96.1061768,2010-07,True
6410484,MCDONALDS CORDOBA,VERAFOOD,722516,31 a 50 personas,Veracruz de Ignacio de la Llave,Córdoba,30044,Córdoba                                                                                                       ,,18.90170908,-96.95225873,2010-07,True
6406814,MCDONALDS CRYSTAL,VERAFOOD,722516,51 a 100 personas,Veracruz de Ignacio de la Llave,Xalapa,30087,Xalapa-Enríquez                                                                                               ,PLAZA CRYSTAL,19.53867775,-96.90766683,2010-07,True
6757412,MCDONALDS ORIZABA PLAZA VALLE,VERAFOOD,722516,31 a 50 personas,Veracruz de Ignacio de la Llave,Orizaba,30118,Orizaba                                                                                                       ,PLAZA VALLE,18.86218677,-97.09743485,2016-10,True
6407902,MCDONALS AMERICAS-XALAPA,VERAFOOD,722516,31 a 50 personas,Veracruz de Ignacio de la Llave,Xalapa,30087,Xalapa-Enríquez                                                                                               ,LAS AMERICAS XALAPA,19.51338204,-96.87585804,2011-03,True
8819089,M00500 MC DONALDS CRYSTAL (MER),RESTAURANTES ADMX,722516,11 a 30 personas,Yucatán,Mérida,31050,Mérida                                                                                                        ,WALMART MONTEJO,20.98579076,-89.6170569,2026-04,True
6710094,M02020 MC DONALDS MERIDA CENTRO,RESTAURANTES ADMX,722516,11 a 30 personas,Yucatán,Mérida,31050,Mérida                                                                                                        ,,20.96594645,-89.62342767,2026-04,True
6415657,M04610 MC DONALDS MERIDA LAS AMERICAS,RESTAURANTES ADMX,722516,31 a 50 personas,Yucatán,Mérida,31050,Mérida                                                                                                        ,LAS AMÉRICAS,20.991924,-89.65113381,2010-07,True
6794981,M04620 MC DONALDS LAS AMERICAS FC,RESTAURANTES ADMX,722516,11 a 30 personas,Yucatán,Mérida,31050,Mérida                                                                                                        ,PLAZA LAS AMERICAS,20.99319044,-89.64900779,2017 03,True
9461882,M06110 MC DONALDS MERIDA MONTEJO,RESTAURANTES ADMX,722516,31 a 50 personas,Yucatán,Mérida,31050,Mérida                                                                                                        ,,21.02474178,-89.62317233,2023-11,True
6415658,M07850 MC DONALDS SENDERO MÉRIDA,RESTAURANTES ADMX,722516,11 a 30 personas,Yucatán,Mérida,31050,Mérida                                                                                                        ,PLAZA PATIO,20.97625,-89.59894436,2010-07,True
9404866,M09520 MC DONALDS GALERIAS MÉRIDA,RESTAURANTES ADMX,722516,11 a 30 personas,Yucatán,Mérida,31050,Mérida                                                                                                        ,GALERIAS MÉRIDA,21.04025819,-89.63235321,2024-05,True
6417648,M05970 MC DONALDS ZACATECAS CAMPESTRE,RESTAURANTES ADMX,722516,31 a 50 personas,Zacatecas,Zacatecas,32056,Zacatecas                                                                                                     ,PLAZA ZACATECAS,22.7620787,-102.5460192,2010-07,True
