clave_mun,entidad,municipio,localidad_principal,latitud,longitud,poblacion,sucursales_mcdonalds,tiene_mcdonalds,probabilidad,rango_oportunidad,tipo_oportunidad,km_mcdonalds_cercano
14039,Jalisco,Guadalajara,Guadalajara,20.67638888888889,-103.34222222222222,1385629,11,1,0.9987967651642802,,Ya tiene McDonald's,0.0
31050,Yucatán,Mérida,Mérida,20.96753722222222,-89.62439166666665,995129,7,1,0.9986664275810995,,Ya tiene McDonald's,0.0
17007,Morelos,Cuernavaca,Cuernavaca,18.92178277777778,-99.23489694444444,378476,4,1,0.9979452098281691,,Ya tiene McDonald's,0.0
05035,Coahuila de Zaragoza,Torreón,Torreón,25.541753333333336,-103.45306055555555,720848,6,1,0.9975201158179483,,Ya tiene McDonald's,0.0
19039,Nuevo León,Monterrey,Monterrey,25.66469722222222,-100.31089166666666,1142994,9,1,0.9974225828476913,,Ya tiene McDonald's,0.0
13048,Hidalgo,Pachuca de Soto,Pachuca de Soto,20.12235972222222,-98.73700055555555,314331,5,1,0.9972352568379149,,Ya tiene McDonald's,0.0
30087,Veracruz de Ignacio de la Llave,Xalapa,Xalapa-Enríquez,19.52708472222222,-96.92264472222223,488531,3,1,0.996872050121224,,Ya tiene McDonald's,0.0
15104,México,Tlalnepantla de Baz,Tlalnepantla,19.538523333333334,-99.19519833333334,672202,5,1,0.9968594620909357,,Ya tiene McDonald's,0.0
09005,Ciudad de México,Gustavo A. Madero,Gustavo A. Madero,19.482945277777777,-99.11347083333332,1173351,7,1,0.9966758164128539,,Ya tiene McDonald's,0.0
25012,Sinaloa,Mazatlán,Mazatlán,23.20031583333333,-106.4222213888889,501441,3,1,0.9966164717813021,,Ya tiene McDonald's,0.0
08019,Chihuahua,Chihuahua,Chihuahua,28.63679388888889,-106.07630666666667,937674,4,1,0.9964012293376482,,Ya tiene McDonald's,0.0
15057,México,Naucalpan de Juárez,Naucalpan de Juárez,19.478802777777776,-99.23321805555555,834434,8,1,0.9962091003215849,,Ya tiene McDonald's,0.0
09012,Ciudad de México,Tlalpan,Tlalpan,19.288275000000002,-99.16712611111112,699928,5,1,0.9959729248886979,,Ya tiene McDonald's,0.0
24028,San Luis Potosí,San Luis Potosí,San Luis Potosí,22.151654999999998,-100.97695805555556,911908,4,1,0.9952339531191605,,Ya tiene McDonald's,0.0
10005,Durango,Durango,Victoria de Durango,24.023988055555556,-104.67019444444445,688697,3,1,0.9951753319265919,,Ya tiene McDonald's,0.0
16053,Michoacán de Ocampo,Morelia,Morelia,19.703383888888887,-101.1920463888889,849053,4,1,0.9950576639181671,,Ya tiene McDonald's,0.0
14120,Jalisco,Zapopan,Zapopan,20.720961944444444,-103.38898777777779,1476491,5,1,0.9949083590074229,,Ya tiene McDonald's,0.0
09002,Ciudad de México,Azcapotzalco,Azcapotzalco,19.484102777777778,-99.18436055555556,432205,6,1,0.9948922403613296,,Ya tiene McDonald's,0.0
09010,Ciudad de México,Álvaro Obregón,Álvaro Obregón,19.39080611111111,-99.19541333333333,759137,5,1,0.9944036864506041,,Ya tiene McDonald's,0.0
09003,Ciudad de México,Coyoacán,Coyoacán,19.35021388888889,-99.16214555555555,614447,5,1,0.9943461849860347,,Ya tiene McDonald's,0.0
26030,Sonora,Hermosillo,Hermosillo,29.074891666666666,-110.95846361111111,936263,8,1,0.9940919201929932,,Ya tiene McDonald's,0.0
05030,Coahuila de Zaragoza,Saltillo,Saltillo,25.421664722222225,-100.99972111111111,879958,4,1,0.9940734903459356,,Ya tiene McDonald's,0.0
01001,Aguascalientes,Aguascalientes,Aguascalientes,21.87982277777778,-102.29604666666667,948990,2,1,0.9939895003117434,,Ya tiene McDonald's,0.0
09016,Ciudad de México,Miguel Hidalgo,Miguel Hidalgo,19.407268888888886,-99.19075444444445,414470,6,1,0.9939780056030159,,Ya tiene McDonald's,0.0
21114,Puebla,Puebla,Heroica Puebla de Zaragoza,19.043989722222225,-98.19749472222223,1692181,14,1,0.9937806079474711,,Ya tiene McDonald's,0.0
07101,Chiapas,Tuxtla Gutiérrez,Tuxtla Gutiérrez,16.753972222222224,-93.11519166666666,604147,3,1,0.9937006813178021,,Ya tiene McDonald's,0.0
02002,Baja California,Mexicali,Mexicali,32.641175833333335,-115.47557888888889,1049792,4,1,0.9935270790695905,,Ya tiene McDonald's,0.0
25006,Sinaloa,Culiacán,Culiacán Rosales,24.808808055555556,-107.39375611111112,1003530,4,1,0.99331838946104,,Ya tiene McDonald's,0.0
15013,México,Atizapán de Zaragoza,Ciudad López Mateos,19.54317055555556,-99.23504083333333,523674,1,1,0.9931105154299636,,Ya tiene McDonald's,0.0
15121,México,Cuautitlán Izcalli,Cuautitlán Izcalli,19.656995555555554,-99.20928611111111,555163,3,1,0.9923907908319055,,Ya tiene McDonald's,0.0
23005,Quintana Roo,Benito Juárez,Cancún,21.16141611111111,-86.8248111111111,911503,19,1,0.992244026565936,,Ya tiene McDonald's,0.0
22014,Querétaro,Querétaro,Santiago de Querétaro,20.59339111111111,-100.38995722222222,1049777,7,1,0.9921733210929439,,Ya tiene McDonald's,0.0
15054,México,Metepec,San Salvador Tizatlalli,19.271403333333332,-99.57937888888888,242307,4,1,0.9921316605783419,,Ya tiene McDonald's,0.0
09004,Ciudad de México,Cuajimalpa de Morelos,Cuajimalpa de Morelos,19.35735027777778,-99.29979222222222,217686,6,1,0.9920200886660064,,Ya tiene McDonald's,0.0
09015,Ciudad de México,Cuauhtémoc,Cuauhtémoc,19.441646666666667,-99.15188361111112,545884,13,1,0.9918963924252657,,Ya tiene McDonald's,0.0
09014,Ciudad de México,Benito Juárez,Benito Juárez,19.37199222222222,-99.15785333333334,434153,9,1,0.9915117262543184,,Ya tiene McDonald's,0.0
02001,Baja California,Ensenada,Ensenada,31.80894388888889,-116.59513388888888,443807,4,1,0.9910359970565211,,Ya tiene McDonald's,0.0
02004,Baja California,Tijuana,Tijuana,32.53246083333333,-117.01891333333333,1922523,9,1,0.9909799444826624,,Ya tiene McDonald's,0.0
15020,México,Coacalco de Berriozábal,San Francisco Coacalco,19.62929888888889,-99.10437722222221,293444,3,1,0.9908888243489762,,Ya tiene McDonald's,0.0
28038,Tamaulipas,Tampico,Tampico,22.21606027777778,-97.85838666666666,297562,2,1,0.9908657076052498,,Ya tiene McDonald's,0.0
19026,Nuevo León,Guadalupe,Guadalupe,25.677325,-100.25989722222222,643143,2,1,0.9906667923689747,,Ya tiene McDonald's,0.0
18017,Nayarit,Tepic,Tepic,21.507413055555556,-104.89379916666667,425924,0,0,0.9899519964112489,1.0,Mercado nuevo,92.18312485580961
30193,Veracruz de Ignacio de la Llave,Veracruz,Veracruz,19.190323333333332,-96.15302750000001,607209,4,1,0.9894726080751985,,Ya tiene McDonald's,0.0
19006,Nuevo León,Apodaca,Ciudad Apodaca,25.781294444444445,-100.18922777777779,656464,0,0,0.9890926503316109,2.0,Densificación,10.458514273221843
03003,Baja California Sur,La Paz,La Paz,24.148744999999998,-110.30659,292241,1,1,0.9888115153773488,,Ya tiene McDonald's,0.0
14067,Jalisco,Puerto Vallarta,Puerto Vallarta,20.613611111111112,-105.22722222222222,291839,4,1,0.9883598432162991,,Ya tiene McDonald's,0.0
03008,Baja California Sur,Los Cabos,Cabo San Lucas,22.897018888888887,-109.92518611111112,351111,3,1,0.9880278180924362,,Ya tiene McDonald's,0.0
04002,Campeche,Campeche,San Francisco de Campeche,19.844814166666666,-90.53964916666666,294077,0,0,0.9870819984181078,3.0,Mercado nuevo,157.1089070775279
23008,Quintana Roo,Solidaridad,Playa del Carmen,20.6281425,-87.07549999999999,333800,6,1,0.9869426248090204,,Ya tiene McDonald's,0.0
15106,México,Toluca,Toluca de Lerdo,19.293488055555557,-99.65731666666667,910608,6,1,0.9861338390532892,,Ya tiene McDonald's,0.0
26018,Sonora,Cajeme,Ciudad Obregón,27.49648888888889,-109.93271611111112,436484,1,1,0.9860836447873148,,Ya tiene McDonald's,0.0
08037,Chihuahua,Juárez,Juárez,31.74646527777778,-106.48501861111112,1512450,7,1,0.9857118239460257,,Ya tiene McDonald's,0.0
14098,Jalisco,San Pedro Tlaquepaque,Tlaquepaque,20.63861111111111,-103.30722222222222,687127,0,0,0.9852711244335947,4.0,Densificación,5.559417038252878
20067,Oaxaca,Oaxaca de Juárez,Oaxaca de Juárez,17.059993055555555,-96.72545027777778,270955,3,1,0.9848568083897127,,Ya tiene McDonald's,0.0
26043,Sonora,Nogales,Heroica Nogales,31.325903055555557,-110.94574472222223,264782,2,1,0.9844155728833786,,Ya tiene McDonald's,0.0
22006,Querétaro,Corregidora,El Pueblito,20.552435833333334,-100.44588305555556,212567,0,0,0.9837661165112397,5.0,Densificación,7.391595278257248
09007,Ciudad de México,Iztapalapa,Iztapalapa,19.35900388888889,-99.09262249999999,1835486,14,1,0.9809771654628432,,Ya tiene McDonald's,0.0
11007,Guanajuato,Celaya,Celaya,20.521523888888886,-100.81357305555555,521169,1,1,0.9809045283642821,,Ya tiene McDonald's,0.0
09017,Ciudad de México,Venustiano Carranza,Venustiano Carranza,19.419261944444447,-99.11370111111111,443704,6,1,0.97922519801898,,Ya tiene McDonald's,0.0
06007,Colima,Manzanillo,Manzanillo,19.053205833333333,-104.31638055555555,191031,0,0,0.9789086049341065,6.0,Mercado nuevo,65.29437731433293
28041,Tamaulipas,Victoria,Ciudad Victoria,23.731053055555552,-99.15125027777778,349688,2,1,0.9788521082530866,,Ya tiene McDonald's,0.0
19048,Nuevo León,Santa Catarina,Ciudad Santa Catarina,25.67436388888889,-100.46174722222223,306322,1,1,0.9781685422108369,,Ya tiene McDonald's,0.0
28032,Tamaulipas,Reynosa,Reynosa,26.09235,-98.27812916666666,704767,3,1,0.9779764004503493,,Ya tiene McDonald's,0.0
30039,Veracruz de Ignacio de la Llave,Coatzacoalcos,Coatzacoalcos,18.137882777777776,-94.4530013888889,310698,1,1,0.9777975022510925,,Ya tiene McDonald's,0.0
28022,Tamaulipas,Matamoros,Heroica Matamoros,25.87991527777778,-97.5048225,541979,2,1,0.9769997734572022,,Ya tiene McDonald's,0.0
06002,Colima,Colima,Colima,19.242922222222223,-103.72811888888889,157048,1,1,0.9747292324176613,,Ya tiene McDonald's,0.0
14097,Jalisco,Tlajomulco de Zúñiga,Hacienda Santa Fe,20.518055555555556,-103.38055555555555,727750,1,1,0.9735772554750266,,Ya tiene McDonald's,0.0
19046,Nuevo León,San Nicolás de los Garza,San Nicolás de los Garza,25.755252777777777,-100.2895861111111,412199,1,1,0.9725646178494856,,Ya tiene McDonald's,0.0
15058,México,Nezahualcóyotl,Ciudad Nezahualcóyotl,19.408763333333333,-99.0182,1077208,5,1,0.9722588321715551,,Ya tiene McDonald's,0.0
17006,Morelos,Cuautla,Cuautla,18.812788333333334,-98.95526472222222,187118,1,1,0.9720888805293317,,Ya tiene McDonald's,0.0
25001,Sinaloa,Ahome,Los Mochis,25.783416944444447,-108.99434277777777,459310,2,1,0.9720700628124845,,Ya tiene McDonald's,0.0
19021,Nuevo León,General Escobedo,Ciudad General Escobedo,25.807986111111113,-100.32264166666667,481213,2,1,0.9716716691059005,,Ya tiene McDonald's,0.0
04003,Campeche,Carmen,Ciudad del Carmen,18.637789444444444,-91.83645,248845,1,1,0.9696628903663493,,Ya tiene McDonald's,0.0
15081,México,Tecámac,Ojo de Agua,19.67830277777778,-98.9976188888889,547503,1,1,0.9686985864887214,,Ya tiene McDonald's,0.0
11020,Guanajuato,León,León de los Aldama,21.121971944444446,-101.68319972222223,1721215,10,1,0.9681156705843406,,Ya tiene McDonald's,0.0
15037,México,Huixquilucan,Naucalpan de Juárez,19.405933055555554,-99.27961166666667,284965,2,1,0.9677264024121413,,Ya tiene McDonald's,0.0
15033,México,Ecatepec de Morelos,Ecatepec de Morelos,19.599069444444442,-99.04915861111111,1645352,4,1,0.9617784200307258,,Ya tiene McDonald's,0.0
17011,Morelos,Jiutepec,Jiutepec,18.881974444444445,-99.17719833333334,215357,1,1,0.9611687331987201,,Ya tiene McDonald's,0.0
28027,Tamaulipas,Nuevo Laredo,Nuevo Laredo,27.48629138888889,-99.50849277777778,425058,3,1,0.9583243464360041,,Ya tiene McDonald's,0.0
09008,Ciudad de México,La Magdalena Contreras,La Magdalena Contreras,19.304898055555554,-99.24151555555555,247622,1,1,0.9581789389077654,,Ya tiene McDonald's,0.0
06010,Colima,Villa de Álvarez,Ciudad de Villa de Álvarez,19.26477638888889,-103.73675861111111,149762,0,0,0.957244448750072,7.0,Densificación,2.593805354907161
21119,Puebla,San Andrés Cholula,San Bernardino Tlaxcalancingo,19.029456944444444,-98.27570805555555,154448,2,1,0.9569732594619165,,Ya tiene McDonald's,0.0
18020,Nayarit,Bahía de Banderas,San Vicente,20.748360277777778,-105.25116888888888,187632,1,1,0.9557939927079813,,Ya tiene McDonald's,0.0
15039,México,Ixtapaluca,Ixtapaluca,19.313104444444445,-98.88424722222223,542211,0,0,0.9542210091786769,8.0,Densificación,5.901825567178843
23004,Quintana Roo,Othón P. Blanco,Chetumal,18.493889444444445,-88.29789888888888,233648,3,1,0.9539858730469515,,Ya tiene McDonald's,0.0
30028,Veracruz de Ignacio de la Llave,Boca del Río,Veracruz,19.142849166666664,-96.11595861111111,144550,4,1,0.9528513492168096,,Ya tiene McDonald's,0.0
11015,Guanajuato,Guanajuato,Guanajuato,21.0160975,-101.25362138888889,194500,1,1,0.9525336895161751,,Ya tiene McDonald's,0.0
08021,Chihuahua,Delicias,Delicias,28.192948055555554,-105.47104666666667,150506,0,0,0.9511541101295689,9.0,Mercado nuevo,77.06884899511816
09006,Ciudad de México,Iztacalco,Iztacalco,19.395901388888888,-99.09761277777777,404695,1,1,0.9508612601695541,,Ya tiene McDonald's,0.0
22016,Querétaro,San Juan del Río,San Juan del Río,20.386441388888887,-99.99963166666667,297804,3,1,0.948551587695049,,Ya tiene McDonald's,0.0
32056,Zacatecas,Zacatecas,Zacatecas,22.77609611111111,-102.57183638888888,149607,1,1,0.9484589170117532,,Ya tiene McDonald's,0.0
09013,Ciudad de México,Xochimilco,Xochimilco,19.263461944444444,-99.10491333333333,442178,0,0,0.9477876198249084,10.0,Densificación,7.088908964652025
27004,Tabasco,Centro,Villahermosa,17.9878375,-92.91941611111112,683607,6,1,0.9463266769430256,,Ya tiene McDonald's,0.0
30044,Veracruz de Ignacio de la Llave,Córdoba,Córdoba,18.89438388888889,-96.93534916666667,204721,1,1,0.9434910319101676,,Ya tiene McDonald's,0.0
24035,San Luis Potosí,Soledad de Graciano Sánchez,Soledad de Graciano Sánchez,22.18788138888889,-100.93727416666667,332072,0,0,0.9369222508206609,11.0,Densificación,5.738043388490661
11017,Guanajuato,Irapuato,Irapuato,20.67280138888889,-101.34811694444444,592953,2,1,0.9364081887450948,,Ya tiene McDonald's,0.0
26055,Sonora,San Luis Río Colorado,San Luis Río Colorado,32.47983111111111,-114.77962444444444,199021,0,0,0.9353228607072497,12.0,Mercado nuevo,67.64555323642945
12029,Guerrero,Chilpancingo de los Bravo,Chilpancingo de los Bravo,17.551649444444447,-99.50106277777778,283354,4,1,0.9335965971265904,,Ya tiene McDonald's,0.0
14101,Jalisco,Tonalá,Tonalá,20.623333333333335,-103.24555555555555,569913,0,0,0.9309088039872009,13.0,Densificación,11.660738473919707
10007,Durango,Gómez Palacio,Gómez Palacio,25.570107222222223,-103.49641694444445,372750,1,1,0.9296306674706407,,Ya tiene McDonald's,0.0
19031,Nuevo León,Juárez,Ciudad Benito Juárez,25.646225,-100.09088055555556,471523,0,0,0.9232674665335122,14.0,Densificación,17.289462800316283
12001,Guerrero,Acapulco de Juárez,Acapulco de Juárez,16.861866944444447,-99.88655777777778,779566,11,1,0.9192824284188869,,Ya tiene McDonald's,0.0
21140,Puebla,San Pedro Cholula,Cholula de Rivadavia,19.062484166666668,-98.30750583333334,138433,1,1,0.9181066760673893,,Ya tiene McDonald's,0.0
15024,México,Cuautitlán,Cuautitlán,19.665061388888887,-99.17863027777778,178847,1,1,0.9175866171478485,,Ya tiene McDonald's,0.0
19019,Nuevo León,San Pedro Garza García,San Pedro Garza García,25.665169444444444,-100.40246666666667,132169,2,1,0.9168761179524562,,Ya tiene McDonald's,0.0
05018,Coahuila de Zaragoza,Monclova,Monclova,26.90124222222222,-101.41722444444444,237951,1,1,0.907301495531996,,Ya tiene McDonald's,0.0
05025,Coahuila de Zaragoza,Piedras Negras,Piedras Negras,28.708093055555555,-100.5284413888889,176327,1,1,0.9069135621291291,,Ya tiene McDonald's,0.0
30131,Veracruz de Ignacio de la Llave,Poza Rica de Hidalgo,Poza Rica de Hidalgo,20.534087500000002,-97.44356694444444,189457,0,0,0.9064299468763026,15.0,Mercado nuevo,124.4970834834578
28009,Tamaulipas,Ciudad Madero,Ciudad Madero,22.246278611111112,-97.83699999999999,205933,1,1,0.9009326178013545,,Ya tiene McDonald's,0.0
15025,México,Chalco,Chalco de Díaz Covarrubias,19.261131666666667,-98.89565472222223,400057,1,1,0.8931957063448008,,Ya tiene McDonald's,0.0
26029,Sonora,Guaymas,Heroica Guaymas,27.923248611111113,-110.88944472222222,156863,1,1,0.8886256921334582,,Ya tiene McDonald's,0.0
16102,Michoacán de Ocampo,Uruapan,Uruapan,19.420887500000003,-102.06279916666666,356786,1,1,0.8866728211646239,,Ya tiene McDonald's,0.0
21156,Puebla,Tehuacán,Tehuacán,18.462184444444443,-97.39199888888889,327312,1,1,0.8729172751520377,,Ya tiene McDonald's,0.0
13069,Hidalgo,Tizayuca,Tizayuca,19.841088888888887,-98.98158416666666,168302,0,0,0.8692739906988902,16.0,Densificación,13.378823033355374
15060,México,Nicolás Romero,Ciudad Nicolás Romero,19.625715,-99.31589805555555,430601,0,0,0.8658614667325036,17.0,Densificación,11.694189697774373
11027,Guanajuato,Salamanca,Salamanca,20.568680555555556,-101.19991527777778,273417,0,0,0.8622720325284539,18.0,Densificación,19.28540881983328
15109,México,Tultitlán,Buenavista,19.60828027777778,-99.16695,516341,0,0,0.8591730696587374,19.0,Densificación,6.431178682233371
15099,México,Texcoco,Texcoco de Mora,19.513439722222223,-98.88148444444444,277562,0,0,0.8582903323005232,20.0,Densificación,12.648185960414931
15051,México,Lerma,Lerma de Villada,19.285373333333336,-99.51181694444445,170327,1,1,0.8568777633156025,,Ya tiene McDonald's,0.0
28003,Tamaulipas,Altamira,Miramar,22.336469444444443,-97.86633055555555,269790,0,0,0.8536199031343141,21.0,Densificación,10.472938465738386
22011,Querétaro,El Marqués,Saldarriaga,20.628744444444443,-100.29008194444444,231668,0,0,0.8493675681882176,22.0,Densificación,11.113274952806647
09011,Ciudad de México,Tláhuac,Tláhuac,19.270566388888888,-99.0048461111111,392313,1,1,0.8493269021662032,,Ya tiene McDonald's,0.0
08017,Chihuahua,Cuauhtémoc,Cuauhtémoc,28.406311666666664,-106.86604444444444,180638,0,0,0.8468478711555341,23.0,Mercado nuevo,81.30219667544175
24013,San Luis Potosí,Ciudad Valles,Ciudad Valles,21.986536666666666,-99.0187211111111,179371,0,0,0.8425991724359517,24.0,Mercado nuevo,122.2363330624472
32017,Zacatecas,Guadalupe,Guadalupe,22.746781944444447,-102.51880166666666,211740,0,0,0.8401181134536484,25.0,Densificación,6.340039748932373
15070,México,La Paz,Los Reyes Acaquilpan,19.358386944444447,-98.97660166666667,304088,0,0,0.8195350313645181,26.0,Densificación,7.100467229779463
02005,Baja California,Playas de Rosarito,Playas de Rosarito,32.363684166666665,-117.05445888888889,126890,1,1,0.818608392032931,,Ya tiene McDonald's,0.0
13077,Hidalgo,Tulancingo de Bravo,Tulancingo,20.080605,-98.36807277777777,168369,0,0,0.8165735975604038,27.0,Mercado nuevo,38.80276654092509
14053,Jalisco,Lagos de Moreno,Lagos de Moreno,21.35638888888889,-101.92916666666667,172403,0,0,0.815381189717191,28.0,Mercado nuevo,36.45961344572483
16052,Michoacán de Ocampo,Lázaro Cárdenas,Ciudad Lázaro Cárdenas,17.962334166666665,-102.19798083333333,196003,1,1,0.8100297483948415,,Ya tiene McDonald's,0.0
16108,Michoacán de Ocampo,Zamora,Zamora de Hidalgo,19.983579444444445,-102.28595777777778,204860,1,1,0.7937305953188236,,Ya tiene McDonald's,0.0
28033,Tamaulipas,Río Bravo,Ciudad Río Bravo,25.980996388888887,-98.09013833333333,132484,0,0,0.7933113351288656,29.0,Densificación,22.496291244473866
26042,Sonora,Navojoa,Navojoa,27.0815975,-109.44554611111111,164387,1,1,0.7925651264206874,,Ya tiene McDonald's,0.0
30118,Veracruz de Ignacio de la Llave,Orizaba,Orizaba,18.850960833333335,-97.09891444444445,123182,2,1,0.7753823213818499,,Ya tiene McDonald's,0.0
29033,Tlaxcala,Tlaxcala,Ocotlán,19.317395555555557,-98.2285263888889,99896,0,0,0.7744049077412275,30.0,Densificación,3.7147607596365657
05027,Coahuila de Zaragoza,Ramos Arizpe,Ramos Arizpe,25.543233611111113,-100.95078194444444,122243,0,0,0.765809776535743,31.0,Densificación,14.382757043769324
15120,México,Zumpango,Zumpango de Ocampo,19.797123055555556,-99.10063388888888,280455,1,1,0.7645990589937659,,Ya tiene McDonald's,0.0
30189,Veracruz de Ignacio de la Llave,Tuxpan,Túxpam de Rodríguez Cano,20.964296666666666,-97.40392722222222,154600,0,0,0.764502141265023,32.0,Mercado nuevo,146.90658091164485
19018,Nuevo León,García,García,25.800491666666666,-100.58546944444444,397205,1,1,0.7636056204489584,,Ya tiene McDonald's,0.0
12035,Guerrero,Iguala de la Independencia,Iguala de la Independencia,18.344549166666667,-99.53836833333334,154173,1,1,0.7605275777800231,,Ya tiene McDonald's,0.0
21041,Puebla,Cuautlancingo,San Juan Cuautlancingo,19.089346944444443,-98.27331,137435,0,0,0.7539519345942858,33.0,Densificación,4.6729169770534655
14023,Jalisco,Zapotlán el Grande,Ciudad Guzmán,19.70861111111111,-103.46416666666667,115141,0,0,0.7528811383984222,34.0,Mercado nuevo,58.71173876884855
32010,Zacatecas,Fresnillo,Fresnillo,23.174894722222223,-102.86822944444444,240532,0,0,0.7482486411673976,35.0,Mercado nuevo,53.731863311436776
23001,Quintana Roo,Cozumel,Cozumel,20.503784166666666,-86.95758833333333,88626,0,0,0.742324007058202,36.0,Densificación,18.490642338100443
15035,México,Huehuetoca,Santa Teresa,19.84128611111111,-99.24054861111111,163244,1,1,0.7391972621532179,,Ya tiene McDonald's,0.0
15122,México,Valle de Chalco Solidaridad,Xico,19.278765,-98.94344861111111,391731,0,0,0.7390758894971894,37.0,Densificación,5.386250148151461
07089,Chiapas,Tapachula,Tapachula de Córdova y Ordóñez,14.911071388888889,-92.26432,353706,0,0,0.7374665107529015,38.0,Mercado nuevo,206.9252193019168
08032,Chihuahua,Hidalgo del Parral,Hidalgo del Parral,26.92208777777778,-105.66714333333334,116662,0,0,0.7144415030946784,39.0,Mercado nuevo,194.868839127195
29005,Tlaxcala,Apizaco,Ciudad de Apizaco,19.41633472222222,-98.14061166666667,80725,0,0,0.7066497597052619,40.0,Densificación,11.052778671237975
15118,México,Zinacantepec,San Miguel Zinacantepec,19.284906388888892,-99.7350375,203872,1,1,0.6798017911084985,,Ya tiene McDonald's,0.0
21019,Puebla,Atlixco,Atlixco,18.90884833333333,-98.4341675,141793,0,0,0.6745815157594393,41.0,Densificación,21.389544673034884
11003,Guanajuato,San Miguel de Allende,San Miguel de Allende,20.904012777777776,-100.71338138888889,174615,1,1,0.6622886248966889,,Ya tiene McDonald's,0.0
07078,Chiapas,San Cristóbal de las Casas,San Cristóbal de las Casas,16.737022222222222,-92.63756388888889,215874,1,1,0.6609580926713239,,Ya tiene McDonald's,0.0
17008,Morelos,Emiliano Zapata,Emiliano Zapata,18.840984166666665,-99.18324277777778,107053,0,0,0.6557818097126755,42.0,Densificación,4.60207289200755
15031,México,Chimalhuacán,Chimalhuacán,19.4169075,-98.94529916666667,705193,1,1,0.634983823576281,,Ya tiene McDonald's,0.0
25011,Sinaloa,Guasave,Guasave,25.56554722222222,-108.4718175,289370,0,0,0.633445530160132,43.0,Mercado nuevo,57.69801373679599
07019,Chiapas,Comitán de Domínguez,Comitán de Domínguez,16.252460555555555,-92.135835,166178,0,0,0.6279261540918354,44.0,Mercado nuevo,75.92559657486066
13076,Hidalgo,Tula de Allende,Tula de Allende,20.055219722222223,-99.34318888888889,115107,0,0,0.6207489702115532,45.0,Densificación,26.0956149042137
13051,Hidalgo,Mineral de la Reforma,La Providencia Siglo XXI,20.064831666666667,-98.71945388888889,202749,0,0,0.6171543647885698,46.0,Densificación,6.654087789100475
16069,Michoacán de Ocampo,La Piedad,La Piedad de Cabadas,20.341450277777778,-102.0225538888889,106490,0,0,0.6142720479507942,47.0,Mercado nuevo,48.36785277666559
17018,Morelos,Temixco,Temixco,18.84527333333333,-99.22414305555556,122263,0,0,0.6130384528195906,48.0,Densificación,6.4073815932331915
21132,Puebla,San Martín Texmelucan,San Martín Texmelucan de Labastida,19.282908055555556,-98.43551555555555,155738,0,0,0.6122298937995042,49.0,Densificación,21.541028499538275
02003,Baja California,Tecate,Tecate,32.572678888888895,-116.62655027777777,108440,1,1,0.6076344386803361,,Ya tiene McDonald's,0.0
11037,Guanajuato,Silao de la Victoria,Silao de la Victoria,20.94445027777778,-101.42621611111112,203556,1,1,0.5997647578246115,,Ya tiene McDonald's,0.0
20385,Oaxaca,Santa Cruz Xoxocotlán,Santa Cruz Xoxocotlán,17.027281388888888,-96.73435805555556,100402,0,0,0.5898144609780016,50.0,Densificación,3.7586270232177035
19025,Nuevo León,General Zuazua,Fraccionamiento Real Palmas,25.898152777777778,-100.16814722222223,102149,0,0,0.5826355162809341,51.0,Densificación,18.426140168382314
30108,Veracruz de Ignacio de la Llave,Minatitlán,Minatitlán,17.9909775,-94.54844416666667,144776,0,0,0.5743835096682783,52.0,Densificación,19.199917240227844
15076,México,San Mateo Atenco,San Mateo Atenco,19.264166666666668,-99.52972222222222,97418,0,0,0.5701640137124332,53.0,Densificación,3.0153873545580385
23009,Quintana Roo,Tulum,Tulum,20.210776666666668,-87.46320472222223,46721,0,0,0.5503887763779988,54.0,Mercado nuevo,61.53122682351135
20390,Oaxaca,Santa Lucía del Camino,Santa Lucía del Camino,17.064118055555557,-96.69467722222223,50362,1,1,0.5478342132226222,,Ya tiene McDonald's,0.0
27002,Tabasco,Cárdenas,Cárdenas,17.989430000000002,-93.37685555555555,243229,0,0,0.523553222788345,55.0,Mercado nuevo,48.37886684465882
16006,Michoacán de Ocampo,Apatzingán,Apatzingán de la Constitución,19.08722722222222,-102.35526444444444,126191,0,0,0.5182795554549677,56.0,Mercado nuevo,48.156984650772685
15092,México,Teotihuacán,Teotihuacán de Arista,19.685479444444443,-98.86862777777777,58507,0,0,0.5092993969968974,57.0,Densificación,13.528743364725369
08050,Chihuahua,Nuevo Casas Grandes,Nuevo Casas Grandes,30.413985555555556,-107.91210305555556,65753,0,0,0.5055586381111556,58.0,Mercado nuevo,201.04959344737108
11014,Guanajuato,Dolores Hidalgo Cuna de la Independencia Nacional,Dolores Hidalgo Cuna de la Independencia Nacional,21.159200277777778,-100.91723555555556,163038,0,0,0.5019953834128033,59.0,Mercado nuevo,35.39506520752976
01005,Aguascalientes,Jesús María,Jesús María,21.961272777777776,-102.34341638888888,129929,0,0,0.4821918821038711,60.0,Densificación,10.290948143833432
14063,Jalisco,Ocotlán,Ocotlán,20.35138888888889,-102.76805555555555,106050,0,0,0.4782362518584112,61.0,Mercado nuevo,33.09364133086366
21174,Puebla,Teziutlán,Teziutlán,19.817990555555554,-97.3608775,103583,0,0,0.47386743348382343,62.0,Mercado nuevo,56.14065861714299
26048,Sonora,Puerto Peñasco,Puerto Peñasco,31.306780833333335,-113.54013083333334,62689,0,0,0.47299926198824443,63.0,Mercado nuevo,235.24606415322583
14030,Jalisco,Chapala,Chapala,20.293333333333337,-103.18972222222223,55196,0,0,0.4683233467826603,64.0,Mercado nuevo,31.936416422981765
21034,Puebla,Coronango,Santa María Coronango,19.13110222222222,-98.30807361111111,46836,1,1,0.4636225107636227,,Ya tiene McDonald's,0.0
16076,Michoacán de Ocampo,Sahuayo,Sahuayo de Morelos,20.05768388888889,-102.71679722222223,78477,1,1,0.4538295920251131,,Ya tiene McDonald's,0.0
15014,México,Atlacomulco,Atlacomulco de Fabela,19.800028611111113,-99.87425388888889,109384,0,0,0.4459111059423415,65.0,Mercado nuevo,59.107536025182945
11041,Guanajuato,Uriangato,Uriangato,20.141011666666667,-101.17805111111112,61494,0,0,0.42898759238845596,66.0,Mercado nuevo,48.68397798285619
31041,Yucatán,Kanasín,Kanasín,20.934639722222222,-89.55805944444444,141939,0,0,0.4247009503544028,67.0,Densificación,7.7992308795101
14093,Jalisco,Tepatitlán de Morelos,Tepatitlán de Morelos,20.8175,-102.75722222222223,150190,0,0,0.4064284154964362,68.0,Mercado nuevo,62.82189418883724
17012,Morelos,Jojutla,Jojutla,18.61656638888889,-99.18104361111112,57682,0,0,0.39530879504825733,69.0,Densificación,29.51480651506867
31102,Yucatán,Valladolid,Valladolid,20.689725555555555,-88.20098,85460,0,0,0.3850580285196423,70.0,Mercado nuevo,117.30011876768555
14070,Jalisco,El Salto,Las Pintas,20.57638888888889,-103.32111111111111,232852,0,0,0.37601440995964475,71.0,Densificación,8.96559568894347
05002,Coahuila de Zaragoza,Acuña,Ciudad Acuña,29.330005555555555,-100.97825833333333,163058,0,0,0.3667560168715208,72.0,Mercado nuevo,81.82415353532129
21015,Puebla,Amozoc,Amozoc de Mota,19.04461277777778,-98.04491694444444,125876,0,0,0.3537606715415871,73.0,Densificación,16.037423304540408
15108,México,Tultepec,Tultepec,19.685548055555557,-99.12860527777777,157645,0,0,0.35338071506755087,74.0,Densificación,5.711698363335559
11031,Guanajuato,San Francisco del Rincón,San Francisco del Rincón,21.018681388888886,-101.85851805555555,130871,0,0,0.35277950052149987,75.0,Densificación,21.51348801847591
12038,Guerrero,Zihuatanejo de Azueta,Zihuatanejo,17.650457499999998,-101.54817555555556,126001,0,0,0.3451262371289608,76.0,Mercado nuevo,77.04019771536422
20079,Oaxaca,Salina Cruz,Salina Cruz,16.175885,-95.19215861111111,84438,0,0,0.3442322321377143,77.0,Mercado nuevo,188.1058215265866
30038,Veracruz de Ignacio de la Llave,Coatepec,Coatepec,19.454660555555556,-96.96027416666666,93911,0,0,0.3380718501417085,78.0,Densificación,8.967302994019704
15029,México,Chicoloapan,Chicoloapan de Juárez,19.416765277777777,-98.90201222222223,200750,0,0,0.33149308281556616,79.0,Densificación,4.539560412198162
20413,Oaxaca,Santa María Huatulco,Crucecita,15.764758888888888,-96.135075,50862,0,0,0.3289495538042203,80.0,Mercado nuevo,156.32546387321173
20043,Oaxaca,Juchitán de Zaragoza,Juchitán de Zaragoza,16.4333075,-95.02163305555555,113570,0,0,0.3218350755467318,81.0,Mercado nuevo,191.45241915046867
11033,Guanajuato,San Luis de la Paz,San Luis de la Paz,21.298816111111112,-100.51512555555556,128536,0,0,0.3009393771843627,82.0,Mercado nuevo,48.47898711363393
23003,Quintana Roo,Isla Mujeres,Isla Mujeres,21.256569166666665,-86.74609166666667,22686,0,0,0.29727422721747276,83.0,Densificación,13.361833807923926
07097,Chiapas,Tonalá,Tonalá,16.091355555555555,-93.75178333333334,91913,0,0,0.28743355842605633,84.0,Mercado nuevo,100.19349376931572
19049,Nuevo León,Santiago,Santiago,25.427100000000003,-100.15301111111111,46784,0,0,0.2841238643588353,85.0,Densificación,29.818413594252608
25015,Sinaloa,Salvador Alvarado,Guamúchil,25.457,-108.0807,79492,0,0,0.2796207931694252,86.0,Mercado nuevo,98.53218863586389
06009,Colima,Tecomán,Tecomán,18.910604166666666,-103.87378888888888,116305,0,0,0.275972778667233,87.0,Mercado nuevo,39.997458625737956
27013,Tabasco,Nacajuca,Pomoca,18.05102527777778,-92.93134694444444,150300,0,0,0.27409496563374036,88.0,Densificación,7.138522832983741
15018,México,Calimaya,Calimaya de Díaz González,19.163224999999997,-99.61866527777777,68489,0,0,0.2711767092829039,89.0,Densificación,12.716517356703381
24020,San Luis Potosí,Matehuala,Matehuala,23.646359444444442,-100.64419777777779,102199,0,0,0.2704229605827363,90.0,Mercado nuevo,152.3113449456972
21074,Puebla,Huejotzingo,Huejotzingo,19.158994166666666,-98.40813111111112,90794,0,0,0.2686811454852928,91.0,Densificación,10.95856525319756
22017,Querétaro,Tequisquiapan,Tequisquiapan,20.5188175,-99.88384,72201,0,0,0.2674317127688088,92.0,Densificación,19.03156022648997
17029,Morelos,Yautepec,Yautepec de Zaragoza,18.886061666666667,-99.06075416666667,105780,0,0,0.256614010401349,93.0,Densificación,12.25950994524213
23011,Quintana Roo,Puerto Morelos,Puerto Morelos,20.8484525,-86.87617722222221,26921,0,0,0.24140474710131213,94.0,Mercado nuevo,32.08979150602689
30065,Veracruz de Ignacio de la Llave,Emiliano Zapata,Jacarandas,19.495915833333335,-96.85446083333333,85489,0,0,0.23794833242592173,95.0,Densificación,7.942405219741646
20083,Oaxaca,San Agustín de las Juntas,San Agustín de las Juntas,17.01166,-96.71144138888889,11391,0,0,0.2366949008487949,96.0,Densificación,5.576942642350164
20409,Oaxaca,Santa María del Tule,Santa María del Tule,17.046701666666667,-96.63659222222223,8939,0,0,0.23518806308388263,97.0,Densificación,6.4712852236404785
15062,México,Ocoyoacac,Ocoyoacac,19.269280833333333,-99.45569527777778,72103,1,1,0.23306580010067435,,Ya tiene McDonald's,0.0
15095,México,Tepotzotlán,Tepotzotlán,19.713778055555554,-99.22351444444445,103696,0,0,0.23155564008626187,98.0,Densificación,6.487274397660598
15042,México,Ixtlahuaca,San Bartolo del Llano,19.590445,-99.74149055555556,160139,0,0,0.2315500611236985,99.0,Mercado nuevo,33.981081004429456
30141,Veracruz de Ignacio de la Llave,San Andrés Tuxtla,San Andrés Tuxtla,18.448668333333334,-95.21257083333333,162428,0,0,0.2291094951437593,100.0,Mercado nuevo,87.32091041322342
28021,Tamaulipas,El Mante,Ciudad Mante,22.74399916666667,-98.97171805555556,106144,0,0,0.22891364141636497,101.0,Mercado nuevo,111.27766876275304
27005,Tabasco,Comalcalco,Comalcalco,18.266048055555554,-93.22501722222222,214877,0,0,0.22830738996065797,102.0,Mercado nuevo,44.720931653315844
15002,México,Acolman,Tepexpan,19.61259027777778,-98.93731555555556,171507,0,0,0.22698828325881643,103.0,Densificación,9.657708619755677
20157,Oaxaca,San Jacinto Amilpas,San Jacinto Amilpas,17.100806666666667,-96.76256166666667,16827,0,0,0.22561088993834738,104.0,Densificación,6.012956073008267
30138,Veracruz de Ignacio de la Llave,Río Blanco,Río Blanco,18.838865,-97.139525,41795,0,0,0.22113557312797466,105.0,Densificación,4.480282253673927
24024,San Luis Potosí,Rioverde,Rioverde,21.932378055555557,-99.9929225,97943,0,0,0.2147990895754217,106.0,Mercado nuevo,104.31157049850523
29010,Tlaxcala,Chiautempan,Santa Ana Chiautempan,19.31398,-98.19296138888889,73215,1,1,0.21370345211660755,,Ya tiene McDonald's,0.0
30128,Veracruz de Ignacio de la Llave,Perote,Perote,19.560653333333335,-97.24407194444444,77432,0,0,0.20767554298023666,107.0,Mercado nuevo,33.888068670263976
18004,Nayarit,Compostela,Compostela,21.237529722222224,-104.90059722222223,77436,0,0,0.20424300902063838,108.0,Mercado nuevo,65.44580184205996
19009,Nuevo León,Cadereyta Jiménez,Cadereyta Jiménez,25.59100833333333,-100.00159444444445,122337,0,0,0.20242488064840014,109.0,Densificación,27.616503638228732
20318,Oaxaca,San Pedro Mixtepec,Puerto Escondido,15.862501666666667,-97.07129638888888,49780,0,0,0.2007977604271524,110.0,Mercado nuevo,138.16773146457967
26019,Sonora,Cananea,Heroica Ciudad de Cananea,30.982652777777776,-110.30167138888889,39451,0,0,0.1960105250877876,111.0,Mercado nuevo,72.20148829736065
20350,Oaxaca,San Sebastián Tutla,El Rosario,17.04786527777778,-96.68762444444445,16878,0,0,0.19132112901055942,112.0,Densificación,1.9565734274442514
31013,Yucatán,Conkal,Conkal,21.07389388888889,-89.52128388888889,16671,0,0,0.19000654564578298,113.0,Densificación,15.949801233962464
13075,Hidalgo,Tolcayuca,Tolcayuca,19.95659111111111,-98.92176111111111,21362,0,0,0.18732560654025282,114.0,Densificación,25.773926938573464
28025,Tamaulipas,Miguel Alemán,Ciudad Miguel Alemán,26.401017777777778,-99.02610916666667,26237,0,0,0.18580416667840421,115.0,Mercado nuevo,82.1134076980751
26002,Sonora,Agua Prieta,Agua Prieta,31.327815277777777,-109.5463513888889,91929,0,0,0.1829850443719785,116.0,Mercado nuevo,132.91980750088092
31059,Yucatán,Progreso,Progreso,21.282577222222223,-89.663595,66008,0,0,0.18266098427517655,117.0,Mercado nuevo,35.266057365483135
10012,Durango,Lerdo,Lerdo,25.536551666666668,-103.52484944444444,163313,0,0,0.1808515775255952,118.0,Densificación,4.696544008058267
19041,Nuevo León,Pesquería,Pesquería,25.783258333333333,-100.05367777777778,147624,0,0,0.17890443734467457,119.0,Densificación,23.77939152635877
15110,México,Valle de Bravo,Valle de Bravo,19.194394722222224,-100.13160694444444,61590,0,0,0.17217426405193273,120.0,Mercado nuevo,42.83284991397574
02006,Baja California,San Quintín,Lázaro Cárdenas,30.525980555555556,-115.93194666666668,117568,0,0,0.172060823911508,121.0,Mercado nuevo,155.98941985787118
13003,Hidalgo,Actopan,Actopan,20.26908583333333,-98.94290055555555,61002,0,0,0.16728972046723667,122.0,Densificación,26.979521390880024
22005,Querétaro,Colón,Colón,20.78832638888889,-100.04543055555555,67121,0,0,0.16696961223839873,123.0,Mercado nuevo,41.883748871989475
20342,Oaxaca,San Raymundo Jalpan,San Raymundo Jalpan,16.970396388888886,-96.75549777777778,4105,0,0,0.16044962693923476,124.0,Densificación,10.46243450789574
20091,Oaxaca,San Andrés Huayápam,San Andrés Huayápam,17.102543333333333,-96.66623916666667,6279,0,0,0.15426586254425034,125.0,Densificación,5.233768342775834
11021,Guanajuato,Moroleón,Moroleón,20.13187027777778,-101.18920861111111,47261,0,0,0.15191725015107335,126.0,Mercado nuevo,47.64643619958424
18008,Nayarit,Xalisco,Xalisco,21.443687222222223,-104.89973555555557,65229,0,0,0.14835200299830206,127.0,Mercado nuevo,85.48154646409137
09009,Ciudad de México,Milpa Alta,San Antonio Tecómitl,19.21753722222222,-98.99371777777777,152685,0,0,0.14710630137330236,128.0,Densificación,6.011193445978702
16066,Michoacán de Ocampo,Pátzcuaro,Pátzcuaro,19.51359777777778,-101.61011638888888,98382,0,0,0.14673531737390524,129.0,Mercado nuevo,48.56515242876471
31096,Yucatán,Tizimín,Tizimín,21.143523055555555,-88.15226611111112,80672,0,0,0.14555741885745704,130.0,Mercado nuevo,125.6880991201597
16112,Michoacán de Ocampo,Zitácuaro,Heróica Zitácuaro,19.437180277777777,-100.3574861111111,157056,0,0,0.14551852249373423,131.0,Mercado nuevo,67.45848845676117
03009,Baja California Sur,Loreto,Loreto,26.012777777777778,-111.34333333333333,18052,0,0,0.14462551677896912,132.0,Mercado nuevo,216.41111403293337
13061,Hidalgo,Tepeapulco,Fray Bernardino de Sahagún (Ciudad Sahagún),19.772705833333333,-98.58190333333333,56245,0,0,0.1434539285045328,133.0,Mercado nuevo,42.12411405770926
29002,Tlaxcala,Apetatitlán de Antonio Carvajal,Apetatitlán,19.332260277777777,-98.19682166666666,16003,1,1,0.14318122306790226,,Ya tiene McDonald's,0.0
19033,Nuevo León,Linares,Linares,24.85965277777778,-99.56786944444444,84666,0,0,0.14272331193646,134.0,Mercado nuevo,114.49393161193306
05017,Coahuila de Zaragoza,Matamoros,Matamoros,25.52813611111111,-103.23038361111111,118337,0,0,0.14248001634872112,135.0,Densificación,22.39324709009343
16107,Michoacán de Ocampo,Zacapu,Zacapu,19.81861861111111,-101.79285972222222,76829,0,0,0.14206059802311458,136.0,Mercado nuevo,52.49077675864181
30102,Veracruz de Ignacio de la Llave,Martínez de la Torre,Martínez de la Torre,20.07338777777778,-97.05384,108842,0,0,0.1412338559603105,137.0,Mercado nuevo,62.277501655501126
30105,Veracruz de Ignacio de la Llave,Medellín de Bravo,Fraccionamiento Puente Moreno,19.102991666666668,-96.15701194444445,95202,0,0,0.1401632028059939,138.0,Densificación,6.184200988213689
20184,Oaxaca,San Juan Bautista Tuxtepec,San Juan Bautista Tuxtepec,18.081164722222223,-96.11848166666665,159452,1,1,0.13963341204353724,,Ya tiene McDonald's,0.0
14073,Jalisco,San Juan de los Lagos,San Juan de los Lagos,21.247777777777777,-102.33277777777778,72230,0,0,0.13778997227896006,139.0,Mercado nuevo,68.78586093361761
16075,Michoacán de Ocampo,Los Reyes,Los Reyes de Salgado,19.588974166666667,-102.47467888888889,78935,0,0,0.13701213120078976,140.0,Mercado nuevo,47.04289227229826
15073,México,San Antonio la Isla,San Antonio la Isla,19.164099444444442,-99.56933583333333,31962,0,0,0.13604913498143487,141.0,Densificación,11.482712896307914
13063,Hidalgo,Tepeji del Río de Ocampo,Tepeji del Río de Ocampo,19.90521722222222,-99.34181416666667,90546,0,0,0.135922718707656,142.0,Densificación,12.754435146864896
27012,Tabasco,Macuspana,Macuspana,17.75643138888889,-92.59407055555555,158601,0,0,0.13564595189786355,143.0,Mercado nuevo,42.98356277322365
15101,México,Tianguistenco,San Pedro Tlaltizapan,19.199371944444444,-99.49868416666666,84259,0,0,0.1342881286980489,144.0,Densificación,3.665831582962537
11023,Guanajuato,Pénjamo,Pénjamo,20.431794722222225,-101.72504388888889,154960,0,0,0.13238579330399813,145.0,Mercado nuevo,47.521746257567735
27014,Tabasco,Paraíso,Paraíso,18.39577,-93.21423694444445,96741,0,0,0.13208799155056694,146.0,Mercado nuevo,55.02249469027036
20399,Oaxaca,Santa María Atzompa,Santa María Atzompa,17.102865555555557,-96.77926111111111,41921,0,0,0.13163160102716154,147.0,Densificación,7.445769461395516
11011,Guanajuato,Cortazar,Cortazar,20.48350638888889,-100.9637288888889,97928,0,0,0.13090395463575505,148.0,Densificación,16.20022654694417
07065,Chiapas,Palenque,Palenque,17.509133333333335,-91.98103333333333,132265,0,0,0.13061729395112082,149.0,Mercado nuevo,110.62723588390864
14015,Jalisco,Autlán de Navarro,Autlán de Navarro,19.77138888888889,-104.36527777777778,64931,0,0,0.1280335135788593,150.0,Mercado nuevo,88.95430342692606
14094,Jalisco,Tequila,Tequila,20.879439444444444,-103.83564666666666,44353,0,0,0.12799612639537292,151.0,Mercado nuevo,49.66081460379556
30040,Veracruz de Ignacio de la Llave,Coatzintla,Coatzintla,20.482363333333332,-97.46078194444445,55016,0,0,0.12748249824867983,152.0,Mercado nuevo,120.18568120417609
27008,Tabasco,Huimanguillo,Huimanguillo,17.835174444444444,-93.39076916666667,190885,0,0,0.12684004323594156,153.0,Mercado nuevo,52.68164227245324
14008,Jalisco,Arandas,Arandas,20.705555555555556,-102.34027777777777,80609,0,0,0.12450484012597007,154.0,Mercado nuevo,80.47958712164143
30068,Veracruz de Ignacio de la Llave,Fortín,Fortín de las Flores,18.903663055555555,-96.99934555555555,66372,0,0,0.12248455962239643,155.0,Densificación,6.811058611286025
29048,Tlaxcala,La Magdalena Tlaltelulco,La Magdalena Tlaltelulco,19.277355,-98.19496166666667,19036,0,0,0.12182407965756065,156.0,Densificación,4.077921153360294
20030,Oaxaca,El Espinal,El Espinal,16.48570972222222,-95.04283611111111,8730,0,0,0.12119802716579361,157.0,Mercado nuevo,187.25075995245567
31101,Yucatán,Umán,Umán,20.881890000000002,-89.74828333333333,69147,0,0,0.12019275427556914,158.0,Densificación,16.00852069429691
29044,Tlaxcala,Zacatelco,Zacatelco,19.21615,-98.24022638888889,45717,0,0,0.11889343294522255,159.0,Densificación,11.840995403662758
17028,Morelos,Xochitepec,Xochitepec,18.781865555555555,-99.23146277777778,73539,0,0,0.1170302900869839,160.0,Densificación,12.511085654728523
15005,México,Almoloya de Juárez,San Francisco Tlalcilalcalpan,19.293396944444446,-99.76839527777777,174587,0,0,0.11688430963068897,161.0,Densificación,3.62605731143277
20039,Oaxaca,Heroica Ciudad de Huajuapan de León,Heroica Ciudad de Huajuapan de León,17.806837222222224,-97.77623583333333,78313,0,0,0.11667831510117908,162.0,Mercado nuevo,83.4194298578511
13083,Hidalgo,Zempoala,Privadas Santa Matilde,20.020408888888888,-98.78939027777777,57906,0,0,0.11637255879347544,163.0,Densificación,12.587828659633907
20035,Oaxaca,Guelatao de Juárez,Guelatao de Juárez,17.318173333333334,-96.49368333333334,657,0,0,0.11626042095620617,164.0,Mercado nuevo,35.41056392211194
05032,Coahuila de Zaragoza,San Juan de Sabinas,Nueva Rosita,27.933902777777778,-101.21697777777779,42260,0,0,0.11470930547303448,165.0,Mercado nuevo,109.33022150512498
29006,Tlaxcala,Calpulalpan,Heroica Ciudad de Calpulalpan,19.588525833333332,-98.57047555555555,51172,0,0,0.11430428944916166,166.0,Mercado nuevo,43.67661617497765
29013,Tlaxcala,Huamantla,Huamantla,19.31265972222222,-97.92310277777779,98764,0,0,0.1136092354100763,167.0,Densificación,28.31862005172862
21085,Puebla,Izúcar de Matamoros,Izúcar de Matamoros,18.602231111111113,-98.4654063888889,82809,0,0,0.11303193188275892,168.0,Mercado nuevo,51.53063908745697
07059,Chiapas,Ocosingo,Ocosingo,16.90803833333333,-92.09582666666667,234661,0,0,0.1120590360190099,169.0,Mercado nuevo,60.71531491664545
15069,México,Papalotla,Papalotla,19.5633775,-98.85820916666665,4862,0,0,0.11064461888444979,170.0,Densificación,18.670753304341375
30003,Veracruz de Ignacio de la Llave,Acayucan,Acayucan,17.9488225,-94.91387083333333,80815,0,0,0.11046287713659889,171.0,Mercado nuevo,53.06772312338247
15053,México,Melchor Ocampo,Melchor Ocampo,19.710413888888887,-99.14345833333334,61220,0,0,0.10786991420062435,172.0,Densificación,6.244276923367574
19038,Nuevo León,Montemorelos,Montemorelos,25.189252777777778,-99.82695833333332,67428,0,0,0.10646221183885525,173.0,Mercado nuevo,69.53720033935453
20293,Oaxaca,San Pablo Etla,Hacienda Blanca,17.13422222222222,-96.77763333333333,17116,0,0,0.10392133449572599,174.0,Densificación,9.944135189488785
27006,Tabasco,Cunduacán,Cunduacán,18.065363333333334,-93.17430027777779,137257,0,0,0.10382789675551654,175.0,Densificación,28.29571976487008
25018,Sinaloa,Navolato,Licenciado Benito Juárez (Campo Gobierno),24.65737,-107.54077833333334,149122,0,0,0.10144265622273896,176.0,Densificación,22.450684185102187
24011,San Luis Potosí,Ciudad Fernández,Ciudad Fernández,21.943511944444445,-100.01102222222222,48106,0,0,0.10110740390287087,177.0,Mercado nuevo,102.20745649302283
30124,Veracruz de Ignacio de la Llave,Papantla,Papantla de Olarte,20.4467325,-97.32274916666667,159910,0,0,0.10095839058894193,178.0,Mercado nuevo,110.47699061895617
26033,Sonora,Huatabampo,Huatabampo,26.826896944444446,-109.64415333333334,77682,0,0,0.09976539142771731,179.0,Mercado nuevo,34.49063393824276
11005,Guanajuato,Apaseo el Grande,Apaseo el Grande,20.54528416666667,-100.68821694444445,117883,0,0,0.09968121642152075,180.0,Densificación,13.318081525046491
20084,Oaxaca,San Agustín Etla,San Agustín Etla,17.189083055555557,-96.76442416666667,4168,0,0,0.0982461931624526,181.0,Densificación,14.93968965229147
07108,Chiapas,Villaflores,Villaflores,16.235485833333335,-93.2677075,109536,0,0,0.09796564160557922,182.0,Mercado nuevo,59.902374418262
05033,Coahuila de Zaragoza,San Pedro,San Pedro,25.75777777777778,-102.98315694444445,101041,0,0,0.09714153365040301,183.0,Mercado nuevo,52.87329268760712
14116,Jalisco,Villa Hidalgo,Villa Hidalgo,21.674444444444447,-102.58527777777778,20088,0,0,0.09639862494189361,184.0,Mercado nuevo,37.59648676266645
14059,Jalisco,Mazamitla,Mazamitla,19.91722222222222,-103.02027777777778,14043,0,0,0.09612645712089925,185.0,Mercado nuevo,35.35038751833789
20107,Oaxaca,San Antonio de la Cal,San Antonio de la Cal,17.031313333333333,-96.69928416666667,26282,0,0,0.0951413992666284,186.0,Densificación,3.680450605260424
15088,México,Tenancingo,Tenancingo de Degollado,18.96183027777778,-99.59384166666666,104677,0,0,0.09427264974186185,187.0,Densificación,29.0939436174417
07087,Chiapas,Suchiate,Ciudad Hidalgo,14.679452222222222,-92.15094222222223,41672,0,0,0.09356121150476401,188.0,Mercado nuevo,234.6452272498283
01011,Aguascalientes,San Francisco de los Romo,San Francisco de los Romo,22.072393055555555,-102.27267833333333,61997,0,0,0.09310811706802334,189.0,Densificación,21.547992289657984
20375,Oaxaca,Santa Cruz Amilpas,Santa Cruz Amilpas,17.0587,-96.68401722222222,13200,0,0,0.09217761423521667,190.0,Densificación,1.2833696395139005
20115,Oaxaca,San Bartolo Coyotepec,San Bartolo Coyotepec,16.95828138888889,-96.70765027777779,10391,0,0,0.08918177962112231,191.0,Densificación,11.467098266335045
21125,Puebla,San Gregorio Atzompa,San Gregorio Atzompa,19.02668583333333,-98.34576555555554,9671,0,0,0.08794254501015743,192.0,Densificación,5.658357223052862
05028,Coahuila de Zaragoza,Sabinas,Sabinas,27.84888833333333,-101.11998916666666,64811,0,0,0.08745976500191571,193.0,Mercado nuevo,109.38436709392397
14083,Jalisco,Tala,Tala,20.6525,-103.70277777777778,87690,0,0,0.085896603802071,194.0,Mercado nuevo,33.5181579702776
16034,Michoacán de Ocampo,Hidalgo,Ciudad Hidalgo,19.689350833333332,-100.55516138888889,125712,0,0,0.08542261534507135,195.0,Mercado nuevo,66.69315052045462
17031,Morelos,Zacatepec,Zacatepec de Hidalgo,18.655408055555554,-99.19427888888889,36094,0,0,0.08533919561534153,196.0,Densificación,25.25713183866125
29036,Tlaxcala,Totolac,San Juan Totolac,19.325644166666667,-98.25841333333334,22529,0,0,0.08457208330927317,197.0,Densificación,6.504385146612692
20124,Oaxaca,San Blas Atempa,San Blas Atempa,16.326321944444445,-95.22754583333334,19696,0,0,0.08377055028738192,198.0,Mercado nuevo,176.48600145272385
14025,Jalisco,Colotlán,Colotlán,22.11722222222222,-103.26472222222222,19689,0,0,0.08295062566351412,199.0,Mercado nuevo,102.16666461212023
12055,Guerrero,Taxco de Alarcón,Taxco de Alarcón,18.557381944444444,-99.60459472222222,105586,0,0,0.08260827521392841,200.0,Densificación,24.6753519347555
15030,México,Chiconcuac,Chiconcuac de Juárez,19.552722222222222,-98.89530694444446,27692,0,0,0.08249668101486658,201.0,Densificación,15.985327670267228
20075,Oaxaca,Reforma de Pineda,Reforma de Pineda,16.39931888888889,-94.45843388888889,2660,0,0,0.08161056251612361,202.0,Mercado nuevo,148.48604230722358
13030,Hidalgo,Ixmiquilpan,Ixmiquilpan,20.48486777777778,-99.21877361111112,98654,0,0,0.08128219999605477,203.0,Mercado nuevo,64.41340173420923
26058,Sonora,Santa Ana,Santa Ana,30.543890555555556,-111.12108583333332,16203,0,0,0.08127828847022796,204.0,Mercado nuevo,88.54934032450672
01006,Aguascalientes,Pabellón de Arteaga,Pabellón de Arteaga,22.149201666666666,-102.27654166666666,47646,0,0,0.0784358519382446,205.0,Mercado nuevo,30.020977681092198
20553,Oaxaca,Tlalixtac de Cabrera,Tlalixtac de Cabrera,17.074484444444444,-96.64841694444445,12067,0,0,0.0780650425231608,206.0,Densificación,5.050617942833328
26017,Sonora,Caborca,Heroica Caborca,30.714073888888887,-112.14835472222222,89122,0,0,0.07798619427365584,207.0,Mercado nuevo,133.2709521440234
15091,México,Teoloyucan,Teoloyucan,19.74546555555556,-99.183065,65459,0,0,0.07791985785241007,208.0,Densificación,8.952580270662068
11042,Guanajuato,Valle de Santiago,Valle de Santiago,20.39132222222222,-101.18142972222223,150054,0,0,0.07623189710442262,209.0,Mercado nuevo,35.78977971433229
14037,Jalisco,El Grullo,El Grullo,19.8075,-104.21555555555555,25920,0,0,0.07609703812266075,210.0,Mercado nuevo,80.93583808771325
15027,México,Chapultepec,Chapultepec,19.2011625,-99.56187277777778,12772,0,0,0.07598443283965028,211.0,Densificación,8.0237544277916
15044,México,Jaltenco,Alborada Jaltenco,19.662373888888887,-99.07080388888889,28217,0,0,0.07588613238532765,212.0,Densificación,5.087962055932573
13066,Hidalgo,Villa de Tezontepec,Tezontepec,19.879860833333336,-98.81929,13032,0,0,0.07505138901834528,213.0,Densificación,28.302340868894206
21208,Puebla,Zacatlán,Zacatlán,19.932365,-97.96024444444444,87361,0,0,0.07494344769525109,214.0,Mercado nuevo,71.18002506329239
31088,Yucatán,Teya,Teya,21.048538333333337,-89.07370888888889,1917,0,0,0.07450284441950407,215.0,Mercado nuevo,57.86817788781176
11002,Guanajuato,Acámbaro,Acámbaro,20.03538027777778,-100.71932638888889,108697,0,0,0.07416489726025649,216.0,Mercado nuevo,54.94323756522963
05010,Coahuila de Zaragoza,Frontera,Frontera,26.926111111111112,-101.44944444444445,82409,0,0,0.07288093924710101,217.0,Densificación,4.225243434428007
31056,Yucatán,Oxkutzcab,Oxkutzcab,20.3019325,-89.41875166666667,33854,0,0,0.07267251718543181,218.0,Mercado nuevo,77.04332442821078
20014,Oaxaca,Ciudad Ixtepec,Ciudad Ixtepec,16.567698333333333,-95.09871249999999,28082,0,0,0.07187447684689159,219.0,Mercado nuevo,178.61691197062189
30030,Veracruz de Ignacio de la Llave,Camerino Z. Mendoza,Ciudad Mendoza,18.804240833333335,-97.18471722222223,41835,0,0,0.07132418679123263,220.0,Densificación,10.418030208244371
30048,Veracruz de Ignacio de la Llave,Cosoleacaque,Minatitlán,18.012785555555556,-94.5709025,130903,0,0,0.07095681240831994,221.0,Densificación,18.676716938694497
30026,Veracruz de Ignacio de la Llave,Banderilla,Banderilla,19.591606666666664,-96.94088444444445,25993,0,0,0.07066312481379058,222.0,Densificación,7.424692026973142
05031,Coahuila de Zaragoza,San Buenaventura,San Buenaventura,27.060257222222223,-101.5500286111111,24759,0,0,0.06899881402243443,223.0,Densificación,22.041400343174708
20314,Oaxaca,San Pedro Juchatengo,San Pedro Juchatengo,16.34095222222222,-97.08732138888888,1755,0,0,0.0689618794017401,224.0,Mercado nuevo,88.75796060731619
16088,Michoacán de Ocampo,Tarímbaro,Fraccionamiento Galaxia Tarímbaro,19.762494722222222,-101.19559777777778,114513,0,0,0.06884679923653854,225.0,Densificación,6.583326776206249
29043,Tlaxcala,Yauhquemehcan,Santa Úrsula Zimatepec,19.41978888888889,-98.16411833333333,42242,0,0,0.06857168505550731,226.0,Densificación,10.319611629951176
17020,Morelos,Tepoztlán,Tepoztlán,18.986457222222224,-99.10122694444443,54987,0,0,0.06805135119249295,227.0,Densificación,14.100556049517667
29053,Tlaxcala,San Juan Huactzinco,San Juan Huactzinco,19.237945555555555,-98.25030055555555,7688,0,0,0.06766057562204182,228.0,Densificación,10.37796012539612
22007,Querétaro,Ezequiel Montes,Ezequiel Montes,20.665294999999997,-99.89840555555556,45141,0,0,0.06741258013214728,229.0,Mercado nuevo,32.74993351352357
19045,Nuevo León,Salinas Victoria,Los Pilares,25.912743055555556,-100.2429688888889,86766,0,0,0.06719026318996962,230.0,Densificación,14.115227356947216
30206,Veracruz de Ignacio de la Llave,Nanchital de Lázaro Cárdenas del Río,Nanchital de Lázaro Cárdenas del Río,18.072141388888888,-94.41117583333335,29209,0,0,0.06679465471290781,231.0,Densificación,8.542757540526091
20153,Oaxaca,San Gabriel Mixtepec,San Gabriel Mixtepec,16.094422777777776,-97.07949916666666,4910,0,0,0.06622936312183716,232.0,Mercado nuevo,113.80351432861951
23007,Quintana Roo,Lázaro Cárdenas,Kantunilkín,21.10139888888889,-87.4872225,29171,0,0,0.06539327908365523,233.0,Mercado nuevo,67.81817601448998
30119,Veracruz de Ignacio de la Llave,Otatitlán,Otatitlán,18.1767125,-96.03457444444444,5651,0,0,0.06538358379709536,234.0,Densificación,13.838366406403265
20338,Oaxaca,Villa de Etla,Villa de Etla,17.207528055555557,-96.80057944444444,10361,0,0,0.06499117501109533,235.0,Densificación,18.24446855901418
20063,Oaxaca,Nazareno Etla,Nazareno Etla,17.17799,-96.82400166666666,4293,0,0,0.06452544405432856,236.0,Densificación,16.787897334259544
08002,Chihuahua,Aldama,Juan Aldama,28.838380555555556,-105.9112925,26047,0,0,0.06405386993783548,237.0,Densificación,27.59162662007809
20472,Oaxaca,Santiago Laollaga,Santiago Laollaga,16.584886666666666,-95.20457916666668,3361,0,0,0.06388473619563871,238.0,Mercado nuevo,167.31102046002752
31028,Yucatán,Dzilam de Bravo,Dzilam de Bravo,21.393229166666668,-88.89187972222223,2936,0,0,0.06347354767902308,239.0,Mercado nuevo,89.49211064401761
18012,Nayarit,San Blas,San Blas,21.54173805555556,-105.28604638888889,41518,0,0,0.062340214750830535,240.0,Mercado nuevo,88.29370277248579
15009,México,Amecameca,Amecameca de Juárez,19.128685,-98.76981055555555,53441,0,0,0.062246477080407536,241.0,Densificación,19.78736820757325
30013,Veracruz de Ignacio de la Llave,Naranjos Amatlán,Naranjos,21.3469025,-97.68625166666666,26843,0,0,0.0617256578911009,242.0,Mercado nuevo,98.26669552325883
20401,Oaxaca,Santa María Colotepec,Brisas de Zicatela,15.837860555555556,-97.04180777777778,27046,0,0,0.06098971016417397,243.0,Mercado nuevo,140.02001975187594
16050,Michoacán de Ocampo,Maravatío,Maravatío de Ocampo,19.89167361111111,-100.44166722222222,89311,0,0,0.06067460982340498,244.0,Mercado nuevo,71.80698994027662
20006,Oaxaca,Asunción Nochixtlán,Asunción Nochixtlán,17.458936388888887,-97.22519861111111,20464,0,0,0.059730805317445235,245.0,Mercado nuevo,69.16622901417381
31083,Yucatán,Telchac Puerto,Telchac Puerto,21.343003888888887,-89.264225,1915,0,0,0.05877761592156636,246.0,Mercado nuevo,56.01830558225498
08052,Chihuahua,Ojinaga,Manuel Ojinaga,29.564500555555558,-104.41566472222223,24534,0,0,0.05818339149458005,247.0,Mercado nuevo,191.49938300417534
15103,México,Tlalmanalco,San Rafael,19.209687499999998,-98.75615166666667,49196,0,0,0.057015776803211786,248.0,Densificación,15.7235067423451
31065,Yucatán,San Felipe,San Felipe,21.567598888888888,-88.23206333333333,2118,0,0,0.056817678063999996,249.0,Mercado nuevo,152.5641016883649
08036,Chihuahua,Jiménez,José Mariano Jiménez,27.13054916666667,-104.92297666666667,40859,0,0,0.05642606134814365,250.0,Mercado nuevo,202.23685995697332
20197,Oaxaca,San Juan Guelavía,San Juan Guelavía,16.95676333333333,-96.54583194444444,3288,0,0,0.05588111567426287,251.0,Densificación,19.823862332566808
29042,Tlaxcala,Xicohtzinco,Xicohtzinco,19.17503388888889,-98.23372222222223,14197,0,0,0.05581139808745393,252.0,Densificación,9.211776230658062
14082,Jalisco,Sayula,Sayula,19.88361111111111,-103.59722222222221,37186,0,0,0.05571621120358761,253.0,Mercado nuevo,72.54945895360045
16058,Michoacán de Ocampo,Nuevo Parangaricutiro,Nuevo San Juan Parangaricutiro,19.41664388888889,-102.12987972222221,20981,0,0,0.055620258444306486,254.0,Densificación,7.050510402717641
13050,Hidalgo,Progreso de Obregón,Progreso de Obregón,20.24819527777778,-99.18935888888889,23641,0,0,0.05547895134017802,255.0,Mercado nuevo,45.56110866893523
26070,Sonora,General Plutarco Elías Calles,Sonoyta,31.866395833333335,-112.85727694444444,13627,0,0,0.05507192071305809,256.0,Mercado nuevo,190.75563674108076
15019,México,Capulhuac,Capulhuac de Mirafuentes,19.193123333333332,-99.46440833333334,36921,1,1,0.054288475008759746,,Ya tiene McDonald's,0.0
20421,Oaxaca,Santa María Mixtequilla,Santa María Mixtequilla,16.373708333333333,-95.26047333333334,4690,0,0,0.05373029035248788,257.0,Mercado nuevo,170.94176483331097
31061,Yucatán,Río Lagartos,Río Lagartos,21.597750555555553,-88.1579775,3974,0,0,0.05364392808925102,258.0,Mercado nuevo,146.3176981802764
15010,México,Apaxco,Apaxco de Ocampo,19.975324722222222,-99.17416277777778,31898,0,0,0.05346448455107017,259.0,Densificación,16.441221924290332
13028,Hidalgo,Huejutla de Reyes,Huejutla de Reyes,21.139211944444444,-98.420595,126781,0,0,0.053444058762169976,260.0,Mercado nuevo,117.76529571577267
14046,Jalisco,Jalostotitlán,Jalostotitlán,21.16861111111111,-102.46111111111111,32678,0,0,0.053347244673618496,261.0,Mercado nuevo,80.84208375701296
28040,Tamaulipas,Valle Hermoso,Valle Hermoso,25.673799722222224,-97.81245416666667,60055,0,0,0.05167861780803333,262.0,Mercado nuevo,38.39428489107378
21071,Puebla,Huauchinango,Huauchinango,20.17469777777778,-98.05134,103946,0,0,0.049805018749001825,263.0,Mercado nuevo,71.81233465574309
20096,Oaxaca,San Andrés Sinaxtla,San Andrés Sinaxtla,17.468501944444444,-97.2838111111111,756,0,0,0.04967072608436657,264.0,Mercado nuevo,74.68995954915349
29024,Tlaxcala,Panotla,Panotla,19.31512916666667,-98.26723305555555,28357,0,0,0.049219176180310895,265.0,Densificación,7.629928016867766
21164,Puebla,Tepeaca,Tepeaca,18.966132777777776,-97.90543444444445,84270,0,0,0.04802219481540165,266.0,Mercado nuevo,31.902477422408726
20305,Oaxaca,San Pedro Comitancillo,San Pedro Comitancillo,16.490303611111113,-95.15987777777778,4333,0,0,0.04779831749187795,267.0,Mercado nuevo,175.41226685820695
21214,Puebla,Zinacatepec,San Sebastián Zinacatepec,18.333268333333333,-97.24541305555556,18359,0,0,0.04754282365458673,268.0,Densificación,21.087901935707357
15055,México,Mexicaltzingo,San Mateo Mexicaltzingo,19.211109444444443,-99.58685388888888,13807,0,0,0.04747843539840949,269.0,Densificación,6.750146165822725
16045,Michoacán de Ocampo,Jiquilpan,Jiquilpan de Juárez,19.989719166666667,-102.71856333333334,36158,0,0,0.04718013472082426,270.0,Densificación,7.559584380141478
19012,Nuevo León,Ciénega de Flores,Real del Sol,25.929005555555555,-100.18295833333333,68747,0,0,0.04717590259969587,271.0,Densificación,19.40115867007078
20174,Oaxaca,Ánimas Trujano,Ánimas Trujano,16.988882222222223,-96.71319611111112,4564,0,0,0.04692142778689774,272.0,Densificación,8.013786121300646
21013,Puebla,Altepexi,Altepexi,18.366766944444446,-97.29917972222222,22629,0,0,0.04675194954414877,273.0,Densificación,14.43830943408319
17009,Morelos,Huitzilac,Tres Marías,19.05298277777778,-99.24356555555556,24515,0,0,0.046519282171901724,274.0,Densificación,14.617219164447485
20145,Oaxaca,San Francisco Lachigoló,San Francisco Lachigoló,17.011406944444445,-96.59851638888888,5215,0,0,0.045086415669351836,275.0,Densificación,11.78431122855059
20227,Oaxaca,San Lorenzo Cacaotepec,San Lorenzo Cacaotepec,17.129358611111112,-96.80199555555555,18339,0,0,0.044989771181192205,276.0,Densificación,11.210567478503393
15059,México,Nextlalpan,Ex-Hacienda Santa Inés,19.706565555555557,-99.06764527777777,57082,0,0,0.044461256457010385,277.0,Densificación,7.9763802245438775
07009,Chiapas,Arriaga,Arriaga,16.236065,-93.89947333333333,41135,0,0,0.04416882961600226,278.0,Mercado nuevo,101.53092309831356
18015,Nayarit,Santiago Ixcuintla,Santiago Ixcuintla,21.808335833333334,-105.20604444444444,93981,0,0,0.04404060981615528,279.0,Mercado nuevo,117.956601214711
24016,San Luis Potosí,Ebano,Ebano,22.212339166666666,-98.37780333333333,40899,0,0,0.043731021258017186,280.0,Mercado nuevo,53.47120744033295
14078,Jalisco,San Miguel el Alto,San Miguel el Alto,21.030555555555555,-102.39805555555556,31965,0,0,0.043531927005424874,281.0,Mercado nuevo,74.86401938493447
19010,Nuevo León,El Carmen,El Jaral,25.853533611111114,-100.31725138888889,104478,0,0,0.043399038398941416,282.0,Densificación,5.093302793287471
31089,Yucatán,Ticul,Ticul,20.39834,-89.53444666666667,40495,0,0,0.04284499518539699,283.0,Mercado nuevo,63.979736164774806
20053,Oaxaca,Magdalena Tlacotepec,Magdalena Tlacotepec,16.50396611111111,-95.20330583333333,1297,0,0,0.04248048102174392,284.0,Mercado nuevo,170.54793092489413
21106,Puebla,Ocoyucan,Lomas de Angelópolis,18.964751666666665,-98.29087333333334,42669,0,0,0.04233071422299313,285.0,Densificación,7.369454569010856
11025,Guanajuato,Purísima del Rincón,Purísima de Bustos,21.029579166666664,-101.87809916666666,83842,0,0,0.04128950334034475,286.0,Densificación,22.682161314609694
20482,Oaxaca,Santiago Pinotepa Nacional,Santiago Pinotepa Nacional,16.339009166666667,-98.0503475,55840,0,0,0.04092531696933612,287.0,Mercado nuevo,162.2911114010847
31093,Yucatán,Tixkokob,Tixkokob,21.0024825,-89.3950513888889,18420,0,0,0.040452380126307946,288.0,Densificación,24.125053211694453
29049,Tlaxcala,San Damián Texóloc,San Damián Texóloc,19.278431666666666,-98.28462388888889,5884,0,0,0.04019965732710811,289.0,Densificación,10.400269290428893
07052,Chiapas,Las Margaritas,Las Margaritas,16.315947222222224,-91.98156833333333,141027,0,0,0.04014393890887721,290.0,Mercado nuevo,84.15706670711405
08045,Chihuahua,Meoqui,Pedro Meoqui,28.267796666666666,-105.48029111111111,44853,0,0,0.039835588662083435,291.0,Mercado nuevo,71.2653734773856
29057,Tlaxcala,Santa Apolonia Teacalco,Santa Apolonia Teacalco,19.237168333333333,-98.30866916666666,4636,0,0,0.03976866613011457,292.0,Densificación,11.794179286122846
30191,Veracruz de Ignacio de la Llave,Ursulo Galván,Zempoala,19.44257138888889,-96.40876222222222,30097,0,0,0.03968344142630602,293.0,Mercado nuevo,38.81852408359705
29025,Tlaxcala,San Pablo del Monte,Ciudad de San Pablo del Monte,19.11973777777778,-98.17041583333334,82688,0,0,0.03947096720135087,294.0,Densificación,8.89049545181542
20013,Oaxaca,Ciénega de Zimatlán,Ciénega de Zimatlán,16.897088055555557,-96.76661833333333,3043,0,0,0.03917659469588629,295.0,Densificación,18.63579431135382
29041,Tlaxcala,Papalotla de Xicohténcatl,Papalotla,19.1698525,-98.2045863888889,33499,0,0,0.03828439639279888,296.0,Densificación,11.69327300753033
29001,Tlaxcala,Amaxac de Guerrero,Amaxac de Guerrero,19.350285833333334,-98.16956944444445,11403,0,0,0.03827998970363716,297.0,Densificación,3.4918386950961717
15074,México,San Felipe del Progreso,San Nicolás Guadalupe,19.614985555555556,-100.03072722222223,144924,0,0,0.0379993039558139,298.0,Mercado nuevo,48.044706392514975
21189,Puebla,Tochtepec,Tochtepec,18.840114166666666,-97.82574888888888,22454,0,0,0.03790744456252772,299.0,Mercado nuevo,45.1946851219848
14026,Jalisco,Concepción de Buenos Aires,Concepción de Buenos Aires,19.97861111111111,-103.25722222222223,6334,0,0,0.037714175979081874,300.0,Mercado nuevo,57.14245353325715
14018,Jalisco,La Barca,La Barca,20.290277777777778,-102.54194444444444,67937,0,0,0.03763619968430452,301.0,Mercado nuevo,31.65386716089063
15040,México,Ixtapan de la Sal,Ixtapan de la Sal,18.844605555555553,-99.67582277777778,36911,0,0,0.03762586860488156,302.0,Mercado nuevo,44.674065705101484
20363,Oaxaca,Santa Catarina Ixtepeji,Santa Catarina Ixtepeji,17.26554888888889,-96.56169916666667,2675,0,0,0.03743875927000745,303.0,Densificación,26.481527577132148
27010,Tabasco,Jalpa de Méndez,Jalpa de Méndez,18.1768475,-93.06259666666666,91185,0,0,0.037253552599756205,304.0,Densificación,25.89921446549383
13074,Hidalgo,Tlaxcoapan,Tlaxcoapan,20.091614444444442,-99.22159333333333,28626,0,0,0.0372297236610874,305.0,Densificación,27.905647037516864
21173,Puebla,Teteles de Avila Castillo,Teteles de Ávila Castillo,19.85829,-97.4571525,6653,0,0,0.0371264305215051,306.0,Mercado nuevo,66.98999340338125
21117,Puebla,Rafael Lara Grajales,Ciudad de Rafael Lara Grajales,19.225384166666664,-97.80455083333334,15952,0,0,0.03682460905003115,307.0,Mercado nuevo,41.942963176926675
30016,Veracruz de Ignacio de la Llave,La Antigua,José Cardel,19.36683027777778,-96.37138944444443,28682,0,0,0.036788431631869005,308.0,Mercado nuevo,30.174407042702587
30155,Veracruz de Ignacio de la Llave,Tantoyuca,Tantoyuca,21.351814166666667,-98.22991944444445,99959,0,0,0.03657507169963693,309.0,Mercado nuevo,103.47367794105584
11028,Guanajuato,Salvatierra,Salvatierra,20.2161175,-100.88135999999999,94126,0,0,0.03624816474472433,310.0,Mercado nuevo,34.68701438658101
14057,Jalisco,La Manzanilla de la Paz,La Manzanilla de la Paz,20.004444444444445,-103.15,4099,0,0,0.035775372227448074,311.0,Mercado nuevo,45.64154734744859
14124,Jalisco,Zapotlanejo,Zapotlanejo,20.6225,-103.06416666666667,64806,0,0,0.03493913775123294,312.0,Densificación,29.546038765175076
04009,Campeche,Escárcega,Escárcega,18.604314722222224,-90.73200083333333,59923,0,0,0.03443343792231917,313.0,Mercado nuevo,116.43955008349532
26036,Sonora,Magdalena,Magdalena de Kino,30.630355555555557,-110.96940444444445,33049,0,0,0.03397005479177341,314.0,Mercado nuevo,77.3742364628159
30085,Veracruz de Ignacio de la Llave,Ixtaczoquitlán,Ixtaczoquitlán,18.851066388888892,-97.06306722222222,74004,0,0,0.0338644952958022,315.0,Densificación,3.7722446787012953
13008,Hidalgo,Apan,Apan,19.71,-98.45194444444445,46681,0,0,0.033818813108782236,316.0,Mercado nuevo,49.79087273624495
20025,Oaxaca,Chahuites,Chahuites,16.28760888888889,-94.1958238888889,11356,0,0,0.03364981516007461,317.0,Mercado nuevo,126.33340370367142
26013,Sonora,Banámichi,Banámichi,30.007775555555554,-110.21555277777779,1825,0,0,0.03352916149135313,318.0,Mercado nuevo,126.19515271958406
29051,Tlaxcala,San Jerónimo Zacualpan,San Jerónimo Zacualpan,19.241711944444447,-98.26261722222222,4092,0,0,0.03350959489997469,319.0,Densificación,10.864007093446224
20247,Oaxaca,Capulálpam de Méndez,Capulálpam de Méndez,17.306420833333334,-96.44597972222222,1619,0,0,0.03240315451898548,320.0,Mercado nuevo,37.73450959761223
15006,México,Almoloya del Río,Almoloya del Río,19.159386388888887,-99.48884166666667,12694,0,0,0.032174363957058645,321.0,Densificación,4.545080341634787
26041,Sonora,Nacozari de García,Nacozari de García,30.3737225,-109.68647027777779,14369,0,0,0.03145238243401356,322.0,Mercado nuevo,160.1889529620543
01007,Aguascalientes,Rincón de Romos,Rincón de Romos,22.229233055555554,-102.32306861111111,57369,0,0,0.03136936400467364,323.0,Mercado nuevo,38.95232630623583
14016,Jalisco,Ayotlán,Ayotlán,20.528055555555554,-102.32833333333333,41552,0,0,0.031170115513372273,324.0,Mercado nuevo,60.70414781117114
15125,México,Tonanitla,Santa María Tonanitla,19.688161666666666,-99.05436166666667,14883,0,0,0.031146332842140502,325.0,Densificación,6.0411382243334675
20268,Oaxaca,San Miguel Ejutla,San Miguel Ejutla,16.58038611111111,-96.73927555555555,1149,0,0,0.03087931822093364,326.0,Mercado nuevo,53.350156980833994
18006,Nayarit,Ixtlán del Río,Ixtlán del Río,21.03505527777778,-104.3689111111111,29299,0,0,0.030811314547129515,327.0,Mercado nuevo,97.03858980849661
20546,Oaxaca,Teotitlán del Valle,Teotitlán del Valle,17.029579444444444,-96.51894861111111,6392,0,0,0.03033742504990832,328.0,Densificación,19.07231714782959
20515,Oaxaca,Santo Domingo Tehuantepec,Santo Domingo Tehuantepec,16.332058333333332,-95.23204916666667,67739,0,0,0.03010213531196597,329.0,Mercado nuevo,175.76311081446556
31011,Yucatán,Celestún,Celestún,20.86009166666667,-90.39946361111112,8389,0,0,0.03009197613259801,330.0,Mercado nuevo,81.3877232583222
14022,Jalisco,Cihuatlán,Cihuatlán,19.238343333333333,-104.56299777777778,40139,0,0,0.029940253762928137,331.0,Mercado nuevo,87.65023756337814
29018,Tlaxcala,Contla de Juan Cuamatzi,Contla,19.334517777777776,-98.1679063888889,38579,0,0,0.02990238864629788,332.0,Densificación,3.0442863349767264
32020,Zacatecas,Jerez,Jerez de García Salinas,22.649403333333332,-102.98992361111111,59910,0,0,0.02982070488502149,333.0,Mercado nuevo,45.138666306429606
29038,Tlaxcala,Tzompantepec,San Andrés Ahuashuatepec,19.37995638888889,-98.1055275,18006,0,0,0.029750178762419192,334.0,Densificación,10.94802705334983
19044,Nuevo León,Sabinas Hidalgo,Ciudad Sabinas Hidalgo,26.498369444444446,-100.18114722222222,34709,0,0,0.029718116956848187,335.0,Mercado nuevo,78.0553427719423
20565,Oaxaca,Villa de Zaachila,Villa de Zaachila,16.950717777777776,-96.75058833333334,46464,0,0,0.02960011455845691,336.0,Densificación,12.44139431153358
31039,Yucatán,Ixil,Ixil,21.153000277777775,-89.48121111111111,4186,0,0,0.029376791204301558,337.0,Densificación,25.41719860833458
19004,Nuevo León,Allende,Ciudad de Allende,25.286900000000003,-100.0083238888889,35289,0,0,0.029195371360975535,338.0,Mercado nuevo,50.22341708462594
20202,Oaxaca,San Juan Lachao,San Juan Lachao,16.158538333333333,-97.12510833333333,4577,0,0,0.028861616844699033,339.0,Mercado nuevo,108.90818547596983
16043,Michoacán de Ocampo,Jacona,Jacona de Plancarte,19.956321944444444,-102.30602333333333,68781,0,0,0.028830642387154097,340.0,Densificación,3.685629786686233
20397,Oaxaca,Heroica Ciudad de Tlaxiaco,Heroica Ciudad de Tlaxiaco,17.26746972222222,-97.68049166666667,40123,0,0,0.028778994437470697,341.0,Mercado nuevo,104.05589634077762
11032,Guanajuato,San José Iturbide,San José Iturbide,21.000821944444443,-100.38572027777778,89558,0,0,0.028622224278626308,342.0,Mercado nuevo,35.687360236986486
13039,Hidalgo,Mineral del Monte,Mineral del Monte,20.14049111111111,-98.67153,14324,0,0,0.028373616827692266,343.0,Densificación,7.126363711665655
21094,Puebla,Libres,Ciudad de Libres,19.4647325,-97.68772611111112,37257,0,0,0.028373058203404383,344.0,Mercado nuevo,55.389777376372884
20548,Oaxaca,Tepelmeme Villa de Morelos,Tepelmeme Villa de Morelos,17.874806111111113,-97.36219805555555,1960,0,0,0.028275691852003237,345.0,Mercado nuevo,65.38933365139901
07027,Chiapas,Chiapa de Corzo,Chiapa de Corzo,16.707958055555554,-93.01595916666666,112075,0,0,0.028230586310920354,346.0,Densificación,11.740586739332722
13023,Hidalgo,Francisco I. Madero,Tepatepec,20.245185555555558,-99.0888936111111,36248,0,0,0.027224856468285347,347.0,Mercado nuevo,39.18313065553901
13013,Hidalgo,Atotonilco de Tula,Paseos de la Pradera,19.896969444444444,-99.22705416666666,62470,0,0,0.027213161728095386,348.0,Densificación,6.350484881115829
29029,Tlaxcala,Tepeyanco,Tepeyanco,19.245567222222224,-98.23603527777777,13328,0,0,0.027121516978184056,349.0,Densificación,8.849186213294518
15065,México,Otumba,Otumba de Gómez Farías,19.699853611111113,-98.75769416666667,36331,0,0,0.0270499973492632,350.0,Densificación,25.232698336537638
05006,Coahuila de Zaragoza,Castaños,Castaños,26.78527777777778,-101.43055555555556,29128,0,0,0.027026724052746746,351.0,Densificación,12.962311839380597
16038,Michoacán de Ocampo,Huetamo,Huetamo de Núñez,18.626425833333332,-100.89972472222223,41973,0,0,0.027014133241856645,352.0,Mercado nuevo,123.62546290664261
29056,Tlaxcala,Santa Ana Nopalucan,Santa Ana Nopalucan,19.299835555555557,-98.33418916666666,7952,0,0,0.026415737297491734,353.0,Densificación,14.858803299073513
31038,Yucatán,Hunucmá,Hunucmá,21.016154166666666,-89.87705166666666,35137,0,0,0.026362680568895538,354.0,Densificación,26.78120128438745
16110,Michoacán de Ocampo,Zinapécuaro,Zinapécuaro de Figueroa,19.860274722222222,-100.82758305555555,49005,0,0,0.026219524599188717,355.0,Mercado nuevo,41.93584870149754
06001,Colima,Armería,Ciudad de Armería,18.93707277777778,-103.96499722222222,27626,0,0,0.02616593292450506,356.0,Mercado nuevo,42.14466473651525
07031,Chiapas,Chilón,Chilón,17.10549138888889,-92.27152833333334,137262,0,0,0.026161358134048403,357.0,Mercado nuevo,56.52387032647496
18018,Nayarit,Tuxpan,Tuxpan,21.944790277777777,-105.29808722222222,30064,0,0,0.025967688400806682,358.0,Mercado nuevo,133.1256521783979
14024,Jalisco,Cocula,Cocula,20.3675,-103.82416666666666,29267,0,0,0.02594361694918624,359.0,Mercado nuevo,49.15908570477761
12050,Guerrero,Pungarabato,Ciudad Altamirano,18.36227277777778,-100.66824083333334,38482,0,0,0.025481778000674818,360.0,Mercado nuevo,119.26137093538786
24025,San Luis Potosí,Salinas,Salinas de Hidalgo,22.628015,-101.71573500000001,31107,0,0,0.025417412468633938,361.0,Mercado nuevo,89.34906277518725
26038,Sonora,Moctezuma,Moctezuma,29.802179722222224,-109.68033666666668,5173,0,0,0.025002749216623744,362.0,Mercado nuevo,147.8471797445793
10008,Durango,Guadalupe Victoria,Guadalupe Victoria,24.446433333333335,-104.12365999999999,36695,0,0,0.024795358417862203,363.0,Mercado nuevo,72.64593892551902
14020,Jalisco,Cabo Corrientes,El Tuito,20.31833333333333,-105.32388888888889,10940,0,0,0.024100913757327938,364.0,Mercado nuevo,34.34302996120876
12052,Guerrero,San Luis Acatlán,San Luis Acatlán,16.808583055555555,-98.73361277777778,46270,0,0,0.023761770132154594,365.0,Mercado nuevo,116.07652722951649
31066,Yucatán,Santa Elena,Santa Elena,20.3288975,-89.64325944444445,4220,0,0,0.02365522644668319,366.0,Mercado nuevo,71.04062914090763
21053,Puebla,Chignahuapan,Ciudad de Chignahuapan,19.83822333333333,-98.03097527777777,66464,0,0,0.02316291926121903,367.0,Mercado nuevo,58.882182821848794
16018,Michoacán de Ocampo,Copándaro,Copándaro de Galeana,19.89382388888889,-101.215305,9484,0,0,0.02284089174027634,368.0,Densificación,21.315314076919503
05003,Coahuila de Zaragoza,Allende,Allende,28.34722222222222,-100.85416666666666,23056,0,0,0.02243660605114564,369.0,Mercado nuevo,51.21307838004187
30034,Veracruz de Ignacio de la Llave,Cerro Azul,Cerro Azul,21.191466666666667,-97.74231861111112,25011,0,0,0.022425740182052796,370.0,Mercado nuevo,114.55889525833116
24050,San Luis Potosí,Villa de Reyes,Villa de Reyes,21.803124444444446,-100.93248583333333,52912,0,0,0.02232853275548533,371.0,Mercado nuevo,39.02519281934893
05009,Coahuila de Zaragoza,Francisco I. Madero,Francisco I. Madero (Chávez),25.775,-103.27305555555556,59035,0,0,0.022225840751269047,372.0,Mercado nuevo,31.59396739686075
15028,México,Chiautla,Chiautla,19.548651944444448,-98.88134888888888,30045,0,0,0.022083340579351803,373.0,Densificación,16.110341972241194
20087,Oaxaca,San Agustín Yatareni,San Agustín Yatareni,17.081211944444444,-96.66811722222222,5521,0,0,0.021880277578623698,374.0,Densificación,3.4034223768378227
16063,Michoacán de Ocampo,Panindícuaro,Panindícuaro,19.98395888888889,-101.76145972222223,14889,0,0,0.021510631547547256,375.0,Mercado nuevo,54.80994696247389
26034,Sonora,Huépac,Huépac,29.911269166666667,-110.21371527777778,943,0,0,0.021339352613232214,376.0,Mercado nuevo,117.66328913684055
27007,Tabasco,Emiliano Zapata,Emiliano Zapata,17.744582222222224,-91.76508138888889,32181,0,0,0.021336904147685097,377.0,Mercado nuevo,99.60583568915614
30052,Veracruz de Ignacio de la Llave,Cuichapa,Cuichapa,18.773509999999998,-96.86922388888888,11869,0,0,0.02130233294991722,378.0,Densificación,15.135321962883282
26005,Sonora,Arivechi,Arivechi,28.928644722222224,-109.18709194444445,1177,0,0,0.02111145759977121,379.0,Mercado nuevo,173.03290047094444
16030,Michoacán de Ocampo,Ecuandureo,Ecuandureo,20.162615555555554,-102.19456638888889,11850,0,0,0.021079127428911673,380.0,Densificación,22.077836835033096
01008,Aguascalientes,San José de Gracia,San José de Gracia,22.150216388888886,-102.41563361111112,9552,0,0,0.021069049874444447,381.0,Mercado nuevo,32.495608994148526
15087,México,Temoaya,San Pedro Arriba,19.48433361111111,-99.56428888888888,105766,0,0,0.02093519224009864,382.0,Densificación,22.79771924139665
03001,Baja California Sur,Comondú,Ciudad Constitución,25.034635555555557,-111.67333944444445,73021,0,0,0.020728891328570403,383.0,Mercado nuevo,169.70409760884107
16051,Michoacán de Ocampo,Marcos Castellanos,San José de Gracia,19.990238055555558,-103.02150416666666,13983,0,0,0.02064941342944033,384.0,Mercado nuevo,32.70516692337407
08001,Chihuahua,Ahumada,Miguel Ahumada,30.61773388888889,-106.51241527777778,14635,0,0,0.020545385052111863,385.0,Mercado nuevo,125.5362591437827
31023,Yucatán,Chocholá,Chocholá,20.75023138888889,-89.8306986111111,4863,0,0,0.02047182678420944,386.0,Mercado nuevo,32.30170650937718
23002,Quintana Roo,Felipe Carrillo Puerto,Felipe Carrillo Puerto,19.57851,-88.04658666666667,83990,0,0,0.020097109695471536,387.0,Mercado nuevo,123.46334326433438
05004,Coahuila de Zaragoza,Arteaga,Arteaga,25.450620555555556,-100.8496225,29578,0,0,0.020001847731922758,388.0,Densificación,15.41239367585125
19050,Nuevo León,Vallecillo,Vallecillo,26.659672777777775,-99.98957944444444,1552,0,0,0.019596943613981805,389.0,Mercado nuevo,100.36057821860649
24032,San Luis Potosí,Santa María del Río,Santa María del Río,21.80043861111111,-100.73710888888888,39880,0,0,0.019374164870692594,390.0,Mercado nuevo,46.226096373336524
16089,Michoacán de Ocampo,Tepalcatepec,Tepalcatepec,19.191366666666667,-102.84370777777777,24074,0,0,0.019073707096439584,391.0,Mercado nuevo,85.83204497106007
31040,Yucatán,Izamal,Izamal,20.932997500000003,-89.01971472222222,28555,0,0,0.019073468649462185,392.0,Mercado nuevo,62.909353536443334
26044,Sonora,Onavas,Ónavas,28.460539166666667,-109.52951833333333,365,0,0,0.018725482823571338,393.0,Mercado nuevo,114.2754763502505
20556,Oaxaca,La Trinidad Vista Hermosa,La Trinidad Vista Hermosa,17.772630277777775,-97.50575138888888,306,0,0,0.018389737530110844,394.0,Mercado nuevo,77.61160062496323
12028,Guerrero,Chilapa de Álvarez,Chilapa de Álvarez,17.59423222222222,-99.17768166666667,123722,0,0,0.01831690971667723,395.0,Mercado nuevo,34.605745852802585
20045,Oaxaca,Magdalena Apasco,Magdalena Apasco,17.242063055555555,-96.82109083333333,7888,0,0,0.01822964766521581,396.0,Densificación,22.65244245920652
16024,Michoacán de Ocampo,Cherán,Cherán,19.687651666666667,-101.95481611111111,20586,0,0,0.018221840806946846,397.0,Mercado nuevo,31.747504791258624
15112,México,Villa del Carbón,Villa del Carbón,19.727588333333333,-99.46307972222222,51498,0,0,0.018195427839244962,398.0,Densificación,26.494678572337612
13072,Hidalgo,Tlanalapa,Tlanalapa,19.817894166666665,-98.60391305555555,11113,0,0,0.01798399907030598,399.0,Mercado nuevo,36.60078494492094
31052,Yucatán,Motul,Motul de Carrillo Puerto,21.095550555555555,-89.28392472222222,37804,0,0,0.017945119726327844,400.0,Mercado nuevo,38.09546796506411
13041,Hidalgo,Mixquiahuala de Juárez,Mixquiahuala de Juárez,20.22938,-99.21379805555556,47222,0,0,0.01792448864930278,401.0,Mercado nuevo,43.24445796492796
15113,México,Villa Guerrero,Villa Guerrero,18.96170861111111,-99.64199972222222,69086,0,0,0.017851888108987864,402.0,Mercado nuevo,31.787400616881257
21144,Puebla,San Salvador Huixcolotla,San Salvador Huixcolotla,18.920609722222224,-97.77178944444444,16790,0,0,0.017566634878348805,403.0,Mercado nuevo,46.81729314227953
12046,Guerrero,Ometepec,Ometepec,16.685089166666668,-98.40442138888889,68207,0,0,0.01738245931041347,404.0,Mercado nuevo,151.21381858072738
17035,Morelos,Xoxocotla,Xoxocotla Centro,18.686572777777776,-99.24489472222223,27805,0,0,0.017024305013027347,405.0,Densificación,22.86656188340097
19047,Nuevo León,Hidalgo,Hidalgo,25.975649999999998,-100.44689444444445,16086,0,0,0.016999003517162808,406.0,Densificación,22.406812226214345
13082,Hidalgo,Zapotlán de Juárez,Acayuca,20.030517222222223,-98.8423061111111,21443,0,0,0.016941652367919648,407.0,Densificación,15.008258955451277
20103,Oaxaca,San Antonino Castillo Velasco,San Antonino Castillo Velasco,16.803227500000002,-96.68464,6064,0,0,0.016852095459758812,408.0,Densificación,28.879180326371166
16055,Michoacán de Ocampo,Múgica,Nueva Italia de Ruiz,19.028804722222223,-102.08673416666666,45732,0,0,0.01653180817843531,409.0,Mercado nuevo,43.669982691373605
10038,Durango,Vicente Guerrero,Vicente Guerrero,23.731111111111108,-103.98777777777778,23476,0,0,0.016397907528784193,410.0,Mercado nuevo,76.64902776118896
29032,Tlaxcala,Tetlatlahuca,Tetlatlahuca,19.231639444444443,-98.29572833333333,13561,0,0,0.015953577458812974,411.0,Densificación,11.25416067377181
16073,Michoacán de Ocampo,Quiroga,Quiroga,19.66378611111111,-101.52400361111111,27176,0,0,0.01590044917528833,412.0,Mercado nuevo,35.032878311466895
24008,San Luis Potosí,Cerritos,Cerritos,22.42766611111111,-100.27959666666666,22075,0,0,0.015756004566535642,413.0,Mercado nuevo,78.03729136730753
30045,Veracruz de Ignacio de la Llave,Cosamaloapan de Carpio,Cosamaloapan,18.36477388888889,-95.7963586111111,54737,0,0,0.01569435141918843,414.0,Mercado nuevo,46.38974760604745
14050,Jalisco,Jocotepec,Jocotepec,20.284444444444446,-103.42527777777778,47105,0,0,0.01568914139117275,415.0,Densificación,26.39121624058693
31057,Yucatán,Panabá,Panabá,21.296861111111113,-88.27118333333333,7766,0,0,0.015645950077390856,416.0,Mercado nuevo,144.7173266632779
20540,Oaxaca,Villa de Tamazulápam del Progreso,Villa de Tamazulápam del Progreso,17.67306277777778,-97.57284805555555,8326,0,0,0.015525677537395734,417.0,Mercado nuevo,89.80481834691278
15096,México,Tequixquiac,Tequixquiac,19.910276666666665,-99.14891305555557,39489,0,0,0.015374934598345134,418.0,Densificación,12.274918147562648
22009,Querétaro,Jalpan de Serra,Jalpan de Serra,21.21680222222222,-99.47291083333333,27343,0,0,0.015334574402123888,419.0,Mercado nuevo,107.34415447802658
14085,Jalisco,Tamazula de Gordiano,Tamazula de Gordiano,19.67638888888889,-103.25,38955,0,0,0.015304764226453826,420.0,Mercado nuevo,69.54074291221364
21136,Puebla,San Miguel Xoxtla,San Miguel Xoxtla,19.16830277777778,-98.30969888888889,12461,0,0,0.015265059685497849,421.0,Densificación,4.140034575216386
07075,Chiapas,Las Rosas,Las Rosas,16.364131944444445,-92.36958055555554,28829,0,0,0.015163394463054366,422.0,Mercado nuevo,50.349869014142904
15012,México,Atizapán,Santa Cruz Atizapán,19.17675777777778,-99.48794194444444,12984,0,0,0.015023592299092321,423.0,Densificación,3.069169374752827
30097,Veracruz de Ignacio de la Llave,Lerdo de Tejada,Lerdo de Tejada,18.628199722222224,-95.52322194444444,19123,0,0,0.014958239883723341,424.0,Mercado nuevo,84.63891023414384
31079,Yucatán,Tekax,Tekax de Álvaro Obregón,20.203464722222222,-89.28838805555556,45062,0,0,0.014823674827707,425.0,Mercado nuevo,91.87863390424415
26024,Sonora,Divisaderos,Divisaderos,29.615069444444448,-109.47067111111112,753,0,0,0.014643779517183686,426.0,Mercado nuevo,156.2143754013281
05024,Coahuila de Zaragoza,Parras,Parras de la Fuente,25.437380555555556,-102.18416888888889,44472,0,0,0.014503055826912222,427.0,Mercado nuevo,118.95671952084324
20026,Oaxaca,Chalcatongo de Hidalgo,Chalcatongo de Hidalgo,17.032028888888888,-97.57098944444444,9035,0,0,0.014451784083560763,428.0,Mercado nuevo,89.94304433536455
03002,Baja California Sur,Mulegé,Santa Rosalía,27.33686833333333,-112.26827472222222,64022,0,0,0.014368871128863576,429.0,Mercado nuevo,150.67145460841587
12061,Guerrero,Tixtla de Guerrero,Tixtla de Guerrero,17.566724166666667,-99.3982713888889,43171,0,0,0.014366315390345958,430.0,Densificación,11.02548069239747
20068,Oaxaca,Ocotlán de Morelos,Ocotlán de Morelos,16.791640555555556,-96.67506444444444,23751,0,0,0.014189540595213747,431.0,Mercado nuevo,30.31700905336625
14047,Jalisco,Jamay,Jamay,20.294499722222223,-102.70971694444445,24894,0,0,0.014106573476817066,432.0,Densificación,26.34308623365709
30174,Veracruz de Ignacio de la Llave,Tierra Blanca,Tierra Blanca,18.44744888888889,-96.36031472222221,95602,0,0,0.013713324140258384,433.0,Mercado nuevo,48.07208106457717
15022,México,Cocotitlán,Cocotitlán,19.230855555555554,-98.86195194444444,15107,0,0,0.013688267203863586,434.0,Densificación,4.883855759890271
05020,Coahuila de Zaragoza,Múzquiz,Ciudad Melchor Múzquiz,27.877549722222223,-101.51651777777778,71627,0,0,0.013603493507364763,435.0,Mercado nuevo,109.00214913799671
32034,Zacatecas,Nochistlán de Mejía,Nochistlán de Mejía,21.363253333333336,-102.84716499999999,27945,0,0,0.013599240676930309,436.0,Mercado nuevo,80.90024741315526
16082,Michoacán de Ocampo,Tacámbaro,Tacámbaro de Codallos,19.23553666666667,-101.45732805555556,79540,0,0,0.013554877313576425,437.0,Mercado nuevo,58.989603526602934
20044,Oaxaca,Loma Bonita,Loma Bonita,18.10987111111111,-95.8799761111111,40934,0,0,0.013520642167676875,438.0,Densificación,25.41018289516134
15023,México,Coyotepec,Coyotepec,19.7755075,-99.20798027777778,40885,0,0,0.013495393408813517,439.0,Densificación,8.068887173801233
16012,Michoacán de Ocampo,Buenavista,Buenavista Tomatlán,19.211735277777777,-102.58789083333333,45538,0,0,0.013374672293800568,440.0,Mercado nuevo,59.8076398090955
26025,Sonora,Empalme,Empalme,27.957605833333332,-110.81599333333332,51431,0,0,0.013157808745220045,441.0,Densificación,8.164366998426889
05022,Coahuila de Zaragoza,Nava,Nava,28.421874722222224,-100.76755361111111,33129,0,0,0.013107533828299765,442.0,Mercado nuevo,39.47395204059491
20178,Oaxaca,San Juan Bautista Guelache,San Miguel [Fraccionamiento],17.212805833333334,-96.78746222222222,6692,0,0,0.01291464861477398,443.0,Densificación,18.22490273279825
15098,México,Texcalyacac,San Mateo Texcalyacac,19.1322275,-99.50306916666666,5736,0,0,0.01280108056845741,444.0,Densificación,7.895555715664066
08027,Chihuahua,Guachochi,Guachochi,26.8191525,-107.06936166666667,50180,0,0,0.012727073855211915,445.0,Mercado nuevo,223.7918883359755
06003,Colima,Comala,Comala,19.32319861111111,-103.75880111111111,21661,0,0,0.01257854072579418,446.0,Densificación,9.489451251907617
21010,Puebla,Ajalpan,Ciudad de Ajalpan,18.377536666666668,-97.25830444444445,74768,0,0,0.012450887415138648,447.0,Densificación,16.956715496067257
13010,Hidalgo,Atitalaquia,Cardonal,20.060612222222222,-99.23159638888889,31525,0,0,0.01226628913936822,448.0,Densificación,24.40589436228977
15072,México,Rayón,Santa María Rayón,19.148010555555555,-99.58173916666667,15972,0,0,0.012200404188965393,449.0,Densificación,13.30496483501136
22012,Querétaro,Pedro Escobedo,Pedro Escobedo,20.50249361111111,-100.14473027777778,77404,0,0,0.011997836745700815,450.0,Densificación,19.876528868789123
20324,Oaxaca,San Pedro Pochutla,San Pedro Pochutla,15.746340833333333,-96.46523027777778,48204,0,0,0.011901606332495067,451.0,Mercado nuevo,148.55994469211717
14003,Jalisco,Ahualulco de Mercado,Ahualulco de Mercado,20.700555555555553,-103.97500000000001,23630,0,0,0.011847536042120955,452.0,Mercado nuevo,60.99287938268945
14006,Jalisco,Ameca,Ameca,20.548611111111114,-104.04305555555555,60386,0,0,0.011784266295369999,453.0,Mercado nuevo,69.07003960446967
13029,Hidalgo,Huichapan,Huichapan,20.375313055555555,-99.65118055555556,47425,0,0,0.01156745219119661,454.0,Mercado nuevo,36.34149555665713
14044,Jalisco,Ixtlahuacán de los Membrillos,Los Freseros (Los Sabinos),20.421372222222224,-103.18580555555556,67969,0,0,0.01144820574792229,455.0,Densificación,22.96026484303754
31082,Yucatán,Telchac Pueblo,Telchac,21.20334888888889,-89.27126722222222,3512,0,0,0.011443960242821547,456.0,Mercado nuevo,45.05310465405861
17030,Morelos,Yecapixtla,Yecapixtla,18.88341972222222,-98.86814361111111,56083,0,0,0.011409669055355506,457.0,Densificación,12.072060690337015
15075,México,San Martín de las Pirámides,San Martín de las Pirámides,19.704843333333333,-98.83452444444444,29182,0,0,0.011293766104727623,458.0,Densificación,17.32788713139052
19005,Nuevo León,Anáhuac,Anáhuac,27.240647222222222,-100.1324361111111,18030,0,0,0.011176609221219809,459.0,Mercado nuevo,67.39907989102427
20298,Oaxaca,San Pablo Villa de Mitla,San Pablo Villa de Mitla,16.921859722222223,-96.36215472222221,13587,0,0,0.011121044823002682,460.0,Mercado nuevo,38.73740780118273
29022,Tlaxcala,Acuamanala de Miguel Hidalgo,Concepción Chimalpa,19.21635861111111,-98.19836388888889,6432,0,0,0.011098428443776799,461.0,Densificación,10.869806148945033
07012,Chiapas,Berriozábal,Berriozábal,16.800320833333334,-93.27327138888889,64632,0,0,0.011094206340738131,462.0,Densificación,17.60090298347864
21177,Puebla,Tlacotepec de Benito Juárez,San Marcos Tlacoyalco,18.671558055555558,-97.6049861111111,54757,0,0,0.011073115908884826,463.0,Mercado nuevo,32.34254701191944
04004,Campeche,Champotón,Champotón,19.356218611111114,-90.72389111111112,78170,0,0,0.011062197971404255,464.0,Mercado nuevo,141.64791092757557
11030,Guanajuato,San Felipe,San Felipe,21.47933583333333,-101.21594472222222,119793,0,0,0.011061591372805617,465.0,Mercado nuevo,51.657534670377835
21118,Puebla,Los Reyes de Juárez,Los Reyes de Juárez,18.946788333333334,-97.8131036111111,30021,0,0,0.011054385515764785,466.0,Mercado nuevo,41.835081625097374
32015,Zacatecas,El Plateado de Joaquín Amaro,El Plateado de Joaquín Amaro,21.936653055555556,-103.0923936111111,1579,0,0,0.01089459388677198,467.0,Mercado nuevo,82.39748775889896
14091,Jalisco,Teocaltiche,Teocaltiche,21.434444444444445,-102.57027777777778,39839,0,0,0.010893516551548257,468.0,Mercado nuevo,57.059525629620346
17002,Morelos,Atlatlahucan,Atlatlahucan,18.936270833333335,-98.89917527777779,25232,0,0,0.010874144500337538,469.0,Densificación,14.945160683787519
31027,Yucatán,Dzidzantún,Dzidzantún,21.246678333333335,-89.042975,8345,0,0,0.010860236380704762,470.0,Mercado nuevo,67.83126203618171
20441,Oaxaca,Santa María Xadani,Santa María Xadani,16.360300833333334,-95.01985027777778,9234,0,0,0.01080791676825855,471.0,Mercado nuevo,194.7781237199097
17026,Morelos,Tlayacapan,Tlayacapan,18.95661722222222,-98.9831175,19408,0,0,0.010723867214275465,472.0,Densificación,16.259290247755104
20129,Oaxaca,San Cristóbal Suchixtlahuaca,San Cristóbal Suchixtlahuaca,17.727553888888888,-97.36665583333333,356,0,0,0.010696534609220001,473.0,Mercado nuevo,81.73109669034486
21211,Puebla,Zaragoza,Zaragoza,19.771435,-97.55564749999999,16752,0,0,0.010670624836286136,474.0,Mercado nuevo,71.6402111660724
26032,Sonora,Huásabas,Huásabas,29.904188055555554,-109.30146944444444,888,0,0,0.010572430559631947,475.0,Mercado nuevo,184.99583030143603
29019,Tlaxcala,Tepetitla de Lardizábal,Tepetitla,19.26753,-98.38200888888888,22274,0,0,0.010435535091708152,476.0,Densificación,17.0414303789171
08011,Chihuahua,Camargo,Santa Rosalía de Camargo,27.6949625,-105.17162027777778,49499,0,0,0.010250403431988662,477.0,Mercado nuevo,137.23071559520434
32022,Zacatecas,Juan Aldama,Juan Aldama,24.290481111111113,-103.39359027777779,19749,0,0,0.010167048137377567,478.0,Mercado nuevo,132.8665229307189
30047,Veracruz de Ignacio de la Llave,Coscomatepec,Coscomatepec de Bravo,19.072898333333335,-97.04642055555556,59471,0,0,0.01011321916867905,479.0,Densificación,23.030714980309547
14043,Jalisco,La Huerta,La Huerta,19.485,-104.64333333333335,23258,0,0,0.010099220965576082,480.0,Mercado nuevo,99.7121898228495
15100,México,Tezoyuca,Ejido de Tequisistlán Primero,19.602294722222222,-98.9615663888889,47044,0,0,0.009936056571721738,481.0,Densificación,9.182428481110676
07040,Chiapas,Huixtla,Huixtla,15.138288611111111,-92.46581777777779,53242,0,0,0.00956989343622238,482.0,Mercado nuevo,178.71690626475203
31003,Yucatán,Akil,Akil,20.267052777777778,-89.34682555555555,12285,0,0,0.009375506735869947,483.0,Mercado nuevo,83.07440785821771
21045,Puebla,Chalchicomula de Sesma,Ciudad Serdán,18.98826,-97.44849583333334,47410,0,0,0.009282668465653945,484.0,Mercado nuevo,39.81495421761308
21175,Puebla,Tianguismanalco,Tianguismanalco,18.977758888888886,-98.44821916666668,14432,0,0,0.009235321751622371,485.0,Densificación,17.537666990729015
08039,Chihuahua,López,Octaviano López,27.0025,-105.03305555555555,4122,0,0,0.0092287585201473,486.0,Mercado nuevo,208.68332188664425
31032,Yucatán,Espita,Espita,21.0110525,-88.3068225,16779,0,0,0.009015223065345194,487.0,Mercado nuevo,134.87301141075545
04006,Campeche,Hopelchén,Hopelchén,19.745548055555556,-89.84504361111111,42140,0,0,0.0088844496527135,488.0,Mercado nuevo,137.81223904309442
30067,Veracruz de Ignacio de la Llave,Filomeno Mata,Filomeno Mata,20.20024638888889,-97.70373861111112,19179,0,0,0.008850208623099345,489.0,Mercado nuevo,108.20048325145555
15011,México,Atenco,San Salvador Atenco,19.559339166666668,-98.9133475,75489,0,0,0.008833487204537666,490.0,Densificación,14.89839589317799
21163,Puebla,Tepatlaxco de Hidalgo,Tepatlaxco de Hidalgo,19.077302222222222,-97.96661694444445,18854,0,0,0.00880886481097146,491.0,Densificación,24.546008233301077
20439,Oaxaca,Santa María Tonameca,San Francisco Cozoaltepec,15.81243,-96.72196194444444,25347,0,0,0.008753502639995758,492.0,Mercado nuevo,138.72318129215694
07074,Chiapas,Reforma,Reforma,17.865811944444445,-93.14710805555556,44829,0,0,0.008692370049644607,493.0,Densificación,27.647552108045947
30010,Veracruz de Ignacio de la Llave,Altotonga,Altotonga,19.76614888888889,-97.24552611111112,64234,0,0,0.0085798660027829,494.0,Mercado nuevo,43.0108678997706
30204,Veracruz de Ignacio de la Llave,Agua Dulce,Agua Dulce,18.138272222222223,-94.1472388888889,44104,0,0,0.008535212781182086,495.0,Mercado nuevo,32.30980969458834
14086,Jalisco,Tapalpa,Tapalpa,19.945555555555554,-103.75416666666666,21245,0,0,0.008528505369133098,496.0,Mercado nuevo,74.64542007743007
13001,Hidalgo,Acatlán,28 de Mayo (Santa Rosa) [Colonia],20.16738777777778,-98.38841555555557,22268,0,0,0.008456499050385717,497.0,Mercado nuevo,36.732507806537576
20389,Oaxaca,Santa Inés Yatzeche,Santa Inés Yatzeche,16.808673333333335,-96.75632416666667,908,0,0,0.008266577805932469,498.0,Densificación,28.137793779488156
24037,San Luis Potosí,Tamazunchale,Tamazunchale,21.26273777777778,-98.7915175,95037,0,0,0.008258093278160746,499.0,Mercado nuevo,126.93099314542442
12066,Guerrero,Tlapa de Comonfort,Tlapa de Comonfort,17.546949444444447,-98.58213833333333,96125,0,0,0.008216766173219476,500.0,Mercado nuevo,97.42537928451557
29026,Tlaxcala,Santa Cruz Tlaxcala,San Miguel Contla,19.362077777777777,-98.13300972222221,24116,0,0,0.008207956355165297,501.0,Densificación,7.470887016704148
29016,Tlaxcala,Ixtenco,Ixtenco,19.251144166666666,-97.89511111111112,7504,0,0,0.008162563986609703,502.0,Mercado nuevo,32.032777648433374
31060,Yucatán,Quintana Roo,Quintana Roo,20.8671875,-88.6317511111111,976,0,0,0.008113213103108403,503.0,Mercado nuevo,103.70424561038806
31105,Yucatán,Yaxkukul,Yaxkukul,21.06347888888889,-89.41923833333334,3293,0,0,0.008000820047838843,504.0,Densificación,23.81747701943214
15052,México,Malinalco,Malinalco,18.952341666666666,-99.49756527777778,28155,0,0,0.007991002006442278,505.0,Densificación,26.999493525408926
17017,Morelos,Puente de Ixtla,Puente de Ixtla,18.616875,-99.32370138888888,40018,0,0,0.007964065934732636,506.0,Mercado nuevo,33.270016515158844
31085,Yucatán,Temozón,Temozón,20.80368027777778,-88.20115777777778,16680,0,0,0.00793213237416073,507.0,Mercado nuevo,118.69050095447184
07079,Chiapas,San Fernando,San Fernando,16.871711944444446,-93.20628472222222,41793,0,0,0.007893777556261538,508.0,Densificación,16.291612145489854
14121,Jalisco,Zapotiltic,Zapotiltic,19.625555555555557,-103.41250000000001,33713,0,0,0.00786514666641791,509.0,Mercado nuevo,53.903177481521894
25009,Sinaloa,Escuinapa,Escuinapa de Hidalgo,22.83505138888889,-105.77787583333333,59988,0,0,0.0077432072603466785,510.0,Mercado nuevo,77.44777737915123
30011,Veracruz de Ignacio de la Llave,Alvarado,Alvarado,18.7742775,-95.76392916666667,57035,0,0,0.007716939348701064,511.0,Mercado nuevo,55.22807204840166
16068,Michoacán de Ocampo,Peribán,Peribán de Ramos,19.520726944444444,-102.41618833333334,29389,0,0,0.007368159480889335,512.0,Mercado nuevo,38.67543012642324
20150,Oaxaca,San Francisco Telixtlahuaca,San Francisco Telixtlahuaca,17.29659555555556,-96.90441333333334,13856,0,0,0.007367782176074148,513.0,Mercado nuevo,32.459530591016104
26037,Sonora,Mazatán,Mazatán,29.003356944444445,-110.14022083333334,1101,0,0,0.007331232684278584,514.0,Mercado nuevo,79.94318912475154
15001,México,Acambay de Ruíz Castañeda,Villa de Acambay de Ruíz Castañeda,19.95622861111111,-99.84403194444444,67872,0,0,0.007307783722500329,515.0,Mercado nuevo,50.519133727105384
08004,Chihuahua,Aquiles Serdán,Santa Eulalia,28.594503333333332,-105.88747388888889,24344,0,0,0.0072722828833539695,516.0,Densificación,19.022871993982154
31020,Yucatán,Chicxulub Pueblo,Chicxulub Pueblo,21.137289444444445,-89.51507611111111,4497,0,0,0.007221171787979761,517.0,Densificación,22.022120417119922
30208,Veracruz de Ignacio de la Llave,Carlos A. Carrillo,Carlos A. Carrillo,18.371734444444446,-95.74475972222223,23376,0,0,0.0071514773057981245,518.0,Mercado nuevo,51.00867902422395
29011,Tlaxcala,Muñoz de Domingo Arenas,Muñoz,19.47604972222222,-98.20888583333334,4755,0,0,0.007146532711357853,519.0,Densificación,16.038642939737894
14084,Jalisco,Talpa de Allende,Talpa de Allende,20.38138888888889,-104.81805555555555,14997,0,0,0.007141466057275161,520.0,Mercado nuevo,49.82922636628108
15068,México,Ozumba,Ozumba de Alzate,19.039176944444446,-98.79538944444444,30785,0,0,0.007085968371002332,521.0,Densificación,26.83351703332789
31074,Yucatán,Tahmek,Tahmek,20.875535,-89.25579472222222,3774,0,0,0.0070421517196633246,522.0,Mercado nuevo,39.627177329705326
31043,Yucatán,Kaua,Kaua,20.620085555555555,-88.41461666666667,3405,0,0,0.007038455590651477,523.0,Mercado nuevo,131.55895573271064
21049,Puebla,Chiconcuautla,Chiconcuautla,20.0947675,-97.93962555555557,17382,0,0,0.006938339442239362,524.0,Mercado nuevo,83.31577946125583
15114,México,Villa Victoria,Villa Victoria,19.441875555555555,-99.99505027777778,108196,0,0,0.006787679401157453,525.0,Mercado nuevo,32.38309309763974
06004,Colima,Coquimatlán,Coquimatlán,19.20141,-103.81091694444444,20837,0,0,0.006785853662118041,526.0,Densificación,9.842910090695216
30061,Veracruz de Ignacio de la Llave,Las Choapas,Las Choapas,17.90932583333333,-94.09027611111111,81080,0,0,0.006758199366381569,527.0,Mercado nuevo,46.009982851213294
29054,Tlaxcala,San Lorenzo Axocomanitla,San Lorenzo Axocomanitla,19.225223611111108,-98.2488738888889,5689,0,0,0.0067560512626384725,528.0,Densificación,11.482420866064723
04011,Campeche,Candelaria,Candelaria,18.183450555555556,-91.04629361111111,46913,0,0,0.006731079337000662,529.0,Mercado nuevo,97.47745789231388
23010,Quintana Roo,Bacalar,Bacalar,18.676146666666668,-88.38935277777779,41754,0,0,0.00657397944592625,530.0,Densificación,22.441529973843195
07015,Chiapas,Cacahoatán,Cacahoatán,14.989788611111111,-92.16811027777779,50112,0,0,0.006557112422571648,531.0,Mercado nuevo,200.66681271784765
20294,Oaxaca,San Pablo Huitzo,San Pablo Huitzo,17.27736722222222,-96.88449555555556,7035,0,0,0.006539531944494627,532.0,Densificación,29.491356813514358
21102,Puebla,Nealtican,San Buenaventura Nealtican,19.05094666666667,-98.42773027777778,14075,0,0,0.006450326668202613,533.0,Densificación,12.700667366136404
20262,Oaxaca,San Miguel Amatlán,Cuajimoloyas,17.11940166666667,-96.45173833333334,991,0,0,0.00645006563084447,534.0,Densificación,26.542195671268566
14095,Jalisco,Teuchitlán,Teuchitlán,20.685277777777777,-103.84916666666666,9647,0,0,0.006433766994405861,535.0,Mercado nuevo,48.02943762287018
21197,Puebla,Xicotepec,Xicotepec de Juárez,20.27605861111111,-97.95814361111111,80591,0,0,0.006416856101598737,536.0,Mercado nuevo,83.05582877311667
08005,Chihuahua,Ascensión,Ascensión,31.09217611111111,-107.99594944444445,26093,0,0,0.006360091342237697,537.0,Mercado nuevo,160.77410575734623
14036,Jalisco,Etzatlán,Etzatlán,20.76722222222222,-104.07833333333333,20011,0,0,0.006350005156785357,538.0,Mercado nuevo,71.86679851418971
18001,Nayarit,Acaponeta,Acaponeta,22.4893875,-105.36018416666666,37232,0,0,0.006347867085721271,539.0,Mercado nuevo,134.50953604302637
30071,Veracruz de Ignacio de la Llave,Huatusco,Huatusco de Chicuellar,19.14697138888889,-96.96734972222222,59920,0,0,0.0063476146810914945,540.0,Densificación,28.287191381698435
01003,Aguascalientes,Calvillo,Calvillo,21.84690722222222,-102.71875055555556,58250,0,0,0.0062223870194246635,541.0,Mercado nuevo,43.775112154502665
14103,Jalisco,Tonila,San Marcos,19.44611111111111,-103.50638888888889,7565,0,0,0.006188150326715338,542.0,Mercado nuevo,32.429159039696025
15003,México,Aculco,San Lucas Totolmaloya,20.163501944444445,-99.89650333333334,49266,0,0,0.006174337138247013,543.0,Densificación,27.02295806953471
04010,Campeche,Calakmul,Xpujil,18.505370833333334,-89.39727555555557,31714,0,0,0.0061016923362583715,544.0,Mercado nuevo,115.93502809270487
15115,México,Xonacatlán,Xonacatlán,19.404419166666667,-99.53039583333333,54633,0,0,0.006098369392890516,545.0,Densificación,13.380039659701938
20062,Oaxaca,Natividad,Natividad,17.29687555555556,-96.43329361111111,498,0,0,0.006098217507574123,546.0,Mercado nuevo,37.959057889632355
13081,Hidalgo,Zacualtipán de Ángeles,Zacualtipán,20.64518138888889,-98.65362694444445,38155,0,0,0.006081542380620117,547.0,Mercado nuevo,58.78103931429526
29028,Tlaxcala,Teolocholco,Teolocholco,19.244394444444445,-98.1923513888889,25257,0,0,0.00606826229562434,548.0,Densificación,7.737825631695124
14119,Jalisco,Zacoalco de Torres,Zacoalco de Torres,20.22861111111111,-103.56527777777778,30472,0,0,0.006050502799248001,549.0,Mercado nuevo,37.50496585159812
21110,Puebla,Palmar de Bravo,San Miguel Xaltepec,18.873691666666666,-97.61546972222222,50226,0,0,0.005920393569959822,550.0,Mercado nuevo,51.45823422079063
25010,Sinaloa,El Fuerte,El Fuerte,26.42159888888889,-108.61996638888888,96593,0,0,0.005866049661135719,551.0,Mercado nuevo,80.206921929155
15043,México,Xalatlaco,Xalatlaco,19.18438666666667,-99.41373611111112,30687,0,0,0.005806383234004776,552.0,Densificación,5.409394918545398
07096,Chiapas,Tila,Tila,17.300634722222224,-92.42586472222223,83505,0,0,0.005786012181479002,553.0,Mercado nuevo,66.59043968837192
31058,Yucatán,Peto,Peto,20.125918333333335,-88.92398527777779,25954,0,0,0.005768652581474856,554.0,Mercado nuevo,118.643013590861
10032,Durango,Santiago Papasquiaro,Santiago Papasquiaro,25.039079722222223,-105.420945,49207,0,0,0.005761725258383135,555.0,Mercado nuevo,136.0425817668114
15061,México,Nopaltepec,San Felipe Teotitlán,19.803110833333335,-98.70183416666667,10351,0,0,0.00562631571832359,556.0,Mercado nuevo,33.92529549091411
19029,Nuevo León,Hualahuises,Hualahuises,24.884641666666667,-99.67322777777778,7026,0,0,0.005602829618622916,557.0,Mercado nuevo,106.05855789894345
32030,Zacatecas,Momax,Momax,21.922014166666667,-103.31397527777777,2446,0,0,0.005602258473450495,558.0,Mercado nuevo,105.12425601467801
32005,Zacatecas,Calera,Víctor Rosales,22.949037222222223,-102.7022625,45759,0,0,0.005555181686422383,559.0,Densificación,23.41749987271168
14051,Jalisco,Juanacatlán,La Aurora,20.567456666666665,-103.14222833333334,30855,0,0,0.005465885260767446,560.0,Densificación,24.081412364755984
20280,Oaxaca,Villa Talea de Castro,Villa Talea de Castro,17.36000277777778,-96.2499211111111,2011,0,0,0.005422493767140027,561.0,Mercado nuevo,57.56790910019833
07086,Chiapas,Suchiapa,Suchiapa,16.621958055555556,-93.10479388888888,25627,0,0,0.005420331863245881,562.0,Densificación,14.721023566251233
05007,Coahuila de Zaragoza,Cuatro Ciénegas,Cuatro Ciénegas de Carranza,26.98686361111111,-102.06710111111111,12715,0,0,0.005402897782457585,563.0,Mercado nuevo,65.11846163655521
20403,Oaxaca,Santa María Coyotepec,Santa María Coyotepec,16.967160555555555,-96.70673638888888,3751,0,0,0.005400858061425106,564.0,Densificación,10.512537871460202
07077,Chiapas,Salto de Agua,Salto de Agua,17.557020833333333,-92.33342194444444,64251,0,0,0.005360049183193972,565.0,Mercado nuevo,78.39017804317685
25017,Sinaloa,Sinaloa,Estación Naranjo,25.801375555555556,-108.47782833333333,78670,0,0,0.005284021607831314,566.0,Mercado nuevo,51.75054065345697
27017,Tabasco,Tenosique,Tenosique de Pino Suárez,17.477494166666666,-91.42594777777778,62310,0,0,0.005272692114731826,567.0,Mercado nuevo,136.12180366396697
31091,Yucatán,Tinum,Pisté,20.6985975,-88.58823555555556,12700,0,0,0.00526025288462647,568.0,Mercado nuevo,111.75760954013664
07002,Chiapas,Acala,Acala,16.551673611111113,-92.80750833333333,21187,0,0,0.005202767567785522,569.0,Densificación,27.432877278103497
24005,San Luis Potosí,Cárdenas,Cárdenas,22.000904444444444,-99.642505,18317,0,0,0.00519340465785185,570.0,Mercado nuevo,138.5229748545622
31004,Yucatán,Baca,Baca,21.109548333333336,-89.39938222222223,6195,0,0,0.005154741624891912,571.0,Densificación,28.18991337189195
13038,Hidalgo,Mineral del Chico,Benito Juárez,20.161798333333333,-98.826335,8878,0,0,0.0051416920202310415,572.0,Densificación,10.305634510057052
21154,Puebla,Tecamachalco,Tecamachalco,18.884691666666665,-97.72841611111112,80771,0,0,0.0051042163611431995,573.0,Mercado nuevo,52.41187583175328
27003,Tabasco,Centla,Frontera,18.53011083333333,-92.65218722222222,107731,0,0,0.005083057655768813,574.0,Mercado nuevo,66.57418899043728
11045,Guanajuato,Xichú,Xichú,21.29860777777778,-100.05961222222221,11143,0,0,0.004994353308551271,575.0,Mercado nuevo,80.77668430496784
31047,Yucatán,Maní,Maní,20.38770138888889,-89.39297083333334,5968,0,0,0.004977602582157026,576.0,Mercado nuevo,68.82300993873434
21115,Puebla,Quecholac,Palmarito Tochapan,18.902716666666667,-97.63485277777778,57992,0,0,0.004961320836800161,577.0,Mercado nuevo,55.262284550969746
30089,Veracruz de Ignacio de la Llave,Jáltipan,Jáltipan de Morelos,17.966068055555557,-94.72173472222222,38669,0,0,0.004939666193592516,578.0,Mercado nuevo,34.23704337478017
27001,Tabasco,Balancán,Balancán,17.800395,-91.5338461111111,58524,0,0,0.00492150252443125,579.0,Mercado nuevo,98.44649192594521
15050,México,Juchitepec,Juchitepec de Mariano Rivapalacio,19.101911944444446,-98.88091555555555,27116,0,0,0.0048999100051732745,580.0,Densificación,17.771965745970384
32048,Zacatecas,Tlaltenango de Sánchez Román,Tlaltenango de Sánchez Román,21.783041666666666,-103.30581333333333,27302,0,0,0.004869528171382648,581.0,Mercado nuevo,104.7822505940003
27011,Tabasco,Jonuta,Jonuta,18.09070611111111,-92.13872916666668,30798,0,0,0.004848471143129714,582.0,Mercado nuevo,68.68951611908392
14055,Jalisco,Magdalena,Magdalena,20.906388888888888,-103.97611111111111,21781,0,0,0.004827531204065361,583.0,Mercado nuevo,64.41372187883184
20364,Oaxaca,Santa Catarina Juquila,Santa Catarina Juquila,16.237009444444446,-97.29247277777777,18654,0,0,0.004786338708086533,584.0,Mercado nuevo,109.65079182945132
26066,Sonora,Ures,Heroica Ciudad de Ures,29.42807666666667,-110.3895825,8548,0,0,0.004762215696151789,585.0,Mercado nuevo,67.73681937442117
20551,Oaxaca,Tlacolula de Matamoros,Tlacolula de Matamoros,16.955623888888887,-96.479215,30254,0,0,0.0047523458139708576,586.0,Densificación,25.892445320826386
15082,México,Tejupilco,Tejupilco de Hidalgo,18.905696388888888,-100.15340277777779,79282,0,0,0.004716424082008515,587.0,Mercado nuevo,60.913822469716045
14009,Jalisco,El Arenal,El Arenal,20.77611111111111,-103.69388888888889,21115,0,0,0.004697705810823886,588.0,Mercado nuevo,32.292226596052
30123,Veracruz de Ignacio de la Llave,Pánuco,Pánuco,22.0536125,-98.18130527777778,96185,0,0,0.004688931749765999,589.0,Mercado nuevo,37.849025358550115
31075,Yucatán,Teabo,Teabo,20.400411111111108,-89.28491916666667,6921,0,0,0.004660331854154988,590.0,Mercado nuevo,72.27626642757916
12007,Guerrero,Arcelia,Arcelia,18.315825,-100.28395194444444,33267,0,0,0.004652090746149645,591.0,Mercado nuevo,78.76323362224898
14005,Jalisco,Amatitán,Amatitán,20.834999999999997,-103.73,16490,0,0,0.004599963679717659,592.0,Mercado nuevo,37.652150534894645
30133,Veracruz de Ignacio de la Llave,Pueblo Viejo,Benito Juárez,22.20423472222222,-97.84080972222222,57909,0,0,0.004594236956257734,593.0,Densificación,2.2367814053123305
31014,Yucatán,Cuncunul,Cuncunul,20.641163055555555,-88.29663138888888,1714,0,0,0.004589800374427704,594.0,Mercado nuevo,127.08057904809463
13056,Hidalgo,Santiago Tulantepec de Lugo Guerrero,Santiago Tulantepec,20.039193055555558,-98.35700638888888,39561,0,0,0.004557920921175435,595.0,Mercado nuevo,40.748052546008644
12077,Guerrero,Marquelia,Marquelia,16.58331388888889,-98.81785194444444,14280,0,0,0.004443764598473702,596.0,Mercado nuevo,117.94831193380745
14002,Jalisco,Acatlán de Juárez,Acatlán de Juárez,20.42138888888889,-103.58722222222222,25250,0,0,0.0044391225817326544,597.0,Densificación,24.063369161476576
14108,Jalisco,Tuxpan,Tuxpan,19.554444444444446,-103.37222222222222,37518,0,0,0.0044352113797835515,598.0,Mercado nuevo,50.92377287253037
30032,Veracruz de Ignacio de la Llave,Catemaco,Catemaco,18.424614722222223,-95.11233916666666,49451,0,0,0.0044171863378900215,599.0,Mercado nuevo,76.56839178449607
15090,México,Tenango del Valle,Tenango de Arista,19.103760833333336,-99.59157499999999,90518,0,0,0.00440896524471043,600.0,Densificación,16.648467399225048
31046,Yucatán,Mama,Mama,20.477398055555554,-89.36557944444444,3296,0,0,0.004407013166077833,601.0,Mercado nuevo,60.78539766506559
26008,Sonora,Bacadéhuachi,Bacadéhuachi,29.809073611111113,-109.14074527777778,979,0,0,0.004377633185224225,602.0,Mercado nuevo,194.02447260638317
21100,Puebla,Naupan,Naupan,20.228471944444443,-98.10973305555555,9310,0,0,0.004368652411552086,603.0,Mercado nuevo,66.52394132226061
08026,Chihuahua,Gran Morelos,San Nicolás de Carretas,28.247824444444447,-106.51012333333334,2448,0,0,0.004358888819492543,604.0,Mercado nuevo,60.57858160283282
31069,Yucatán,Sotuta,Sotuta,20.595017777777777,-89.00670555555556,8967,0,0,0.004341160071786982,605.0,Mercado nuevo,76.41571116570753
21043,Puebla,Cuetzalan del Progreso,Ciudad de Cuetzalan,20.018520277777778,-97.52077055555556,49864,0,0,0.00433223749191654,606.0,Mercado nuevo,83.08565112256784
12012,Guerrero,Ayutla de los Libres,Ayutla de los Libres,16.965286944444443,-99.09738388888888,69123,0,0,0.0043288231502828615,607.0,Mercado nuevo,78.02939894393312
32011,Zacatecas,Trinidad García de la Cadena,La Estanzuela,21.209789999999998,-103.46487083333334,3362,0,0,0.0043213145796482675,608.0,Mercado nuevo,54.92330112035139
05016,Coahuila de Zaragoza,Lamadrid,Lamadrid,27.048493611111113,-101.79359916666667,1764,0,0,0.004284538219016346,609.0,Mercado nuevo,40.73351388067261
12042,Guerrero,Mártir de Cuilapan,Apango,17.741925277777778,-99.3293411111111,18613,0,0,0.004250078904172701,610.0,Densificación,27.905994003013543
31063,Yucatán,Samahil,Samahil,20.8834175,-89.88881555555557,5631,0,0,0.004239133714942794,611.0,Densificación,29.01254410960603
19020,Nuevo León,General Bravo,General Bravo,25.793297222222225,-99.18123333333334,5506,0,0,0.0042364368755753515,612.0,Mercado nuevo,96.22908696677392
13052,Hidalgo,San Agustín Tlaxiaca,San Agustín Tlaxiaca,20.115660833333333,-98.88677750000001,38891,0,0,0.004206272059253169,613.0,Densificación,15.655915226211269
16026,Michoacán de Ocampo,Chinicuila,Villa Victoria,18.758168055555554,-103.36780027777777,4773,0,0,0.004173212600665736,614.0,Mercado nuevo,65.8827017233654
14013,Jalisco,Atotonilco el Alto,Atotonilco el Alto,20.550555555555555,-102.50416666666666,64009,0,0,0.004158218619779185,615.0,Mercado nuevo,59.1207732264665
14007,Jalisco,San Juanito de Escobedo,San Juanito de Escobedo,20.8004675,-104.00098583333333,9433,0,0,0.004125463142815642,616.0,Mercado nuevo,64.24359424584654
30158,Veracruz de Ignacio de la Llave,Tecolutla,Tecolutla,20.477392499999997,-97.00845083333333,24551,0,0,0.004117175847443302,617.0,Mercado nuevo,106.04906203063389
11044,Guanajuato,Villagrán,Villagrán,20.511371666666665,-100.99650277777778,65791,0,0,0.004109933022058575,618.0,Densificación,19.084085640627514
07057,Chiapas,Motozintla,Motozintla de Mendoza,15.363167222222222,-92.24774444444445,76398,0,0,0.00406498068987296,619.0,Mercado nuevo,158.3430035821404
31026,Yucatán,Dzemul,Dzemul,21.211503055555553,-89.30881388888889,3622,0,0,0.0040627150891592075,620.0,Mercado nuevo,42.518667203262254
17024,Morelos,Tlaltizapán de Zapata,Santa Rosa Treinta,18.699155277777777,-99.1795125,52399,0,0,0.003996794056345147,621.0,Densificación,20.330023424892968
31078,Yucatán,Tekantó,Tekantó,21.011647222222223,-89.10608388888889,3747,0,0,0.003959375110610837,622.0,Mercado nuevo,54.03202831127988
30183,Veracruz de Ignacio de la Llave,Tlapacoyan,Tlapacoyan,19.96265222222222,-97.21252972222223,61377,0,0,0.003954797203440945,623.0,Mercado nuevo,57.15041287830697
15107,México,Tonatico,Tonatico,18.802019444444444,-99.670935,12912,0,0,0.0039490457983065354,624.0,Mercado nuevo,47.77512575369586
21109,Puebla,Pahuatlán,Ciudad de Pahuatlán de Valle,20.27572611111111,-98.14991027777778,20274,0,0,0.0039385356150692385,625.0,Mercado nuevo,63.59567427892546
06005,Colima,Cuauhtémoc,Quesería,19.386947499999998,-103.57367916666666,31267,0,0,0.00391575417318553,626.0,Densificación,22.784235392945096
15067,México,Otzolotepec,Villa Cuauhtémoc,19.416206388888888,-99.55858944444444,88783,0,0,0.0039032970771243685,627.0,Densificación,15.35326244011289
24058,San Luis Potosí,El Naranjo,El Naranjo,22.52203611111111,-99.32250944444444,20959,0,0,0.0038882597424002964,628.0,Mercado nuevo,135.5723713563383
21090,Puebla,Juan C. Bonilla,Santa María Zacatepec,19.12244138888889,-98.36590666666666,23783,0,0,0.003886063633827477,629.0,Densificación,6.151589456458814
26004,Sonora,Altar,Altar,30.713338888888888,-111.83357194444444,9492,0,0,0.003885559633579452,630.0,Mercado nuevo,108.61461947449436
20059,Oaxaca,Miahuatlán de Porfirio Díaz,Miahuatlán de Porfirio Díaz,16.328477499999998,-96.59652416666667,50375,0,0,0.0038853787712494984,631.0,Mercado nuevo,82.46479183080133
05023,Coahuila de Zaragoza,Ocampo,Ocampo,27.311215,-102.39740472222223,9642,0,0,0.0038813059509282583,632.0,Mercado nuevo,107.19560178208262
14035,Jalisco,Encarnación de Díaz,Encarnación de Díaz,21.524444444444445,-102.23305555555555,53039,0,0,0.0037881430382344645,633.0,Mercado nuevo,40.04855709671714
20057,Oaxaca,Matías Romero Avendaño,Matías Romero Avendaño,16.877889444444445,-95.04214944444445,38183,0,0,0.0037448310839276622,634.0,Mercado nuevo,153.402608263098
30014,Veracruz de Ignacio de la Llave,Amatlán de los Reyes,Amatlán de los Reyes,18.84757833333333,-96.9154838888889,46955,0,0,0.003715381954262094,635.0,Densificación,5.608575763185253
31002,Yucatán,Acanceh,Acanceh,20.81242166666667,-89.45354666666667,16772,0,0,0.003704616443401122,636.0,Densificación,24.74872893912629
31070,Yucatán,Sucilá,Sucilá,21.156165555555553,-88.31393833333333,3971,0,0,0.003695391985593733,637.0,Mercado nuevo,137.58857491643434
15017,México,Ayapango,Ayapango de Gabriel Ramos M.,19.127221388888888,-98.80250555555556,10053,0,0,0.003689412488945437,638.0,Densificación,17.815791098573303
08025,Chihuahua,Gómez Farías,Valentín Gómez Farías,29.357019166666667,-107.738655,7023,0,0,0.003646302308794132,639.0,Mercado nuevo,180.41881747382155
31080,Yucatán,Tekit,Tekit,20.533493333333336,-89.33309472222221,11020,0,0,0.003621370131544898,640.0,Mercado nuevo,56.98085580056998
25008,Sinaloa,Elota,La Cruz,23.91540388888889,-106.89271166666667,55339,0,0,0.003566896647434148,641.0,Mercado nuevo,92.85594205571017
32019,Zacatecas,Jalpa,Jalpa,21.63223916666667,-102.97583416666667,25296,0,0,0.0035580131568726707,642.0,Mercado nuevo,75.40950010331878
15048,México,Jocotitlán,Ciudad de Jocotitlán,19.711817777777778,-99.7857975,69264,0,0,0.0035549120549704704,643.0,Mercado nuevo,47.76761700651579
32018,Zacatecas,Huanusco,Huanusco,21.77216888888889,-102.97202416666667,4547,0,0,0.0035443960386713825,644.0,Mercado nuevo,70.79649833928092
26001,Sonora,Aconchi,Aconchi,29.8258725,-110.22855194444445,2563,0,0,0.0035300215668648827,645.0,Mercado nuevo,109.39789844684248
15083,México,Temamatla,Temamatla,19.202740555555554,-98.86990222222222,14130,0,0,0.0034297915783522872,646.0,Densificación,7.033250045613376
20545,Oaxaca,Teotitlán de Flores Magón,Teotitlán de Flores Magón,18.132334444444446,-97.07070416666666,10099,0,0,0.0033916730377466084,647.0,Mercado nuevo,49.958123864363365
20119,Oaxaca,San Bartolomé Yucuañe,San Bartolomé Yucuañe,17.242546944444445,-97.44792944444445,735,0,0,0.0033697004953186257,648.0,Mercado nuevo,79.40191465459361
25005,Sinaloa,Cosalá,Cosalá,24.411345833333332,-106.69153472222223,17012,0,0,0.0033605162700381173,649.0,Mercado nuevo,83.62347597972482
13070,Hidalgo,Tlahuelilpan,Tlahuelilpan,20.130627222222223,-99.23467972222222,19067,0,0,0.003357858605652634,650.0,Mercado nuevo,32.17910836209552
29060,Tlaxcala,Santa Isabel Xiloxoxtla,Santa Isabel Xiloxoxtla,19.268064444444445,-98.21355805555555,5443,0,0,0.0033528459182104267,651.0,Densificación,5.544336007824396
21091,Puebla,Juan Galindo,Nuevo Necaxa,20.212083055555556,-98.00214194444445,9828,0,0,0.003333969861399972,652.0,Mercado nuevo,77.34883537853725
14077,Jalisco,San Martín Hidalgo,San Martín Hidalgo,20.435,-103.92861111111111,28102,0,0,0.0033165949220969188,653.0,Mercado nuevo,57.83260646840816
07094,Chiapas,Teopisca,Teopisca,16.54151388888889,-92.47259722222222,49499,0,0,0.003314984770832337,654.0,Densificación,27.955321398498832
08024,Chihuahua,Santa Isabel,Santa Isabel,28.34334583333333,-106.36805444444444,3791,0,0,0.0033040392004075906,655.0,Mercado nuevo,43.33196075131031
14110,Jalisco,Unión de Tula,Unión de Tula,19.954444444444444,-104.26444444444445,13799,0,0,0.003299596624938575,656.0,Mercado nuevo,97.03567561662634
14096,Jalisco,Tizapán el Alto,Tizapán el Alto,20.15861111111111,-103.03916666666666,22758,0,0,0.003296245758924208,657.0,Mercado nuevo,35.48239684433393
13006,Hidalgo,Alfajayucan,Alfajayucan,20.40997111111111,-99.34958916666666,19162,0,0,0.0032749958215423014,658.0,Mercado nuevo,64.25149441267986
07041,Chiapas,La Independencia,Venustiano Carranza,16.19085638888889,-91.9287925,46409,0,0,0.003242415300461849,659.0,Mercado nuevo,96.95653527077334
20334,Oaxaca,Villa de Tututepec,Río Grande o Piedra Parada,16.013719444444444,-97.43777361111111,50541,0,0,0.0032324697704891126,660.0,Mercado nuevo,138.92552552723353
22008,Querétaro,Huimilpan,El Vegil,20.42797666666667,-100.34996777777778,36808,0,0,0.003226533880762473,661.0,Densificación,18.8588589517341
15047,México,Jiquipilco,San Bartolo Oxtotitlán,19.620805277777777,-99.61483277777778,76826,0,0,0.00321043531427571,662.0,Mercado nuevo,36.66755764986721
17032,Morelos,Zacualpan de Amilpas,Tlacotepec,18.81433416666667,-98.7516125,9965,0,0,0.0032102331738406084,663.0,Densificación,21.43592150708193
24036,San Luis Potosí,Tamasopo,Tamasopo,21.92390166666667,-99.39215972222223,29184,0,0,0.003185960070453857,664.0,Mercado nuevo,161.35427855145414
14021,Jalisco,Casimiro Castillo,La Resolana,19.603611111111114,-104.43472222222222,20548,0,0,0.003166093536561764,665.0,Mercado nuevo,84.2567050430483
30190,Veracruz de Ignacio de la Llave,Tuxtilla,Tuxtilla,18.238959722222223,-95.89474611111112,2258,0,0,0.003135866536438636,666.0,Densificación,29.43920694237104
32007,Zacatecas,Concepción del Oro,Concepción del Oro,24.61316888888889,-101.4204838888889,12115,0,0,0.003134492696564269,667.0,Mercado nuevo,99.3961248913647
17025,Morelos,Tlaquiltenango,Tlaquiltenango,18.63003,-99.16266222222222,33789,0,0,0.003110749373083618,668.0,Densificación,28.056720032851842
24021,San Luis Potosí,Mexquitic de Carmona,San Marcos (San Marcos Carmona),22.192094444444443,-101.05333472222222,58469,0,0,0.003106801537961539,669.0,Densificación,9.059452058328912
15045,México,Jilotepec,Jilotepec de Molina Enríquez,19.952834444444445,-99.53282861111111,87671,0,0,0.0030925482440611815,670.0,Mercado nuevo,32.98122713453974
26046,Sonora,Oquitoa,Oquitoa,30.74205388888889,-111.73481805555555,496,0,0,0.0030601210989757337,671.0,Mercado nuevo,99.33242831116732
31036,Yucatán,Homún,Homún,20.73951527777778,-89.28575444444444,8090,0,0,0.0030439462290400097,672.0,Mercado nuevo,43.37130980485756
20243,Oaxaca,San Martín Tilcajete,San Martín Tilcajete,16.858948055555558,-96.6955713888889,1975,0,0,0.0030432044011586426,673.0,Densificación,22.579930378042903
20033,Oaxaca,Guadalupe Etla,Guadalupe Etla,17.171636944444444,-96.81057555555556,2929,0,0,0.0030391493387647685,674.0,Densificación,15.360615920787371
32039,Zacatecas,Río Grande,Río Grande,23.827434166666666,-103.03433166666666,64535,0,0,0.0030205691380167025,675.0,Mercado nuevo,126.08418583780086
16103,Michoacán de Ocampo,Venustiano Carranza,San Pedro Cahro,20.115974166666668,-102.65236111111112,23469,0,0,0.003013512892248352,676.0,Densificación,9.343036438154764
05019,Coahuila de Zaragoza,Morelos,Morelos,28.410104444444443,-100.8866313888889,7928,0,0,0.00294994870225738,677.0,Mercado nuevo,48.184023084605364
15094,México,Tepetlixpa,Tepetlixpa,19.029515,-98.81970805555555,20500,0,0,0.0029491010293772883,678.0,Densificación,26.961907106980675
32013,Zacatecas,General Enrique Estrada,General Enrique Estrada,22.995123333333336,-102.74001305555555,6644,0,0,0.00294819358409972,679.0,Densificación,29.83232858342556
16106,Michoacán de Ocampo,Yurécuaro,Yurécuaro,20.341088888888887,-102.28242527777778,32303,0,0,0.0029345694444827823,680.0,Mercado nuevo,39.754946435329494
16025,Michoacán de Ocampo,Chilchota,Chilchota,19.849206944444443,-102.11943722222222,40560,0,0,0.0029340377692081776,681.0,Densificación,22.941570133430947
12021,Guerrero,Coyuca de Benítez,Coyuca de Benítez,17.009001666666666,-100.08936722222222,73056,0,0,0.00292377226696886,682.0,Densificación,27.07548696125221
29040,Tlaxcala,Xaltocan,San Simón Tlatlahuquitepec,19.399176666666666,-98.22155833333333,10601,0,0,0.0029118397205470568,683.0,Densificación,7.880279475487535
29023,Tlaxcala,Natívitas,Santiago Michac,19.22056111111111,-98.33767083333333,26309,0,0,0.0028906237558904563,684.0,Densificación,10.421744578922745
11013,Guanajuato,Doctor Mora,Doctor Mora,21.14264,-100.31894944444444,27390,0,0,0.002878318089250747,685.0,Mercado nuevo,48.786124343536464
31009,Yucatán,Cansahcab,Cansahcab,21.158102777777778,-89.10234138888889,4466,0,0,0.002868261664335627,686.0,Mercado nuevo,58.16778713047455
31007,Yucatán,Cacalchén,Cacalchén,20.98309861111111,-89.22818000000001,7490,0,0,0.002859545941415874,687.0,Mercado nuevo,41.17366062081905
14001,Jalisco,Acatic,Acatic,20.779444444444444,-102.90527777777778,23175,0,0,0.0028559227512366995,688.0,Mercado nuevo,46.86371155743344
31048,Yucatán,Maxcanú,Maxcanú,20.585059444444443,-90.00064027777778,23991,0,0,0.0028464482816363186,689.0,Mercado nuevo,57.782771192074264
30207,Veracruz de Ignacio de la Llave,Tres Valles,Tres Valles,18.240921944444445,-96.13479694444445,44978,0,0,0.002823292950672466,690.0,Densificación,17.847633678152658
20141,Oaxaca,San Francisco del Mar,San Francisco del Mar,16.339357777777778,-94.51497444444445,8710,0,0,0.0028231119655359894,691.0,Mercado nuevo,156.16280296846875
21183,Puebla,Tlaola,Xaltepuxtla,20.17499,-97.97141222222223,20433,0,0,0.002812865839896649,692.0,Mercado nuevo,80.133684903232
32042,Zacatecas,Sombrerete,Sombrerete,23.63137777777778,-103.64134222222224,63665,0,0,0.002811241763553003,693.0,Mercado nuevo,113.39216984625742
15089,México,Tenango del Aire,Tenango del Aire,19.157003333333332,-98.86129555555554,11359,0,0,0.0028102893492673343,694.0,Densificación,12.12762293503271
20023,Oaxaca,Cuilápam de Guerrero,Cuilápam de Guerrero,16.99600138888889,-96.78059111111111,26882,0,0,0.002809734870965549,695.0,Densificación,9.21959944840696
31054,Yucatán,Muxupip,Muxupip,21.04282305555556,-89.32989111111111,2990,0,0,0.002783852619380893,696.0,Mercado nuevo,31.69633778257211
26027,Sonora,Fronteras,Esqueda,30.723524166666664,-109.58900333333332,9041,0,0,0.002766557953946239,697.0,Mercado nuevo,145.60079609001767
21209,Puebla,Zapotitlán,Zapotitlán Salinas,18.329708888888888,-97.47542083333333,8595,0,0,0.002762613603549932,698.0,Densificación,17.1600496496052
30091,Veracruz de Ignacio de la Llave,Jesús Carranza,Jesús Carranza,17.434926944444445,-95.0262525,28524,0,0,0.0027565552817814206,699.0,Mercado nuevo,98.96316448802962
07017,Chiapas,Cintalapa,Cintalapa de Figueroa,16.69868222222222,-93.72042805555556,88106,0,0,0.0027507459601904282,700.0,Mercado nuevo,64.7443408898395
32038,Zacatecas,Pinos,Pinos,22.298841944444447,-101.57516722222222,72241,0,0,0.0027227064617618237,701.0,Mercado nuevo,63.713683123155604
31076,Yucatán,Tecoh,Tecoh,20.741726111111113,-89.47430222222222,17939,0,0,0.002707813519014726,702.0,Densificación,29.558307378766592
30077,Veracruz de Ignacio de la Llave,Isla,Isla,18.027513888888887,-95.52762805555555,42807,0,0,0.0026861806382123994,703.0,Mercado nuevo,62.74925771602998
29031,Tlaxcala,Tetla de la Solidaridad,Tetla,19.441415555555555,-98.10405222222222,35284,0,0,0.002681901015777001,704.0,Densificación,15.55646515624045
07122,Chiapas,El Parral,El Parral,16.36622777777778,-93.00671111111112,15587,0,0,0.0026728542010043097,705.0,Mercado nuevo,44.63859828438652
30115,Veracruz de Ignacio de la Llave,Nogales,Nogales,18.822537222222223,-97.16255638888889,37314,0,0,0.002662812542713029,706.0,Densificación,7.405922640622084
32057,Zacatecas,Trancoso,Trancoso,22.735389166666668,-102.36603777777778,20455,0,0,0.0026507659730591582,707.0,Densificación,21.582526325890303
14079,Jalisco,Gómez Farías,San Sebastián del Sur,19.794444444444448,-103.47305555555556,16431,0,0,0.0026504400119930966,708.0,Mercado nuevo,66.89933908871053
01010,Aguascalientes,El Llano,Palo Alto,21.918869166666667,-101.96530722222222,20853,0,0,0.002563848643526184,709.0,Mercado nuevo,34.39787625565196
26035,Sonora,Imuris,Imuris,30.77732972222222,-110.8615386111111,12536,0,0,0.0025631839606452523,710.0,Mercado nuevo,61.523736341017184
17004,Morelos,Ayala,San Pedro Apatlaco,18.792179444444447,-98.96259888888889,89834,0,0,0.0025509640190144213,711.0,Densificación,2.4181471197918505
20071,Oaxaca,Pluma Hidalgo,Pluma Hidalgo,15.925846111111111,-96.41944333333333,3255,0,0,0.0024813544835805244,712.0,Mercado nuevo,129.92720464625023
10023,Durango,Pueblo Nuevo,El Salto,23.778150555555555,-105.36019194444444,51269,0,0,0.002473950188858551,713.0,Mercado nuevo,75.28298408769497
08009,Chihuahua,Bocoyna,San Juanito,27.97,-107.60027777777778,23351,0,0,0.002472757096546331,714.0,Mercado nuevo,166.6041302288712
16071,Michoacán de Ocampo,Puruándiro,Puruándiro,20.08866527777778,-101.51520027777778,69260,0,0,0.0024706439552885,715.0,Mercado nuevo,54.56209561755541
20010,Oaxaca,El Barrio de la Soledad,Colonia Progreso,16.801347222222223,-95.07948611111111,13474,0,0,0.0024668062854598504,716.0,Mercado nuevo,162.7940239961554
21124,Puebla,San Gabriel Chilac,San Gabriel Chilac,18.326273333333333,-97.34798166666666,15954,0,0,0.0024209410145498975,717.0,Densificación,15.810189831603013
16022,Michoacán de Ocampo,Charo,Charo,19.746670277777778,-101.04631277777777,25138,0,0,0.0024142620630738616,718.0,Densificación,15.995353805655888
20295,Oaxaca,San Pablo Huixtepec,San Pablo Huixtepec,16.82673638888889,-96.781005,10020,0,0,0.0024124362553627253,719.0,Densificación,26.601599738974183
16079,Michoacán de Ocampo,Salvador Escalante,Santa Clara del Cobre,19.40608472222222,-101.63979777777779,49896,0,0,0.00240809027247444,720.0,Mercado nuevo,44.391887818373306
26061,Sonora,Soyopa,La Estrella,28.94241,-109.64375972222223,1368,0,0,0.002386207892074262,721.0,Mercado nuevo,128.69375022146437
07034,Chiapas,Frontera Comalapa,Frontera Comalapa,15.660163888888889,-92.14105,80897,0,0,0.0023838122868029914,722.0,Mercado nuevo,130.95326230513544
16090,Michoacán de Ocampo,Tingambato,Tingambato,19.50189388888889,-101.85347638888888,16325,0,0,0.0023645844387944074,723.0,Densificación,23.722421464815483
14114,Jalisco,Villa Corona,Villa Corona,20.41638888888889,-103.6613888888889,19063,0,0,0.002343234703808277,724.0,Mercado nuevo,31.364126443110955
32024,Zacatecas,Loreto,Loreto,22.272186666666666,-101.9865638888889,53709,0,0,0.002340631099581639,725.0,Mercado nuevo,54.04111902007694
14102,Jalisco,Tonaya,Tonaya,19.784166666666668,-103.97083333333333,5961,0,0,0.00232053648401919,726.0,Mercado nuevo,65.33895069045775
20038,Oaxaca,Villa Hidalgo,Villa Hidalgo,17.185888055555555,-96.17883444444445,1885,0,0,0.0023113011844846545,727.0,Mercado nuevo,56.463568718281344
20054,Oaxaca,Magdalena Zahuatlán,Magdalena Zahuatlán,17.388425555555553,-97.22902111111111,404,0,0,0.0022966270851895445,728.0,Mercado nuevo,64.76241103813321
04001,Campeche,Calkiní,Calkiní,20.371226111111113,-90.05073944444445,59232,0,0,0.0022848847515489594,729.0,Mercado nuevo,79.7748988595358
31064,Yucatán,Sanahcat,Sanahcat,20.771262222222223,-89.21476055555556,1701,0,0,0.0022723353758040536,730.0,Mercado nuevo,47.830193680266625
14068,Jalisco,Villa Purificación,Villa Purificación,19.719166666666666,-104.60499999999999,11303,0,0,0.002230664121822196,731.0,Mercado nuevo,106.08508060943508
27015,Tabasco,Tacotalpa,Tacotalpa,17.5917925,-92.82628388888888,47905,0,0,0.0022256420177143915,732.0,Mercado nuevo,45.128644665982634
20476,Oaxaca,Santiago Miltepec,Santiago Miltepec,17.984733333333335,-97.68928861111111,421,0,0,0.0021995729146634295,733.0,Mercado nuevo,61.68029486262515
32002,Zacatecas,Apulco,Tenayuca,21.502084166666666,-102.65770666666667,4942,0,0,0.002192026363160127,734.0,Mercado nuevo,56.21848891863663
08013,Chihuahua,Casas Grandes,Casas Grandes,30.37570361111111,-107.94880527777778,11815,0,0,0.002174505826289187,735.0,Mercado nuevo,206.56795587022333
19051,Nuevo León,Villaldama,Ciudad de Villaldama,26.498225,-100.42456111111112,3573,0,0,0.002161945504324052,736.0,Mercado nuevo,77.42225994602273
21191,Puebla,Tulcingo,Tulcingo de Valle,18.045135833333337,-98.44130972222223,9871,0,0,0.0021513083589504317,737.0,Mercado nuevo,101.1224041422131
29050,Tlaxcala,San Francisco Tetlanohcan,San Francisco Tetlanohcan,19.260078333333333,-98.16355027777779,11761,0,0,0.002147440282342472,738.0,Densificación,6.741779963129604
20176,Oaxaca,San Juan Bautista Coixtlahuaca,San Juan Bautista Coixtlahuaca,17.724643333333333,-97.32382305555555,2725,0,0,0.0021371330522911513,739.0,Mercado nuevo,82.32679343762375
16083,Michoacán de Ocampo,Tancítaro,Tancítaro,19.337497499999998,-102.36303416666667,33453,0,0,0.0021350822151536596,740.0,Mercado nuevo,32.82983015888034
11035,Guanajuato,Santa Cruz de Juventino Rosas,Juventino Rosas,20.643200277777776,-100.99403722222222,82340,0,0,0.002128176217047869,741.0,Densificación,23.150840173534103
28035,Tamaulipas,San Fernando,San Fernando,24.848678055555553,-98.15962083333334,51405,0,0,0.0021125893196236225,742.0,Mercado nuevo,132.20117095950786
20557,Oaxaca,Unión Hidalgo,Unión Hidalgo,16.472823888888886,-94.82893888888889,14542,0,0,0.0021065724762826263,743.0,Mercado nuevo,185.26117928780755
24009,San Luis Potosí,Cerro de San Pedro,Portezuelo,22.170315833333333,-100.82459944444444,5050,0,0,0.002095962121678002,744.0,Densificación,15.826608324015684
31012,Yucatán,Cenotillo,Cenotillo,20.965771666666665,-88.60441999999999,3736,0,0,0.0020888207543436777,745.0,Mercado nuevo,105.90629358724398
14112,Jalisco,Valle de Juárez,Valle de Juárez,19.933611111111112,-102.94027777777778,6151,0,0,0.0020815221241250294,746.0,Densificación,27.122841522433138
17003,Morelos,Axochiapan,Axochiapan,18.50240638888889,-98.75407861111111,39174,0,0,0.002068770720050481,747.0,Mercado nuevo,40.50155714390459
11046,Guanajuato,Yuriria,Yuriria,20.212743333333332,-101.13093333333333,68741,0,0,0.0020606658656501125,748.0,Mercado nuevo,47.67954203764994
19024,Nuevo León,General Zaragoza,General Zaragoza,23.97326111111111,-99.77239166666666,6282,0,0,0.002057910677432719,749.0,Mercado nuevo,68.67047394524552
32036,Zacatecas,Ojocaliente,Ojocaliente,22.571966666666665,-102.25293388888889,44144,0,0,0.0020332702594876026,750.0,Mercado nuevo,39.82190235185954
21149,Puebla,Santiago Miahuatlán,Santiago Miahuatlán,18.55315527777778,-97.44185333333334,30309,0,0,0.0020299469350735433,751.0,Densificación,11.399901591923529
20431,Oaxaca,Santa María Tecomavaca,Santa María Tecomavaca,17.95625722222222,-97.02443722222222,1830,0,0,0.0020039665524771494,752.0,Mercado nuevo,68.35281204106869
30182,Veracruz de Ignacio de la Llave,Tlalnelhuayocan,Guadalupe Victoria,19.554158611111113,-96.96115222222222,19664,0,0,0.001993709680256712,753.0,Densificación,5.0344830663151665
17033,Morelos,Temoac,Temoac,18.772315,-98.77804305555556,16574,0,0,0.0019840043413810065,754.0,Densificación,19.19079578332156
20475,Oaxaca,Santiago Matatlán,San Pablo Guilá,16.802816944444444,-96.43968361111112,10175,0,0,0.001983169840418614,755.0,Mercado nuevo,39.748707726131656
28011,Tamaulipas,Gómez Farías,Loma Alta (Loma Alta de Gómez Farías),22.886455277777777,-99.02777527777778,8288,0,0,0.0019750012720974415,756.0,Mercado nuevo,94.75765740386298
14074,Jalisco,San Julián,San Julián,21.009722222222223,-102.18083333333334,16792,0,0,0.0019720132768750883,757.0,Mercado nuevo,53.123316922123024
31081,Yucatán,Tekom,Tekom,20.602224722222225,-88.26443777777777,3355,0,0,0.001971321082182581,758.0,Mercado nuevo,123.77162205449946
21142,Puebla,San Salvador el Seco,San Salvador el Seco,19.13474527777778,-97.64274972222223,30639,0,0,0.0019492641262979283,759.0,Mercado nuevo,59.15979440550558
30074,Veracruz de Ignacio de la Llave,Huiloapan de Cuauhtémoc,Huiloapan de Cuauhtémoc,18.81657722222222,-97.15591972222222,7293,0,0,0.0019444308317672972,760.0,Densificación,7.114022361162662
19016,Nuevo León,Doctor González,Doctor González,25.858829444444446,-99.94186888888889,3256,0,0,0.001909797064160695,761.0,Mercado nuevo,36.66409719715255
31100,Yucatán,Ucú,Ucú,21.03173472222222,-89.74644027777778,4049,0,0,0.0019069174857627184,762.0,Densificación,14.54241047962941
20296,Oaxaca,San Pablo Macuiltianguis,San Juan Luvina,17.504369166666667,-96.55077722222222,955,0,0,0.0018944241603482221,763.0,Mercado nuevo,51.28246682212699
11004,Guanajuato,Apaseo el Alto,Apaseo el Alto,20.457171388888888,-100.62162638888888,63392,0,0,0.001892928867414026,764.0,Densificación,21.235194731610996
21004,Puebla,Acatzingo,Acatzingo de Hidalgo,18.979454999999998,-97.78545972222221,63743,0,0,0.0018873766599703185,765.0,Mercado nuevo,43.90736678597827
21003,Puebla,Acatlán,Acatlán de Osorio,18.202301388888888,-98.04860583333333,37955,0,0,0.0018777718214169393,766.0,Mercado nuevo,75.08909473276715
28015,Tamaulipas,Gustavo Díaz Ordaz,Ciudad Gustavo Díaz Ordaz,26.233966666666667,-98.59028194444444,15677,0,0,0.0018509260527396175,767.0,Mercado nuevo,34.907157486486085
01004,Aguascalientes,Cosío,Cosío,22.366408611111112,-102.30004416666667,17000,0,0,0.0018290075517182437,768.0,Mercado nuevo,53.42349071141119
07061,Chiapas,Ocozocoautla de Espinosa,Ocozocoautla de Espinosa,16.761461944444445,-93.37565249999999,97397,0,0,0.0018215909363881878,769.0,Densificación,27.744484171938538
13021,Hidalgo,Emiliano Zapata,Emiliano Zapata,19.657008333333334,-98.5474161111111,15175,0,0,0.001817984535927965,770.0,Mercado nuevo,47.199200250843475
16009,Michoacán de Ocampo,Ario,Ario de Rosales,19.207807222222222,-101.7093938888889,36268,0,0,0.0018047552178745026,771.0,Mercado nuevo,44.00780412508546
30160,Veracruz de Ignacio de la Llave,Álamo Temapache,Álamo,20.9171425,-97.6755313888889,107270,0,0,0.0017847922062288269,772.0,Mercado nuevo,141.52494073182223
21194,Puebla,Venustiano Carranza,Ciudad de Lázaro Cárdenas,20.4631175,-97.70282194444445,28395,0,0,0.0017578373799320987,773.0,Mercado nuevo,114.31951169283936
14056,Jalisco,Santa María del Oro,Santa María del Oro,19.5875,-102.90833333333335,1815,0,0,0.0017487514448959896,774.0,Mercado nuevo,55.98971019024412
20520,Oaxaca,Santo Domingo Tonalá,Santo Domingo Tonalá,17.674611666666667,-97.96393222222223,7393,0,0,0.0017467970458705786,775.0,Mercado nuevo,106.41687529757213
19008,Nuevo León,Bustamante,Bustamante,26.53466388888889,-100.50270555555555,3661,0,0,0.0017427823651167762,776.0,Mercado nuevo,82.05299796738579
21126,Puebla,San Jerónimo Tecuanipan,San Jerónimo Tecuanipan,19.014411944444443,-98.40095694444445,6597,0,0,0.0017414940321390537,777.0,Densificación,11.183122111804433
20310,Oaxaca,San Pedro Ixtlahuaca,San Pedro Ixtlahuaca,17.06327611111111,-96.82009416666666,14552,0,0,0.0017378603233219204,778.0,Densificación,10.067380183596034
27016,Tabasco,Teapa,Teapa,17.548284444444445,-92.95299444444444,58718,0,0,0.0017311425504633014,779.0,Mercado nuevo,49.005231229671615
30101,Veracruz de Ignacio de la Llave,Mariano Escobedo,Palmira,18.882726944444446,-97.10946444444444,38670,0,0,0.0017138898653790379,780.0,Densificación,3.7025566772993868
21133,Puebla,San Martín Totoltepec,San Martín Totoltepec,18.649203333333332,-98.34640083333333,692,0,0,0.0017113582870753041,781.0,Mercado nuevo,42.931776169281875
32028,Zacatecas,Mezquital del Oro,Mezquital del Oro,21.216721666666665,-103.3629011111111,2451,0,0,0.001704270242772654,782.0,Mercado nuevo,55.19246872177124
21038,Puebla,Cuapiaxtla de Madero,Cuapiaxtla de Madero,18.916873333333335,-97.82529749999999,10542,0,0,0.0016890716597370344,783.0,Mercado nuevo,41.61050734801007
29058,Tlaxcala,Santa Catarina Ayometla,Santa Catarina Ayometla,19.199918888888888,-98.21441833333334,9463,0,0,0.001685866684458099,784.0,Densificación,12.462602341527155
20339,Oaxaca,San Pedro y San Pablo Teposcolula,San Pedro y San Pablo Teposcolula,17.512069722222222,-97.48818861111111,4353,0,0,0.00167404503485683,785.0,Mercado nuevo,95.31502956608134
30001,Veracruz de Ignacio de la Llave,Acajete,Acajete,19.586974444444444,-97.01045361111112,9701,0,0,0.0016732689134995365,786.0,Densificación,11.357785372414318
18003,Nayarit,Amatlán de Cañas,Amatlán de Cañas,20.807782222222222,-104.4053888888889,11536,0,0,0.0016693727197142523,787.0,Mercado nuevo,88.16279797268707
13054,Hidalgo,San Salvador,San Antonio Zaragoza,20.254939722222222,-98.99862416666667,36796,0,0,0.0016548305332953085,788.0,Mercado nuevo,31.029585830561093
18014,Nayarit,Santa María del Oro,Santa María del Oro,21.333189444444443,-104.58720666666666,24911,0,0,0.001652516101738881,789.0,Mercado nuevo,94.74687084594062
20499,Oaxaca,Santiago Yolomécatl,Santiago Yolomécatl,17.470932777777776,-97.56975027777777,1922,0,0,0.0016316508720028542,790.0,Mercado nuevo,100.6246594982745
11009,Guanajuato,Comonfort,Comonfort,20.7200475,-100.76120222222222,82216,0,0,0.0016208092577013936,791.0,Densificación,21.05121796592377
21131,Puebla,San Juan Atzompa,San Juan Atzompa,18.746093611111114,-98.024315,975,0,0,0.0016163901827343599,792.0,Mercado nuevo,37.80432299918502
15032,México,Donato Guerra,San Simón de la Laguna,19.291070833333336,-100.08714972222222,37436,0,0,0.0016092616126253119,793.0,Mercado nuevo,36.96178825790752
11008,Guanajuato,Manuel Doblado,Ciudad Manuel Doblado,20.727518055555553,-101.95279027777778,41240,0,0,0.0016080161610954086,794.0,Mercado nuevo,52.036653349164474
01009,Aguascalientes,Tepezalá,Tepezalá,22.224227777777777,-102.1669713888889,22485,0,0,0.0015916156249658835,795.0,Mercado nuevo,40.5406833627559
21054,Puebla,Chignautla,Chignautla,19.813911944444445,-97.38958972222223,35223,0,0,0.0015892294828121992,796.0,Mercado nuevo,58.37486970284003
20279,Oaxaca,San Miguel Suchixtepec,San Miguel Suchixtepec,16.094004444444444,-96.46640916666666,2932,0,0,0.0015796688320829709,797.0,Mercado nuevo,110.58070673076426
30021,Veracruz de Ignacio de la Llave,Atoyac,General Miguel Alemán (Potrero Nuevo),18.891399166666666,-96.79684777777777,23461,0,0,0.0015583361151352828,798.0,Densificación,14.574728818816295
19001,Nuevo León,Abasolo,Abasolo,25.9453375,-100.39998833333334,2974,0,0,0.0015536188431475421,799.0,Densificación,17.12126892849674
04005,Campeche,Hecelchakán,Hecelchakán,20.176966111111113,-90.13451722222223,31917,0,0,0.0015448784194539511,800.0,Mercado nuevo,102.70307386180599
14090,Jalisco,Tenamaxtlán,Tenamaxtlán,20.21861111111111,-104.16027777777778,7302,0,0,0.0015364670927212952,801.0,Mercado nuevo,87.83561385812017
30120,Veracruz de Ignacio de la Llave,Oteapan,Oteapan,17.999503333333333,-94.66658944444445,10343,0,0,0.0015322082022262225,802.0,Densificación,27.323240091301994
08058,Chihuahua,San Francisco de Conchos,Boquilla de Babisas (La Boquilla de Conchos),27.550009444444445,-105.4052525,2696,0,0,0.0015319064816133163,803.0,Mercado nuevo,137.6094500893484
21005,Puebla,Acteopan,Acteopan,18.76502027777778,-98.71529138888889,3070,0,0,0.0015243619348369384,804.0,Densificación,25.81424401658284
31033,Yucatán,Halachó,Halachó,20.47774583333333,-90.08222888888889,21255,0,0,0.0015221051200627338,805.0,Mercado nuevo,72.3420024747536
14058,Jalisco,Mascota,Mascota,20.525555555555556,-104.78222222222222,14451,0,0,0.0014980164273368588,806.0,Mercado nuevo,47.35047768885464
31034,Yucatán,Hocabá,Hocabá,20.81624,-89.24509916666666,6514,0,0,0.0014966424654024911,807.0,Mercado nuevo,42.84379512655259
31019,Yucatán,Chemax,Chemax,20.65501638888889,-87.93732805555555,38934,0,0,0.0014844380255163254,808.0,Mercado nuevo,89.72860888700176
30134,Veracruz de Ignacio de la Llave,Puente Nacional,Cabezas,19.371666666666666,-96.38277777777778,23544,0,0,0.001482817770944474,809.0,Mercado nuevo,31.43400361154711
32023,Zacatecas,Juchipila,Juchipila,21.411503888888888,-103.11924333333333,12251,0,0,0.001480306117234791,810.0,Mercado nuevo,81.72699335109529
05021,Coahuila de Zaragoza,Nadadores,Nadadores,27.029030555555554,-101.59202333333333,6539,0,0,0.001474929247294718,811.0,Densificación,22.40570420873466
13024,Hidalgo,Huasca de Ocampo,Río Seco Puente de Doria,20.208790555555556,-98.49820166666667,17607,0,0,0.001460702618889015,812.0,Densificación,26.71415898433199
21166,Puebla,Tepeojuma,Tepeojuma,18.72244861111111,-98.45028861111112,8918,0,0,0.0014584177296896707,813.0,Mercado nuevo,38.76580581228166
20380,Oaxaca,Santa Cruz Papalutla,Santa Cruz Papalutla,16.95948861111111,-96.58491138888888,2242,0,0,0.0014282551082511138,814.0,Densificación,16.479576774694287
30126,Veracruz de Ignacio de la Llave,Paso de Ovejas,Paso de Ovejas,19.285046944444446,-96.43845277777778,33442,0,0,0.0014258587903427339,815.0,Mercado nuevo,31.76280997933429
20192,Oaxaca,San Juan Chilateca,San Juan Chilateca,16.828517777777776,-96.67201055555556,1522,0,0,0.0014236271973580386,816.0,Densificación,26.30826336444204
16065,Michoacán de Ocampo,Paracho,Paracho de Verduzco,19.647296666666666,-102.0484675,39657,0,0,0.0014085053928951958,817.0,Densificación,25.220309394648822
20570,Oaxaca,Zimatlán de Álvarez,Zimatlán de Álvarez,16.86668611111111,-96.78563305555555,22093,0,0,0.001392106074829834,818.0,Densificación,22.427556938571854
24001,San Luis Potosí,Ahualulco,Ahualulco del Sonido 13,22.400099444444443,-101.16684222222223,18974,0,0,0.0013910845271611603,819.0,Mercado nuevo,33.83682306394858
14113,Jalisco,San Gabriel,San Gabriel,19.74778277777778,-103.76645805555556,16548,0,0,0.0013780611798896898,820.0,Mercado nuevo,56.2815897504598
21155,Puebla,Tecomatlán,Tecomatlán,18.110960277777778,-98.31437249999999,6830,0,0,0.0013730145072695936,821.0,Mercado nuevo,102.21344729081609
21188,Puebla,Tochimilco,Tochimilco,18.892924444444443,-98.5721661111111,19315,0,0,0.0013640472148797951,822.0,Mercado nuevo,33.61469915595479
07109,Chiapas,Yajalón,Yajalón,17.173910000000003,-92.33394416666667,40285,0,0,0.0013529347884142897,823.0,Mercado nuevo,58.33392971318873
22004,Querétaro,Cadereyta de Montes,Cadereyta de Montes,20.695023333333335,-99.81563305555555,69075,0,0,0.001351432114122723,824.0,Mercado nuevo,39.29921684687554
14066,Jalisco,Poncitlán,Poncitlán,20.38138888888889,-102.92416666666666,53659,0,0,0.0013406489983961677,825.0,Mercado nuevo,41.99727789051122
15124,México,San José del Rincón,San José del Rincón Ejido,19.664803055555556,-100.1514688888889,100082,0,0,0.001339758079852252,826.0,Mercado nuevo,60.74749595995396
19022,Nuevo León,General Terán,Ciudad General Terán,25.25718611111111,-99.68581388888889,14109,0,0,0.001329228105395544,827.0,Mercado nuevo,74.18872499893675
29059,Tlaxcala,Santa Cruz Quilehtla,Santa Cruz Quilehtla,19.213179722222222,-98.22201777777778,7750,0,0,0.0013284952390164675,828.0,Densificación,11.616052269473942
31044,Yucatán,Kinchil,Kinchil,20.916461944444443,-89.94758277777778,7530,0,0,0.001323957306694649,829.0,Mercado nuevo,34.04040298213646
21148,Puebla,Santa Isabel Cholula,San Pablo Ahuatempa,18.98178944444444,-98.35752083333333,11498,0,0,0.0013238007431845946,830.0,Densificación,10.10324412667888
24055,San Luis Potosí,Zaragoza,Villa de Zaragoza,22.035605,-100.73096666666667,27386,0,0,0.0013192667078376621,831.0,Densificación,28.440458046975852
26072,Sonora,San Ignacio Río Muerto,San Ignacio Río Muerto,27.411414999999998,-110.24151416666666,14279,0,0,0.0013148548187808598,832.0,Mercado nuevo,31.904498665909603
20505,Oaxaca,Santo Domingo Ingenio,Santo Domingo Ingenio,16.58849222222222,-94.76863,7681,0,0,0.0013137431675829343,833.0,Mercado nuevo,175.51030440664124
22001,Querétaro,Amealco de Bonfil,Amealco de Bonfil,20.18644388888889,-100.14419500000001,66841,0,0,0.0013080849796475366,834.0,Densificación,26.868087411769903
20337,Oaxaca,San Pedro y San Pablo Ayutla,San Pedro y San Pablo Ayutla,17.027150833333334,-96.07708166666666,5616,0,0,0.0013078114294999988,835.0,Mercado nuevo,65.78529535465363
18016,Nayarit,Tecuala,Tecuala,22.395041111111112,-105.4560338888889,37135,0,0,0.0012832218381556547,836.0,Mercado nuevo,133.5175136857362
12048,Guerrero,Petatlán,Petatlán,17.538206666666667,-101.27455194444444,44583,0,0,0.0012662723073593649,837.0,Mercado nuevo,108.56991699535114
24015,San Luis Potosí,Charcas,Charcas,23.129818333333333,-101.11335222222222,21814,0,0,0.001249052781666594,838.0,Mercado nuevo,109.66376598171968
26016,Sonora,Benjamín Hill,Benjamín Hill,30.167163055555555,-111.11792166666666,4988,0,0,0.0012256815143956747,839.0,Mercado nuevo,122.4291429432287
08067,Chihuahua,Valle de Zaragoza,Valle de Zaragoza,27.457131666666665,-105.81099416666666,4775,0,0,0.0012244545464640845,840.0,Mercado nuevo,133.73139048688108
14111,Jalisco,Valle de Guadalupe,Valle de Guadalupe,21.010598055555555,-102.61776694444444,6627,0,0,0.0012197114669526298,841.0,Mercado nuevo,83.95633672574922
31098,Yucatán,Tzucacab,Tzucacab,20.071931666666668,-89.05033027777777,15346,0,0,0.0012178691924432062,842.0,Mercado nuevo,116.15242033632558
17022,Morelos,Tetela del Volcán,Tetela del Volcán,18.893525,-98.73006555555556,14853,0,0,0.001202954586432527,843.0,Densificación,25.341061461274265
07023,Chiapas,Chamula,Chamula,16.7875,-92.68916666666667,101967,0,0,0.0011982217435037898,844.0,Densificación,7.854305886371196
32044,Zacatecas,Tabasco,Tabasco,21.865276944444446,-102.91305694444445,16588,0,0,0.0011940094983592048,845.0,Mercado nuevo,63.69012304262008
13067,Hidalgo,Tezontepec de Aldama,Presas,20.16054722222222,-99.25289055555555,55134,0,0,0.0011753018184495246,846.0,Mercado nuevo,35.523631033754185
21070,Puebla,Huatlatlauca,Tepetzitzintla,18.686382777777776,-98.07573472222222,6111,0,0,0.0011665962533865945,847.0,Mercado nuevo,41.77706811276186
28026,Tamaulipas,Miquihuana,Miquihuana,23.573950277777776,-99.75419722222222,3704,0,0,0.0011629088518323616,848.0,Mercado nuevo,63.84875781529971
30175,Veracruz de Ignacio de la Llave,Tihuatlán,Tihuatlán,20.716672222222222,-97.537945,92726,0,0,0.0011585986663063758,849.0,Mercado nuevo,141.3493336994756
07051,Chiapas,Mapastepec,Mapastepec,15.441134166666666,-92.89160583333334,46130,0,0,0.0011487725443594617,850.0,Mercado nuevo,146.62995467537746
20303,Oaxaca,San Pedro Cajonos,San Pedro Cajonos,17.168670555555558,-96.26063916666666,1081,0,0,0.0011478020686711732,851.0,Mercado nuevo,47.56774870371476
30088,Veracruz de Ignacio de la Llave,Jalcomulco,Jalcomulco,19.331685555555556,-96.7618225,5054,0,0,0.0011365456624986545,852.0,Densificación,27.504216094995748
20550,Oaxaca,San Jerónimo Tlacochahuaya,Macuilxóchitl de Artigas Carranza,17.015523055555555,-96.5410111111111,5764,0,0,0.0011312036039162197,853.0,Densificación,17.207236939524275
20120,Oaxaca,San Bartolomé Zoogocho,San Bartolomé Zoogocho,17.24078861111111,-96.24305055555556,449,0,0,0.0011305028360710807,854.0,Mercado nuevo,51.850572486675155
16095,Michoacán de Ocampo,Tocumbo,Santa Clara de Valladares,19.63960638888889,-102.48914666666667,12325,0,0,0.0011300677847479795,855.0,Mercado nuevo,43.75777376707528
08049,Chihuahua,Nonoava,Nonoava,27.472054166666666,-106.73533222222223,2757,0,0,0.0011174044170099518,856.0,Mercado nuevo,144.76042846673948
21185,Puebla,Tlapanalá,Tlapanalá,18.696144166666667,-98.53779444444444,10344,0,0,0.001111763768279594,857.0,Mercado nuevo,45.82951764210841
20419,Oaxaca,Santa María Jaltianguis,Santa María Jaltianguis,17.36561277777778,-96.52827138888888,592,0,0,0.0011022395763681204,858.0,Mercado nuevo,37.898462517370106
26003,Sonora,Alamos,Álamos,27.02405,-108.93492583333334,24976,0,0,0.0010983037900308618,859.0,Mercado nuevo,50.9693646405818
31037,Yucatán,Huhí,Huhí,20.724990555555554,-89.1621988888889,5250,0,0,0.0010886620223633237,860.0,Mercado nuevo,55.083360380666164
26026,Sonora,Etchojoa,Etchojoa,26.910833333333333,-109.62527777777777,61309,0,0,0.0010774826852076426,861.0,Densificación,26.03186441564572
15093,México,Tepetlaoxtoc,Tepetlaoxtoc de Hidalgo,19.57336527777778,-98.81971861111111,32564,0,0,0.0010697122070034567,862.0,Densificación,21.816060581142047
32012,Zacatecas,Genaro Codina,Genaro Codina,22.48761388888889,-102.4565738888889,8168,0,0,0.0010695505394980728,863.0,Mercado nuevo,34.189523915177375
26022,Sonora,Cucurpe,Cucurpe,30.329191944444442,-110.70588666666667,863,0,0,0.0010597015092478406,864.0,Mercado nuevo,113.17077424296991
27009,Tabasco,Jalapa,Jalapa,17.719729166666664,-92.81217138888888,37749,0,0,0.001057995594414616,865.0,Mercado nuevo,31.90003697019713
05029,Coahuila de Zaragoza,Sacramento,Sacramento,27.004438611111112,-101.72503583333334,2471,0,0,0.0010404546245294608,866.0,Mercado nuevo,32.59587735138067
32046,Zacatecas,Tepetongo,Tepetongo,22.46126472222222,-103.14789805555556,6490,0,0,0.0010393994122672283,867.0,Mercado nuevo,68.7144598123985
20237,Oaxaca,San Marcos Arteaga,San Marcos Arteaga,17.719602777777776,-97.86113833333333,1568,0,0,0.0010377386945564112,868.0,Mercado nuevo,96.31643923793723
16014,Michoacán de Ocampo,Coahuayana,Coahuayana de Hidalgo,18.702474444444444,-103.6629313888889,17022,0,0,0.0010354919096894717,869.0,Mercado nuevo,60.48472577489571
28014,Tamaulipas,Guerrero,Nueva Ciudad Guerrero,26.56635111111111,-99.22763,3803,0,0,0.0010307178489037225,870.0,Mercado nuevo,106.0081201638527
26071,Sonora,Benito Juárez,Villa Juárez,27.12781,-109.84257333333333,21692,0,0,0.0010283460938292246,871.0,Mercado nuevo,39.63345175958674
30081,Veracruz de Ignacio de la Llave,Ixhuatlancillo,Unión y Progreso,18.871544166666666,-97.11898166666666,27295,0,0,0.001025761818965836,872.0,Densificación,3.1140182070029367
11026,Guanajuato,Romita,Romita,20.871215,-101.51711722222223,65766,0,0,0.0010233120986573693,873.0,Densificación,12.468762589624877
16086,Michoacán de Ocampo,Tanhuato,Tanhuato de Guerrero,20.283811111111113,-102.32764083333333,15534,0,0,0.0010168874453163087,874.0,Mercado nuevo,33.66667037165107
07068,Chiapas,Pichucalco,Pichucalco,17.508550833333334,-93.1177675,31919,0,0,0.0010133504310841338,875.0,Mercado nuevo,57.284575926949415
20078,Oaxaca,Rojas de Cuauhtémoc,Rojas de Cuauhtémoc,17.00828361111111,-96.6186461111111,1301,0,0,0.001012516651065512,876.0,Densificación,10.192412496831196
17027,Morelos,Totolapan,Totolapan,18.987223333333333,-98.9214388888889,12750,0,0,0.0010083106735779192,877.0,Densificación,19.720006939697445
21143,Puebla,San Salvador el Verde,San Lucas el Grande,19.30514972222222,-98.47933388888889,34880,0,0,0.0010012089563017873,878.0,Densificación,26.417788688161238
20191,Oaxaca,San Juan Chicomezúchil,San Juan Chicomezúchil,17.28897527777778,-96.49491694444444,296,0,0,0.0009995022576793655,879.0,Mercado nuevo,32.79491638578718
24048,San Luis Potosí,Villa de la Paz,Villa de la Paz,23.675351388888892,-100.71317083333334,5298,0,0,0.0009944984584729128,880.0,Mercado nuevo,159.14598382521757
24044,San Luis Potosí,Vanegas,Vanegas,23.883888888888887,-100.95055555555555,7557,0,0,0.0009885734273450378,881.0,Mercado nuevo,171.0650375852148
21047,Puebla,Chiautla,Ciudad de Chiautla de Tapia,18.299651111111114,-98.6027811111111,21699,0,0,0.0009885268789501763,882.0,Mercado nuevo,68.09005440858212
20277,Oaxaca,Villa Sola de Vega,Villa Sola de Vega,16.514758055555557,-96.9780138888889,12350,0,0,0.0009858205759720965,883.0,Mercado nuevo,66.3217800517821
32003,Zacatecas,Atolinga,Atolinga,21.80694861111111,-103.46558333333334,2277,0,0,0.0009792293932356652,884.0,Mercado nuevo,120.98114565148069
20284,Oaxaca,San Miguel Tilquiápam,San Miguel Tilquiápam,16.78194222222222,-96.58155638888888,3141,0,0,0.0009750448346494971,885.0,Mercado nuevo,33.60502041922105
16085,Michoacán de Ocampo,Tangancícuaro,Tangancícuaro de Arista,19.888234444444443,-102.20845333333334,35256,0,0,0.0009615491537240603,886.0,Densificación,13.343039658111998
11001,Guanajuato,Abasolo,Abasolo,20.4509,-101.52836055555555,92040,0,0,0.0009522571664135956,887.0,Mercado nuevo,30.999348208744077
30116,Veracruz de Ignacio de la Llave,Oluta,Oluta,17.92818527777778,-94.8969438888889,17027,0,0,0.000946024048516712,888.0,Mercado nuevo,52.411732728663935
05005,Coahuila de Zaragoza,Candela,Candela,26.840277777777775,-100.66388888888889,1643,0,0,0.0009433396899126707,889.0,Mercado nuevo,75.02936839779149
20559,Oaxaca,San Juan Bautista Valle Nacional,San Juan Bautista Valle Nacional,17.774953333333332,-96.30404472222222,23067,0,0,0.0009388046760623433,890.0,Mercado nuevo,39.303310932479505
28007,Tamaulipas,Camargo,Ciudad Camargo,26.316723888888887,-98.8359886111111,16546,0,0,0.0009368420892741708,891.0,Mercado nuevo,60.99196601427827
20349,Oaxaca,San Sebastián Teitipac,San Sebastián Teitipac,16.95142472222222,-96.61401888888888,2189,0,0,0.0009149572431894254,892.0,Densificación,15.184902784468656
17036,Morelos,Hueyapan,Barrio de San Miguel,18.885134444444443,-98.69068416666667,7855,0,0,0.0009081052773499596,893.0,Densificación,28.98118391778105
24040,San Luis Potosí,Tamuín,Tamuín,22.004146666666667,-98.77516083333333,36968,0,0,0.0009053631563414976,894.0,Mercado nuevo,97.33912271199833
20523,Oaxaca,Santo Domingo Yanhuitlán,Santo Domingo Yanhuitlán,17.528042777777777,-97.34230944444444,1633,0,0,0.0009043111891908999,895.0,Mercado nuevo,83.65198773736249
29039,Tlaxcala,Xaloztoc,Xaloztoc,19.404180277777776,-98.04882305555556,25607,0,0,0.0008940521149509882,896.0,Densificación,17.46398813951573
32032,Zacatecas,Morelos,Morelos,22.862194444444444,-102.609535,13207,0,0,0.0008910153597262848,897.0,Densificación,10.323987265480717
06008,Colima,Minatitlán,Minatitlán,19.38611,-104.04963694444444,10231,0,0,0.0008879742842766445,898.0,Mercado nuevo,37.30712034993983
15056,México,Morelos,Santa Clara de Juárez,19.721754722222222,-99.60865027777777,33164,0,0,0.0008826482595416935,899.0,Mercado nuevo,40.744518055186
13073,Hidalgo,Tlanchinol,Tlanchinol,20.989345555555555,-98.66028444444446,37722,0,0,0.0008790526447547528,900.0,Mercado nuevo,96.73473420840287
29021,Tlaxcala,Nanacamilpa de Mariano Arista,Ciudad de Nanacamilpa,19.49316,-98.5363425,18686,0,0,0.0008688791648035258,901.0,Mercado nuevo,39.8488583948054
26063,Sonora,Tepache,Tepache,29.53439861111111,-109.53237305555555,1178,0,0,0.0008663074117500951,902.0,Mercado nuevo,147.4176085749211
13065,Hidalgo,Tetepango,Tetepango,20.102655000000002,-99.15612333333334,11768,0,0,0.0008654945653815477,903.0,Mercado nuevo,30.372660487251178
30100,Veracruz de Ignacio de la Llave,Manlio Fabio Altamirano,Manlio Fabio Altamirano,19.094434166666666,-96.33323027777777,23918,0,0,0.0008624970940953173,904.0,Densificación,21.72600773779544
32055,Zacatecas,Villanueva,Villanueva,22.354258611111113,-102.88372611111112,31558,0,0,0.000844960344491054,905.0,Mercado nuevo,56.79628722525295
20530,Oaxaca,Santo Tomás Jalieza,Santo Domingo Jalieza,16.869513055555554,-96.62923527777777,3923,0,0,0.0008429143379272069,906.0,Densificación,22.73087833230024
32026,Zacatecas,Mazapil,Mazapil,24.638096944444445,-101.55496666666666,17774,0,0,0.0008360307121983336,907.0,Mercado nuevo,103.54165172079696
13084,Hidalgo,Zimapán,Zimapán,20.73806888888889,-99.38311305555555,39927,0,0,0.0008350247365518559,908.0,Mercado nuevo,75.15716582235162
31029,Yucatán,Dzilam González,Dzilam González,21.280124999999998,-88.92974055555555,6240,0,0,0.000833355999081026,909.0,Mercado nuevo,79.99685859366059
30125,Veracruz de Ignacio de la Llave,Paso del Macho,Paso del Macho,18.972154999999997,-96.72451111111111,31894,0,0,0.0008256530743992038,910.0,Densificación,23.802234315718177
16023,Michoacán de Ocampo,Chavinda,Chavinda,20.00693861111111,-102.45858472222223,10417,0,0,0.0008193948029028121,911.0,Densificación,18.224217381961004
05036,Coahuila de Zaragoza,Viesca,Viesca,25.343605277777776,-102.80635027777778,20305,0,0,0.0008187767568131983,912.0,Mercado nuevo,68.57266454412039
21026,Puebla,Calpan,San Andrés Calpan,19.107938055555557,-98.45923916666666,15271,0,0,0.0008184668802675448,913.0,Densificación,16.089137768295288
15038,México,Isidro Fabela,Tlazala de Fabela,19.55559138888889,-99.41738000000001,11929,0,0,0.0008183781900722407,914.0,Densificación,19.15624805045377
20367,Oaxaca,Santa Catarina Mechoacán,Santa Catarina Mechoacán,16.33443361111111,-97.83602583333332,4582,0,0,0.000811829593369059,915.0,Mercado nuevo,143.1773592619
30185,Veracruz de Ignacio de la Llave,Tlilapan,Tlilapan,18.805745555555557,-97.09905833333333,5548,0,0,0.0007965862671501496,916.0,Densificación,5.027732302024116
30176,Veracruz de Ignacio de la Llave,Tlacojalpan,Tlacojalpan,18.230885555555552,-95.94762750000001,4489,0,0,0.0007945708178006342,917.0,Densificación,24.55697773953231
29035,Tlaxcala,Tocatlán,Tocatlán,19.390451944444443,-98.0319311111111,6294,0,0,0.0007913276621476481,918.0,Densificación,18.468691760834115
07100,Chiapas,Tumbalá,Joshil,17.2469875,-92.36271749999999,38025,0,0,0.0007873552334525092,919.0,Mercado nuevo,63.794606486590766
20132,Oaxaca,San Dionisio Ocotlán,San Dionisio Ocotlán,16.746444166666667,-96.68083527777779,1380,0,0,0.0007865091399287952,920.0,Mercado nuevo,35.18667188846855
25002,Sinaloa,Angostura,La Reforma,25.080774722222223,-108.0538725,44093,0,0,0.0007731002137647106,921.0,Mercado nuevo,73.10259150907635
20362,Oaxaca,Santa Catarina Cuixtla,Santa Catarina Cuixtla,16.304395555555555,-96.6447438888889,1495,0,0,0.0007673765269521157,922.0,Mercado nuevo,84.45723133445537
26047,Sonora,Pitiquito,Pitiquito,30.675995833333335,-112.05392527777778,9122,0,0,0.0007671780153103698,923.0,Mercado nuevo,127.97741350272227
07114,Chiapas,Benemérito de las Américas,Benemérito de las Américas,16.515828055555556,-90.65330194444445,23603,0,0,0.000764050326002372,924.0,Mercado nuevo,212.8399417724116
08055,Chihuahua,Rosales,Santa Cruz de Rosales,28.186944444444446,-105.55444444444444,16776,0,0,0.0007630141231202243,925.0,Mercado nuevo,71.46355017629892
14072,Jalisco,San Diego de Alejandría,San Diego de Alejandría,20.993055555555557,-101.99361111111111,7609,0,0,0.0007617399649263577,926.0,Mercado nuevo,35.25688080254903
30145,Veracruz de Ignacio de la Llave,Soconusco,Soconusco,17.962880555555554,-94.88105083333333,16574,0,0,0.0007611341819329555,927.0,Mercado nuevo,49.26079420365907
24045,San Luis Potosí,Venado,Venado,22.93134388888889,-101.09462944444444,14188,0,0,0.0007587777737353875,928.0,Mercado nuevo,87.53563542984185
14080,Jalisco,San Sebastián del Oeste,San Felipe de Híjar,20.901464722222222,-104.72184694444445,5086,0,0,0.0007505621034212651,929.0,Mercado nuevo,57.58675196387667
21186,Puebla,Tlatlauquitepec,Ciudad de Tlatlauquitepec,19.851329722222225,-97.49666972222222,55576,0,0,0.000750462538544879,930.0,Mercado nuevo,70.08235018156506
20198,Oaxaca,San Juan Guichicovi,San Juan Guichicovi,16.96282888888889,-95.09509416666666,29802,0,0,0.0007498272324772809,931.0,Mercado nuevo,147.32924817059083
12032,Guerrero,General Heliodoro Castillo,Tlacotepec,17.789448055555557,-99.97831777777778,37254,0,0,0.000733757857274488,932.0,Mercado nuevo,57.06081214813166
11018,Guanajuato,Jaral del Progreso,Jaral del Progreso,20.376516666666667,-101.063975,38782,0,0,0.0007328962968128879,933.0,Mercado nuevo,30.669396310051308
05011,Coahuila de Zaragoza,General Cepeda,General Cepeda,25.3799075,-101.47929166666667,11898,0,0,0.000730137008770502,934.0,Mercado nuevo,48.39400902180063
21097,Puebla,Mixtla,San Francisco Mixtla,18.903080555555555,-97.89548722222223,2668,0,0,0.0007221997908026304,935.0,Mercado nuevo,35.41207631572506
26028,Sonora,Granados,Granados,29.862293333333334,-109.31052222222222,1009,0,0,0.0007216101390171314,936.0,Mercado nuevo,181.97897744374103
30046,Veracruz de Ignacio de la Llave,Cosautlán de Carvajal,Cosautlán de Carvajal,19.33264361111111,-96.99136444444444,16167,0,0,0.0007209876898711397,937.0,Densificación,22.79012375742874
30129,Veracruz de Ignacio de la Llave,Platón Sánchez,Platón Sánchez,21.273197777777778,-98.37414527777777,18053,0,0,0.0007144656195153806,938.0,Mercado nuevo,117.59775760561052
18011,Nayarit,Ruíz,Ruiz,21.950252777777777,-105.14505666666668,24096,0,0,0.0007119335346886735,939.0,Mercado nuevo,134.09539028631374
20370,Oaxaca,Santa Catarina Tayata,Santa Catarina Tayata,17.34780472222222,-97.55837888888888,662,0,0,0.0007101607886965869,940.0,Mercado nuevo,94.08370579808253
10015,Durango,Nazas,Nazas,25.227776666666664,-104.11380305555555,12894,0,0,0.0007063003441058788,941.0,Mercado nuevo,72.76518869344244
24054,San Luis Potosí,Xilitla,Xilitla,21.385192777777778,-98.98957305555555,49741,0,0,0.0007024285009861933,942.0,Mercado nuevo,142.8552666225972
17021,Morelos,Tetecala,Tetecala,18.72896722222222,-99.39858305555556,7617,0,0,0.0007012898587218702,943.0,Densificación,27.503857381557136
12058,Guerrero,Teloloapan,Teloloapan,18.37180916666667,-99.86957277777778,53817,0,0,0.0007001838345073287,944.0,Mercado nuevo,35.08510139863531
20435,Oaxaca,Santa María Tepantlali,Santa María Tepantlali,16.997513055555558,-96.01012027777777,3576,0,0,0.0006994953633635199,945.0,Mercado nuevo,73.15703716346923
20418,Oaxaca,Santa María Jalapa del Marqués,Santa María Jalapa del Marqués,16.440065277777776,-95.44337805555556,11735,0,0,0.0006961908688292137,946.0,Mercado nuevo,150.21979957413402
20052,Oaxaca,Magdalena Tequisistlán,Magdalena Tequisistlán,16.398916944444444,-95.60290944444444,5996,0,0,0.0006954893370312087,947.0,Mercado nuevo,137.7939221967292
30054,Veracruz de Ignacio de la Llave,Chacaltianguis,Chacaltianguis,18.30533638888889,-95.84139027777778,11461,0,0,0.0006917254282163505,948.0,Mercado nuevo,38.446394551569874
21161,Puebla,Tepanco de López,San Bartolo Teontepec,18.48919027777778,-97.52451388888889,22218,0,0,0.0006910289691244935,949.0,Densificación,14.294503817172066
31072,Yucatán,Suma,Suma,21.086491388888888,-89.14827861111112,1857,0,0,0.0006896606959530466,950.0,Mercado nuevo,51.155648711352484
29008,Tlaxcala,Cuapiaxtla,Cuapiaxtla,19.296660555555558,-97.76937527777778,16222,0,0,0.0006893271908842956,951.0,Mercado nuevo,44.493856766302926
20412,Oaxaca,Santa María Guienagati,Santa María Guienagati,16.737982777777777,-95.35448583333333,3178,0,0,0.0006887243993336862,952.0,Mercado nuevo,147.1248543627417
08028,Chihuahua,Guadalupe,Guadalupe,31.390106944444444,-106.1017536111111,4237,0,0,0.0006876447301351087,953.0,Mercado nuevo,53.74571643947878
29034,Tlaxcala,Tlaxco,Tlaxco,19.614889444444447,-98.11920111111111,45438,0,0,0.0006838131255176267,954.0,Mercado nuevo,32.463317776635684
26039,Sonora,Naco,Naco,31.331547222222223,-109.94813194444446,5774,0,0,0.0006802196334656472,955.0,Mercado nuevo,94.75752353338179
10018,Durango,El Oro,Santa María del Oro,25.949323888888888,-105.36486555555555,10384,0,0,0.0006794701565890737,956.0,Mercado nuevo,191.80585188108057
30122,Veracruz de Ignacio de la Llave,Pajapan,Pajapan,18.26174361111111,-94.69178472222222,18051,0,0,0.0006778790956198971,957.0,Densificación,28.738420925203243
20086,Oaxaca,San Agustín Tlacotepec,San Agustín Tlacotepec,17.203684444444445,-97.5179,1032,0,0,0.0006764253160235704,958.0,Mercado nuevo,85.70897582832255
13022,Hidalgo,Epazoyucan,Epazoyucan,20.018021666666666,-98.63620916666667,16285,0,0,0.0006743780966937824,959.0,Densificación,15.665843090630869
31087,Yucatán,Tetiz,Tetiz,20.961911666666666,-89.93344888888889,5464,0,0,0.0006741524241615877,960.0,Mercado nuevo,32.09671434933697
16100,Michoacán de Ocampo,Tzintzuntzan,Ihuatzio,19.565514722222222,-101.61810361111111,14911,0,0,0.0006730601437007654,961.0,Mercado nuevo,47.180842975417896
31055,Yucatán,Opichén,Opichén,20.55065138888889,-89.85624444444444,7080,0,0,0.0006718046620926297,962.0,Mercado nuevo,52.249313696346256
15079,México,Soyaniquilpan de Juárez,San Francisco Soyaniquilpan,20.01389111111111,-99.5278961111111,14323,0,0,0.0006699105175014459,963.0,Mercado nuevo,35.646475162299105
26062,Sonora,Suaqui Grande,Suaqui Grande,28.3955475,-109.88820277777778,1114,0,0,0.00066812709580993,964.0,Mercado nuevo,100.06632765896275
12075,Guerrero,Eduardo Neri,Zumpango del Río,17.65319722222222,-99.52593666666667,53126,0,0,0.0006664466380594705,965.0,Densificación,11.595279349987496
20327,Oaxaca,San Pedro Tapanatepec,San Pedro Tapanatepec,16.367248611111112,-94.19384833333334,15479,0,0,0.0006653746190176687,966.0,Mercado nuevo,122.74443275033624
24027,San Luis Potosí,San Ciro de Acosta,San Ciro de Acosta,21.650006944444442,-99.818685,10215,0,0,0.0006652872989079885,967.0,Mercado nuevo,124.39752588914197
11029,Guanajuato,San Diego de la Unión,San Diego de la Unión,21.466386666666665,-100.87331638888888,41054,0,0,0.0006643817017771725,968.0,Mercado nuevo,63.72227253594869
25016,Sinaloa,San Ignacio,San Ignacio,23.940275833333335,-106.42549694444445,19505,0,0,0.0006643817017771725,969.0,Mercado nuevo,82.28047515091181
07085,Chiapas,Soyaló,Soyaló,16.8909925,-92.92529,10890,0,0,0.0006574034062899469,970.0,Densificación,25.31161224938682
20077,Oaxaca,Reyes Etla,Reyes Etla,17.20555611111111,-96.81009277777777,4370,0,0,0.000656456045004906,971.0,Densificación,18.51694961941259
26040,Sonora,Nácori Chico,Nácori Chico,29.686324722222224,-108.97859416666667,1531,0,0,0.0006549499431422775,972.0,Mercado nuevo,203.52325171773856
31008,Yucatán,Calotmul,Calotmul,21.019289444444443,-88.1770463888889,3949,0,0,0.0006539666986074193,973.0,Mercado nuevo,122.46824032751326
20241,Oaxaca,San Martín Lachilá,San Martín Lachilá,16.610864444444445,-96.84937166666666,1034,0,0,0.0006526022707438273,974.0,Mercado nuevo,51.65298115970937
21083,Puebla,Ixtacamaxtitlán,La Unión Ejido Mexcaltepec,19.60834861111111,-97.711285,25319,0,0,0.0006521864262533592,975.0,Mercado nuevo,59.442847503776925
30135,Veracruz de Ignacio de la Llave,Rafael Delgado,Rafael Delgado,18.810521666666666,-97.0734375,24127,0,0,0.0006506661506795052,976.0,Densificación,5.235354804734961
08051,Chihuahua,Ocampo,Basaseachi,28.201295,-108.20944805555555,8127,0,0,0.0006494762690785327,977.0,Mercado nuevo,174.1438816555673
30094,Veracruz de Ignacio de la Llave,Juan Rodríguez Clara,Juan Rodríguez Clara,17.99400361111111,-95.40135388888889,38367,0,0,0.0006482959850606909,978.0,Mercado nuevo,76.43885038684888
30049,Veracruz de Ignacio de la Llave,Cotaxtla,La Tinaja,18.761240555555556,-96.46663777777778,22050,0,0,0.0006409921428239343,979.0,Mercado nuevo,51.50332343966255
30015,Veracruz de Ignacio de la Llave,Angel R. Cabada,Ángel R. Cabada,18.595481666666664,-95.44272527777778,33839,0,0,0.0006403428371121461,980.0,Mercado nuevo,91.42095130894643
20232,Oaxaca,San Lucas Ojitlán,San Lucas Ojitlán,18.057503055555557,-96.39776277777779,22185,0,0,0.000634372583824756,981.0,Densificación,29.640089168900374
20219,Oaxaca,San Juan Teitipac,San Juan Teitipac,16.93439888888889,-96.60850944444444,2668,0,0,0.0006328189861809083,982.0,Densificación,17.08835216980518
20500,Oaxaca,Santiago Yosondúa,Santiago Yosondúa,16.873377222222224,-97.57660888888888,7991,0,0,0.0006279938498475249,983.0,Mercado nuevo,92.87281978799119
08003,Chihuahua,Allende,Valle de Ignacio Allende,26.939425833333335,-105.39507666666667,8487,0,0,0.000627374801621097,984.0,Mercado nuevo,200.28112859345066
31077,Yucatán,Tekal de Venegas,Tekal de Venegas,21.0140725,-88.94700527777778,2683,0,0,0.0006182260548462891,985.0,Mercado nuevo,70.51347095429549
07069,Chiapas,Pijijiapan,Pijijiapan,15.691673611111112,-93.20931694444445,51193,0,0,0.0006160555424755234,986.0,Mercado nuevo,118.54892251163423
20486,Oaxaca,Villa Tejúpam de la Unión,Villa Tejúpam de la Unión,17.6670875,-97.47352083333334,2419,0,0,0.000615957516842324,987.0,Mercado nuevo,88.8297719150135
26053,Sonora,San Felipe de Jesús,San Felipe de Jesús,29.85862416666667,-110.24105805555556,369,0,0,0.0006086474501108647,988.0,Mercado nuevo,111.43663689388119
31021,Yucatán,Chichimilá,Chichimilá,20.63127,-88.21739666666667,9406,0,0,0.0006048567583389004,989.0,Mercado nuevo,118.83148239349484
30144,Veracruz de Ignacio de la Llave,Sayula de Alemán,Sayula de Alemán,17.880969444444446,-94.9601088888889,32400,0,0,0.0006039391203022118,990.0,Mercado nuevo,60.759714247244126
05014,Coahuila de Zaragoza,Jiménez,San Carlos,29.02635611111111,-100.90322833333335,9502,0,0,0.0006030112105959788,991.0,Mercado nuevo,50.836473193103096
20102,Oaxaca,San Andrés Zautla,San Andrés Zautla,17.186387777777778,-96.86349,5326,0,0,0.0005943225170729414,992.0,Densificación,20.315150743772893
22015,Querétaro,San Joaquín,San Joaquín,20.916061388888888,-99.56635916666666,8359,0,0,0.0005891389275057369,993.0,Mercado nuevo,74.16551178006408
21204,Puebla,Yaonáhuac,Yaonáhuac,19.870895277777777,-97.46644611111111,7926,0,0,0.0005803948171052355,994.0,Mercado nuevo,68.57437524376793
01002,Aguascalientes,Asientos,Villa Juárez,22.095562777777776,-102.0707925,51536,0,0,0.0005772750291487277,995.0,Mercado nuevo,33.390042655707
30181,Veracruz de Ignacio de la Llave,Tlalixcoyan,Piedras Negras,18.7696425,-96.17254722222222,37795,0,0,0.0005739182614461841,996.0,Mercado nuevo,41.92322344739832
08065,Chihuahua,Urique,San Rafael,27.489753333333333,-107.8900725,17043,0,0,0.0005728689832664582,997.0,Mercado nuevo,160.27424385691714
20539,Oaxaca,Soledad Etla,Soledad Etla,17.17168416666667,-96.82075694444444,6348,0,0,0.0005694286054119411,998.0,Densificación,16.025771733201367
20021,Oaxaca,Cosolapa,Cosolapa,18.601786944444445,-96.68238611111111,14488,0,0,0.0005680731688077736,999.0,Mercado nuevo,42.04766893650527
21046,Puebla,Chapulco,Chapulco,18.620488055555555,-97.41116722222223,8193,0,0,0.0005651864320131317,1000.0,Densificación,17.718172800881945
26023,Sonora,Cumpas,Cumpas,29.993563611111114,-109.78249694444445,5829,0,0,0.0005651398601398603,1001.0,Mercado nuevo,152.89880883795774
05034,Coahuila de Zaragoza,Sierra Mojada,Hércules,28.041923888888892,-103.78972166666667,6744,0,0,0.0005604965415495237,1002.0,Mercado nuevo,233.3505202322283
32052,Zacatecas,Villa García,Villa García,22.164898055555554,-101.95631888888889,19525,0,0,0.000559543978314516,1003.0,Mercado nuevo,47.23560434621353
07093,Chiapas,Tenejapa,Tzajalchén,16.840791944444444,-92.4600475,48162,0,0,0.0005581150169576308,1004.0,Densificación,22.14177983553856
31090,Yucatán,Timucuy,Timucuy,20.810508055555555,-89.513505,7503,0,0,0.0005515205536106415,1005.0,Densificación,20.918475049109357
14054,Jalisco,El Limón,El Limón,19.824444444444445,-104.15222222222222,5368,0,0,0.0005421002065910933,1006.0,Mercado nuevo,78.46309093384835
26009,Sonora,Bacanora,Bacanora,28.9840625,-109.4004013888889,759,0,0,0.0005300884987381351,1007.0,Mercado nuevo,151.81860644864076
12057,Guerrero,Técpan de Galeana,Técpan de Galeana,17.22260861111111,-100.63237777777778,65237,0,0,0.0005231168028630624,1008.0,Mercado nuevo,88.8586614218619
29009,Tlaxcala,Cuaxomulco,Cuaxomulco,19.355807222222225,-98.10312222222221,5928,0,0,0.000517354288957539,1009.0,Densificación,10.173424695661776
17019,Morelos,Tepalcingo,Tepalcingo,18.594736388888887,-98.84435666666666,28122,0,0,0.0005158779075999573,1010.0,Densificación,26.913382379919117
21172,Puebla,Tetela de Ocampo,Ciudad de Tetela de Ocampo,19.816758055555557,-97.80597222222222,27216,0,0,0.000495025673650117,1011.0,Mercado nuevo,67.66949346501255
15016,México,Axapusco,Jaltepec,19.729444444444443,-98.63408916666667,29128,0,0,0.0004931274967838039,1012.0,Mercado nuevo,38.47835077129036
25014,Sinaloa,Rosario,El Rosario,22.990874166666668,-105.85375666666665,52345,0,0,0.00048821092632747625,1013.0,Mercado nuevo,62.63470859812116
20143,Oaxaca,San Francisco Ixhuatán,San Francisco Ixhuatán,16.35235666666667,-94.48382833333334,9461,0,0,0.00047530944660076146,1014.0,Mercado nuevo,152.56006350496597
25003,Sinaloa,Badiraguato,Badiraguato,25.362651666666668,-107.55101833333333,26542,0,0,0.00045873786407766995,1015.0,Mercado nuevo,63.5883646619935
20272,Oaxaca,San Miguel Panixtlahuaca,San Miguel Panixtlahuaca,16.26003111111111,-97.37964333333332,6252,0,0,0.00045825174997652567,1016.0,Mercado nuevo,112.99962550914063
20093,Oaxaca,San Andrés Lagunas,San Isidro Lagunas,17.589786944444445,-97.5138063888889,518,0,0,0.0004576618569770332,1017.0,Mercado nuevo,97.8574331140335
30022,Veracruz de Ignacio de la Llave,Atzacan,Atzacan,18.906967777777776,-97.08390472222221,22651,0,0,0.0004535788103474878,1018.0,Densificación,6.424798275636668
20221,Oaxaca,San Juan Teposcolula,San Juan Teposcolula,17.550609166666668,-97.42457888888889,1494,0,0,0.00044535751393218117,1019.0,Mercado nuevo,92.11286790619343
10034,Durango,Tamazula,Tamazula de Victoria,24.97031611111111,-106.96660166666668,26300,0,0,0.0004411487314910876,1020.0,Mercado nuevo,46.6788052627266
13016,Hidalgo,Cuautepec de Hinojosa,Cuautepec,20.03547,-98.30973805555556,60421,0,0,0.0004396737601949939,1021.0,Mercado nuevo,45.65582704623356
21001,Puebla,Acajete,Acajete,19.10494027777778,-97.952715,72894,0,0,0.0004288055353241078,1022.0,Densificación,26.60166429348589
16011,Michoacán de Ocampo,Briseñas,Briseñas de Matamoros,20.271234166666666,-102.5610575,11681,0,0,0.00042421483841602195,1023.0,Densificación,28.777015525181678
14125,Jalisco,San Ignacio Cerro Gordo,San Ignacio Cerro Gordo,20.743055555555557,-102.53611111111111,18341,0,0,0.00041674047829937995,1024.0,Mercado nuevo,78.50191871908956
21048,Puebla,Chiautzingo,San Lorenzo Chiautzingo,19.202914444444446,-98.46825916666667,22039,0,0,0.00041647344595340636,1025.0,Densificación,18.62321605577335
07013,Chiapas,Bochil,Bochil,16.996383333333334,-92.8902188888889,37263,0,0,0.00041150828247602444,1026.0,Mercado nuevo,36.05028418186098
13012,Hidalgo,Atotonilco el Grande,Atotonilco el Grande,20.28688166666667,-98.66906166666668,30135,0,0,0.0004113257243195787,1027.0,Densificación,19.619708986366934
20215,Oaxaca,San Juan Sayultepec,San Juan Sayultepec,17.45348222222222,-97.28474055555556,879,0,0,0.0004109978150036416,1028.0,Mercado nuevo,73.76756394479474
28043,Tamaulipas,Xicoténcatl,Xicoténcatl,22.996771666666667,-98.94567722222223,22229,0,0,0.00040950126443226417,1029.0,Mercado nuevo,84.30177937576202
07050,Chiapas,La Libertad,La Libertad,17.690136388888888,-91.71906222222222,5232,0,0,0.00040534085974815463,1030.0,Mercado nuevo,106.10156135238233
07067,Chiapas,Pantepec,Pantepec,17.188091944444444,-93.04954583333333,12266,0,0,0.00040534085974815463,1031.0,Mercado nuevo,48.77417272601156
08040,Chihuahua,Madera,Madera,29.19,-108.1413888888889,25144,0,0,0.0004045356371490281,1032.0,Mercado nuevo,210.2021411834681
16015,Michoacán de Ocampo,Coalcomán de Vázquez Pallares,Coalcomán de Vázquez Pallares,18.777098888888887,-103.15955472222223,19633,0,0,0.00040273621205643426,1033.0,Mercado nuevo,79.09352462937761
20285,Oaxaca,San Miguel Tlacamama,San Miguel Tlacamama,16.41672861111111,-98.06321694444445,3668,0,0,0.00040123755485335606,1034.0,Mercado nuevo,159.3986426433938
21051,Puebla,Chietla,Atencingo,18.51189111111111,-98.6073286111111,37030,0,0,0.0004010570824524313,1035.0,Mercado nuevo,49.628646344522004
15064,México,El Oro,El Oro de Hidalgo,19.802143055555558,-100.13066472222222,36937,0,0,0.0004010570824524313,1036.0,Mercado nuevo,66.39625441491357
10037,Durango,Topia,Topia,25.2090225,-106.57119583333333,9320,0,0,0.0004009373668512996,1037.0,Mercado nuevo,94.07938478519952
07076,Chiapas,Sabanilla,Sabanilla,17.283484166666668,-92.55172,29889,0,0,0.0003947807933194155,1038.0,Mercado nuevo,61.44554587782574
20387,Oaxaca,Santa Gertrudis,Santa Gertrudis,16.786594722222222,-96.79721138888888,2891,0,0,0.000392073459496792,1039.0,Mercado nuevo,31.344337641825277
20185,Oaxaca,San Juan Cacahuatepec,San Juan Cacahuatepec,16.61373388888889,-98.15609194444446,8939,0,0,0.0003901830282861897,1042.0,Mercado nuevo,160.14193225392322
31010,Yucatán,Cantamayec,Cantamayec,20.470555555555553,-89.08094416666667,2755,0,0,0.0003901830282861897,1041.0,Mercado nuevo,79.04684259001121
20195,Oaxaca,San Juan Diuxi,San Juan Diuxi,17.281509444444442,-97.3742425,1056,0,0,0.0003901830282861897,1040.0,Mercado nuevo,73.1957941419815
10002,Durango,Canelas,Canelas,25.122970833333333,-106.54563305555556,4321,0,0,0.00038565573770491814,1043.0,Mercado nuevo,92.35612428762896
16010,Michoacán de Ocampo,Arteaga,Arteaga,18.35569388888889,-102.2900625,20332,0,0,0.00038293082275890286,1044.0,Mercado nuevo,44.80856222090254
21039,Puebla,Cuautempan,San Esteban Cuautempan,19.912638333333334,-97.79624111111112,9837,0,0,0.0003807785888077859,1045.0,Mercado nuevo,76.97429936147643
21031,Puebla,Coatzingo,Coatzingo,18.615143333333336,-98.1742163888889,2820,0,0,0.0003807785888077859,1046.0,Mercado nuevo,47.29172109322806
15063,México,Ocuilan,Santa Mónica,18.991376666666667,-99.4257513888889,36223,0,0,0.00038057742782152246,1047.0,Densificación,21.511203749757435
11043,Guanajuato,Victoria,Victoria,21.21217222222222,-100.21593583333333,21253,0,0,0.0003784435954152424,1048.0,Mercado nuevo,61.95719606625033
20461,Oaxaca,Santiago del Río,Santiago del Río,17.455975277777778,-98.08854027777777,527,0,0,0.0003778225806451612,1049.0,Mercado nuevo,133.96498332469633
19037,Nuevo León,Mina,Mina,26.001255555555556,-100.53184444444445,6048,0,0,0.00037686116700201203,1050.0,Densificación,22.959283582158847
18002,Nayarit,Ahuacatlán,Ahuacatlán,21.050586944444444,-104.48466444444445,15393,0,0,0.00037637637637637634,1051.0,Mercado nuevo,86.42505863017395
11019,Guanajuato,Jerécuaro,Jerécuaro,20.15003361111111,-100.51052805555555,49517,0,0,0.000375349580503396,1052.0,Mercado nuevo,50.87595934191567
16099,Michoacán de Ocampo,Tuzantla,Tuzantla,19.207606388888887,-100.57306388888888,14329,0,0,0.000375349580503396,1053.0,Mercado nuevo,85.15138843624649
29045,Tlaxcala,Benito Juárez,Benito Juárez,19.58451361111111,-98.42635750000001,6211,0,0,0.0003733598409542744,1054.0,Mercado nuevo,36.958167729938765
20503,Oaxaca,Santiago Zoochila,Santiago Zoochila,17.220566111111108,-96.24213861111112,425,0,0,0.0003671986682759827,1055.0,Mercado nuevo,51.1346294506737
20308,Oaxaca,San Pedro Huilotepec,San Pedro Huilotepec,16.24365722222222,-95.15293444444445,3307,0,0,0.00036719866827598257,1056.0,Mercado nuevo,187.8779555506659
25013,Sinaloa,Mocorito,Pericos,25.086016666666666,-107.70424361111111,40358,0,0,0.00036535885167464117,1057.0,Mercado nuevo,43.93205291404196
20426,Oaxaca,Santa María Peñoles,El Manzanito,16.968875277777776,-97.03096777777778,8967,0,0,0.00036479937972475296,1060.0,Mercado nuevo,34.02842741765897
20251,Oaxaca,San Mateo Nejápam,San Mateo Nejápam,17.655588055555555,-98.4169938888889,1217,0,0,0.00036479937972475296,1059.0,Mercado nuevo,115.47775738499982
20260,Oaxaca,San Miguel Aloápam,San Miguel Aloápam,17.412912777777777,-96.69146472222222,2191,0,0,0.00036479937972475296,1058.0,Mercado nuevo,38.78570406581128
24007,San Luis Potosí,Cedral,Cedral,23.819331666666667,-100.72660611111111,19840,0,0,0.00036407766990291263,1063.0,Mercado nuevo,160.604933797147
32027,Zacatecas,Melchor Ocampo,Melchor Ocampo,24.831724444444443,-101.6422263888889,2736,0,0,0.00036407766990291263,1062.0,Mercado nuevo,92.12453939510937
31084,Yucatán,Temax,Temax,21.15184111111111,-88.93863416666667,7037,0,0,0.00036407766990291263,1061.0,Mercado nuevo,74.05174325184275
07049,Chiapas,Larráinzar,Larráinzar,16.88444611111111,-92.71325833333334,31259,0,0,0.0003630375823324292,1064.0,Densificación,18.26584498730804
15084,México,Temascalapa,Santa Ana Tlachihualpa,19.767164444444443,-98.91043305555556,43593,0,0,0.0003593045717965228,1065.0,Densificación,13.450486897387453
20199,Oaxaca,San Juan Ihualtepec,San Juan Ihualtepec,17.739841666666667,-98.28884611111111,494,0,0,0.0003593032159264931,1067.0,Mercado nuevo,124.24296366679084
21052,Puebla,Chigmecatitlán,Chigmecatitlán,18.645566111111112,-98.0756211111111,1215,0,0,0.0003593032159264931,1066.0,Mercado nuevo,46.121748083189644
12018,Guerrero,Copala,Copala,16.60875916666667,-98.97862361111112,14463,0,0,0.0003584691170898067,1068.0,Mercado nuevo,100.69460751242322
12023,Guerrero,Cuajinicuilapa,Cuajinicuilapa,16.471985555555555,-98.41674472222223,26627,0,0,0.0003584691170898067,1069.0,Mercado nuevo,162.4600079096701
20290,Oaxaca,San Nicolás Hidalgo,San Nicolás Hidalgo,17.782919444444442,-98.14258333333333,1043,0,0,0.000356060606060606,1070.0,Mercado nuevo,109.52905004720775
30092,Veracruz de Ignacio de la Llave,Xico,Xico,19.421269444444444,-97.00723277777777,39623,0,0,0.00035190782017378164,1071.0,Densificación,14.733542618195738
05037,Coahuila de Zaragoza,Villa Unión,Villa Unión,28.220497777777776,-100.725155,6188,0,0,0.0003463666543710808,1072.0,Mercado nuevo,57.52711084284692
05026,Coahuila de Zaragoza,Progreso,San José de Aura,27.588259722222222,-101.37190694444443,3239,0,0,0.0003463666543710808,1073.0,Mercado nuevo,76.5241101337985
21205,Puebla,Yehualtepec,Yehualtepec,18.793291111111113,-97.66286972222223,26392,0,0,0.00034178832116788335,1074.0,Mercado nuevo,46.58476689948364
21025,Puebla,Ayotoxco de Guerrero,Ayotoxco de Guerrero,20.097159444444443,-97.41052361111112,8208,0,0,0.00034178832116788335,1076.0,Mercado nuevo,81.38256667895452
07046,Chiapas,Jiquipilas,Jiquipilas,16.66772138888889,-93.65047527777779,41063,0,0,0.00034178832116788335,1075.0,Mercado nuevo,57.808237253082424
28039,Tamaulipas,Tula,Ciudad Tula,22.996876944444445,-99.71299777777779,28230,0,0,0.00034144144144144156,1077.0,Mercado nuevo,99.76243714652952
20525,Oaxaca,Santo Domingo Zanatepec,Santo Domingo Zanatepec,16.48280361111111,-94.35390333333332,12483,0,0,0.00033161979534795596,1078.0,Mercado nuevo,135.38531240998225
20056,Oaxaca,Mártires de Tacubaya,Mártires de Tacubaya,16.537985833333334,-98.2509125,1446,0,0,0.00033161979534795596,1079.0,Mercado nuevo,172.4461196991381
31086,Yucatán,Tepakán,Tepakán,21.049377222222223,-89.03944666666666,2133,0,0,0.00032728541521284015,1080.0,Mercado nuevo,61.397461164727964
17013,Morelos,Jonacatepec de Leandro Valle,Jonacatepec de Leandro Valle,18.680690277777778,-98.80322305555555,16694,0,0,0.0003262068965517242,1081.0,Densificación,21.726834440201216
20266,Oaxaca,San Miguel del Puerto,Barra Copalita,15.817677777777778,-96.06261666666667,8551,0,0,0.0003262068965517242,1082.0,Mercado nuevo,154.12009226296857
21088,Puebla,Jonotla,Jonotla,20.030380277777777,-97.57490472222221,4457,0,0,0.00032474226804123714,1084.0,Mercado nuevo,88.2603055092236
26069,Sonora,Yécora,Yécora,28.372694722222224,-108.92590555555556,4793,0,0,0.00032474226804123714,1083.0,Mercado nuevo,138.83406713407444
18007,Nayarit,Jala,Jala,21.10482111111111,-104.43821666666668,19321,0,0,0.00032418436043500794,1085.0,Mercado nuevo,93.27397632180316
07105,Chiapas,Unión Juárez,Santo Domingo,15.030538333333334,-92.10522305555556,16008,0,0,0.0003237996186514128,1086.0,Mercado nuevo,198.1087596072526
32033,Zacatecas,Moyahua de Estrada,Moyahua de Estrada,21.26559361111111,-103.16569666666668,4530,0,0,0.0003228279386712096,1087.0,Mercado nuevo,64.84511613978154
30072,Veracruz de Ignacio de la Llave,Huayacocotla,Huayacocotla,20.537277222222222,-98.47915194444445,21796,0,0,0.0003226415094339622,1088.0,Mercado nuevo,53.39869373500275
16104,Michoacán de Ocampo,Villamar,Emiliano Zapata,19.991486944444446,-102.61515361111111,15864,0,0,0.0003226415094339622,1089.0,Densificación,12.920668369549864
10004,Durango,Cuencamé,Cuencamé de Ceniceros,24.870939444444446,-103.69846194444445,34955,0,0,0.0003213675213675214,1090.0,Mercado nuevo,78.57080461687936
20416,Oaxaca,Santa María Ixcatlán,Santa María Ixcatlán,17.851593055555558,-97.19048194444444,461,0,0,0.0003205912334352701,1092.0,Mercado nuevo,71.15493878308837
14033,Jalisco,Degollado,Degollado,20.4475,-102.135,21226,0,0,0.0003205912334352701,1091.0,Mercado nuevo,53.936910735765395
20528,Oaxaca,Santos Reyes Tepejillo,Santos Reyes Tepejillo,17.437755833333334,-97.9383225,904,0,0,0.0003198715782358905,1093.0,Mercado nuevo,127.73221736693296
20002,Oaxaca,Acatlán de Pérez Figueroa,Vicente Camalote,18.513522777777776,-96.531845,45167,0,0,0.0003188455008488965,1094.0,Mercado nuevo,59.99653465709741
14087,Jalisco,Tecalitlán,Tecalitlán,19.46944444444444,-103.30666666666666,16705,0,0,0.0003188455008488965,1095.0,Mercado nuevo,50.88571345387477
21157,Puebla,Tehuitzingo,Tehuitzingo,18.331714166666668,-98.27612611111111,12672,0,0,0.0003165322580645161,1097.0,Mercado nuevo,77.58546948897164
29037,Tlaxcala,Ziltlaltépec de Trinidad Sánchez Santos,Zitlaltépec,19.204729722222222,-97.90875638888889,9207,0,0,0.0003165322580645161,1096.0,Mercado nuevo,32.21204150641924
21130,Puebla,San Juan Atenco,San Juan Atenco,19.089983888888888,-97.54084361111111,3604,0,0,0.0003151991965182458,1098.0,Mercado nuevo,53.534785926509635
19023,Nuevo León,General Treviño,General Treviño,26.226969444444443,-99.48408055555555,1808,0,0,0.0003151991965182458,1099.0,Mercado nuevo,95.87465661873429
17023,Morelos,Tlalnepantla,Tlalnepantla,19.007926944444446,-98.99735222222222,7943,0,0,0.0003141004323245761,1101.0,Densificación,22.145491129029615
21159,Puebla,Teopantlán,Teopantlán,18.713259444444443,-98.26237055555555,3836,0,0,0.0003141004323245761,1100.0,Mercado nuevo,35.18755280273268
15034,México,Ecatzingo,Ecatzingo de Hidalgo,18.958714999999998,-98.75259805555555,10827,0,0,0.0003138759172781855,1102.0,Densificación,26.794293823522032
13042,Hidalgo,Molango de Escamilla,Molango de Escamilla,20.786498333333334,-98.73081361111112,11578,0,0,0.00030977198697068413,1104.0,Mercado nuevo,73.8516571250096
20455,Oaxaca,Santiago Ayuquililla,Santiago Ayuquililla,17.935105833333335,-97.95826222222223,2904,0,0,0.00030977198697068413,1103.0,Mercado nuevo,83.7429053586724
20166,Oaxaca,San José Chiltepec,San José Chiltepec,17.9453525,-96.17053666666668,11310,0,0,0.00030867850098619334,1107.0,Densificación,16.07355530162927
21199,Puebla,Xiutetelco,San Juan Xiutetelco,19.79606138888889,-97.32651777777778,42943,0,0,0.00030867850098619334,1105.0,Mercado nuevo,51.79771113196075
08034,Chihuahua,Ignacio Zaragoza,Ignacio Zaragoza,29.64321222222222,-107.76419472222223,5196,0,0,0.00030867850098619334,1106.0,Mercado nuevo,198.48104338896607
08059,Chihuahua,San Francisco del Oro,San Francisco del Oro,26.858994444444445,-105.85008027777778,5004,0,0,0.00030681818181818186,1108.0,Mercado nuevo,198.93171975587802
14088,Jalisco,Tecolotlán,Tecolotlán,20.203611111111112,-104.045,16603,0,0,0.0003061990212071779,1109.0,Mercado nuevo,77.59104987678484
21165,Puebla,Tepemaxalco,San Felipe Tepemaxalco,18.735603333333334,-98.629055,1216,0,0,0.00030556464811783965,1110.0,Mercado nuevo,35.399122146187096
30012,Veracruz de Ignacio de la Llave,Amatitlán,El Corte,18.4569625,-95.73482416666667,7866,0,0,0.00030536695764629815,1111.0,Mercado nuevo,58.19987144296965
11012,Guanajuato,Cuerámaro,Cuerámaro,20.626478333333335,-101.67038583333334,30857,0,0,0.00030309378021269734,1112.0,Mercado nuevo,33.925742738576076
25007,Sinaloa,Choix,Choix,26.70701083333333,-108.32235194444443,29334,0,0,0.0003015620019126554,1113.0,Mercado nuevo,118.9177514101216
11010,Guanajuato,Coroneo,Coroneo,20.198611111111113,-100.36444444444444,11083,0,0,0.0003015620019126554,1114.0,Mercado nuevo,43.403153541993035
21203,Puebla,Xochitlán Todos Santos,Xochitlán,18.70549361111111,-97.77507694444445,7178,0,0,0.00030108556832694777,1115.0,Mercado nuevo,48.60164168593861
08035,Chihuahua,Janos,Janos,30.8872575,-108.18984972222222,11005,0,0,0.00030108556832694777,1116.0,Mercado nuevo,188.02633093708621
11022,Guanajuato,Ocampo,Ocampo,21.64849222222222,-101.47801638888889,26383,0,0,0.00029993587688361664,1117.0,Mercado nuevo,62.28164532416044
16017,Michoacán de Ocampo,Contepec,Contepec,19.955269166666668,-100.16445722222223,35070,0,0,0.0002991398534565149,1118.0,Mercado nuevo,50.937295080730806
24051,San Luis Potosí,Villa Hidalgo,Villa Hidalgo,22.44869277777778,-100.67886361111111,15458,0,0,0.00029692886242557183,1119.0,Mercado nuevo,45.07120669471044
30195,Veracruz de Ignacio de la Llave,Xoxocotla,Xoxocotla,18.647805277777778,-97.15189777777779,5900,0,0,0.0002969094922737307,1120.0,Densificación,23.268551480616807
08054,Chihuahua,Riva Palacio,San Andrés,28.54600777777778,-106.50263222222222,7695,0,0,0.0002968652037617555,1122.0,Mercado nuevo,42.831018050897164
19035,Nuevo León,Melchor Ocampo,Melchor Ocampo,26.058525,-99.54228333333333,1483,0,0,0.0002968652037617555,1121.0,Mercado nuevo,82.00032807095309
20018,Oaxaca,Concepción Buenavista,Concepción Buenavista,17.878533333333333,-97.40023305555556,752,0,0,0.00029564672721578444,1123.0,Mercado nuevo,64.90487271695459
31006,Yucatán,Buctzotz,Buctzotz,21.201896666666666,-88.79446222222222,9159,0,0,0.00029420018709073895,1124.0,Mercado nuevo,89.96235579931941
04008,Campeche,Tenabo,Tenabo,20.039676944444444,-90.22576333333333,11452,0,0,0.00029418204566781354,1125.0,Mercado nuevo,120.69609033707542
21190,Puebla,Totoltepec de Guerrero,Totoltepec de Guerrero,18.22254111111111,-97.85513444444445,1187,0,0,0.00029400690304361474,1126.0,Mercado nuevo,55.67314151551635
20369,Oaxaca,Santa Catarina Quiané,Santa Catarina Quiané,16.88030611111111,-96.7407475,2193,0,0,0.00029400690304361474,1127.0,Densificación,20.046403165998804
31051,Yucatán,Mocochá,Mocochá,21.105684444444446,-89.45205555555556,3430,0,0,0.0002940069030436147,1129.0,Densificación,23.576837528823347
30139,Veracruz de Ignacio de la Llave,Saltabarranca,Saltabarranca,18.590240277777777,-95.53187888888888,6126,0,0,0.0002940069030436147,1128.0,Mercado nuevo,83.89171079481548
28018,Tamaulipas,Jiménez,Santander Jiménez,24.214493333333333,-98.48570444444445,6375,0,0,0.0002928348909657321,1130.0,Mercado nuevo,86.38482063865264
21129,Puebla,San José Miahuatlán,San José Miahuatlán,18.290238333333335,-97.287655,14018,0,0,0.00029227202472952094,1131.0,Densificación,22.063445541197527
18010,Nayarit,Rosamorada,San Vicente,21.9486375,-105.29778361111111,33567,0,0,0.00029149797570850205,1132.0,Mercado nuevo,133.55201702089403
21178,Puebla,Tlacuilotepec,Tlacuilotepec,20.32626527777778,-98.06890916666666,15977,0,0,0.00029032258064516127,1133.0,Mercado nuevo,73.3027980740036
07099,Chiapas,La Trinitaria,La Trinitaria,16.119059444444446,-92.05046944444445,83111,0,0,0.00029025752404592003,1134.0,Mercado nuevo,92.96491673067827
26067,Sonora,Villa Hidalgo,Villa Hidalgo,30.16310611111111,-109.31986944444444,1429,0,0,0.00029025752404592003,1135.0,Mercado nuevo,199.32144104372034
28042,Tamaulipas,Villagrán,Villagrán,24.47319111111111,-99.48811055555555,5361,0,0,0.00029017305315203964,1137.0,Mercado nuevo,89.3247856194691
20508,Oaxaca,Santo Domingo Chihuitán,Santo Domingo Chihuitán,16.59188611111111,-95.16236944444445,1618,0,0,0.00029017305315203964,1136.0,Mercado nuevo,171.33260759423928
14048,Jalisco,Jesús María,Jesús María,20.6075,-102.22,18982,0,0,0.00029017305315203964,1138.0,Mercado nuevo,69.71698608113151
23006,Quintana Roo,José María Morelos,José María Morelos,19.74939277777778,-88.71051527777779,39165,0,0,0.0002901730531520395,1139.0,Mercado nuevo,146.180675282557
32047,Zacatecas,Teúl de González Ortega,Teúl de González Ortega,21.46409138888889,-103.46203944444444,5356,0,0,0.00028780412688635663,1140.0,Mercado nuevo,82.97903697790653
16033,Michoacán de Ocampo,Gabriel Zamora,Lombardía,19.159803888888888,-102.05396499999999,21466,0,0,0.00028780412688635663,1141.0,Densificación,29.045974524747393
14029,Jalisco,Cuquío,Cuquío,20.927500000000002,-103.02388888888889,17820,0,0,0.0002862595419847329,1142.0,Mercado nuevo,43.29636964406461
10014,Durango,Mezquital,San Francisco del Mezquital,23.473530277777776,-104.39674388888889,48583,0,0,0.00028497566909975675,1144.0,Mercado nuevo,67.23850466346589
15036,México,Hueypoxtla,Santa María Ajoloapan,19.97775861111111,-99.04377805555555,46757,0,0,0.00028497566909975675,1143.0,Densificación,20.9471050286917
28002,Tamaulipas,Aldama,Aldama,22.919306111111112,-98.07371305555556,28725,0,0,0.0002841912884556807,1145.0,Mercado nuevo,78.684460249571
21202,Puebla,Xochitlán de Vicente Suárez,Zoatecpan,19.933569444444444,-97.62046694444444,13025,0,0,0.00028300455235204854,1146.0,Mercado nuevo,85.89291692936683
07081,Chiapas,Simojovel,Simojovel de Allende,17.14082611111111,-92.71520833333334,52935,0,0,0.00028243814121907054,1147.0,Mercado nuevo,45.65421332084979
30053,Veracruz de Ignacio de la Llave,Cuitláhuac,Cuitláhuac,18.814539444444446,-96.72232277777778,28075,0,0,0.00028172817281728183,1148.0,Densificación,24.1105986202373
31053,Yucatán,Muna,Muna,20.483953333333336,-89.7133775,13494,0,0,0.00028118425007514285,1149.0,Mercado nuevo,54.5626234272511
26011,Sonora,Bacoachi,Bacoachi,30.633038333333335,-109.9690075,1475,0,0,0.0002804334916864608,1150.0,Mercado nuevo,120.8546343735436
16040,Michoacán de Ocampo,Indaparapeo,Indaparapeo,19.790059444444445,-100.96849305555556,18385,0,0,0.0002800059862316672,1151.0,Densificación,25.30359967095579
20372,Oaxaca,Santa Catarina Yosonotú,Santa Catarina Yosonotú,17.02054972222222,-97.66212777777778,1316,0,0,0.0002795505617977528,1152.0,Mercado nuevo,99.67777317869583
30113,Veracruz de Ignacio de la Llave,Naranjal,Naranjal,18.810826111111112,-96.96134111111111,4614,0,0,0.00027895981087470447,1153.0,Densificación,9.685417528326612
07124,Chiapas,Mezcalapa,Raudales Malpaso,17.1892225,-93.60477333333333,23847,0,0,0.00027895981087470447,1154.0,Mercado nuevo,71.08730307361392
26021,Sonora,La Colorada,Tecoripa,28.623738055555556,-109.95380944444445,1848,0,0,0.0002759882869692533,1155.0,Mercado nuevo,109.95775258193905
07106,Chiapas,Venustiano Carranza,Venustiano Carranza,16.33961722222222,-92.56513527777777,67292,0,0,0.00027505896226415096,1156.0,Mercado nuevo,44.85878715985743
07047,Chiapas,Jitotol,Jitotol,17.067967499999998,-92.8623361111111,24966,0,0,0.0002739906377998829,1157.0,Mercado nuevo,43.88698912712535
07107,Chiapas,Villa Corzo,Villa Corzo,16.18475111111111,-93.26768361111111,65643,0,0,0.0002739906377998829,1158.0,Mercado nuevo,65.34982218237114
11040,Guanajuato,Tierra Blanca,Tierra Blanca,21.100002500000002,-100.1591538888889,20007,0,0,0.00027392836171462125,1159.0,Mercado nuevo,61.225764682669706
32041,Zacatecas,El Salvador,El Salvador,24.520576666666667,-100.86783,2509,0,0,0.0002739244951712028,1160.0,Mercado nuevo,101.07455360722076
07020,Chiapas,La Concordia,La Concordia,16.116715833333334,-92.68793388888889,49920,0,0,0.00027313934785787406,1161.0,Mercado nuevo,69.18382015649722
26051,Sonora,Rosario,Rosario,27.840659166666665,-109.37077,4830,0,0,0.0002724898432965758,1162.0,Mercado nuevo,67.28381469636807
16070,Michoacán de Ocampo,Purépero,Purépero de Echáiz,19.909963055555554,-102.00674055555555,15503,0,0,0.0002714951909064412,1163.0,Mercado nuevo,30.31122580772203
17016,Morelos,Ocuituco,Ocuituco,18.877692777777778,-98.77569749999999,19219,0,0,0.0002714078374455733,1164.0,Densificación,20.227903900533008
21065,Puebla,General Felipe Ángeles,Santa Úrsula Chiconquiac,19.013256666666667,-97.6759213888889,22694,0,0,0.0002714078374455733,1166.0,Mercado nuevo,54.93352476052168
13059,Hidalgo,Tecozautla,Tecozautla,20.53387277777778,-99.63492388888889,38010,0,0,0.0002714078374455733,1165.0,Mercado nuevo,41.38110136463036
15086,México,Temascaltepec,Temascaltepec de González,19.043074722222222,-100.04135944444444,35014,0,0,0.0002710982658959537,1167.0,Mercado nuevo,41.931507922912246
15071,México,Polotitlán,Polotitlán de la Ilustración,20.22380944444444,-99.814745,14985,0,0,0.0002703555045871559,1168.0,Densificación,26.434423733341376
30041,Veracruz de Ignacio de la Llave,Coetzala,Coetzala,18.78563638888889,-96.91669222222222,2355,0,0,0.0002703363035354987,1169.0,Densificación,12.250533196096812
30186,Veracruz de Ignacio de la Llave,Tomatlán,Tomatlán,19.031539444444444,-97.01026055555556,7197,0,0,0.00026777522935779815,1170.0,Densificación,17.16540652090422
05012,Coahuila de Zaragoza,Guerrero,Guerrero,28.308418333333336,-100.37872555555555,1643,0,0,0.0002652916073968705,1171.0,Mercado nuevo,46.787629143019686
24003,San Luis Potosí,Aquismón,Tampate,21.63785777777778,-99.02681805555555,48359,0,0,0.00026338028169014085,1172.0,Mercado nuevo,136.60032236696404
21082,Puebla,Ixcaquixtla,San Juan Ixcaquixtla,18.460095555555554,-97.8323475,8804,0,0,0.0002632971317181843,1173.0,Mercado nuevo,46.44531967277235
14107,Jalisco,Tuxcueca,San Luis Soyatlán,20.195,-103.30222222222221,6702,0,0,0.00026223776223776224,1174.0,Mercado nuevo,36.83867438763786
31095,Yucatán,Tixpéhual,Tixpéhual,20.978168333333333,-89.44190277777778,5690,0,0,0.00025508819538670285,1175.0,Densificación,18.984345968897557
21022,Puebla,Atzitzihuacán,San Juan Amecac,18.834315277777776,-98.65829472222222,12857,0,0,0.0002510029419630918,1179.0,Mercado nuevo,31.34697777078027
15041,México,Ixtapan del Oro,Miahuatlán de Hidalgo (Santa Cruz Miahuatlán),19.30165277777778,-100.2932163888889,6475,0,0,0.0002510029419630918,1176.0,Mercado nuevo,58.6105415503082
07117,Chiapas,Montecristo de Guerrero,Montecristo de Guerrero,15.6939175,-92.61926,8412,0,0,0.0002510029419630918,1178.0,Mercado nuevo,116.00441603018434
20235,Oaxaca,San Luis Amatlán,San Esteban Amatlán,16.503832222222222,-96.54975444444445,3829,0,0,0.0002510029419630918,1177.0,Mercado nuevo,64.18281884233903
29007,Tlaxcala,El Carmen Tequexquitla,Villa de El Carmen Tequexquitla,19.32458611111111,-97.65915916666667,17332,0,0,0.00024678899082568805,1180.0,Mercado nuevo,56.0261286460658
29047,Tlaxcala,Lázaro Cárdenas,Lázaro Cárdenas,19.53876388888889,-97.98319055555555,3534,0,0,0.00024678899082568805,1182.0,Mercado nuevo,32.07908583490283
31094,Yucatán,Tixmehuac,Tixmehuac,20.235720833333335,-89.10900111111111,5444,0,0,0.00024678899082568805,1181.0,Mercado nuevo,97.46476560310049
24006,San Luis Potosí,Catorce,Real de Catorce,23.690449444444443,-100.88625333333334,9579,0,0,0.000246788990825688,1183.0,Mercado nuevo,171.35809653925108
21182,Puebla,Tlanepantla,Tlanepantla,18.86536388888889,-97.88739694444445,5390,0,0,0.00024594028287061294,1184.0,Mercado nuevo,38.18408162625035
20408,Oaxaca,Santa María del Rosario,Santa María del Rosario,17.35176138888889,-97.59382027777777,499,0,0,0.00024577373211963593,1185.0,Mercado nuevo,97.77635023002628
20348,Oaxaca,San Sebastián Tecomaxtlahuaca,San Sebastián Tecomaxtlahuaca,17.345856388888887,-98.03117388888889,8192,0,0,0.00023984674329501922,1186.0,Mercado nuevo,141.35784106766934
20368,Oaxaca,Santa Catarina Minas,Santa Catarina Minas,16.77918972222222,-96.6154561111111,2067,0,0,0.00022244703641989997,1187.0,Mercado nuevo,32.7842990425364
20299,Oaxaca,San Pablo Yaganiza,San Pablo Yaganiza,17.1460825,-96.22957472222222,1125,0,0,0.0002219200756680066,1188.0,Mercado nuevo,50.26263443008316
14100,Jalisco,Tomatlán,Tomatlán,19.941525,-105.2452725,36316,0,0,0.0002198647703427373,1189.0,Mercado nuevo,74.75627685637906
10013,Durango,Mapimí,Bermejillo,25.889744722222222,-103.62446444444444,26932,0,0,0.00021754385964912275,1190.0,Mercado nuevo,37.78567760173388
30086,Veracruz de Ignacio de la Llave,Jalacingo,Jalacingo,19.80596611111111,-97.30868166666666,46794,0,0,0.00021297779812314027,1191.0,Mercado nuevo,50.94621280884045
31035,Yucatán,Hoctún,Hoctún,20.865212222222222,-89.20206583333334,6384,0,0,0.00019181612038754895,1192.0,Mercado nuevo,45.317497781992174
31062,Yucatán,Sacalum,Sacalum,20.495829166666667,-89.59116527777778,4962,0,0,0.00018432725480532286,1193.0,Mercado nuevo,52.56523413877598
20229,Oaxaca,San Lorenzo Texmelúcan,El Arador,16.54090805555556,-97.18170027777778,9148,0,0,0.0,1210.0,Mercado nuevo,75.43416218496638
20230,Oaxaca,San Lorenzo Victoria,San Lorenzo Victoria,17.668356111111112,-98.1202736111111,932,0,0,0.0,1211.0,Mercado nuevo,117.12652486581064
20231,Oaxaca,San Lucas Camotlán,San Lucas Camotlán,16.94316277777778,-95.71314416666667,3187,0,0,0.0,1212.0,Mercado nuevo,105.23338949708446
20233,Oaxaca,San Lucas Quiaviní,San Lucas Quiaviní,16.894801944444445,-96.46809416666667,1720,0,0,0.0,1213.0,Mercado nuevo,30.579508251895305
20234,Oaxaca,San Lucas Zoquiápam,San Isidro Zoquiápam,18.09809611111111,-96.92848694444444,7163,0,0,0.0,1214.0,Mercado nuevo,63.51414621867992
20236,Oaxaca,San Marcial Ozolotepec,San Marcial Ozolotepec,16.089256944444443,-96.40589166666668,1372,0,0,0.0,1215.0,Mercado nuevo,112.68390987252165
20238,Oaxaca,San Martín de los Cansecos,San Martín de los Cansecos,16.656476388888887,-96.72900527777777,994,0,0,0.0,1216.0,Mercado nuevo,44.87060096180568
20239,Oaxaca,San Martín Huamelúlpam,Totonundoo,17.413965555555553,-97.58322194444445,1000,0,0,0.0,1217.0,Mercado nuevo,99.23535477567548
20240,Oaxaca,San Martín Itunyoso,San Martín Itunyoso,17.229018888888888,-97.88147694444444,2749,0,0,0.0,1218.0,Mercado nuevo,124.2617080906366
20242,Oaxaca,San Martín Peras,San Martín Peras,17.360510555555557,-98.23844444444444,12436,0,0,0.0,1219.0,Mercado nuevo,135.60666502135038
20244,Oaxaca,San Martín Toxpalan,San Martín Toxpalan,18.10072416666667,-97.05902722222221,3934,0,0,0.0,1220.0,Mercado nuevo,53.39831805743279
20245,Oaxaca,San Martín Zacatepec,San Martín Zacatepec,17.80794638888889,-98.06086444444445,1324,0,0,0.0,1221.0,Mercado nuevo,101.42899368053499
20246,Oaxaca,San Mateo Cajonos,San Mateo Cajonos,17.16177638888889,-96.20897555555555,611,0,0,0.0,1222.0,Mercado nuevo,52.746346024130354
20248,Oaxaca,San Mateo del Mar,San Mateo del Mar,16.209700277777777,-94.98189194444444,15571,0,0,0.0,1223.0,Mercado nuevo,205.72896926677856
20249,Oaxaca,San Mateo Yoloxochitlán,San Mateo Yoloxochitlán,18.143674999999998,-96.868415,3831,0,0,0.0,1224.0,Mercado nuevo,65.64750752296735
20250,Oaxaca,San Mateo Etlatongo,San Mateo Etlatongo,17.41483611111111,-97.27174,1239,0,0,0.0,1225.0,Mercado nuevo,70.16202877844964
20252,Oaxaca,San Mateo Peñasco,San Pedro el Alto,17.149316388888888,-97.46080888888889,2384,0,0,0.0,1237.0,Mercado nuevo,78.78003580060401
20253,Oaxaca,San Mateo Piñas,San Mateo Piñas,15.999508333333333,-96.33518916666667,2021,0,0,0.0,1238.0,Mercado nuevo,124.42695505447318
20254,Oaxaca,San Mateo Río Hondo,San Mateo Río Hondo,16.14423,-96.44844833333333,3207,0,0,0.0,1239.0,Mercado nuevo,105.59832615229865
20255,Oaxaca,San Mateo Sindihui,San Mateo Sindihui,17.0042325,-97.35123333333333,1977,0,0,0.0,1240.0,Mercado nuevo,66.82025695634687
20256,Oaxaca,San Mateo Tlapiltepec,San Mateo Tlapiltepec,17.81058861111111,-97.43118277777778,229,0,0,0.0,1241.0,Mercado nuevo,72.57236506158698
20257,Oaxaca,San Melchor Betaza,San Melchor Betaza,17.252395833333335,-96.15435527777778,1052,0,0,0.0,1242.0,Mercado nuevo,61.10533242881237
20258,Oaxaca,San Miguel Achiutla,San Miguel Achiutla,17.306252222222223,-97.48937388888889,698,0,0,0.0,1243.0,Mercado nuevo,85.64811327114542
14027,Jalisco,Cuautitlán de García Barragán,Cuautitlán de García Barragán,19.449722222222224,-104.35694444444444,18370,0,0,0.0,2301.0,Mercado nuevo,69.86648091164707
14028,Jalisco,Cuautla,Cuautla,20.20138888888889,-104.4075,2166,0,0,0.0,2302.0,Mercado nuevo,96.94810450868577
14031,Jalisco,Chimaltitán,Chimaltitán,21.778865277777776,-103.78070583333333,3270,0,0,0.0,2304.0,Mercado nuevo,124.44101404401215
14032,Jalisco,Chiquilistlán,Chiquilistlán,20.08861111111111,-103.85805555555555,5983,0,0,0.0,2305.0,Mercado nuevo,68.99238490479684
14034,Jalisco,Ejutla,Ejutla,19.906388888888888,-104.16194444444444,1981,0,0,0.0,2079.0,Mercado nuevo,86.65105446924089
14038,Jalisco,Guachinango,Guachinango,20.57638888888889,-104.37722222222222,4199,0,0,0.0,2099.0,Mercado nuevo,88.57186757079553
14040,Jalisco,Hostotipaquillo,Hostotipaquillo,21.058055555555555,-104.05027777777778,8732,0,0,0.0,2100.0,Mercado nuevo,78.25907829706895
20259,Oaxaca,San Miguel Ahuehuetitlán,San Miguel Ahuehuetitlán,17.67134777777778,-98.3208525,2142,0,0,0.0,1244.0,Mercado nuevo,125.78839847358
20261,Oaxaca,San Miguel Amatitlán,San Lorenzo Vista Hermosa,17.958820833333334,-98.06904222222222,6932,0,0,0.0,1245.0,Mercado nuevo,90.8123997867796
20263,Oaxaca,San Miguel Coatlán,San Miguel Coatlán,16.196313333333332,-96.69411416666667,3184,0,0,0.0,1246.0,Mercado nuevo,96.09481924656758
20264,Oaxaca,San Miguel Chicahua,El Fortín Alto,17.60898777777778,-97.1962338888889,2169,0,0,0.0,1247.0,Mercado nuevo,78.89001525803486
20265,Oaxaca,San Miguel Chimalapa,San Miguel Chimalapa,16.71446361111111,-94.7478825,6711,0,0,0.0,1248.0,Mercado nuevo,161.33893568662964
20267,Oaxaca,San Miguel del Río,San Miguel del Río,17.321657777777776,-96.56922083333333,245,0,0,0.0,1249.0,Mercado nuevo,31.586169110958288
20269,Oaxaca,San Miguel el Grande,San Miguel el Grande,17.046741111111114,-97.62216944444444,4313,0,0,0.0,1250.0,Mercado nuevo,95.33785140364381
20270,Oaxaca,San Miguel Huautla,San Miguel Huautla,17.74582138888889,-97.13751944444445,1311,0,0,0.0,1251.0,Mercado nuevo,84.07406580031572
20271,Oaxaca,San Miguel Mixtepec,San Miguel Mixtepec,16.77810138888889,-96.95732416666667,3194,0,0,0.0,1252.0,Mercado nuevo,39.887021232343066
20273,Oaxaca,San Miguel Peras,San Miguel Peras,16.93792277777778,-97.00996666666667,3818,0,0,0.0,1253.0,Mercado nuevo,33.15992951524263
14092,Jalisco,Teocuitatlán de Corona,Teocuitatlán de Corona,20.093333333333334,-103.38,11039,0,0,0.0,2297.0,Mercado nuevo,47.22699188067066
14099,Jalisco,Tolimán,Cópala,19.610555555555557,-103.76694444444445,11219,0,0,0.0,2298.0,Mercado nuevo,41.08121034903949
14104,Jalisco,Totatiche,Temastián (La Cantera),21.977108888888885,-103.52432916666666,4180,0,0,0.0,2261.0,Mercado nuevo,127.1580439120833
20036,Oaxaca,Guevea de Humboldt,Guevea de Humboldt,16.792614166666667,-95.36805583333333,5256,0,0,0.0,2033.0,Mercado nuevo,144.31441104982974
20037,Oaxaca,Mesones Hidalgo,Mesones Hidalgo,16.915355555555553,-97.96654555555556,4424,0,0,0.0,2034.0,Mercado nuevo,132.95811591238194
20040,Oaxaca,Huautepec,Huautepec,18.101978055555556,-96.7972986111111,6385,0,0,0.0,2035.0,Mercado nuevo,71.78660198214952
20041,Oaxaca,Huautla de Jiménez,Huautla de Jiménez,18.130377222222222,-96.84616166666666,31710,0,0,0.0,2036.0,Mercado nuevo,68.42514484378579
20042,Oaxaca,Ixtlán de Juárez,Ixtlán de Juárez,17.33152861111111,-96.48780166666667,8385,0,0,0.0,2037.0,Mercado nuevo,36.97367118594286
20046,Oaxaca,Magdalena Jaltepec,Magdalena Jaltepec,17.323620555555554,-97.22127666666667,2943,0,0,0.0,2038.0,Mercado nuevo,60.27802109347799
20047,Oaxaca,Santa Magdalena Jicotlán,Santa Magdalena Jicotlán,17.807016666666666,-97.4706525,81,0,0,0.0,2039.0,Mercado nuevo,73.32391173576762
20048,Oaxaca,Magdalena Mixtepec,Magdalena Mixtepec,16.896111666666666,-96.90772777777778,1433,0,0,0.0,1977.0,Densificación,26.605384045086787
20049,Oaxaca,Magdalena Ocotlán,Magdalena Ocotlán,16.709455277777778,-96.71236527777778,1184,0,0,0.0,1978.0,Mercado nuevo,39.00287969747315
20274,Oaxaca,San Miguel Piedras,San Miguel Piedras,16.999683333333333,-97.23269972222222,1328,0,0,0.0,1254.0,Mercado nuevo,54.345731453237896
20275,Oaxaca,San Miguel Quetzaltepec,San Miguel Quetzaltepec,16.975486666666665,-95.76168027777777,7286,0,0,0.0,1255.0,Mercado nuevo,99.68913986164065
20276,Oaxaca,San Miguel Santa Flor,San Miguel Santa Flor,17.921083333333335,-96.79930055555555,691,0,0,0.0,1256.0,Mercado nuevo,74.16564508906751
20278,Oaxaca,San Miguel Soyaltepec,Temascal,18.240371666666668,-96.4035813888889,38682,0,0,0.0,1257.0,Mercado nuevo,34.93933666096186
20281,Oaxaca,San Miguel Tecomatlán,San Miguel Tecomatlán,17.394043611111112,-97.26799111111112,305,0,0,0.0,1258.0,Mercado nuevo,68.5561344013541
20282,Oaxaca,San Miguel Tenango,San Miguel Tenango,16.267321388888888,-95.59252166666666,653,0,0,0.0,1259.0,Mercado nuevo,147.08432106091223
20283,Oaxaca,San Miguel Tequixtepec,San Miguel Tequixtepec,17.802861111111113,-97.34165527777778,1044,0,0,0.0,1260.0,Mercado nuevo,73.5061735668117
20286,Oaxaca,San Miguel Tlacotepec,San Miguel Tlacotepec,17.453624166666668,-98.00723888888889,3100,0,0,0.0,1261.0,Mercado nuevo,129.66110302261353
20287,Oaxaca,San Miguel Tulancingo,San Miguel Tulancingo,17.75124027777778,-97.44151083333334,307,0,0,0.0,1262.0,Mercado nuevo,79.22638302413968
20288,Oaxaca,San Miguel Yotao,San Miguel Yotao,17.370464444444444,-96.33723527777778,585,0,0,0.0,1263.0,Mercado nuevo,51.006666048921495
20289,Oaxaca,San Nicolás,San Nicolás,16.415955555555556,-96.74082388888888,1214,0,0,0.0,1264.0,Mercado nuevo,71.63241069160621
14010,Jalisco,Atemajac de Brizuela,Atemajac de Brizuela,20.139449444444445,-103.72453555555556,7758,0,0,0.0,2240.0,Mercado nuevo,55.30579149543805
14011,Jalisco,Atengo,Soyatlán del Oro,20.306093611111113,-104.28096138888888,5599,0,0,0.0,2241.0,Mercado nuevo,96.74841435057071
14012,Jalisco,Atenguillo,Atenguillo,20.41472222222222,-104.4925,4176,0,0,0.0,2242.0,Mercado nuevo,79.64837047356556
14014,Jalisco,Atoyac,Atoyac,20.010555555555555,-103.51638888888888,8689,0,0,0.0,2160.0,Mercado nuevo,58.18305356440706
14017,Jalisco,Ayutla,Ayutla,20.129166666666666,-104.34777777777778,12880,0,0,0.0,2161.0,Mercado nuevo,106.32823061534005
14019,Jalisco,Bolaños,Tuxpan de Bolaños,21.874826666666667,-104.0132225,7043,0,0,0.0,2300.0,Mercado nuevo,143.68036867104684
20291,Oaxaca,San Pablo Coatlán,San Francisco Coatlán,16.186645555555558,-96.77152611111111,4308,0,0,0.0,1265.0,Mercado nuevo,97.2358176858321
20292,Oaxaca,San Pablo Cuatro Venados,Río Jalapilla,17.01136111111111,-96.88963111111111,1510,0,0,0.0,1266.0,Densificación,18.273504581507705
20297,Oaxaca,San Pablo Tijaltepec,El Porvenir,17.03863,-97.5082513888889,2751,0,0,0.0,1269.0,Mercado nuevo,83.25203176617441
20300,Oaxaca,San Pedro Amuzgos,San Pedro Amuzgos,16.653904166666667,-98.08992694444444,6632,0,0,0.0,1270.0,Mercado nuevo,152.0620587604863
20301,Oaxaca,San Pedro Apóstol,San Pedro Apóstol,16.735146111111113,-96.72603333333333,1594,0,0,0.0,1271.0,Mercado nuevo,36.12138542543946
20302,Oaxaca,San Pedro Atoyac,San Pedro Atoyac,16.489084444444444,-97.98697722222222,4559,0,0,0.0,1272.0,Mercado nuevo,148.55279904989982
20304,Oaxaca,San Pedro Coxcaltepec Cántaros,Yododeñe,17.53631166666667,-97.14822722222223,716,0,0,0.0,1273.0,Mercado nuevo,69.4247754585891
20306,Oaxaca,San Pedro el Alto,San Pedro el Alto,16.033615555555556,-96.47372250000001,4654,0,0,0.0,1274.0,Mercado nuevo,116.98182014971998
20307,Oaxaca,San Pedro Huamelula,El Coyul,15.914358611111112,-95.81031,9735,0,0,0.0,1275.0,Mercado nuevo,158.8575186424725
20309,Oaxaca,San Pedro Ixcatlán,San Pedro Ixcatlán,18.14566027777778,-96.51062222222222,10368,0,0,0.0,1276.0,Mercado nuevo,42.05907346855048
20311,Oaxaca,San Pedro Jaltepetongo,San Pedro Jaltepetongo,17.68784972222222,-97.03494027777778,483,0,0,0.0,1277.0,Mercado nuevo,77.15407586944052
20312,Oaxaca,San Pedro Jicayán,San Pedro Jicayán,16.452186388888887,-98.01519861111112,11279,0,0,0.0,1278.0,Mercado nuevo,153.0535532288715
20313,Oaxaca,San Pedro Jocotipac,San Pedro Jocotipac,17.76856,-97.08019555555555,730,0,0,0.0,1279.0,Mercado nuevo,83.87190544384437
20315,Oaxaca,San Pedro Mártir,San Pedro Mártir,16.744489444444444,-96.71221805555555,1899,0,0,0.0,1280.0,Mercado nuevo,35.1106356747648
20316,Oaxaca,San Pedro Mártir Quiechapa,San Pedro Mártir Quiechapa,16.41522694444444,-96.24753861111111,738,0,0,0.0,1281.0,Mercado nuevo,86.44674920081289
20317,Oaxaca,San Pedro Mártir Yucuxaco,San Pedro Mártir Yucuxaco,17.432628333333334,-97.61007583333333,1257,0,0,0.0,1282.0,Mercado nuevo,102.67497473427917
20319,Oaxaca,San Pedro Mixtepec,San Pedro Mixtepec Distrito 26,16.27179861111111,-96.28279777777777,972,0,0,0.0,1283.0,Mercado nuevo,98.42196845586827
20320,Oaxaca,San Pedro Molinos,San Pedro Molinos,17.104639444444445,-97.54112444444445,706,0,0,0.0,1284.0,Mercado nuevo,86.83948873120215
20321,Oaxaca,San Pedro Nopala,San Pedro Nopala,17.806293888888888,-97.54130666666667,751,0,0,0.0,1285.0,Mercado nuevo,74.61878602197706
20322,Oaxaca,San Pedro Ocopetatillo,San Pedro Ocopetatillo,18.18493611111111,-96.91315333333334,786,0,0,0.0,1286.0,Mercado nuevo,59.20506074001665
13078,Hidalgo,Xochiatipan,Ohuatipa,20.892525555555554,-98.26208,18260,0,0,0.0,2166.0,Mercado nuevo,98.8959189581469
13079,Hidalgo,Xochicoatlán,Xochicoatlán,20.77685472222222,-98.67972416666667,7015,0,0,0.0,2167.0,Mercado nuevo,73.02076843666829
13080,Hidalgo,Yahualica,Santa Teresa,20.890503055555556,-98.38355055555556,24674,0,0,0.0,2168.0,Mercado nuevo,93.00827987501211
14004,Jalisco,Amacueca,Amacueca,20.010555555555555,-103.5961111111111,5743,0,0,0.0,2239.0,Mercado nuevo,60.74604959696102
20323,Oaxaca,San Pedro Ocotepec,San Pedro Ocotepec,16.95541861111111,-95.8467511111111,2404,0,0,0.0,1287.0,Mercado nuevo,90.96704965917966
20325,Oaxaca,San Pedro Quiatoni,San Pedro Quiatoni,16.78319972222222,-96.03155111111111,11930,0,0,0.0,1288.0,Mercado nuevo,77.14938784955835
20326,Oaxaca,San Pedro Sochiápam,San Pedro Sochiápam,17.825140555555556,-96.66440027777779,5052,0,0,0.0,1289.0,Mercado nuevo,64.38356510173378
20328,Oaxaca,San Pedro Taviche,San Pedro Taviche,16.63784861111111,-96.53759777777778,1441,0,0,0.0,1290.0,Mercado nuevo,50.260358272739836
20329,Oaxaca,San Pedro Teozacoalco,San Pedro Teozacoalco,17.01712611111111,-97.28609805555556,1153,0,0,0.0,1291.0,Mercado nuevo,59.79516052236109
20330,Oaxaca,San Pedro Teutila,Santo Domingo del Río,18.036381111111112,-96.54761694444444,4296,0,0,0.0,1292.0,Mercado nuevo,45.63951617626235
20331,Oaxaca,San Pedro Tidaá,San Pedro Tidaá,17.340764166666666,-97.37727277777778,982,0,0,0.0,1306.0,Mercado nuevo,75.95108386185586
20332,Oaxaca,San Pedro Topiltepec,Santa María Tiltepec,17.466413055555556,-97.35568055555555,373,0,0,0.0,1307.0,Mercado nuevo,80.75122279682256
20333,Oaxaca,San Pedro Totolápam,San Pedro Totolápam,16.666444444444444,-96.30190694444444,3294,0,0,0.0,1308.0,Mercado nuevo,60.84578785296525
20335,Oaxaca,San Pedro Yaneri,San Pedro Yaneri,17.419355833333334,-96.35457055555555,867,0,0,0.0,1309.0,Mercado nuevo,53.52433621823425
20336,Oaxaca,San Pedro Yólox,San Pedro Yólox,17.58843583333333,-96.55157555555556,1697,0,0,0.0,1310.0,Mercado nuevo,60.2478287461774
20340,Oaxaca,San Pedro y San Pablo Tequixtepec,San Pedro y San Pablo Tequixtepec,18.06065611111111,-97.71784611111111,1747,0,0,0.0,1311.0,Mercado nuevo,56.367755213904076
20341,Oaxaca,San Pedro Yucunama,San Pedro Yucunama,17.561004166666667,-97.48259111111112,241,0,0,0.0,1312.0,Mercado nuevo,97.795613566676
20343,Oaxaca,San Sebastián Abasolo,San Sebastián Abasolo,16.994675,-96.58885916666667,1999,0,0,0.0,1313.0,Densificación,13.64548394942654
20344,Oaxaca,San Sebastián Coatlán,San Sebastián Coatlán,16.20125861111111,-96.82753916666667,2809,0,0,0.0,1314.0,Mercado nuevo,96.10439750089873
20345,Oaxaca,San Sebastián Ixcapa,San Sebastián Ixcapa,16.543667222222226,-98.14448722222222,4188,0,0,0.0,1315.0,Mercado nuevo,161.59566738754378
20346,Oaxaca,San Sebastián Nicananduta,San Sebastián Nicananduta,17.517896944444445,-97.68326833333334,1542,0,0,0.0,1316.0,Mercado nuevo,109.42517749797089
20347,Oaxaca,San Sebastián Río Hondo,San Sebastián Río Hondo,16.182830555555558,-96.46406055555556,4202,0,0,0.0,1317.0,Mercado nuevo,101.02827219952238
20351,Oaxaca,San Simón Almolongas,San Simón Almolongas,16.407407499999998,-96.71967222222223,2802,0,0,0.0,1330.0,Mercado nuevo,72.56681143700975
20352,Oaxaca,San Simón Zahuatlán,San Simón Zahuatlán,17.828853333333335,-98.00452833333334,4940,0,0,0.0,1331.0,Mercado nuevo,95.6474174409444
20353,Oaxaca,Santa Ana,Santa Ana,16.340638055555555,-96.71761000000001,2406,0,0,0.0,1332.0,Mercado nuevo,79.99298482705912
20354,Oaxaca,Santa Ana Ateixtlahuaca,Santa Ana Ateixtlahuaca,18.210578333333334,-96.90638305555557,477,0,0,0.0,1333.0,Mercado nuevo,58.394635380835574
20355,Oaxaca,Santa Ana Cuauhtémoc,Santa Ana Cuauhtémoc,17.98384111111111,-96.79469833333333,681,0,0,0.0,1334.0,Mercado nuevo,72.31282150964002
20356,Oaxaca,Santa Ana del Valle,Santa Ana del Valle,16.994826944444444,-96.47167472222222,2179,0,0,0.0,1335.0,Densificación,24.930005459563088
20357,Oaxaca,Santa Ana Tavela,Santa Ana Tavela,16.65464972222222,-95.9115675,848,0,0,0.0,1336.0,Mercado nuevo,94.96187670467323
20358,Oaxaca,Santa Ana Tlapacoyan,Santa Ana Tlapacoyan,16.744003333333335,-96.83708388888888,1958,0,0,0.0,1337.0,Mercado nuevo,37.089491999689855
20359,Oaxaca,Santa Ana Yareni,Santa Ana Yareni,17.397787777777776,-96.61077944444443,637,0,0,0.0,1338.0,Mercado nuevo,38.15730475264495
20360,Oaxaca,Santa Ana Zegache,Santa Ana Zegache,16.837875277777776,-96.72593888888889,3981,0,0,0.0,1339.0,Densificación,24.698424686148712
20361,Oaxaca,Santa Catalina Quierí,Santa Catalina Quierí,16.32220111111111,-96.26585805555555,825,0,0,0.0,1340.0,Mercado nuevo,94.29638457381516
20365,Oaxaca,Santa Catarina Lachatao,Benito Juárez,17.111654166666668,-96.49320722222222,1059,0,0,0.0,1341.0,Densificación,22.056220828036356
20366,Oaxaca,Santa Catarina Loxicha,Santa Catarina Loxicha,16.069504444444444,-96.75486555555555,3676,0,0,0.0,1342.0,Mercado nuevo,110.18191846638554
20371,Oaxaca,Santa Catarina Ticuá,Santa Catarina Ticuá,17.071235833333333,-97.5348586111111,986,0,0,0.0,1343.0,Mercado nuevo,86.04826545160574
14115,Jalisco,Villa Guerrero,Villa Guerrero,21.983055555555556,-103.59666666666666,5525,0,0,0.0,2266.0,Mercado nuevo,134.64600679980057
14117,Jalisco,Cañadas de Obregón,Cañadas de Obregón,21.148611111111112,-102.68527777777778,4388,0,0,0.0,2267.0,Mercado nuevo,86.10108590292376
14118,Jalisco,Yahualica de González Gallo,Yahualica de González Gallo,21.1825,-102.88722222222223,22394,0,0,0.0,2268.0,Mercado nuevo,73.13481530854504
20019,Oaxaca,Concepción Pápalo,San Lorenzo Pápalo,17.88522972222222,-96.87692888888888,2754,0,0,0.0,2104.0,Mercado nuevo,83.12143918778429
20020,Oaxaca,Constancia del Rosario,Constancia del Rosario,17.037821944444445,-97.94145805555556,4847,0,0,0.0,2117.0,Mercado nuevo,129.29519541265506
20022,Oaxaca,Cosoltepec,Cosoltepec,18.141976944444444,-97.79067194444444,803,0,0,0.0,2025.0,Mercado nuevo,55.12834751884738
20024,Oaxaca,Cuyamecalco Villa de Zaragoza,Cuyamecalco Villa de Zaragoza,17.965083055555557,-96.83137638888888,3644,0,0,0.0,2026.0,Mercado nuevo,76.4776888378127
20027,Oaxaca,Chiquihuitlán de Benito Juárez,Chiquihuitlán de Benito Juárez,17.995439444444447,-96.7454475,2179,0,0,0.0,2027.0,Mercado nuevo,66.97069894172385
20028,Oaxaca,Heroica Ciudad de Ejutla de Crespo,Heroica Ciudad de Ejutla de Crespo,16.564275555555557,-96.73190055555555,23148,0,0,0.0,2028.0,Mercado nuevo,55.12554683053378
20029,Oaxaca,Eloxochitlán de Flores Magón,Eloxochitlán de Flores Magón,18.176880833333335,-96.87609083333332,4215,0,0,0.0,2029.0,Mercado nuevo,63.02537547523457
20031,Oaxaca,Tamazulápam del Espíritu Santo,Tamazulápam del Espíritu Santo,17.054435833333333,-96.0651061111111,7185,0,0,0.0,2030.0,Mercado nuevo,66.93364197809468
20032,Oaxaca,Fresnillo de Trujano,Ciruelos de Guaponcingo,17.943775833333333,-98.13219972222221,1077,0,0,0.0,2031.0,Mercado nuevo,97.13967616102506
20034,Oaxaca,Guadalupe de Ramírez,Guadalupe de Ramírez,17.756050555555557,-98.16439416666667,1288,0,0,0.0,2032.0,Mercado nuevo,113.26448889272105
14089,Jalisco,Techaluta de Montenegro,Techaluta de Montenegro,20.074166666666667,-103.55166666666666,4072,0,0,0.0,2296.0,Mercado nuevo,52.48510294590044
20373,Oaxaca,Santa Catarina Zapoquila,Santa Catarina Zapoquila,18.0645575,-97.60165527777777,403,0,0,0.0,1344.0,Mercado nuevo,49.44685420180749
20374,Oaxaca,Santa Cruz Acatepec,Santa Cruz Acatepec,18.163761666666666,-96.87531916666666,1645,0,0,0.0,1345.0,Mercado nuevo,63.84345932794967
20376,Oaxaca,Santa Cruz de Bravo,Santa Cruz de Bravo,17.581373888888887,-98.22398916666667,365,0,0,0.0,1346.0,Mercado nuevo,131.65042873675856
20377,Oaxaca,Santa Cruz Itundujia,Zaragoza,16.668821944444446,-97.79291194444444,10860,0,0,0.0,1347.0,Mercado nuevo,121.63426485803532
20378,Oaxaca,Santa Cruz Mixtepec,Santa Cruz Mixtepec,16.79244277777778,-96.88240722222221,3720,0,0,0.0,1348.0,Mercado nuevo,34.115360080476094
20379,Oaxaca,Santa Cruz Nundaco,Ojo de Agua,17.134448888888887,-97.70989888888889,2951,0,0,0.0,1349.0,Mercado nuevo,104.95503114982219
20381,Oaxaca,Santa Cruz Tacache de Mina,Santa Cruz Tacache de Mina,17.827661388888888,-98.1507875,2940,0,0,0.0,1350.0,Mercado nuevo,106.80113351804114
20382,Oaxaca,Santa Cruz Tacahua,Santa Cruz Tacahua,16.91890111111111,-97.49216583333333,1182,0,0,0.0,1351.0,Mercado nuevo,83.02984141599887
20383,Oaxaca,Santa Cruz Tayata,La Estancia,17.396840833333332,-97.55450555555555,595,0,0,0.0,1352.0,Mercado nuevo,95.68583208612849
20384,Oaxaca,Santa Cruz Xitla,Santa Cruz Xitla,16.322436666666665,-96.6731288888889,4794,0,0,0.0,1353.0,Mercado nuevo,82.20164105923196
20386,Oaxaca,Santa Cruz Zenzontepec,Quinicuena,16.532389166666665,-97.52343944444445,19079,0,0,0.0,1354.0,Mercado nuevo,103.2361624191318
13062,Hidalgo,Tepehuacán de Guerrero,Texcapa,21.092226666666665,-98.85378277777777,31235,0,0,0.0,2046.0,Mercado nuevo,108.52705349998065
13064,Hidalgo,Tepetitlán,Sayula Pueblo,20.200071944444442,-99.39752250000001,10830,0,0,0.0,2047.0,Mercado nuevo,43.13443545381399
13068,Hidalgo,Tianguistengo,Tianguistengo,20.728212499999998,-98.6308511111111,14340,0,0,0.0,2048.0,Mercado nuevo,68.26977827368081
13071,Hidalgo,Tlahuiltepa,Buenavista,20.991356666666668,-98.97503027777778,9086,0,0,0.0,2165.0,Mercado nuevo,99.75534139761554
20388,Oaxaca,Santa Inés del Monte,Santa Inés del Monte,16.925766666666668,-96.86168694444444,2809,0,0,0.0,1355.0,Densificación,20.800247842056017
20391,Oaxaca,Santa Lucía Miahuatlán,Santa Lucía Miahuatlán,16.186473055555556,-96.61821111111111,3375,0,0,0.0,1360.0,Mercado nuevo,97.80072576522697
20392,Oaxaca,Santa Lucía Monteverde,San Sebastián Nopalera,16.942811666666667,-97.77765416666666,6726,0,0,0.0,1361.0,Mercado nuevo,112.64256759985771
20393,Oaxaca,Santa Lucía Ocotlán,Santa Lucía Ocotlán,16.74219,-96.68039611111112,4173,0,0,0.0,1362.0,Mercado nuevo,35.66170421111529
20394,Oaxaca,Santa María Alotepec,Santa María Alotepec,17.092095555555556,-95.85457166666666,2796,0,0,0.0,1363.0,Mercado nuevo,89.35045236975645
20395,Oaxaca,Santa María Apazco,Santa María Apazco,17.63458333333333,-97.10038694444444,1629,0,0,0.0,1364.0,Mercado nuevo,75.27104635731365
20396,Oaxaca,Santa María la Asunción,Santa María la Asunción,18.10822416666667,-96.81936527777778,3259,0,0,0.0,1365.0,Mercado nuevo,72.14118452558613
20398,Oaxaca,Ayoquezco de Aldama,Ayoquezco de Aldama,16.685665555555556,-96.84311444444444,4874,0,0,0.0,1366.0,Mercado nuevo,43.46562993554943
20400,Oaxaca,Santa María Camotlán,Santa María Camotlán,17.899560555555556,-97.69338,1713,0,0,0.0,1367.0,Mercado nuevo,70.19672448839499
20402,Oaxaca,Santa María Cortijo,Santa María Cortijo,16.450802499999998,-98.28571638888889,1067,0,0,0.0,1368.0,Mercado nuevo,176.55494245102238
20404,Oaxaca,Santa María Chachoápam,Santa María Chachoápam,17.525155555555553,-97.28350499999999,761,0,0,0.0,1369.0,Mercado nuevo,78.6488596699715
20405,Oaxaca,Villa de Chilapa de Díaz,Villa de Chilapa de Díaz,17.58832888888889,-97.63191222222221,1815,0,0,0.0,1370.0,Mercado nuevo,100.42504662781946
20406,Oaxaca,Santa María Chilchotla,Santa María Chilchotla,18.23424027777778,-96.83054055555556,21469,0,0,0.0,1371.0,Mercado nuevo,64.45043313180285
20407,Oaxaca,Santa María Chimalapa,Santa María Chimalapa,16.90992,-94.68302222222222,9578,0,0,0.0,1372.0,Mercado nuevo,138.7043752927784
20410,Oaxaca,Santa María Ecatepec,Santa María Zapotitlán,16.12774888888889,-95.85198194444443,3418,0,0,0.0,1373.0,Mercado nuevo,137.49427292515327
20411,Oaxaca,Santa María Guelacé,Santa María Guelacé,17.000876666666667,-96.60283,908,0,0,0.0,1374.0,Densificación,12.033528370352059
20414,Oaxaca,Santa María Huazolotitlán,Santa María Huazolotitlán,16.302222222222223,-97.91286111111111,11995,0,0,0.0,1375.0,Mercado nuevo,151.97387318428392
20415,Oaxaca,Santa María Ipalapa,Santa María Ipalapa,16.63621861111111,-98.03382388888889,4878,0,0,0.0,1376.0,Mercado nuevo,146.9965342340524
20417,Oaxaca,Santa María Jacatepec,La Joya de Santa María Jacatepec,17.8715075,-96.02261277777778,9682,0,0,0.0,1377.0,Densificación,25.422468801020784
20420,Oaxaca,Santa María Lachixío,Santa María Lachixío,16.72775611111111,-97.01921083333333,1679,0,0,0.0,1378.0,Mercado nuevo,48.3907322479346
20422,Oaxaca,Santa María Nativitas,San José Monte Verde,17.64328888888889,-97.34267027777777,603,0,0,0.0,1379.0,Mercado nuevo,91.20624581401839
20423,Oaxaca,Santa María Nduayaco,San José de Gracia,17.43363666666667,-97.49427222222222,453,0,0,0.0,1380.0,Mercado nuevo,91.60827544872542
20424,Oaxaca,Santa María Ozolotepec,Santa María Ozolotepec,16.130840833333334,-96.37006666666666,3793,0,0,0.0,1381.0,Mercado nuevo,109.38879433170187
20425,Oaxaca,Santa María Pápalo,Santa María Pápalo,17.78416,-96.79735638888889,2058,0,0,0.0,1382.0,Mercado nuevo,79.04931758346396
20427,Oaxaca,Santa María Petapa,Rincón Viejo,16.888665555555555,-95.04091166666666,16706,0,0,0.0,1383.0,Mercado nuevo,152.25447454987352
20428,Oaxaca,Santa María Quiegolani,Santa María Quiegolani,16.277213333333332,-96.05200305555556,2224,0,0,0.0,1384.0,Mercado nuevo,111.09765268975484
20429,Oaxaca,Santa María Sola,Santa Rosa Matagallinas,16.58860333333333,-97.01979333333333,1516,0,0,0.0,1385.0,Mercado nuevo,61.06489903694412
20430,Oaxaca,Santa María Tataltepec,Santa María Tataltepec,17.14245888888889,-97.39511555555556,317,0,0,0.0,1386.0,Mercado nuevo,71.75936095861759
20432,Oaxaca,Santa María Temaxcalapa,Santa María Temaxcalapa,17.381099444444445,-96.16247777777778,903,0,0,0.0,1387.0,Mercado nuevo,66.61329365295757
20433,Oaxaca,Santa María Temaxcaltepec,Santa María Temaxcaltepec,16.16310888888889,-97.194655,2694,0,0,0.0,1388.0,Mercado nuevo,111.55884079287081
20434,Oaxaca,Santa María Teopoxco,Santa María Teopoxco,18.166659166666665,-96.95513916666667,3985,0,0,0.0,1389.0,Mercado nuevo,56.626127228174504
20436,Oaxaca,Santa María Texcatitlán,Santa María Texcatitlán,17.712905,-97.06668944444444,896,0,0,0.0,1390.0,Mercado nuevo,81.1295824966695
20437,Oaxaca,Santa María Tlahuitoltepec,Santa María Tlahuitoltepec,17.097536944444442,-96.06325222222222,9653,0,0,0.0,1391.0,Mercado nuevo,67.21709862228911
20438,Oaxaca,Santa María Tlalixtac,Santa María Tlalixtac,17.951677222222223,-96.73807527777778,1839,0,0,0.0,1392.0,Mercado nuevo,67.08097985199672
20440,Oaxaca,Santa María Totolapilla,Santa María Totolapilla,16.603228333333334,-95.62545472222222,812,0,0,0.0,1393.0,Mercado nuevo,124.80454898295527
20442,Oaxaca,Santa María Yalina,Santa María Yalina,17.240470833333333,-96.26278138888888,250,0,0,0.0,1394.0,Mercado nuevo,49.90293636223257
20443,Oaxaca,Santa María Yavesía,Santa María Yavesía,17.23421527777778,-96.42951555555555,434,0,0,0.0,1395.0,Mercado nuevo,33.93371559885278
20444,Oaxaca,Santa María Yolotepec,Santa María Yolotepec,16.87680472222222,-97.50532805555555,481,0,0,0.0,1396.0,Mercado nuevo,85.40776073825973
20445,Oaxaca,Santa María Yosoyúa,Buenavista,17.104912222222225,-97.49836166666667,1699,0,0,0.0,1397.0,Mercado nuevo,82.30388618317616
20446,Oaxaca,Santa María Yucuhiti,Guadalupe Buenavista,17.03152611111111,-97.80466222222222,6008,0,0,0.0,1398.0,Mercado nuevo,114.7747896534104
20447,Oaxaca,Santa María Zacatepec,Santa María Zacatepec,16.763894444444446,-97.9898775,17100,0,0,0.0,1399.0,Mercado nuevo,138.4877765622384
20448,Oaxaca,Santa María Zaniza,Santa María Zaniza,16.6550975,-97.3385436111111,2469,0,0,0.0,1400.0,Mercado nuevo,79.26969583330782
20449,Oaxaca,Santa María Zoquitlán,Santa María Zoquitlán,16.558359722222225,-96.3528711111111,3294,0,0,0.0,1401.0,Mercado nuevo,66.98045753226656
20450,Oaxaca,Santiago Amoltepec,Santiago Amoltepec,16.640905555555555,-97.49480277777778,13855,0,0,0.0,1402.0,Mercado nuevo,94.20762089581571
20451,Oaxaca,Santiago Apoala,San Antonio Nduayaco,17.68556277777778,-97.14754222222223,1019,0,0,0.0,1403.0,Mercado nuevo,82.73478224772117
20452,Oaxaca,Santiago Apóstol,Santiago Apóstol,16.804263055555555,-96.7224138888889,4421,0,0,0.0,1404.0,Densificación,28.43771293021207
20453,Oaxaca,Santiago Astata,Santiago Astata,15.98763111111111,-95.67586555555556,3918,0,0,0.0,1405.0,Mercado nuevo,161.6263387155419
20454,Oaxaca,Santiago Atitlán,Estancia de Morelos,17.051324722222223,-95.8898788888889,3556,0,0,0.0,1406.0,Mercado nuevo,85.56458989123254
20456,Oaxaca,Santiago Cacaloxtepec,Santiago Cacaloxtepec,17.720238055555555,-97.7404863888889,1667,0,0,0.0,1407.0,Mercado nuevo,90.34991252108635
20457,Oaxaca,Santiago Camotlán,San Francisco Yovego,17.5521075,-96.22461305555555,3346,0,0,0.0,1423.0,Mercado nuevo,59.89173988318196
20458,Oaxaca,Santiago Comaltepec,Santiago Comaltepec,17.564125555555556,-96.54781305555555,1157,0,0,0.0,1424.0,Mercado nuevo,57.74283146405047
20459,Oaxaca,Villa de Santiago Chazumba,Villa de Santiago Chazumba,18.188768333333332,-97.68053972222222,4877,0,0,0.0,1425.0,Mercado nuevo,43.03424623972718
20460,Oaxaca,Santiago Choápam,San Juan Teotalcingo,17.417635555555556,-95.94840972222222,5242,0,0,0.0,1426.0,Mercado nuevo,75.94759257154041
20462,Oaxaca,Santiago Huajolotitlán,Santiago Huajolotitlán,17.82664972222222,-97.73176694444444,4600,0,0,0.0,1427.0,Mercado nuevo,79.26489493734113
20463,Oaxaca,Santiago Huauclilla,Santiago Huauclilla,17.450840833333334,-97.07152722222222,525,0,0,0.0,1438.0,Mercado nuevo,56.915306453025444
20464,Oaxaca,Santiago Ihuitlán Plumas,Santiago Ihuitlán Plumas,17.84847444444444,-97.42974305555556,341,0,0,0.0,1439.0,Mercado nuevo,68.35786702631442
20465,Oaxaca,Santiago Ixcuintepec,Santiago Ixcuintepec,16.93480611111111,-95.62310555555555,1636,0,0,0.0,1440.0,Mercado nuevo,114.85069313745754
20466,Oaxaca,Santiago Ixtayutla,Santiago Ixtayutla,16.56500638888889,-97.65196888888889,13880,0,0,0.0,1441.0,Mercado nuevo,112.93945187410752
13045,Hidalgo,Omitlán de Juárez,San Antonio el Paso,20.14763861111111,-98.61626472222221,9295,0,0,0.0,1991.0,Densificación,12.914333050819128
13046,Hidalgo,San Felipe Orizatlán,San Felipe Orizatlán,21.170943611111113,-98.60781527777777,38492,0,0,0.0,1901.0,Mercado nuevo,117.36947201150522
13047,Hidalgo,Pacula,Jiliapan,20.9825375,-99.34452305555556,4748,0,0,0.0,1902.0,Mercado nuevo,95.06660623619162
13049,Hidalgo,Pisaflores,Pisaflores,21.194781944444443,-99.00599722222222,18723,0,0,0.0,1903.0,Mercado nuevo,122.48814749807728
13053,Hidalgo,San Bartolo Tutotepec,San Bartolo Tutotepec,20.399142777777776,-98.20205972222223,17699,0,0,0.0,1904.0,Mercado nuevo,63.7267667811421
13055,Hidalgo,Santiago de Anaya,Santiago de Anaya,20.382581944444446,-98.9639525,18329,0,0,0.0,2103.0,Mercado nuevo,37.387104992747204
13057,Hidalgo,Singuilucan,Singuilucan,19.967499999999998,-98.51722222222222,15142,0,0,0.0,2118.0,Densificación,28.698054728465284
13058,Hidalgo,Tasquillo,Tasquillo,20.551772222222223,-99.3125561111111,17441,0,0,0.0,2043.0,Mercado nuevo,73.8986713486155
13060,Hidalgo,Tenango de Doria,Tenango de Doria,20.338055555555556,-98.22672861111111,17503,0,0,0.0,2045.0,Mercado nuevo,58.39242908951198
20467,Oaxaca,Santiago Jamiltepec,Santiago Jamiltepec,16.27945833333333,-97.81968222222221,19112,0,0,0.0,1442.0,Mercado nuevo,145.3224424423251
20468,Oaxaca,Santiago Jocotepec,Río Chiquito,17.618855555555555,-95.93644388888889,14198,0,0,0.0,1443.0,Mercado nuevo,54.89851680636548
20469,Oaxaca,Santiago Juxtlahuaca,Santiago Juxtlahuaca,17.335290277777776,-98.01244944444444,34735,0,0,0.0,1444.0,Mercado nuevo,140.0944227042141
20470,Oaxaca,Santiago Lachiguiri,Santiago Lachiguiri,16.68645861111111,-95.53265833333333,4394,0,0,0.0,1445.0,Mercado nuevo,130.58277053256094
20471,Oaxaca,Santiago Lalopa,Santiago Lalopa,17.417959444444445,-96.24859222222223,431,0,0,0.0,1446.0,Mercado nuevo,61.581676910565605
20473,Oaxaca,Santiago Laxopa,Santiago Laxopa,17.2197575,-96.31339638888889,1291,0,0,0.0,1447.0,Mercado nuevo,44.05475096858233
20474,Oaxaca,Santiago Llano Grande,Santiago Llano Grande,16.48942638888889,-98.28966861111111,3440,0,0,0.0,1448.0,Mercado nuevo,174.7566936445058
20477,Oaxaca,Santiago Minas,Santiago Minas,16.426183333333334,-97.22815333333334,1327,0,0,0.0,1449.0,Mercado nuevo,88.4995268554767
20478,Oaxaca,Santiago Nacaltepec,Santiago Nacaltepec,17.505474166666666,-96.91649555555556,1599,0,0,0.0,1450.0,Mercado nuevo,53.527409620927635
20479,Oaxaca,Santiago Nejapilla,Santiago Nejapilla,17.42028388888889,-97.37261638888889,174,0,0,0.0,1451.0,Mercado nuevo,79.55235199082324
20480,Oaxaca,Santiago Nundiche,Ignacio Allende las Huertas,17.340702777777775,-97.7058325,1351,0,0,0.0,1452.0,Mercado nuevo,108.71508147226338
20481,Oaxaca,Santiago Nuyoó,Santiago Nuyoó,17.0151725,-97.76653916666666,1898,0,0,0.0,1453.0,Mercado nuevo,110.79526417621905
20483,Oaxaca,Santiago Suchilquitongo,Santiago Suchilquitongo,17.247125833333335,-96.8736861111111,10886,0,0,0.0,1454.0,Densificación,26.09674086023081
20484,Oaxaca,Santiago Tamazola,Santiago Tamazola,17.66930888888889,-98.22080027777778,4458,0,0,0.0,1455.0,Mercado nuevo,124.29439341794237
20485,Oaxaca,Santiago Tapextla,Santiago Tapextla,16.34097,-98.44747416666667,3134,0,0,0.0,1456.0,Mercado nuevo,163.92165152583917
20487,Oaxaca,Santiago Tenango,Santiago Tenango,17.324920555555554,-97.0041036111111,1966,0,0,0.0,1457.0,Mercado nuevo,41.761074396937985
20488,Oaxaca,Santiago Tepetlapa,Santiago Tepetlapa,17.782595833333332,-97.40153611111111,130,0,0,0.0,1458.0,Mercado nuevo,75.57352676647443
20489,Oaxaca,Santiago Tetepec,Santiago Tetepec,16.322270833333334,-97.7482538888889,4909,0,0,0.0,1459.0,Mercado nuevo,136.36897938620706
20490,Oaxaca,Santiago Texcalcingo,Santiago Texcalcingo,18.208195555555555,-96.96876916666668,2974,0,0,0.0,1460.0,Mercado nuevo,52.85066673549146
20491,Oaxaca,Santiago Textitlán,Santiago Sochiltepec,16.66613333333333,-97.25665083333334,4930,0,0,0.0,1461.0,Mercado nuevo,71.50735200271178
20492,Oaxaca,Santiago Tilantongo,Santiago Tilantongo,17.28307722222222,-97.33980361111111,2764,0,0,0.0,1462.0,Mercado nuevo,69.82278815400464
20493,Oaxaca,Santiago Tillo,Santiago Tillo,17.460285,-97.31972333333333,545,0,0,0.0,1463.0,Mercado nuevo,77.2225282617482
20494,Oaxaca,Santiago Tlazoyaltepec,Santiago Huaxolotipac,16.974140555555554,-97.08599305555555,6300,0,0,0.0,1464.0,Mercado nuevo,39.506013859964376
20495,Oaxaca,Santiago Xanica,San Felipe Lachilló,16.010141666666666,-96.15471194444444,3029,0,0,0.0,1465.0,Mercado nuevo,130.56752415058384
20496,Oaxaca,Santiago Xiacuí,Trinidad Ixtlán,17.26640638888889,-96.41758222222222,1893,0,0,0.0,1466.0,Mercado nuevo,37.04883203291532
20497,Oaxaca,Santiago Yaitepec,Santiago Yaitepec,16.22557111111111,-97.26935972222222,4233,0,0,0.0,1467.0,Mercado nuevo,109.39142471290569
20498,Oaxaca,Santiago Yaveo,Francisco Villa,17.474853333333332,-95.45423805555556,7593,0,0,0.0,1468.0,Mercado nuevo,97.42696793377088
20501,Oaxaca,Santiago Yucuyachi,Santa Rosa de Juárez,17.61419888888889,-98.23386444444445,998,0,0,0.0,1469.0,Mercado nuevo,129.66702739623446
20502,Oaxaca,Santiago Zacatepec,Santiago Zacatepec,17.159395277777776,-95.91496222222223,5089,0,0,0.0,1470.0,Mercado nuevo,83.53681419747898
20504,Oaxaca,Nuevo Zoquiápam,Nuevo Zoquiápam,17.29132166666667,-96.61998416666665,1590,0,0,0.0,1471.0,Densificación,26.480716177932656
20506,Oaxaca,Santo Domingo Albarradas,Santo Domingo Albarradas,17.06804361111111,-96.20009388888889,798,0,0,0.0,1472.0,Mercado nuevo,52.5753492415774
20507,Oaxaca,Santo Domingo Armenta,Santo Domingo Armenta,16.33297222222222,-98.37815222222221,3155,0,0,0.0,1473.0,Mercado nuevo,171.1585897751179
20509,Oaxaca,Santo Domingo de Morelos,Santo Domingo de Morelos,15.833004444444445,-96.66807638888889,11384,0,0,0.0,1474.0,Mercado nuevo,136.57203392658295
20510,Oaxaca,Santo Domingo Ixcatlán,Santo Domingo Ixcatlán,16.913926666666665,-97.53193361111111,760,0,0,0.0,1475.0,Mercado nuevo,87.28865205032987
20511,Oaxaca,Santo Domingo Nuxaá,Llano de Ayuca,17.177278611111113,-97.09946583333333,3335,0,0,0.0,1476.0,Mercado nuevo,41.831053931886615
20512,Oaxaca,Santo Domingo Ozolotepec,Santo Domingo Ozolotepec,16.150868055555556,-96.31039944444444,1101,0,0,0.0,1477.0,Mercado nuevo,109.49331502983748
20513,Oaxaca,Santo Domingo Petapa,Santo Domingo Petapa,16.820669166666665,-95.1404225,9027,0,0,0.0,1478.0,Mercado nuevo,163.60937444689364
20008,Oaxaca,Asunción Tlacolulita,Asunción Tlacolulita,16.300263055555558,-95.72630527777778,734,0,0,0.0,2206.0,Mercado nuevo,133.61568295548403
20009,Oaxaca,Ayotzintepec,Ayotzintepec,17.676708611111113,-96.13327083333333,6857,0,0,0.0,2207.0,Mercado nuevo,45.00069110974654
20011,Oaxaca,Calihualá,Calihualá,17.5328575,-98.27837611111111,1402,0,0,0.0,2208.0,Mercado nuevo,129.65050103780075
20012,Oaxaca,Candelaria Loxicha,Candelaria Loxicha,15.926334444444445,-96.49191888888889,11166,0,0,0.0,2209.0,Mercado nuevo,128.3493217812221
20015,Oaxaca,Coatecas Altas,Coatecas Altas,16.53675888888889,-96.66498055555556,5356,0,0,0.0,2210.0,Mercado nuevo,58.53598553901419
20016,Oaxaca,Coicoyán de las Flores,Coicoyán de las Flores,17.272898333333334,-98.27609444444444,9563,0,0,0.0,2211.0,Mercado nuevo,133.6131347909208
20017,Oaxaca,La Compañía,Agua del Espino,16.58663972222222,-96.80401611111111,3607,0,0,0.0,2212.0,Mercado nuevo,53.29461382784952
14105,Jalisco,Tototlán,Tototlán,20.543613611111113,-102.78921749999999,23573,0,0,0.0,2262.0,Mercado nuevo,54.55820059762666
14106,Jalisco,Tuxcacuesco,Tuxcacuesco,19.697219722222222,-103.98358694444444,5482,0,0,0.0,2263.0,Mercado nuevo,57.17614506773367
14109,Jalisco,Unión de San Antonio,Unión de San Antonio,21.128055555555555,-102.00722222222223,19069,0,0,0.0,2265.0,Mercado nuevo,33.615132523556326
20514,Oaxaca,Santo Domingo Roayaga,Santo Domingo Roayaga,17.337630555555556,-96.11457277777777,941,0,0,0.0,1479.0,Mercado nuevo,68.71629361729373
20516,Oaxaca,Santo Domingo Teojomulco,Santo Domingo Teojomulco,16.589402777777778,-97.22618750000001,5260,0,0,0.0,1480.0,Mercado nuevo,74.6899623678269
20517,Oaxaca,Santo Domingo Tepuxtepec,Santo Domingo Tepuxtepec,16.95688722222222,-96.05540638888888,6029,0,0,0.0,1481.0,Mercado nuevo,69.01165196141403
20518,Oaxaca,Santo Domingo Tlatayápam,Santo Domingo Tlatayápam,17.407467777777775,-97.34702305555555,113,0,0,0.0,1482.0,Mercado nuevo,76.48862565419643
20519,Oaxaca,Santo Domingo Tomaltepec,Santo Domingo Tomaltepec,17.060419722222225,-96.62435749999999,3386,0,0,0.0,1483.0,Densificación,7.486349086721542
20521,Oaxaca,Santo Domingo Tonaltepec,Vista Hermosa,17.59452611111111,-97.36663888888889,250,0,0,0.0,1484.0,Mercado nuevo,90.36098746469409
20522,Oaxaca,Santo Domingo Xagacía,Santo Domingo Xagacía,17.1555425,-96.26796138888889,1205,0,0,0.0,1485.0,Mercado nuevo,46.47416099154672
20524,Oaxaca,Santo Domingo Yodohino,Santo Domingo Yodohino,17.61688638888889,-97.68302222222222,327,0,0,0.0,1486.0,Mercado nuevo,98.90096719291562
20526,Oaxaca,Santos Reyes Nopala,Santos Reyes Nopala,16.106764444444448,-97.14444694444445,16688,0,0,0.0,1487.0,Mercado nuevo,115.01541267294743
20527,Oaxaca,Santos Reyes Pápalo,Santos Reyes Pápalo,17.804656666666666,-96.86087777777777,2490,0,0,0.0,1488.0,Mercado nuevo,84.0399875611622
20529,Oaxaca,Santos Reyes Yucuná,Santos Reyes Yucuná,17.777740833333333,-98.00452666666666,1474,0,0,0.0,1489.0,Mercado nuevo,99.91203861228315
20531,Oaxaca,Santo Tomás Mazaltepec,Santo Tomás Mazaltepec,17.173526666666667,-96.87153333333333,2612,0,0,0.0,1490.0,Densificación,20.00938661526173
20532,Oaxaca,Santo Tomás Ocotepec,Diecinueve de Abril,17.134724444444444,-97.7808111111111,4066,0,0,0.0,1491.0,Mercado nuevo,112.47188437390847
20533,Oaxaca,Santo Tomás Tamazulapan,Santo Tomás Tamazulapan,16.272034444444444,-96.58582888888888,2726,0,0,0.0,1492.0,Mercado nuevo,88.83559283416207
20534,Oaxaca,San Vicente Coatlán,San Vicente Coatlán,16.386885555555555,-96.84495416666667,3512,0,0,0.0,1493.0,Mercado nuevo,75.92034179638095
20535,Oaxaca,San Vicente Lachixío,Ejido el Rincón,16.63472722222222,-97.04015444444444,3227,0,0,0.0,1494.0,Mercado nuevo,57.94634238033727
20536,Oaxaca,San Vicente Nuñú,San Vicente Nuñú,17.456760833333334,-97.44228361111111,449,0,0,0.0,1495.0,Mercado nuevo,87.98061341614458
20537,Oaxaca,Silacayoápam,Silacayoápam,17.50144722222222,-98.14258527777778,6710,0,0,0.0,1496.0,Mercado nuevo,133.094641050504
20538,Oaxaca,Sitio de Xitlapehua,Sitio de Xitlapehua,16.351036111111114,-96.53260305555555,713,0,0,0.0,1497.0,Mercado nuevo,81.14810983981616
20541,Oaxaca,Tanetze de Zaragoza,Tanetze de Zaragoza,17.376733055555555,-96.30223611111111,1558,0,0,0.0,1498.0,Mercado nuevo,54.274002736632816
20542,Oaxaca,Taniche,Taniche,16.566964444444444,-96.75358138888889,887,0,0,0.0,1499.0,Mercado nuevo,54.90399148028729
20543,Oaxaca,Tataltepec de Valdés,Santa Cruz Tepenixtlahuaca,16.293125000000003,-97.49246972222222,6386,0,0,0.0,1500.0,Mercado nuevo,118.0943470842483
20544,Oaxaca,Teococuilco de Marcos Pérez,Teococuilco de Marcos Pérez,17.35198916666667,-96.61494444444443,1032,0,0,0.0,1501.0,Mercado nuevo,33.11120310016632
20547,Oaxaca,Teotongo,Teotongo,17.726323333333333,-97.5367125,1005,0,0,0.0,1502.0,Mercado nuevo,83.24135526936374
20549,Oaxaca,"Heroica Villa Tezoatlán de Segura y Luna, Cuna de la Independencia de Oaxaca",Yucuquimi de Ocampo,17.583567777777777,-97.88206666666666,11465,0,0,0.0,1503.0,Mercado nuevo,110.58936098144814
20552,Oaxaca,Tlacotepec Plumas,Tlacotepec Plumas,17.850777222222224,-97.43282916666666,410,0,0,0.0,1527.0,Mercado nuevo,68.12211802039623
20554,Oaxaca,Totontepec Villa de Morelos,Totontepec Villa de Morelos,17.258633888888887,-96.02735472222223,5904,0,0,0.0,1528.0,Mercado nuevo,74.12491772775114
20555,Oaxaca,Trinidad Zaachila,Trinidad Zaachila,16.921227222222225,-96.76534333333333,3419,0,0,0.0,1529.0,Densificación,16.00261418683205
20558,Oaxaca,Valerio Trujano,Valerio Trujano,17.771714444444445,-96.98022083333333,1376,0,0,0.0,1530.0,Mercado nuevo,83.62861673606622
20560,Oaxaca,Villa Díaz Ordaz,San Miguel del Valle,17.018867222222223,-96.41911388888889,6467,0,0,0.0,1531.0,Densificación,29.7248311280047
20561,Oaxaca,Yaxe,Yaxe,16.725126666666664,-96.47247861111111,2954,0,0,0.0,1532.0,Mercado nuevo,44.494292836916145
20562,Oaxaca,Magdalena Yodocono de Porfirio Díaz,Magdalena Yodocono de Porfirio Díaz,17.38509388888889,-97.3549761111111,1682,0,0,0.0,1533.0,Mercado nuevo,76.00802475237565
20563,Oaxaca,Yogana,Yogana,16.46121388888889,-96.78855444444444,1245,0,0,0.0,1534.0,Mercado nuevo,66.91934184874853
20564,Oaxaca,Yutanduchi de Guerrero,Yutanduchi de Guerrero,17.03945527777778,-97.29749888888888,1195,0,0,0.0,1535.0,Mercado nuevo,60.85617620228067
20566,Oaxaca,San Mateo Yucutindoo,San Mateo Yucutindoo,16.7368175,-97.48313138888889,3144,0,0,0.0,1536.0,Mercado nuevo,88.25930813894254
20567,Oaxaca,Zapotitlán Lagunas,Zapotitlán Lagunas,17.755475833333332,-98.38957472222224,3382,0,0,0.0,1537.0,Mercado nuevo,119.93234419795863
20568,Oaxaca,Zapotitlán Palmas,Zapotitlán Palmas,17.88986277777778,-97.81814805555555,1695,0,0,0.0,1538.0,Mercado nuevo,77.9541031942362
20569,Oaxaca,Santa Inés de Zaragoza,Santa Inés de Zaragoza,17.228501388888887,-97.15922388888889,1454,0,0,0.0,1539.0,Mercado nuevo,49.75328557729525
21006,Puebla,Ahuacatlán,Tlacotepec (San Mateo),20.061779444444443,-97.84948861111111,14542,0,0,0.0,1541.0,Mercado nuevo,88.8955747816175
21007,Puebla,Ahuatlán,Ahuatlán,18.57301111111111,-98.25523,3162,0,0,0.0,1542.0,Mercado nuevo,50.80021359856071
21008,Puebla,Ahuazotepec,Ahuazotepec,20.04604666666667,-98.16234750000001,11439,0,0,0.0,1543.0,Mercado nuevo,60.60968657645504
13031,Hidalgo,Jacala de Ledezma,Jacala,21.00829638888889,-99.1885688888889,12290,0,0,0.0,1895.0,Mercado nuevo,109.08136461210287
13032,Hidalgo,Jaltocán,Jaltocán,21.133131944444443,-98.53832388888888,10523,0,0,0.0,1896.0,Mercado nuevo,114.27856100207858
13033,Hidalgo,Juárez Hidalgo,San Lorenzo Itztacoyotla,20.822378055555554,-98.81680166666666,2895,0,0,0.0,1897.0,Mercado nuevo,78.28113106069256
13034,Hidalgo,Lolotla,Ixtlahuaco,20.883631388888887,-98.70335333333334,9474,0,0,0.0,1898.0,Mercado nuevo,84.72205363908493
13035,Hidalgo,Metepec,Metepec,20.238410277777778,-98.32216444444444,13078,0,0,0.0,1899.0,Mercado nuevo,45.17805258383122
13036,Hidalgo,San Agustín Metzquititlán,Mezquititlán,20.532601944444444,-98.63862111111112,9449,0,0,0.0,1900.0,Mercado nuevo,46.756002137119594
13037,Hidalgo,Metztitlán,Metztitlán,20.5947,-98.76414444444444,20962,0,0,0.0,1973.0,Mercado nuevo,52.59801534033583
13040,Hidalgo,La Misión,La Misión,21.099419444444443,-99.12318666666665,9819,0,0,0.0,1974.0,Mercado nuevo,115.8403418975967
13043,Hidalgo,Nicolás Flores,Bocua,20.722925,-99.16539250000001,6265,0,0,0.0,1975.0,Mercado nuevo,80.32635822660062
13044,Hidalgo,Nopala de Villagrán,San Sebastián Tenochtitlán,20.280064444444445,-99.68825166666667,16948,0,0,0.0,1976.0,Mercado nuevo,34.55401396606558
21009,Puebla,Ahuehuetitla,Ahuehuetitla,18.2107675,-98.22135527777777,2207,0,0,0.0,1544.0,Mercado nuevo,91.21410009190895
21011,Puebla,Albino Zertuche,Acaxtlahuacán de Albino Zertuche,18.017277222222223,-98.54015888888888,1885,0,0,0.0,1545.0,Mercado nuevo,98.70402468776207
21012,Puebla,Aljojuca,Aljojuca,19.10040638888889,-97.53133527777777,6591,0,0,0.0,1546.0,Mercado nuevo,53.262201860545936
21014,Puebla,Amixtlán,Amixtlán,20.049436944444444,-97.79891694444444,4812,0,0,0.0,1547.0,Mercado nuevo,89.97123973080144
21016,Puebla,Aquixtla,El Terrero,19.786841944444447,-97.95361,9021,0,0,0.0,1548.0,Mercado nuevo,56.607518363609536
21017,Puebla,Atempan,Atempan,19.8399,-97.45927861111112,29742,0,0,0.0,1549.0,Mercado nuevo,66.0798484344238
21018,Puebla,Atexcal,San Martín Atexcal,18.398350833333332,-97.73681694444444,3859,0,0,0.0,1550.0,Mercado nuevo,37.06146307007416
21020,Puebla,Atoyatempan,Atoyatempan,18.822566944444443,-97.91374972222222,7704,0,0,0.0,1551.0,Mercado nuevo,38.689285858199284
21021,Puebla,Atzala,Atzala,18.54482,-98.55427583333334,1512,0,0,0.0,1552.0,Mercado nuevo,51.69147806828701
21023,Puebla,Atzitzintla,Atzitzintla,18.897381944444444,-97.32738777777777,9051,0,0,0.0,1568.0,Densificación,24.58701299076042
21024,Puebla,Axutla,Axutla,18.18855388888889,-98.38940333333333,976,0,0,0.0,1569.0,Mercado nuevo,91.53328959490541
21027,Puebla,Caltepec,San Luis Atolotitlán (Atolotitlán),18.18811388888889,-97.4237663888889,4128,0,0,0.0,1570.0,Mercado nuevo,30.659181938182336
21028,Puebla,Camocuautla,Camocuautla,20.038487777777778,-97.75772694444444,2758,0,0,0.0,1571.0,Mercado nuevo,90.99527552242535
21029,Puebla,Caxhuacan,Caxhuacan,20.063958055555556,-97.60661722222221,3811,0,0,0.0,1572.0,Mercado nuevo,93.19108951403122
21030,Puebla,Coatepec,Coatepec,20.062145,-97.73226611111112,772,0,0,0.0,1573.0,Mercado nuevo,94.61526344194371
21032,Puebla,Cohetzala,Santa Mónica,18.209176666666664,-98.80349305555555,1382,0,0,0.0,1574.0,Mercado nuevo,68.99997668327774
21033,Puebla,Cohuecan,Cohuecan,18.783205,-98.7204888888889,5403,0,0,0.0,1575.0,Densificación,24.931372368182146
21035,Puebla,Coxcatlán,Coxcatlán,18.266533055555556,-97.14711305555556,20653,0,0,0.0,1576.0,Mercado nuevo,33.78126934562863
21036,Puebla,Coyomeapan,Tlixco (Sección Tercera),18.27414361111111,-96.99855277777777,14806,0,0,0.0,1577.0,Mercado nuevo,46.48786953845318
21037,Puebla,Coyotepec,San Vicente Coyotepec,18.40441583333333,-97.83077999999999,2334,0,0,0.0,1578.0,Mercado nuevo,46.730507557041406
21040,Puebla,Cuautinchán,San Jerónimo Almoloya,18.940606111111112,-98.01162583333333,12340,0,0,0.0,1579.0,Densificación,22.67298017897943
21042,Puebla,Cuayuca de Andrade,San Pedro Cuayuca,18.486664722222223,-98.18386444444445,3315,0,0,0.0,1580.0,Mercado nuevo,61.12548949728872
21044,Puebla,Cuyoaco,San Andrés Payuca,19.525262777777776,-97.61762777777777,17139,0,0,0.0,1581.0,Mercado nuevo,64.4160392659597
21050,Puebla,Chichiquila,Chichiquila,19.2002575,-97.06770999999999,26928,0,0,0.0,1582.0,Mercado nuevo,36.74687430216568
21055,Puebla,Chila,Chila,17.97001583333333,-97.86166027777777,5082,0,0,0.0,1583.0,Mercado nuevo,73.8634674668089
21056,Puebla,Chila de la Sal,Chila de la Sal,18.1091,-98.48432222222222,1317,0,0,0.0,1584.0,Mercado nuevo,92.68092489398319
21057,Puebla,Honey,Chila de Juárez,20.278689999999997,-98.21298694444445,6687,0,0,0.0,1585.0,Mercado nuevo,57.380002850600405
21058,Puebla,Chilchotla,Rafael J. García,19.255201944444444,-97.18389333333333,21002,0,0,0.0,1586.0,Mercado nuevo,40.80222628337391
21059,Puebla,Chinantla,Chinantla,18.200502222222223,-98.26316388888888,2846,0,0,0.0,1587.0,Mercado nuevo,92.18503723704521
21060,Puebla,Domingo Arenas,Domingo Arenas,19.14202861111111,-98.45750916666667,7982,0,0,0.0,1588.0,Densificación,15.745192333116384
21061,Puebla,Eloxochitlán,Eloxochitlán,18.498946944444445,-96.95483722222222,14461,0,0,0.0,1589.0,Mercado nuevo,41.98159361841936
21062,Puebla,Epatlán,San Juan Epatlán,18.641786666666665,-98.37078888888888,4943,0,0,0.0,1590.0,Mercado nuevo,44.25310070243707
21063,Puebla,Esperanza,Esperanza,18.858356944444445,-97.37512638888889,14766,0,0,0.0,1591.0,Densificación,29.0769603274728
21064,Puebla,Francisco Z. Mena,Metlaltoyuca,20.733694166666666,-97.8521375,17824,0,0,0.0,1592.0,Mercado nuevo,114.55327012793553
21066,Puebla,Guadalupe,Guadalupe,18.09146722222222,-98.12042138888889,6451,0,0,0.0,1593.0,Mercado nuevo,87.26097057577722
21067,Puebla,Guadalupe Victoria,Guadalupe Victoria,19.289786388888892,-97.34269555555555,18784,0,0,0.0,1594.0,Mercado nuevo,51.351044232699586
21068,Puebla,Hermenegildo Galeana,Bienvenido,20.12173361111111,-97.74462083333333,7011,0,0,0.0,1595.0,Mercado nuevo,99.73212451254018
21069,Puebla,Huaquechula,Cacaloxúchitl,18.786795555555557,-98.48634611111112,29233,0,0,0.0,1596.0,Mercado nuevo,34.91480953170791
21072,Puebla,Huehuetla,Cinco de Mayo,20.131570833333335,-97.6310675,17082,0,0,0.0,1597.0,Mercado nuevo,100.04519854448674
21073,Puebla,Huehuetlán el Chico,Huehuetlán el Chico,18.373166944444446,-98.68794805555557,9760,0,0,0.0,1598.0,Mercado nuevo,56.42090443339918
21075,Puebla,Hueyapan,Hueyapan,19.882558055555556,-97.44586277777778,13080,0,0,0.0,1599.0,Mercado nuevo,67.54527821769238
21076,Puebla,Hueytamalco,Hueytamalco,19.93947888888889,-97.28904083333333,27600,0,0,0.0,1600.0,Mercado nuevo,59.7779988055524
21077,Puebla,Hueytlalpan,Hueytlalpan,20.02573333333333,-97.69867833333333,5951,0,0,0.0,1601.0,Mercado nuevo,93.09265436114646
21078,Puebla,Huitzilan de Serdán,Huitzilan,19.96621222222222,-97.69365916666668,15928,0,0,0.0,1602.0,Mercado nuevo,88.00835446165715
21079,Puebla,Huitziltepec,Santa Clara Huitziltepec,18.769415555555554,-97.88083333333333,5782,0,0,0.0,1603.0,Mercado nuevo,45.18632893691639
21080,Puebla,Atlequizayan,Atlequizayan,20.0140075,-97.62408611111111,2633,0,0,0.0,1604.0,Mercado nuevo,91.20794862064368
21081,Puebla,Ixcamilpa de Guerrero,Ixcamilpa,18.02704333333333,-98.69657305555556,4065,0,0,0.0,1605.0,Mercado nuevo,91.5340067865985
14122,Jalisco,Zapotitlán de Vadillo,Zapotitlán de Vadillo,19.548141944444446,-103.81270722222222,7466,0,0,0.0,2234.0,Mercado nuevo,35.07933917826311
14123,Jalisco,Zapotlán del Rey,Zapotlán del Rey,20.46638888888889,-102.92611111111111,19279,0,0,0.0,2235.0,Mercado nuevo,47.68159744410352
15004,México,Almoloya de Alquisiras,Almoloya de Alquisiras,18.86723277777778,-99.89380027777779,15333,0,0,0.0,2236.0,Mercado nuevo,49.349058843290436
15007,México,Amanalco,San Juan,19.24843388888889,-100.03029055555555,23675,0,0,0.0,2237.0,Mercado nuevo,31.25611950987589
15008,México,Amatepec,Palmar Chico,18.69653388888889,-100.36947694444444,25244,0,0,0.0,2238.0,Mercado nuevo,93.43462977018491
19040,Nuevo León,Parás,Parás,26.49853888888889,-99.52542222222222,906,0,0,0.0,2294.0,Mercado nuevo,109.84587439207334
19042,Nuevo León,Los Ramones,Los Ramones,25.696391666666667,-99.62403055555555,5389,0,0,0.0,2199.0,Mercado nuevo,63.75301490405619
19043,Nuevo León,Rayones,Rayones,25.01812222222222,-100.07321388888889,2377,0,0,0.0,2200.0,Mercado nuevo,75.66249367640434
20001,Oaxaca,Abejones,Abejones,17.435752222222224,-96.60817416666666,841,0,0,0.0,2201.0,Mercado nuevo,42.33252250597386
20003,Oaxaca,Asunción Cacalotepec,Asunción Cacalotepec,17.035264166666668,-95.95656166666667,2547,0,0,0.0,2202.0,Mercado nuevo,78.53310796561865
20004,Oaxaca,Asunción Cuyotepeji,Asunción Cuyotepeji,17.930900555555557,-97.6743525,1107,0,0,0.0,2203.0,Mercado nuevo,66.17835999742563
20005,Oaxaca,Asunción Ixtaltepec,Asunción Ixtaltepec,16.50383972222222,-95.057045,15261,0,0,0.0,2204.0,Mercado nuevo,185.1349727020139
20007,Oaxaca,Asunción Ocotlán,Asunción Ocotlán,16.759179166666666,-96.72132555555555,2395,0,0,0.0,2205.0,Mercado nuevo,33.45185661521095
21084,Puebla,Ixtepec,Ixtepec,20.024936666666665,-97.64677944444445,6950,0,0,0.0,1606.0,Mercado nuevo,93.8392068179586
21086,Puebla,Jalpan,Apapantilla,20.404957222222222,-97.84500638888889,12050,0,0,0.0,1607.0,Mercado nuevo,98.20917594321546
21087,Puebla,Jolalpan,Jolalpan,18.320516666666666,-98.8442975,13308,0,0,0.0,1608.0,Mercado nuevo,55.97387593483369
13014,Hidalgo,Calnali,Calnali,20.897177777777777,-98.58353222222222,16150,0,0,0.0,1699.0,Mercado nuevo,87.62582553046867
13015,Hidalgo,Cardonal,Pozuelos,20.493071944444445,-99.05953972222223,19431,0,0,0.0,1700.0,Mercado nuevo,53.20276744098382
13017,Hidalgo,Chapantongo,Santa María Amealco,20.236897777777777,-99.54929083333333,12967,0,0,0.0,1701.0,Mercado nuevo,49.81883920659853
13018,Hidalgo,Chapulhuacán,Chapulhuacán,21.159417777777776,-98.9045875,22903,0,0,0.0,1631.0,Mercado nuevo,116.62666833300611
13019,Hidalgo,Chilcuautla,Tunititlán,20.251401944444446,-99.246215,18909,0,0,0.0,1632.0,Mercado nuevo,45.60664110588429
13020,Hidalgo,Eloxochitlán,Hualula (San Juan Hualula),20.708618333333334,-98.83629166666667,2593,0,0,0.0,1633.0,Mercado nuevo,66.00504762675577
13025,Hidalgo,Huautla,Huautla,21.031386666666666,-98.28682083333334,20673,0,0,0.0,1892.0,Mercado nuevo,111.41444188531268
13026,Hidalgo,Huazalingo,San Francisco,21.01925472222222,-98.4862313888889,12766,0,0,0.0,1893.0,Mercado nuevo,103.09038590868857
13027,Hidalgo,Huehuetla,Huehuetla,20.460305555555554,-98.07842444444444,22846,0,0,0.0,1894.0,Mercado nuevo,78.29305623147707
21089,Puebla,Jopala,Chicontla,20.244568333333333,-97.83076361111111,12131,0,0,0.0,1609.0,Mercado nuevo,95.55206960960079
21092,Puebla,Juan N. Méndez,Atenayuca,18.540004444444445,-97.77229,5293,0,0,0.0,1610.0,Mercado nuevo,41.02395794121797
21093,Puebla,Lafragua,González Ortega,19.341545,-97.26911138888889,7650,0,0,0.0,1611.0,Mercado nuevo,41.77953900155699
21095,Puebla,La Magdalena Tlatlauquitepec,La Magdalena Tlatlauquitepec,18.75852,-98.10070055555555,650,0,0,0.0,1620.0,Mercado nuevo,33.33602631975938
21096,Puebla,Mazapiltepec de Juárez,Mazapiltepec de Juárez,19.119264166666667,-97.7035013888889,3176,0,0,0.0,1621.0,Mercado nuevo,52.58182614097539
21098,Puebla,Molcaxac,Molcaxac,18.73790138888889,-97.91185944444445,6668,0,0,0.0,1622.0,Mercado nuevo,45.4030637405461
21099,Puebla,Cañada Morelos,San José Ixtapa,18.71515527777778,-97.45742944444444,20659,0,0,0.0,1623.0,Densificación,28.962032968712105
21101,Puebla,Nauzontla,Nauzontla,19.959037777777777,-97.60311972222222,3317,0,0,0.0,1624.0,Mercado nuevo,85.90035871781276
21103,Puebla,Nicolás Bravo,Azumbilla,18.642162222222222,-97.39799527777778,6644,0,0,0.0,1625.0,Densificación,20.022596360621545
21104,Puebla,Nopalucan,Santa María Ixtiyucan,19.18915888888889,-97.80954027777777,32772,0,0,0.0,1626.0,Mercado nuevo,42.57616567916176
12078,Guerrero,Cochoapa el Grande,Cochoapa el Grande,17.192966944444446,-98.45527972222223,21241,0,0,0.0,1300.0,Mercado nuevo,117.93001488989938
12079,Guerrero,José Joaquín de Herrera,Hueycantenango,17.44872611111111,-99.02438777777778,18381,0,0,0.0,1301.0,Mercado nuevo,51.829911529905345
12080,Guerrero,Juchitán,Juchitán,16.627070555555555,-98.63671361111112,7559,0,0,0.0,1302.0,Mercado nuevo,135.62004442645392
12081,Guerrero,Iliatenco,Iliatenco,17.045530833333334,-98.6858113888889,11679,0,0,0.0,1303.0,Mercado nuevo,103.23892396236023
13002,Hidalgo,Acaxochitlán,Tepepa (Santiago Tepepa),20.125798055555556,-98.17874861111112,46065,0,0,0.0,1304.0,Mercado nuevo,58.28632919488934
13004,Hidalgo,Agua Blanca de Iturbide,Agua Blanca de Iturbide,20.349503888888886,-98.3563861111111,10313,0,0,0.0,1305.0,Mercado nuevo,47.06185914208214
13005,Hidalgo,Ajacuba,Ajacuba,20.092525,-99.12213249999999,18872,0,0,0.0,1695.0,Mercado nuevo,30.55498654509034
13007,Hidalgo,Almoloya,Almoloya,19.703319444444443,-98.40329305555557,12546,0,0,0.0,1696.0,Mercado nuevo,46.59009538295469
13009,Hidalgo,El Arenal,El Arenal,20.221423888888886,-98.91104555555556,19836,0,0,0.0,1697.0,Densificación,21.244716766271733
13011,Hidalgo,Atlapexco,Atlapexco,21.017113888888886,-98.34818666666666,19812,0,0,0.0,1698.0,Mercado nuevo,107.41081350214888
21105,Puebla,Ocotepec,Guadalupe Victoria,19.559691944444445,-97.65881444444445,5077,0,0,0.0,1627.0,Mercado nuevo,61.82028604696711
21107,Puebla,Olintla,Olintla,20.10177777777778,-97.6847375,11993,0,0,0.0,1628.0,Mercado nuevo,100.9693310828393
21108,Puebla,Oriental,Oriental,19.3758025,-97.61935083333333,19903,0,0,0.0,1629.0,Mercado nuevo,60.57284156272225
21111,Puebla,Pantepec,Mecapalapa,20.527254444444445,-97.85727694444444,18528,0,0,0.0,1630.0,Mercado nuevo,102.18311485410882
21112,Puebla,Petlalcingo,Petlalcingo,18.08220138888889,-97.91784805555557,9350,0,0,0.0,1645.0,Mercado nuevo,69.77168000432582
21113,Puebla,Piaxtla,Piaxtla,18.198756111111113,-98.26014472222222,4627,0,0,0.0,1646.0,Mercado nuevo,92.38427628959032
21116,Puebla,Quimixtlán,Quimixtlán,19.253261666666667,-97.1356775,22855,0,0,0.0,1647.0,Mercado nuevo,37.766951647649684
21120,Puebla,San Antonio Cañada,San Antonio Cañada,18.497338333333335,-97.29000138888888,5938,0,0,0.0,1648.0,Densificación,11.445004368747556
21121,Puebla,San Diego la Mesa Tochimiltzingo,Tochimiltzingo,18.809586666666668,-98.33140305555555,1270,0,0,0.0,1649.0,Densificación,25.140569679951355
21122,Puebla,San Felipe Teotlalcingo,San Felipe Teotlalcingo,19.235724722222223,-98.49545472222222,11063,0,0,0.0,1650.0,Densificación,22.86033605437555
21123,Puebla,San Felipe Tepatlán,Jojupango (San Miguel Jojupango),20.095983333333333,-97.77175805555555,3793,0,0,0.0,1651.0,Mercado nuevo,95.87228853430169
21127,Puebla,San Jerónimo Xayacatlán,San Jerónimo Xayacatlán,18.22126944444444,-97.91433722222223,3606,0,0,0.0,1652.0,Mercado nuevo,61.294407605513356
21128,Puebla,San José Chiapa,San José Chiapa,19.242070555555557,-97.76883333333333,10443,0,0,0.0,1653.0,Mercado nuevo,45.22886094274158
21134,Puebla,San Matías Tlalancaleca,San Matías Tlalancaleca,19.324427222222223,-98.49816333333334,20974,0,0,0.0,1654.0,Densificación,29.33306754641423
21135,Puebla,San Miguel Ixitlán,San Miguel Ixitlán,17.999518055555555,-97.77342416666667,526,0,0,0.0,1655.0,Mercado nuevo,65.34113062292293
21137,Puebla,San Nicolás Buenos Aires,Emilio Portes Gil,19.30675388888889,-97.51129277777778,10464,0,0,0.0,1656.0,Mercado nuevo,66.41575611956891
21138,Puebla,San Nicolás de los Ranchos,San Nicolás de los Ranchos,19.072589166666667,-98.48569694444444,11780,0,0,0.0,1657.0,Densificación,18.760516697578375
21139,Puebla,San Pablo Anicano,San Pablo Anicano,18.124454444444446,-98.08403249999999,3759,0,0,0.0,1673.0,Mercado nuevo,82.14790320147087
21141,Puebla,San Pedro Yeloixtlahuaca,San Pedro Yeloixtlahuaca,18.117105000000002,-98.07809916666666,3488,0,0,0.0,1674.0,Mercado nuevo,81.97198476300213
21145,Puebla,San Sebastián Tlacotepec,Tlacotepec de Porfirio Díaz,18.40464611111111,-96.85061027777778,13189,0,0,0.0,1675.0,Mercado nuevo,55.18332484850836
21146,Puebla,Santa Catarina Tlaltempan,Santa Catarina Tlaltempan,18.614262500000002,-98.0799,749,0,0,0.0,1676.0,Mercado nuevo,49.36021200720673
21147,Puebla,Santa Inés Ahuatempan,Santa Inés Ahuatempan,18.412717777777775,-98.01769555555555,6341,0,0,0.0,1677.0,Mercado nuevo,66.23177176827993
21150,Puebla,Huehuetlán el Grande,Santo Domingo Huehuetlán,18.738305555555556,-98.16791055555557,6105,0,0,0.0,1678.0,Mercado nuevo,34.13272810065288
21151,Puebla,Santo Tomás Hueyotlipan,Santo Tomás Hueyotlipan,18.891089166666667,-97.86723111111111,9315,0,0,0.0,1679.0,Mercado nuevo,38.667910631390015
21152,Puebla,Soltepec,Soltepec,19.119228055555556,-97.70844472222223,12631,0,0,0.0,1680.0,Mercado nuevo,52.06840519186328
21153,Puebla,Tecali de Herrera,Tecali de Herrera,18.9010325,-97.96913611111111,23625,0,0,0.0,1681.0,Densificación,28.79764114447
21158,Puebla,Tenampulco,El Chacal,20.220608055555555,-97.46027694444444,6743,0,0,0.0,1682.0,Mercado nuevo,95.43441700840806
21160,Puebla,Teotlalco,Teotlalco,18.469622777777776,-98.77826861111112,3689,0,0,0.0,1683.0,Mercado nuevo,42.47141937468191
21162,Puebla,Tepango de Rodríguez,Tepango de Rodríguez,20.0028125,-97.79626999999999,4155,0,0,0.0,1684.0,Mercado nuevo,85.54827556098553
21167,Puebla,Tepetzintla,Tlamanca de Hernández,19.953408333333332,-97.81225722222221,10373,0,0,0.0,1685.0,Mercado nuevo,79.95226349667387
21168,Puebla,Tepexco,Calmeca (San Juan Calmeca),18.63601472222222,-98.63456194444446,7523,0,0,0.0,1686.0,Mercado nuevo,39.07678022941927
12062,Guerrero,Tlacoachistlahuaca,Tlacoachistlahuaca,16.809908888888888,-98.30174888888888,22781,0,0,0.0,1923.0,Mercado nuevo,151.77204136555912
12063,Guerrero,Tlacoapa,Tlacoapa,17.259948333333334,-98.74821138888889,10092,0,0,0.0,1924.0,Mercado nuevo,86.2140747356247
12064,Guerrero,Tlalchapa,Tlalchapa,18.408674444444443,-100.47825333333334,11681,0,0,0.0,1925.0,Mercado nuevo,99.43677604279769
12065,Guerrero,Tlalixtaquilla de Maldonado,Tlalixtaquilla,17.57448361111111,-98.36986222222221,7602,0,0,0.0,1846.0,Mercado nuevo,119.9470984631178
12067,Guerrero,Tlapehuala,Tlapehuala,18.23976027777778,-100.54157416666666,22209,0,0,0.0,1847.0,Mercado nuevo,106.55339200295509
12068,Guerrero,La Unión de Isidoro Montes de Oca,Petacalco,17.980494444444442,-102.10940194444444,26349,0,0,0.0,1848.0,Densificación,9.584117136893818
12069,Guerrero,Xalpatláhuac,Xalpatláhuac,17.470875277777775,-98.60644916666666,11966,0,0,0.0,1849.0,Mercado nuevo,95.29067112557114
12070,Guerrero,Xochihuehuetlán,Xochihuehuetlán,17.905640277777778,-98.4876613888889,7862,0,0,0.0,1294.0,Mercado nuevo,112.29436344715435
12071,Guerrero,Xochistlahuaca,Xochistlahuaca,16.79242361111111,-98.24246666666667,29891,0,0,0.0,1295.0,Mercado nuevo,158.13062138034326
12072,Guerrero,Zapotitlán Tablas,Zapotitlán Tablas,17.422887222222222,-98.78170888888889,12004,0,0,0.0,1296.0,Mercado nuevo,77.62354859345176
12073,Guerrero,Zirándaro,Zirándaro de los Chávez,18.4791325,-100.97585611111111,18031,0,0,0.0,1297.0,Mercado nuevo,138.01291083071365
12074,Guerrero,Zitlala,Zitlala,17.690340555555554,-99.18524777777778,21977,0,0,0.0,1298.0,Mercado nuevo,36.851394268850754
12076,Guerrero,Acatepec,Acatepec,17.325218888888887,-98.91033361111111,40197,0,0,0.0,1299.0,Mercado nuevo,67.53581678393999
21002,Puebla,Acateno,San José Acateno,20.129905277777777,-97.21040361111112,9170,0,0,0.0,1540.0,Mercado nuevo,73.47866689488019
21170,Puebla,Tepeyahualco,San José Alchichica,19.434391666666667,-97.3884638888889,19200,0,0,0.0,1688.0,Mercado nuevo,49.907442027627106
21171,Puebla,Tepeyahualco de Cuauhtémoc,Tepeyahualco de Cuauhtémoc,18.81314916666667,-97.8780286111111,3851,0,0,0.0,1689.0,Mercado nuevo,42.28424685098702
32058,Zacatecas,Santa María de la Paz,Santa María de la Paz,21.512178333333335,-103.40704194444444,2767,0,0,0.0,1865.0,Mercado nuevo,87.999177000015
21176,Puebla,Tilapa,Tilapa,18.59158111111111,-98.55641,9664,0,0,0.0,1702.0,Mercado nuevo,48.68013795883775
32006,Zacatecas,Cañitas de Felipe Pescador,Cañitas de Felipe Pescador,23.606976111111113,-102.72659,8255,0,0,0.0,2044.0,Mercado nuevo,93.73380543293936
21179,Puebla,Tlachichuca,Tlachichuca,19.115634722222225,-97.41911305555556,31639,0,0,0.0,1703.0,Mercado nuevo,44.717816217725805
21180,Puebla,Tlahuapan,Santa Rita Tlahuapan,19.330503611111112,-98.58239888888889,41547,0,0,0.0,1704.0,Mercado nuevo,33.768583196153905
21181,Puebla,Tlaltenango,Tlaltenango,19.170023333333333,-98.34431638888888,7425,0,0,0.0,1705.0,Densificación,5.763965175905227
32008,Zacatecas,Cuauhtémoc,San Pedro Piedra Gorda,22.449218333333334,-102.35010194444443,13466,0,0,0.0,1944.0,Mercado nuevo,42.885269018630105
19017,Nuevo León,Galeana,Galeana,24.826266666666665,-100.07742777777777,40903,0,0,0.0,2287.0,Mercado nuevo,96.14055813997203
15015,México,Atlautla,Atlautla de Victoria,19.030860833333332,-98.78266638888888,31900,0,0,0.0,2162.0,Densificación,28.221995312893135
05008,Coahuila de Zaragoza,Escobedo,Primero de Mayo,27.23647638888889,-101.2245225,3047,0,0,0.0,2313.0,Mercado nuevo,41.87579299199569
15021,México,Coatepec Harinas,Coatepec Harinas,18.925710555555558,-99.7685186111111,38643,0,0,0.0,2163.0,Mercado nuevo,40.09537603664726
15026,México,Chapa de Mota,San Felipe Coamango,19.857083333333335,-99.61083222222221,31737,0,0,0.0,2164.0,Mercado nuevo,38.76732513149692
05013,Coahuila de Zaragoza,Hidalgo,Hidalgo,27.79168055555556,-99.876055,1735,0,0,0.0,2344.0,Mercado nuevo,49.63950600516666
19027,Nuevo León,Los Herreras,Los Herreras,25.905605555555553,-99.40329722222222,1959,0,0,0.0,2288.0,Mercado nuevo,89.43859448852176
19028,Nuevo León,Higueras,Higueras,25.961955555555555,-100.01435,1386,0,0,0.0,2289.0,Mercado nuevo,35.27454068095947
19030,Nuevo León,Iturbide,Iturbide,24.725977777777775,-99.90526111111112,3298,0,0,0.0,2290.0,Mercado nuevo,111.64001155420905
19032,Nuevo León,Lampazos de Naranjo,Lampazos de Naranjo,27.025312222222222,-100.5043236111111,5351,0,0,0.0,2291.0,Mercado nuevo,91.52109117162362
19034,Nuevo León,Marín,Marín,25.879302222222222,-100.0340486111111,5119,0,0,0.0,2292.0,Densificación,29.060571754694873
05015,Coahuila de Zaragoza,Juárez,Juárez,27.60650638888889,-100.72711972222223,1584,0,0,0.0,2345.0,Mercado nuevo,103.93974558701389
19036,Nuevo León,Mier y Noriega,Mier y Noriega,23.423119444444445,-100.11966944444444,7652,0,0,0.0,2293.0,Mercado nuevo,104.46479063368005
32009,Zacatecas,Chalchihuites,Chalchihuites,23.477349999999998,-103.88404583333335,10086,0,0,0.0,1998.0,Mercado nuevo,100.48124620321593
21184,Puebla,Tlapacoya,Tlamaya Grande,20.146927777777776,-97.80349694444445,6422,0,0,0.0,1706.0,Mercado nuevo,97.49536148571976
21187,Puebla,Tlaxco,Tlaxco,20.423815,-98.02864361111111,4934,0,0,0.0,1707.0,Mercado nuevo,81.13427298251628
32014,Zacatecas,General Francisco R. Murguía,Nieves,23.994668055555557,-103.01982527777778,20191,0,0,0.0,1999.0,Mercado nuevo,143.0048076153605
21192,Puebla,Tuzamapan de Galeana,Tetelilla de Miguel Islas,20.077939999999998,-97.54907555555555,5924,0,0,0.0,1708.0,Mercado nuevo,89.70439758445777
21193,Puebla,Tzicatlacoyan,San Antonio Juárez,18.799863611111114,-97.98693972222222,6476,0,0,0.0,1709.0,Mercado nuevo,35.034150228261566
21195,Puebla,Vicente Guerrero,Santa María del Monte,18.537871666666668,-97.20245611111112,26559,0,0,0.0,1719.0,Densificación,21.686672199298933
21196,Puebla,Xayacatlán de Bravo,Xayacatlán de Bravo,18.23557638888889,-97.97553972222222,1570,0,0,0.0,1720.0,Mercado nuevo,66.5429524870255
21198,Puebla,Xicotlán,Xicotlán,18.058743055555556,-98.52494944444445,1312,0,0,0.0,1736.0,Mercado nuevo,95.34493428308053
32016,Zacatecas,General Pánfilo Natera,General Pánfilo Natera,22.66437138888889,-102.10992333333333,23526,0,0,0.0,1882.0,Mercado nuevo,48.978471292266576
21200,Puebla,Xochiapulco,Cinco de Mayo,19.82121861111111,-97.65869944444445,3443,0,0,0.0,1737.0,Mercado nuevo,78.32278857996646
21201,Puebla,Xochiltepec,Ayotla,18.67050638888889,-98.37227194444444,3375,0,0,0.0,1738.0,Mercado nuevo,41.18667795183171
32021,Zacatecas,Jiménez del Teul,Jiménez del Teul,23.254110277777777,-103.79838388888889,4465,0,0,0.0,1926.0,Mercado nuevo,123.34856411256816
32037,Zacatecas,Pánuco,Pozo de Gamboa,22.946665833333334,-102.57238,17577,0,0,0.0,2074.0,Densificación,18.966569534486307
32040,Zacatecas,Sain Alto,Sain Alto,23.579830277777777,-103.24747916666666,21844,0,0,0.0,2331.0,Mercado nuevo,112.94663179165197
32045,Zacatecas,Tepechitlán,Tepechitlán,21.67112611111111,-103.32762527777777,8321,0,0,0.0,2335.0,Mercado nuevo,105.84477742011029
21206,Puebla,Zacapala,Zacapala,18.590619999999998,-98.06532861111111,4647,0,0,0.0,1739.0,Mercado nuevo,52.296444007683895
21207,Puebla,Zacapoaxtla,Zacapoaxtla,19.873036388888888,-97.5895536111111,57887,0,0,0.0,1740.0,Mercado nuevo,79.71266428633557
21210,Puebla,Zapotitlán de Méndez,Tuxtla,20.000757222222223,-97.65534027777778,5675,0,0,0.0,1741.0,Mercado nuevo,93.02039345313999
21212,Puebla,Zautla,San Miguel Tenextatiloyan,19.710176944444445,-97.59505222222222,20717,0,0,0.0,1742.0,Mercado nuevo,73.31138753734956
21213,Puebla,Zihuateutla,La Unión,20.265290277777776,-97.8804461111111,11967,0,0,0.0,1743.0,Mercado nuevo,90.79159737303732
21215,Puebla,Zongozotla,Zongozotla,19.978638333333333,-97.72674166666667,4539,0,0,0.0,1744.0,Mercado nuevo,87.11436874393478
21216,Puebla,Zoquiapan,Zoquiapan,20.009838333333335,-97.5956425,2452,0,0,0.0,1745.0,Mercado nuevo,88.54927466743732
12047,Guerrero,Pedro Ascencio Alquisiras,Ixcapuzalco,18.512364166666668,-99.88701777777779,7076,0,0,0.0,1957.0,Mercado nuevo,41.24279498611258
12049,Guerrero,Pilcaya,Pilcaya,18.74758388888889,-99.67617472222223,12753,0,0,0.0,1963.0,Mercado nuevo,47.1112680435536
12051,Guerrero,Quechultenango,Quechultenango,17.409166666666664,-99.24083333333333,36143,0,0,0.0,1972.0,Mercado nuevo,31.82399501776976
12053,Guerrero,San Marcos,San Marcos,16.797343611111113,-99.39004638888889,50124,0,0,0.0,2323.0,Mercado nuevo,53.3297289566092
12054,Guerrero,San Miguel Totolapan,San Miguel Totolapan,18.161266666666666,-100.39082111111112,24139,0,0,0.0,1919.0,Mercado nuevo,92.29702159368614
12056,Guerrero,Tecoanapa,Tecoanapa,16.988854444444446,-99.26087638888889,46063,0,0,0.0,1920.0,Mercado nuevo,67.57711634789132
32031,Zacatecas,Monte Escobedo,Monte Escobedo,22.302784722222224,-103.56164305555555,8683,0,0,0.0,1844.0,Mercado nuevo,114.4701503916039
12059,Guerrero,Tepecoacuilco de Trujano,Tepecoacuilco de Trujano,18.286989722222224,-99.46669416666667,30806,0,0,0.0,1921.0,Densificación,9.910051099895554
12060,Guerrero,Tetipac,Tetipac,18.649385277777778,-99.64898222222223,13552,0,0,0.0,1922.0,Mercado nuevo,35.84703538115124
21217,Puebla,Zoquitlán,Zoquitlán,18.335726944444442,-97.01725888888889,20335,0,0,0.0,1746.0,Mercado nuevo,41.96504977428606
22002,Querétaro,Pinal de Amoles,Pinal de Amoles,21.135302499999998,-99.62754027777777,27365,0,0,0.0,1747.0,Mercado nuevo,91.81807818534507
22003,Querétaro,Arroyo Seco,Purísima de Arista,21.31221777777778,-99.51157361111112,13142,0,0,0.0,1748.0,Mercado nuevo,114.75630563920188
22010,Querétaro,Landa de Matamoros,Landa de Matamoros,21.183455833333333,-99.32191472222222,18794,0,0,0.0,1757.0,Mercado nuevo,113.21611132994215
22013,Querétaro,Peñamiller,Agua Fría,21.155976944444443,-99.79758916666667,19141,0,0,0.0,1758.0,Mercado nuevo,87.75568968441509
32035,Zacatecas,Noria de Ángeles,Maravillas,22.4015325,-102.01910805555555,16284,0,0,0.0,2315.0,Mercado nuevo,64.64448550122675
12030,Guerrero,Florencio Villarreal,Cruz Grande,16.723880555555553,-99.12378722222222,22250,0,0,0.0,2111.0,Mercado nuevo,82.63611840439009
12031,Guerrero,General Canuto A. Neri,Acapetlahuaya,18.418484722222225,-100.07205166666667,6278,0,0,0.0,2112.0,Mercado nuevo,56.911982929557105
12033,Guerrero,Huamuxtitlán,Huamuxtitlán,17.802174444444447,-98.56528666666667,17488,0,0,0.0,2113.0,Mercado nuevo,102.97974338487852
12034,Guerrero,Huitzuco de los Figueroa,Ciudad de Huitzuco,18.30598,-99.33430305555555,36593,0,0,0.0,2114.0,Densificación,21.963083204201606
12036,Guerrero,Igualapa,Igualapa,16.743713333333336,-98.4766175,11739,0,0,0.0,2115.0,Mercado nuevo,141.13419284434565
12037,Guerrero,Ixcateopan de Cuauhtémoc,Ixcateopan de Cuauhtémoc,18.50245222222222,-99.79356944444444,6138,0,0,0.0,2116.0,Mercado nuevo,32.14206018370642
12039,Guerrero,Juan R. Escudero,Tierra Colorada,17.169004444444447,-99.52204694444444,26093,0,0,0.0,2342.0,Mercado nuevo,42.60642613497618
12040,Guerrero,Leonardo Bravo,Chichihualco,17.660801944444444,-99.67734055555556,26357,0,0,0.0,2282.0,Densificación,22.27930058973721
12041,Guerrero,Malinaltepec,El Rincón (Santa Cruz del Rincón),16.995839166666666,-98.73610388888889,29625,0,0,0.0,2283.0,Mercado nuevo,102.06254495219618
12043,Guerrero,Metlatónoc,Metlatónoc,17.195372222222222,-98.40709944444446,18859,0,0,0.0,2284.0,Mercado nuevo,122.66654883436627
12044,Guerrero,Mochitlán,Mochitlán,17.472357777777777,-99.37129444444444,12402,0,0,0.0,2285.0,Densificación,16.343096251952097
12045,Guerrero,Olinalá,Olinalá,17.77833222222222,-98.74125638888889,28446,0,0,0.0,2286.0,Mercado nuevo,84.35654196960294
22018,Querétaro,Tolimán,Tolimán,20.908149166666664,-99.93080083333334,27916,0,0,0.0,1759.0,Mercado nuevo,58.451692281615806
14081,Jalisco,Santa María de los Ángeles,Santa María de los Ángeles,22.173333333333336,-103.22305555555556,3515,0,0,0.0,1872.0,Mercado nuevo,94.70714204612635
24002,San Luis Potosí,Alaquines,Alaquines,22.127894166666668,-99.60038916666666,7785,0,0,0.0,1760.0,Mercado nuevo,141.80551772899602
20069,Oaxaca,La Pe,La Pe,16.62995861111111,-96.7996575,3052,0,0,0.0,1988.0,Mercado nuevo,48.46541347688081
19003,Nuevo León,Los Aldamas,Los Aldamas,26.064143333333334,-99.19673333333334,1407,0,0,0.0,2326.0,Mercado nuevo,91.79869835157862
15046,México,Jilotzingo,San Luis Ayucan,19.49596,-99.36302222222221,19877,0,0,0.0,2101.0,Densificación,13.292645730867468
15049,México,Joquicingo,Techuchulco de Allende,19.112720833333334,-99.52459944444445,15428,0,0,0.0,2102.0,Densificación,10.950042688339131
20070,Oaxaca,Pinotepa de Don Luis,Pinotepa de Don Luis,16.428441666666668,-97.97743527777779,6416,0,0,0.0,1989.0,Mercado nuevo,150.67624220240708
20072,Oaxaca,San José del Progreso,San José del Progreso,16.685128055555555,-96.68552861111111,8059,0,0,0.0,1990.0,Mercado nuevo,41.89898640319261
20073,Oaxaca,Putla Villa de Guerrero,Putla Villa de Guerrero,17.026205277777777,-97.92815277777778,34652,0,0,0.0,1914.0,Mercado nuevo,127.91639179613789
19007,Nuevo León,Aramberri,Aramberri,24.100586111111113,-99.81806666666667,14992,0,0,0.0,2327.0,Mercado nuevo,79.26266686517457
19011,Nuevo León,Cerralvo,Ciudad Cerralvo,26.089869444444442,-99.61473333333333,7340,0,0,0.0,2328.0,Mercado nuevo,77.06679545891845
19013,Nuevo León,China,China,25.705913888888887,-99.23931666666667,9930,0,0,0.0,2329.0,Mercado nuevo,102.31360496565635
19014,Nuevo León,Doctor Arroyo,Doctor Arroyo,23.674691666666668,-100.18225555555556,36088,0,0,0.0,2336.0,Mercado nuevo,105.15827036893329
19015,Nuevo León,Doctor Coss,Doctor Coss,25.925897222222222,-99.18437222222222,1360,0,0,0.0,2337.0,Mercado nuevo,92.4358537773627
24004,San Luis Potosí,Armadillo de los Infante,La Concordia,22.353012777777778,-100.58443638888889,4013,0,0,0.0,1762.0,Mercado nuevo,46.18584278675319
20074,Oaxaca,Santa Catarina Quioquitani,Santa Catarina Quioquitani,16.31565416666667,-96.28496472222223,456,0,0,0.0,1915.0,Mercado nuevo,93.97217530988485
20076,Oaxaca,La Reforma,La Reforma,16.623314722222222,-97.84449777777778,3411,0,0,0.0,1916.0,Mercado nuevo,128.6130312865898
24010,San Luis Potosí,Ciudad del Maíz,Ciudad del Maíz,22.39984611111111,-99.6005736111111,30320,0,0,0.0,1775.0,Mercado nuevo,144.28829663565497
24012,San Luis Potosí,Tancanhuitz,Tancanhuitz,21.59731888888889,-98.96638777777778,20300,0,0,0.0,1776.0,Mercado nuevo,133.41516929656726
24014,San Luis Potosí,Coxcatlán,Coxcatlán,21.54114277777778,-98.90346944444445,15660,0,0,0.0,1777.0,Mercado nuevo,131.38082410973493
24017,San Luis Potosí,Guadalcázar,Entronque de Matehuala (El Huizache),22.921768611111112,-100.46406555555556,25119,0,0,0.0,1785.0,Mercado nuevo,100.53675799674389
24018,San Luis Potosí,Huehuetlán,Huichihuayán,21.483088888888886,-98.96750333333334,15334,0,0,0.0,1786.0,Mercado nuevo,140.5185634607877
12014,Guerrero,Benito Juárez,San Jerónimo de Juárez,17.13636972222222,-100.46866805555555,15442,0,0,0.0,1860.0,Mercado nuevo,69.01618980659704
12015,Guerrero,Buenavista de Cuéllar,Buenavista de Cuéllar,18.457887222222222,-99.40534222222223,12982,0,0,0.0,1861.0,Densificación,18.863230251817022
12016,Guerrero,Coahuayutla de José María Izazaga,Coahuayutla de Guerrero,18.316395,-101.7346113888889,12408,0,0,0.0,1800.0,Mercado nuevo,62.828409955154044
12017,Guerrero,Cocula,Cocula,18.23586638888889,-99.66119,15579,0,0,0.0,1801.0,Densificación,17.725522437880176
20080,Oaxaca,San Agustín Amatengo,San Agustín Amatengo,16.509943333333332,-96.789325,1593,0,0,0.0,1917.0,Mercado nuevo,61.539575539366744
12019,Guerrero,Copalillo,Copalillo,18.03415138888889,-99.04172444444444,15598,0,0,0.0,1802.0,Mercado nuevo,62.799671683788226
12020,Guerrero,Copanatoyac,Copanatoyac,17.46184472222222,-98.71346277777778,21648,0,0,0.0,2105.0,Mercado nuevo,84.1154564054579
12022,Guerrero,Coyuca de Catalán,Coyuca de Catalán,18.331019444444443,-100.69856583333333,38554,0,0,0.0,2106.0,Mercado nuevo,122.46584784317405
20081,Oaxaca,San Agustín Atenango,San Agustín Atenango,17.611699166666668,-98.0151825,1871,0,0,0.0,1850.0,Mercado nuevo,115.25942879769424
12024,Guerrero,Cualác,Cualác,17.742761666666667,-98.66072777777778,7874,0,0,0.0,2107.0,Mercado nuevo,91.54432264949409
12025,Guerrero,Cuautepec,Cuautepec,16.74900277777778,-99.00154555555555,17024,0,0,0.0,2108.0,Mercado nuevo,95.03819429876076
12026,Guerrero,Cuetzala del Progreso,Cuetzala del Progreso,18.13414138888889,-99.83148555555555,8272,0,0,0.0,2109.0,Mercado nuevo,38.802476805136266
12027,Guerrero,Cutzamala de Pinzón,Cutzamala de Pinzón,18.465244444444444,-100.57851277777777,20537,0,0,0.0,2110.0,Mercado nuevo,110.56012989326666
24019,San Luis Potosí,Lagunillas,San Rafael,21.59006972222222,-99.70641305555556,5453,0,0,0.0,1787.0,Mercado nuevo,129.2675338974766
24022,San Luis Potosí,Moctezuma,Moctezuma,22.749893611111112,-101.08555944444444,19036,0,0,0.0,1788.0,Mercado nuevo,67.45083590368506
24023,San Luis Potosí,Rayón,Rayón,21.84372361111111,-99.64531527777778,15301,0,0,0.0,1789.0,Mercado nuevo,141.49681358004537
24026,San Luis Potosí,San Antonio,Tocoy,21.638167222222222,-98.87116555555555,9382,0,0,0.0,1790.0,Mercado nuevo,122.64920408722595
20082,Oaxaca,San Agustín Chayuco,San Agustín Chayuco,16.402382222222222,-97.80751833333333,4163,0,0,0.0,1851.0,Mercado nuevo,136.46968240999968
24029,San Luis Potosí,San Martín Chalchicuautla,San Martín Chalchicuautla,21.369703333333334,-98.65723833333334,18468,0,0,0.0,1791.0,Mercado nuevo,125.13806630988346
24030,San Luis Potosí,San Nicolás Tolentino,Santa Catarina,22.047320555555558,-100.45800611111112,4779,0,0,0.0,1792.0,Mercado nuevo,54.70955321929503
24031,San Luis Potosí,Santa Catarina,San Diego (Pueblo Viejo),21.49694388888889,-99.48722194444444,12163,0,0,0.0,1793.0,Mercado nuevo,134.45978053683834
24033,San Luis Potosí,Santo Domingo,Jesús María,23.153898055555555,-102.1924338888889,10785,0,0,0.0,1794.0,Mercado nuevo,57.21588369504185
24034,San Luis Potosí,San Vicente Tancuayalab,San Vicente Tancuayalab,21.714944444444445,-98.58571777777777,14945,0,0,0.0,1795.0,Mercado nuevo,93.43732062220111
24038,San Luis Potosí,Tampacán,Tampacán,21.402307777777775,-98.72767583333334,14348,0,0,0.0,1796.0,Mercado nuevo,127.44018758136018
24039,San Luis Potosí,Tampamolón Corona,Tampamolón Corona,21.560351666666666,-98.81511444444445,13603,0,0,0.0,1797.0,Mercado nuevo,122.72094769553668
24041,San Luis Potosí,Tanlajás,Tanlajás,21.665663888888886,-98.88807027777779,18208,0,0,0.0,1798.0,Mercado nuevo,122.57420248399407
24042,San Luis Potosí,Tanquián de Escobedo,Tanquián de Escobedo,21.598088055555554,-98.6620625,13448,0,0,0.0,1799.0,Mercado nuevo,107.68487903043521
24043,San Luis Potosí,Tierra Nueva,Tierra Nueva,21.667455833333335,-100.57391833333332,7966,0,0,0.0,1813.0,Mercado nuevo,68.02649017174639
24046,San Luis Potosí,Villa de Arriaga,Villa de Arriaga,21.91013583333333,-101.38337027777779,18206,0,0,0.0,1814.0,Mercado nuevo,49.76040094218925
24047,San Luis Potosí,Villa de Guadalupe,Villa de Guadalupe,23.374424722222223,-100.75789722222223,9277,0,0,0.0,1815.0,Mercado nuevo,137.80846889731748
24049,San Luis Potosí,Villa de Ramos,Dulce Grande,23.002819722222224,-102.17427,38389,0,0,0.0,1816.0,Mercado nuevo,47.897816979173975
20085,Oaxaca,San Agustín Loxicha,San Agustín Loxicha,16.01660861111111,-96.61676444444444,26194,0,0,0.0,1803.0,Mercado nuevo,116.59604168346728
24052,San Luis Potosí,Villa Juárez,Villa Juárez,22.323209444444444,-100.2666488888889,10304,0,0,0.0,1817.0,Mercado nuevo,75.55596116775423
24053,San Luis Potosí,Axtla de Terrazas,Axtla de Terrazas,21.43638888888889,-98.875,32544,0,0,0.0,1818.0,Mercado nuevo,136.11756181805936
24056,San Luis Potosí,Villa de Arista,Villa de Arista,22.644771666666667,-100.84902,17258,0,0,0.0,1819.0,Mercado nuevo,56.38750833035432
24057,San Luis Potosí,Matlapa,Matlapa,21.337504444444445,-98.82680333333333,28996,0,0,0.0,1820.0,Mercado nuevo,135.44027960877483
20088,Oaxaca,San Andrés Cabecera Nueva,San Andrés Cabecera Nueva,16.888415555555554,-97.68099000000001,2881,0,0,0.0,1804.0,Mercado nuevo,103.39771744618963
25004,Sinaloa,Concordia,Heroica Ciudad Concordia,23.287625555555557,-106.06861083333332,24899,0,0,0.0,1821.0,Mercado nuevo,37.40990231707567
20089,Oaxaca,San Andrés Dinicuiti,San Andrés Dinicuiti,17.688114722222224,-97.72675111111111,2308,0,0,0.0,1805.0,Mercado nuevo,93.06249389706367
12002,Guerrero,Ahuacuotzingo,Ahuacuotzingo,17.714088888888888,-98.93490777777778,25205,0,0,0.0,1324.0,Mercado nuevo,62.655760642229666
12003,Guerrero,Ajuchitlán del Progreso,Ajuchitlán del Progreso,18.15955472222222,-100.49605694444445,37655,0,0,0.0,1325.0,Mercado nuevo,103.20302907383432
12004,Guerrero,Alcozauca de Guerrero,Alcozauca de Guerrero,17.463523888888886,-98.38388777777779,21225,0,0,0.0,1852.0,Mercado nuevo,118.87415753400188
12005,Guerrero,Alpoyeca,Alpoyeca,17.67006388888889,-98.51323888888889,7813,0,0,0.0,1853.0,Mercado nuevo,105.51773669790201
12006,Guerrero,Apaxtla,Ciudad Apaxtla de Castrejón,18.130078333333334,-99.93231361111111,11112,0,0,0.0,1854.0,Mercado nuevo,47.954644167326
12008,Guerrero,Atenango del Río,Atenango del Río,18.104343055555557,-99.10780305555555,9147,0,0,0.0,1855.0,Mercado nuevo,52.738880795732705
12009,Guerrero,Atlamajalcingo del Monte,Zilacayotitlán,17.29587111111111,-98.55016805555556,5811,0,0,0.0,1856.0,Mercado nuevo,104.81543236649405
12010,Guerrero,Atlixtac,Atlixtac,17.563679166666667,-98.93323222222223,28491,0,0,0.0,1857.0,Mercado nuevo,60.21326901564588
12011,Guerrero,Atoyac de Álvarez,Atoyac de Álvarez,17.21273888888889,-100.43312944444445,60680,0,0,0.0,1858.0,Mercado nuevo,69.99143100482294
12013,Guerrero,Azoyú,Azoyú,16.732960277777774,-98.60109083333333,15099,0,0,0.0,1859.0,Mercado nuevo,132.02820560402463
20090,Oaxaca,San Andrés Huaxpaltepec,San Andrés Huaxpaltepec,16.32904611111111,-97.91634888888889,6234,0,0,0.0,1806.0,Mercado nuevo,150.64588713993362
11034,Guanajuato,Santa Catarina,Santa Catarina,21.1398775,-100.06691305555555,5723,0,0,0.0,1320.0,Mercado nuevo,69.42016162048367
11036,Guanajuato,Santiago Maravatío,Santiago Maravatío,20.172406944444447,-100.99522555555555,6714,0,0,0.0,1321.0,Mercado nuevo,43.19329456074461
11038,Guanajuato,Tarandacuao,Tarandacuao,20.003968055555557,-100.5163286111111,11304,0,0,0.0,1322.0,Mercado nuevo,65.37090909319993
11039,Guanajuato,Tarimoro,Tarimoro,20.288540555555556,-100.75594194444444,35905,0,0,0.0,1323.0,Densificación,26.59368667849944
20092,Oaxaca,San Andrés Ixtlahuaca,San Andrés Ixtlahuaca,17.070874444444446,-96.82517694444444,1776,0,0,0.0,1807.0,Densificación,10.66967604400255
20094,Oaxaca,San Andrés Nuxiño,San Andrés Nuxiño,17.23835805555556,-97.10527111111111,1850,0,0,0.0,1808.0,Mercado nuevo,44.966637656964544
20095,Oaxaca,San Andrés Paxtlán,San Andrés Paxtlán,16.215635833333334,-96.50758,4562,0,0,0.0,1809.0,Mercado nuevo,96.42955130234446
20097,Oaxaca,San Andrés Solaga,Santo Domingo Yojovi,17.299828611111113,-96.21021305555556,1771,0,0,0.0,1810.0,Mercado nuevo,57.755332157911276
20098,Oaxaca,San Andrés Teotilálpam,San Andrés Teotilálpam,17.954130833333334,-96.65658833333335,4233,0,0,0.0,1811.0,Mercado nuevo,58.627594335252944
26006,Sonora,Arizpe,Arizpe,30.336231666666666,-110.16680861111112,2788,0,0,0.0,1832.0,Mercado nuevo,132.82076212358695
15080,México,Sultepec,Sultepec de Pedro Ascencio de Alquisiras,18.858545833333334,-99.96642972222223,24145,0,0,0.0,1970.0,Mercado nuevo,53.28184775613135
20099,Oaxaca,San Andrés Tepetlapa,San Andrés Tepetlapa,17.66583333333333,-98.39168666666667,381,0,0,0.0,1812.0,Mercado nuevo,118.2603964564393
15085,México,Temascalcingo,Temascalcingo de José María Velasco,19.915911388888887,-100.00408055555556,66414,0,0,0.0,1971.0,Mercado nuevo,52.32260990461637
20100,Oaxaca,San Andrés Yaá,San Andrés Yaá,17.292578333333335,-96.15361611111112,393,0,0,0.0,1721.0,Mercado nuevo,62.842774847046734
20101,Oaxaca,San Andrés Zabache,San Andrés Zabache,16.600148611111113,-96.85773555555555,748,0,0,0.0,1722.0,Mercado nuevo,53.035343470187435
20104,Oaxaca,San Antonino el Alto,San Antonino el Alto,16.815700555555555,-97.02937444444444,2705,0,0,0.0,1723.0,Mercado nuevo,42.22605846612659
15066,México,Otzoloapan,Otzoloapan,19.117408333333334,-100.29771166666667,4891,0,0,0.0,2049.0,Mercado nuevo,61.95181791298358
20105,Oaxaca,San Antonino Monte Verde,San Miguel Monteverde,17.530522777777776,-97.79193138888888,7678,0,0,0.0,1724.0,Mercado nuevo,111.89700280779039
20050,Oaxaca,Magdalena Peñasco,San Isidro,17.219392499999998,-97.56951138888888,3750,0,0,0.0,1979.0,Mercado nuevo,91.42162543607296
18013,Nayarit,San Pedro Lagunillas,San Pedro Lagunillas,21.22190611111111,-104.75110972222222,7683,0,0,0.0,2341.0,Mercado nuevo,73.94519204558352
18019,Nayarit,La Yesca,Puente de Camotlán,21.698936111111113,-104.07871138888889,13719,0,0,0.0,2324.0,Mercado nuevo,130.14416646288706
19002,Nuevo León,Agualeguas,Agualeguas,26.310914722222222,-99.53938916666667,3382,0,0,0.0,2325.0,Mercado nuevo,96.1704241531576
20051,Oaxaca,Magdalena Teitipac,Magdalena Teitipac,16.906620555555556,-96.55873861111111,4764,0,0,0.0,1980.0,Densificación,22.70875878479963
11016,Guanajuato,Huanímaro,Huanímaro,20.368274444444445,-101.49686666666666,21128,0,0,0.0,1267.0,Mercado nuevo,37.236881792113266
20055,Oaxaca,Mariscala de Juárez,Mariscala de Juárez,17.86050555555556,-98.14162055555556,3739,0,0,0.0,1981.0,Mercado nuevo,103.67695655304755
20058,Oaxaca,Mazatlán Villa de Flores,Mazatlán Villa de Flores,18.032564444444443,-96.91372111111112,12722,0,0,0.0,1982.0,Mercado nuevo,69.52075213084498
11024,Guanajuato,Pueblo Nuevo,Pueblo Nuevo,20.52595722222222,-101.37084694444444,12403,0,0,0.0,1268.0,Densificación,16.498834683149376
26007,Sonora,Atil,Atil,30.843988888888887,-111.58389166666666,626,0,0,0.0,1833.0,Mercado nuevo,81.020657569562
21169,Puebla,Tepexi de Rodríguez,Tepexi de Rodríguez,18.581016944444443,-97.92619027777778,22331,0,0,0.0,1687.0,Mercado nuevo,57.851909519120476
26010,Sonora,Bacerac,Bacerac,30.35527777777778,-108.92979916666667,1221,0,0,0.0,1843.0,Mercado nuevo,220.65527643807778
20060,Oaxaca,Mixistlán de la Reforma,Mixistlán de la Reforma,17.146838055555556,-96.11202805555556,2487,0,0,0.0,1983.0,Mercado nuevo,62.60113946772124
26012,Sonora,Bácum,Francisco Javier Mina (Campo 60),27.46125333333333,-110.11127583333332,23151,0,0,0.0,1845.0,Densificación,18.04539437059876
26014,Sonora,Baviácora,Baviácora,29.715235,-110.16505222222223,3191,0,0,0.0,1862.0,Mercado nuevo,104.77575644749929
26015,Sonora,Bavispe,Bavispe,30.48012333333333,-108.94102305555556,1169,0,0,0.0,1863.0,Mercado nuevo,213.1345906471368
26020,Sonora,Carbó,Carbó,29.68468861111111,-110.95443138888889,4946,0,0,0.0,1864.0,Mercado nuevo,67.8074520667768
20061,Oaxaca,Monjas,Santa María Velató,16.504146111111112,-96.64462305555556,2893,0,0,0.0,1984.0,Mercado nuevo,62.403457738442924
10035,Durango,Tepehuanes,Santa Catarina de Tepehuanes,25.34320861111111,-105.72300194444445,11378,0,0,0.0,1356.0,Mercado nuevo,178.45112831803087
10036,Durango,Tlahualilo,Tlahualilo de Zaragoza,26.107385833333336,-103.43923583333334,21143,0,0,0.0,1357.0,Mercado nuevo,60.016101280372744
20064,Oaxaca,Nejapa de Madero,El Camarón,16.55429527777778,-96.02694444444444,8494,0,0,0.0,1985.0,Mercado nuevo,90.9147149753473
10039,Durango,Nuevo Ideal,Nuevo Ideal,24.888313333333333,-105.07420527777778,27981,0,0,0.0,1358.0,Mercado nuevo,104.44649381019113
11006,Guanajuato,Atarjea,El Carricillo,21.315182500000002,-99.83322833333332,5296,0,0,0.0,1359.0,Mercado nuevo,98.91249777790237
20065,Oaxaca,Ixpantepec Nieves,Ixpantepec Nieves,17.50668611111111,-98.04486166666666,1079,0,0,0.0,1986.0,Mercado nuevo,126.7115550227854
20066,Oaxaca,Santiago Niltepec,Santiago Niltepec,16.562093333333333,-94.61300416666666,5342,0,0,0.0,1987.0,Mercado nuevo,160.9792514349216
26031,Sonora,Huachinera,Huachinera,30.211482222222223,-108.95881611111112,1186,0,0,0.0,1866.0,Mercado nuevo,226.69485899322012
15097,México,Texcaltitlán,Texcaltitlán,18.930389444444447,-99.93927666666667,18482,0,0,0.0,1905.0,Mercado nuevo,44.88281631376254
15102,México,Timilpan,Santiaguito Maxda,19.820608055555557,-99.76397305555555,16414,0,0,0.0,1906.0,Mercado nuevo,54.798856778582106
15105,México,Tlatlaya,San Pedro Limón,18.58293861111111,-100.30507138888889,31762,0,0,0.0,1907.0,Mercado nuevo,85.09867390528295
17034,Morelos,Coatetelco,Coatetelco Centro,18.730485833333333,-99.3270575,11347,0,0,0.0,1918.0,Densificación,23.077356144704886
14075,Jalisco,San Marcos,San Marcos,20.790000000000003,-104.1975,3791,0,0,0.0,1761.0,Mercado nuevo,84.41758278289278
18005,Nayarit,Huajicori,Huajicori,22.637260833333332,-105.319985,12230,0,0,0.0,2338.0,Mercado nuevo,129.0863368134888
14076,Jalisco,San Martín de Bolaños,San Martín de Bolaños,21.68355638888889,-103.81419888888888,3095,0,0,0.0,2346.0,Mercado nuevo,115.75696616038245
18009,Nayarit,Del Nayar,Jesús María,22.251125,-104.5179425,47550,0,0,0.0,2339.0,Mercado nuevo,183.5110316606435
15077,México,San Simón de Guerrero,San Simón de Guerrero,19.02308888888889,-100.00727805555556,6692,0,0,0.0,1968.0,Mercado nuevo,40.80782711667103
15078,México,Santo Tomás,Loma Bonita,19.180303055555555,-100.25960277777777,9729,0,0,0.0,1969.0,Mercado nuevo,56.28842454404117
20106,Oaxaca,San Antonio Acutla,Laguna Seca,17.734714722222222,-97.496405,249,0,0,0.0,1725.0,Mercado nuevo,81.64015298756505
20108,Oaxaca,San Antonio Huitepec,San Antonio Huitepec,16.92733138888889,-97.14742194444445,2936,0,0,0.0,1726.0,Mercado nuevo,47.23484952850915
20109,Oaxaca,San Antonio Nanahuatípam,San Antonio Nanahuatípam,18.130299444444447,-97.12364472222221,1232,0,0,0.0,1727.0,Mercado nuevo,46.52471048850113
26045,Sonora,Opodepe,Querobabi,30.049759166666668,-111.02148972222223,2438,0,0,0.0,1867.0,Mercado nuevo,108.57157591226186
26049,Sonora,Quiriego,Quiriego,27.520487777777777,-109.25122944444445,3090,0,0,0.0,1880.0,Mercado nuevo,52.443453068510614
26050,Sonora,Rayón,Rayón,29.71447861111111,-110.57350444444444,1496,0,0,0.0,1881.0,Mercado nuevo,80.30412214428327
20110,Oaxaca,San Antonio Sinicahua,Santa Cruz,17.14681472222222,-97.57862277777778,1668,0,0,0.0,1728.0,Mercado nuevo,91.18536349079326
26052,Sonora,Sahuaripa,Sahuaripa,29.056330555555558,-109.23337055555555,5257,0,0,0.0,1883.0,Mercado nuevo,167.67555082170333
20111,Oaxaca,San Antonio Tepetlapa,San Antonio Tepetlapa,16.542360833333333,-98.0662261111111,4873,0,0,0.0,1729.0,Mercado nuevo,153.8917259498749
26054,Sonora,San Javier,San Javier,28.595282777777776,-109.73946055555555,537,0,0,0.0,1884.0,Mercado nuevo,123.64344282233093
26056,Sonora,San Miguel de Horcasitas,Pesqueira,29.380089166666668,-110.8965938888889,10729,0,0,0.0,1885.0,Mercado nuevo,34.46338540848811
26057,Sonora,San Pedro de la Cueva,San Pedro de la Cueva,29.286481944444446,-109.7361088888889,1458,0,0,0.0,1886.0,Mercado nuevo,120.97880955122206
26059,Sonora,Santa Cruz,Santa Cruz,31.231535555555553,-110.59597777777778,1835,0,0,0.0,1887.0,Mercado nuevo,34.85630353982712
26060,Sonora,Sáric,Sásabe,31.47186194444444,-111.54578666666667,2058,0,0,0.0,1888.0,Mercado nuevo,59.218328913245955
20112,Oaxaca,San Baltazar Chichicápam,San Baltazar Chichicápam,16.762097222222224,-96.48968055555555,2576,0,0,0.0,1730.0,Mercado nuevo,40.04305570140395
26064,Sonora,Trincheras,Trincheras,30.398620833333332,-111.5314825,1381,0,0,0.0,1910.0,Mercado nuevo,117.29073571432502
26065,Sonora,Tubutama,La Sangre (La Sangre Nueva),30.64217222222222,-111.42092166666667,1473,0,0,0.0,1911.0,Mercado nuevo,88.49868097814061
20113,Oaxaca,San Baltazar Loxicha,San Baltazar Loxicha,16.0733,-96.79032083333333,3169,0,0,0.0,1731.0,Mercado nuevo,109.9328815635373
26068,Sonora,Villa Pesqueira,Villa Pesqueira (Mátape),29.118317222222224,-109.96890944444445,1043,0,0,0.0,1912.0,Mercado nuevo,96.26819262640355
20114,Oaxaca,San Baltazar Yatzachi el Bajo,Santa María Yohueche,17.246111111111112,-96.19840111111111,674,0,0,0.0,1732.0,Mercado nuevo,56.4782195584229
10019,Durango,Otáez,Otáez,24.698689166666668,-105.9940575,4924,0,0,0.0,1504.0,Mercado nuevo,141.86733936766782
10020,Durango,Pánuco de Coronado,Francisco I. Madero,24.40102444444444,-104.31926444444444,12656,0,0,0.0,1505.0,Mercado nuevo,54.99300132621918
10021,Durango,Peñón Blanco,Peñón Blanco,24.792508611111113,-104.03426666666667,11118,0,0,0.0,1506.0,Mercado nuevo,101.79476624069109
10022,Durango,Poanas,Villa Unión,23.97509222222222,-104.04413611111111,25623,0,0,0.0,1507.0,Mercado nuevo,63.82817731659772
10024,Durango,Rodeo,Rodeo,25.18071861111111,-104.56044444444444,12818,0,0,0.0,1508.0,Mercado nuevo,115.33458629943722
10025,Durango,San Bernardo,San Bernardo,26.000787222222222,-105.52325666666667,2837,0,0,0.0,1509.0,Mercado nuevo,208.50493386112697
10026,Durango,San Dimas,Tayoltita,24.102181666666667,-105.931245,17333,0,0,0.0,1510.0,Mercado nuevo,112.05988881266293
10027,Durango,San Juan de Guadalupe,San Juan de Guadalupe,24.63085277777778,-102.78205472222223,5251,0,0,0.0,1511.0,Mercado nuevo,121.75908357135911
10028,Durango,San Juan del Río,San Juan del Río del Centauro del Norte,24.778254999999998,-104.45922555555556,12013,0,0,0.0,1512.0,Mercado nuevo,86.54862439082585
10029,Durango,San Luis del Cordero,San Luis del Cordero,25.41764861111111,-104.27778611111111,2103,0,0,0.0,1513.0,Mercado nuevo,80.23569047197824
10030,Durango,San Pedro del Gallo,San Pedro del Gallo,25.565863888888888,-104.29283416666667,1633,0,0,0.0,1514.0,Mercado nuevo,79.88672488543969
10031,Durango,Santa Clara,Santa Clara,24.475443888888886,-103.35722222222222,6727,0,0,0.0,1515.0,Mercado nuevo,118.96084684908186
10033,Durango,Súchil,Súchil,23.622163055555557,-103.92186972222223,6917,0,0,0.0,1526.0,Mercado nuevo,88.26445658262978
14060,Jalisco,Mexticacán,Mexticacán,21.263055555555557,-102.77777777777777,5307,0,0,0.0,2320.0,Mercado nuevo,84.76338862553925
10003,Durango,Coneto de Comonfort,Nogales,24.97833333333333,-104.72027777777778,4084,0,0,0.0,1613.0,Mercado nuevo,106.23927646526332
14061,Jalisco,Mezquitic,Mezquitic,22.39,-103.7281225,22083,0,0,0.0,2321.0,Mercado nuevo,126.23854067238621
10006,Durango,General Simón Bolívar,San José de Zaragoza,25.227071666666664,-103.46793277777778,10038,0,0,0.0,1614.0,Mercado nuevo,35.022886855616456
10009,Durango,Guanaceví,Guanaceví,25.931661944444446,-105.95443194444445,9869,0,0,0.0,1615.0,Mercado nuevo,191.04918047355065
10010,Durango,Hidalgo,Revolución (Las Víboras),26.2045125,-105.08329805555555,3843,0,0,0.0,1616.0,Mercado nuevo,173.71264104269514
10011,Durango,Indé,Indé,25.91202111111111,-105.22379111111111,4748,0,0,0.0,1617.0,Mercado nuevo,177.14121385026962
14062,Jalisco,Mixtlán,Mixtlán,20.440555555555555,-104.4088888888889,3638,0,0,0.0,2322.0,Mercado nuevo,87.36244173882397
14064,Jalisco,Ojuelos de Jalisco,Ojuelos de Jalisco,21.86416666666667,-101.59333333333333,33588,0,0,0.0,2314.0,Mercado nuevo,71.13139711268846
10016,Durango,Nombre de Dios,Nombre de Dios,23.848210833333333,-104.244705,19060,0,0,0.0,1618.0,Mercado nuevo,47.45535634856105
10017,Durango,Ocampo,Villa las Nieves,26.400996666666664,-105.38795944444445,8003,0,0,0.0,1619.0,Mercado nuevo,210.42931657160037
14065,Jalisco,Pihuamo,Pihuamo,19.252439166666665,-103.37503749999999,11386,0,0,0.0,2330.0,Mercado nuevo,37.08136670171391
28001,Tamaulipas,Abasolo,Abasolo,24.060836666666667,-98.37427888888888,9822,0,0,0.0,1913.0,Mercado nuevo,87.08638247384404
14069,Jalisco,Quitupan,Quitupan,19.92765138888889,-102.8721525,7734,0,0,0.0,2332.0,Densificación,21.73921809473926
28004,Tamaulipas,Antiguo Morelos,Antiguo Morelos,22.54942,-99.08361722222222,8850,0,0,0.0,1927.0,Mercado nuevo,131.31503534879243
28005,Tamaulipas,Burgos,Burgos,24.946639722222223,-98.79901,4256,0,0,0.0,1928.0,Mercado nuevo,137.70218412735812
28006,Tamaulipas,Bustamante,Bustamante,23.43547722222222,-99.75780805555556,7542,0,0,0.0,1929.0,Mercado nuevo,70.00742394810027
28008,Tamaulipas,Casas,Casas,23.727133888888886,-98.73784194444444,4143,0,0,0.0,1930.0,Mercado nuevo,42.084864620288464
28010,Tamaulipas,Cruillas,Cruillas,24.755170833333334,-98.53454222222221,1671,0,0,0.0,1931.0,Mercado nuevo,129.91301510161287
14071,Jalisco,San Cristóbal de la Barranca,San Cristóbal de la Barranca,21.044444444444448,-103.42916666666667,2924,0,0,0.0,2333.0,Mercado nuevo,36.21100742555915
20116,Oaxaca,San Bartolomé Ayautla,San Bartolomé Ayautla,18.031800277777776,-96.6715088888889,4131,0,0,0.0,1733.0,Mercado nuevo,58.72242246569926
16013,Michoacán de Ocampo,Carácuaro,Carácuaro de Morelos,19.017308333333332,-101.12699083333332,9176,0,0,0.0,1829.0,Mercado nuevo,76.59278306490803
15111,México,Villa de Allende,San Felipe Santiago,19.38852,-100.10694805555555,53275,0,0,0.0,1908.0,Mercado nuevo,40.68701883420125
15116,México,Zacazonapan,Zacazonapan,19.07445722222222,-100.25611583333334,5109,0,0,0.0,1909.0,Mercado nuevo,59.518340135270094
15117,México,Zacualpan,Zacualpan,18.718670277777775,-99.77562166666667,13522,0,0,0.0,1889.0,Mercado nuevo,48.541327550957924
15119,México,Zumpahuacán,Zumpahuacán,18.840927777777775,-99.58559555555556,18833,0,0,0.0,1890.0,Mercado nuevo,37.977119267197345
15123,México,Luvianos,Villa Luvianos,18.920482222222223,-100.29944638888888,28822,0,0,0.0,1891.0,Mercado nuevo,71.82564976260365
17014,Morelos,Mazatepec,Mazatepec,18.733184444444444,-99.36697194444444,9653,0,0,0.0,1328.0,Densificación,25.159650039954467
17015,Morelos,Miacatlán,Miacatlán,18.769982499999998,-99.36026527777777,15802,0,0,0.0,1329.0,Densificación,21.42358042362819
20117,Oaxaca,San Bartolomé Loxicha,San Bartolomé Loxicha,15.970389722222222,-96.71101555555556,2213,0,0,0.0,1734.0,Mercado nuevo,121.16813453222983
20118,Oaxaca,San Bartolomé Quialana,San Bartolomé Quialana,16.901887499999997,-96.50120611111112,2389,0,0,0.0,1735.0,Densificación,27.36306869891295
20121,Oaxaca,San Bartolo Soyaltepec,San Pedro Añañé (Añañe),17.520232222222223,-97.36790749999999,596,0,0,0.0,1658.0,Mercado nuevo,85.27342411010308
28012,Tamaulipas,González,Estación Manuel (Úrsulo Galván),22.728992499999997,-98.32147111111111,41470,0,0,0.0,1932.0,Mercado nuevo,73.20190812918057
28013,Tamaulipas,Güémez,Güémez,23.919140833333334,-99.00832972222223,15032,0,0,0.0,1933.0,Densificación,25.470742434544587
10001,Durango,Canatlán,Canatlán,24.527263333333334,-104.7783736111111,31454,0,0,0.0,1612.0,Mercado nuevo,57.02582577956802
20122,Oaxaca,San Bartolo Yautepec,San Bartolo Yautepec,16.43074138888889,-95.97311222222223,653,0,0,0.0,1659.0,Mercado nuevo,104.22613478580149
28016,Tamaulipas,Hidalgo,Estación Santa Engracia,24.01659111111111,-99.20176472222222,17012,0,0,0.0,1934.0,Mercado nuevo,32.1631608382121
28017,Tamaulipas,Jaumave,Jaumave,23.405120277777776,-99.37567499999999,15994,0,0,0.0,1935.0,Mercado nuevo,42.85642230221566
20123,Oaxaca,San Bernardo Mixtepec,San Bernardo Mixtepec,16.824660555555557,-96.8986663888889,2829,0,0,0.0,1660.0,Mercado nuevo,32.003525611881045
28019,Tamaulipas,Llera,Llera de Canales,23.31896,-99.02363027777778,14645,0,0,0.0,1936.0,Mercado nuevo,47.63409893898114
28020,Tamaulipas,Mainero,Magueyes,24.567919166666666,-99.54821944444444,2048,0,0,0.0,1937.0,Mercado nuevo,101.39790785775435
28023,Tamaulipas,Méndez,Méndez,25.11654805555556,-98.58621722222222,4280,0,0,0.0,1938.0,Mercado nuevo,112.81642932811963
28024,Tamaulipas,Mier,Mier,26.43047027777778,-99.14869416666667,6385,0,0,0.0,1947.0,Mercado nuevo,94.60244621494975
28028,Tamaulipas,Nuevo Morelos,Nuevo Morelos,22.534470555555558,-99.22133277777777,3810,0,0,0.0,1948.0,Mercado nuevo,133.24673906762885
28029,Tamaulipas,Ocampo,Ocampo,22.845040277777777,-99.33602388888889,13190,0,0,0.0,1949.0,Mercado nuevo,100.31129633688278
28030,Tamaulipas,Padilla,Nueva Villa de Padilla,24.048798611111113,-98.90029416666667,13618,0,0,0.0,1950.0,Mercado nuevo,43.58101161930348
28031,Tamaulipas,Palmillas,Palmillas,23.301759166666667,-99.54753944444444,1917,0,0,0.0,1951.0,Mercado nuevo,62.54001427022003
28034,Tamaulipas,San Carlos,San Carlos,24.58177361111111,-98.943635,7411,0,0,0.0,1952.0,Mercado nuevo,96.91260975353195
28036,Tamaulipas,San Nicolás,Flechadores,24.522695555555554,-98.67794194444446,926,0,0,0.0,1953.0,Mercado nuevo,100.27806703243704
28037,Tamaulipas,Soto la Marina,Soto la Marina,23.76703861111111,-98.20619,23673,0,0,0.0,1954.0,Mercado nuevo,96.27005773614027
20125,Oaxaca,San Carlos Yautepec,Santiago Quiavicuzas,16.862751666666668,-95.71841388888889,11662,0,0,0.0,1661.0,Mercado nuevo,106.2190420497381
20126,Oaxaca,San Cristóbal Amatlán,San Cristóbal Amatlán,16.318408055555555,-96.41001611111112,5396,0,0,0.0,1662.0,Mercado nuevo,88.28831715785562
20127,Oaxaca,San Cristóbal Amoltepec,San Cristóbal Amoltepec,17.28453277777778,-97.5698525,1252,0,0,0.0,1663.0,Mercado nuevo,93.11721125314
20128,Oaxaca,San Cristóbal Lachirioag,San Cristóbal Lachirioag,17.335971666666666,-96.16504722222223,1342,0,0,0.0,1664.0,Mercado nuevo,63.865287469998655
08056,Chihuahua,Rosario,San Javier,27.21097111111111,-106.34955666666666,2079,0,0,0.0,1711.0,Mercado nuevo,160.80094359176334
08057,Chihuahua,San Francisco de Borja,San Francisco de Borja,27.90182111111111,-106.6849163888889,2197,0,0,0.0,1712.0,Mercado nuevo,101.1504828774625
20130,Oaxaca,San Dionisio del Mar,San Dionisio del Mar,16.320539166666666,-94.75700333333333,5180,0,0,0.0,1665.0,Mercado nuevo,181.52346522324703
08060,Chihuahua,Santa Bárbara,Santa Bárbara,26.8021,-105.81809972222221,11582,0,0,0.0,1713.0,Mercado nuevo,205.585544254747
08061,Chihuahua,Satevó,San Francisco Javier de Satevó,27.95603361111111,-106.10720416666666,3414,0,0,0.0,1714.0,Mercado nuevo,75.75751047675405
08062,Chihuahua,Saucillo,Saucillo,28.032674444444442,-105.28803222222221,29862,0,0,0.0,1715.0,Mercado nuevo,102.2964232283504
08063,Chihuahua,Temósachic,Temósachic,28.952758333333332,-107.82983944444445,5320,0,0,0.0,1716.0,Mercado nuevo,174.44692469621864
08064,Chihuahua,El Tule,El Tule,27.0536125,-106.26625333333334,1448,0,0,0.0,1717.0,Mercado nuevo,177.02945805696655
20131,Oaxaca,San Dionisio Ocotepec,San Dionisio Ocotepec,16.797754444444447,-96.39603722222223,11411,0,0,0.0,1666.0,Mercado nuevo,43.43318707269589
08066,Chihuahua,Uruachi,Uruachi,27.86792416666667,-108.21519500000001,6512,0,0,0.0,1718.0,Mercado nuevo,149.5901853587771
29003,Tlaxcala,Atlangatepec,Zumpango,19.555373055555556,-98.21470000000001,7087,0,0,0.0,1955.0,Densificación,24.8797317681322
29004,Tlaxcala,Atltzayanca,Atlzayanca,19.43136416666667,-97.79653194444444,18111,0,0,0.0,1956.0,Mercado nuevo,43.409713840829355
20133,Oaxaca,San Esteban Atatlahuca,San Esteban Atatlahuca,17.066549444444444,-97.67776944444445,3934,0,0,0.0,1667.0,Mercado nuevo,101.23431073699435
20134,Oaxaca,San Felipe Jalapa de Díaz,San Felipe Jalapa de Díaz,18.0712825,-96.536115,28500,0,0,0.0,1668.0,Mercado nuevo,44.16036975979304
29012,Tlaxcala,Españita,Españita,19.462299444444444,-98.42380666666668,9416,0,0,0.0,1958.0,Densificación,27.854135679168365
29014,Tlaxcala,Hueyotlipan,Hueyotlipan,19.469988055555554,-98.34849805555555,15190,0,0,0.0,1959.0,Densificación,22.081678816097323
29015,Tlaxcala,Ixtacuixtla de Mariano Matamoros,Villa Mariano Matamoros,19.326645833333334,-98.37711499999999,38970,0,0,0.0,1960.0,Densificación,18.927930952299832
29017,Tlaxcala,Mazatecochco de José María Morelos,Mazatecochco,19.179725833333336,-98.19067944444444,11592,0,0,0.0,1961.0,Densificación,13.464138527311947
08038,Chihuahua,Julimes,Julimes,28.423055555555557,-105.43055555555556,4980,0,0,0.0,1749.0,Mercado nuevo,67.41319022653505
20135,Oaxaca,San Felipe Tejalápam,San Felipe Tejalápam,17.111400833333335,-96.8532575,8231,0,0,0.0,1669.0,Densificación,14.738023552340277
08041,Chihuahua,Maguarichi,Maguarichi,27.859302777777778,-107.99395583333333,1302,0,0,0.0,1750.0,Mercado nuevo,167.29213356230437
08042,Chihuahua,Manuel Benavides,Manuel Benavides,29.10738638888889,-103.90781583333334,1178,0,0,0.0,1751.0,Mercado nuevo,217.53655958746768
08043,Chihuahua,Matachí,Matachí,28.843228333333332,-107.75464805555555,2742,0,0,0.0,1752.0,Mercado nuevo,165.2337430274686
08044,Chihuahua,Matamoros,Mariano Matamoros,26.763876944444444,-105.58332999999999,4314,0,0,0.0,1753.0,Mercado nuevo,213.83853682420173
08046,Chihuahua,Morelos,Morelos,26.670526666666667,-107.67724777777778,7266,0,0,0.0,1754.0,Mercado nuevo,164.28451992318816
08047,Chihuahua,Moris,Moris,28.148384166666666,-108.5232375,4447,0,0,0.0,1755.0,Mercado nuevo,149.42707573734796
08048,Chihuahua,Namiquipa,Santa Ana,29.032451944444443,-107.47117388888888,22712,0,0,0.0,1756.0,Mercado nuevo,142.81593211018753
20136,Oaxaca,San Felipe Usila,San Felipe Usila,17.879395,-96.52836305555556,12191,0,0,0.0,1670.0,Mercado nuevo,48.81250102891418
08053,Chihuahua,Praxedis G. Guerrero,Praxedis G. Guerrero,31.37206777777778,-106.00539472222222,5111,0,0,0.0,1710.0,Mercado nuevo,61.630197166788484
29020,Tlaxcala,Sanctórum de Lázaro Cárdenas,Sanctórum,19.492704722222225,-98.47204111111111,9432,0,0,0.0,1995.0,Mercado nuevo,33.93188200350165
29027,Tlaxcala,Tenancingo,Tenancingo,19.147757777777777,-98.20253,12974,0,0,0.0,1996.0,Densificación,11.240810298323664
29030,Tlaxcala,Terrenate,Terrenate,19.477437499999997,-97.91910472222223,15475,0,0,0.0,1997.0,Mercado nuevo,33.30088565938313
20137,Oaxaca,San Francisco Cahuacuá,San Sebastián Yutanino,16.78993416666667,-97.46087194444445,3450,0,0,0.0,1671.0,Mercado nuevo,83.79836663279681
08022,Chihuahua,Dr. Belisario Domínguez,Tutuaca (Santa Bárbara de Tutuaca),28.02824638888889,-106.53664777777777,2456,0,0,0.0,1779.0,Mercado nuevo,81.29488078194719
08023,Chihuahua,Galeana,Abdenago C. García (Lagunitas),29.992740555555557,-107.55330194444444,6656,0,0,0.0,1780.0,Mercado nuevo,207.9372308664133
20138,Oaxaca,San Francisco Cajonos,San Francisco Cajonos,17.172094166666668,-96.25146444444445,451,0,0,0.0,1672.0,Mercado nuevo,48.60597440755817
08029,Chihuahua,Guadalupe y Calvo,Guadalupe y Calvo,26.094515833333332,-106.96436944444444,50514,0,0,0.0,1781.0,Mercado nuevo,149.32264961593089
08030,Chihuahua,Guazapares,Témoris,27.276381666666666,-108.27995583333333,8196,0,0,0.0,1782.0,Mercado nuevo,117.3131742411439
08031,Chihuahua,Guerrero,La Junta,28.477438333333332,-107.33240694444444,35473,0,0,0.0,1783.0,Mercado nuevo,123.95207344057278
08033,Chihuahua,Huejotitán,Huejotitán,27.05467,-106.1794563888889,824,0,0,0.0,1784.0,Mercado nuevo,176.2161941568278
20139,Oaxaca,San Francisco Chapulapa,San Alejo el Progreso,17.88680111111111,-96.7236188888889,2195,0,0,0.0,1553.0,Mercado nuevo,67.55122203235626
20140,Oaxaca,San Francisco Chindúa,San Francisco Chindúa,17.428580833333335,-97.31279083333332,812,0,0,0.0,1554.0,Mercado nuevo,74.63393347205877
20142,Oaxaca,San Francisco Huehuetlán,San Francisco Huehuetlán,18.19759416666667,-96.9478213888889,842,0,0,0.0,1555.0,Mercado nuevo,55.35098949744045
20144,Oaxaca,San Francisco Jaltepetongo,San Francisco Jaltepetongo,17.385714166666666,-97.26285361111111,1075,0,0,0.0,1556.0,Mercado nuevo,67.59851972902577
29046,Tlaxcala,Emiliano Zapata,Emiliano Zapata,19.558805833333334,-97.91720055555557,4951,0,0,0.0,2009.0,Mercado nuevo,38.65446314393006
20146,Oaxaca,San Francisco Logueche,San Francisco Logueche,16.352279444444445,-96.3779786111111,2803,0,0,0.0,1557.0,Mercado nuevo,86.03933900343155
16113,Michoacán de Ocampo,José Sixto Verduzco,Pastor Ortiz,20.302184166666667,-101.59685583333332,26213,0,0,0.0,1437.0,Mercado nuevo,48.67856259591745
17001,Morelos,Amacuzac,Amacuzac,18.600001666666667,-99.36951416666666,17598,0,0,0.0,1293.0,Mercado nuevo,33.525837119973424
17005,Morelos,Coatlán del Río,Coatlán del Río,18.744185555555557,-99.43480055555555,10520,0,0,0.0,1326.0,Densificación,28.854587214281477
17010,Morelos,Jantetelco,Amayuca,18.724800833333333,-98.79908361111112,18402,0,0,0.0,1327.0,Densificación,19.133652259641046
14041,Jalisco,Huejúcar,Huejúcar,22.362222222222222,-103.21166666666667,5920,0,0,0.0,2121.0,Mercado nuevo,80.21224547890937
16001,Michoacán de Ocampo,Acuitzio,Acuitzio del Canje,19.496251944444445,-101.33285138888888,11301,0,0,0.0,1822.0,Densificación,27.350046772124955
16002,Michoacán de Ocampo,Aguililla,Aguililla,18.73423138888889,-102.78837972222222,14754,0,0,0.0,1823.0,Mercado nuevo,106.06435221984582
16003,Michoacán de Ocampo,Álvaro Obregón,Álvaro Obregón,19.826305833333333,-101.038485,23000,0,0,0.0,1824.0,Densificación,21.0960932560507
16004,Michoacán de Ocampo,Angamacutiro,Angamacutiro de la Unión,20.149654444444444,-101.70831083333334,14943,0,0,0.0,1825.0,Mercado nuevo,63.09505439268883
16005,Michoacán de Ocampo,Angangueo,Mineral de Angangueo,19.619833055555556,-100.28551138888889,10892,0,0,0.0,1826.0,Mercado nuevo,68.688380807265
16007,Michoacán de Ocampo,Aporo,Aporo,19.67083611111111,-100.41112777777778,3529,0,0,0.0,1827.0,Mercado nuevo,81.8384039682532
16008,Michoacán de Ocampo,Aquila,Aquila,18.59913861111111,-103.50475416666667,24676,0,0,0.0,1828.0,Mercado nuevo,75.34246046867506
29052,Tlaxcala,San José Teacalco,San José Teacalco,19.335704166666666,-98.06442305555555,6436,0,0,0.0,2019.0,Densificación,13.702129614994321
29055,Tlaxcala,San Lucas Tecopilco,San Lucas Tecopilco,19.48498916666667,-98.25654222222222,3077,0,0,0.0,2020.0,Densificación,18.100819152172818
30002,Veracruz de Ignacio de la Llave,Acatlán,Acatlán,19.696924166666665,-96.84217472222221,3441,0,0,0.0,2021.0,Densificación,20.680860271590095
30004,Veracruz de Ignacio de la Llave,Actopan,Actopan,19.50405111111111,-96.61688138888888,41742,0,0,0.0,2022.0,Mercado nuevo,32.14827836674951
30005,Veracruz de Ignacio de la Llave,Acula,Acula,18.506030555555554,-95.77458388888888,5253,0,0,0.0,2023.0,Mercado nuevo,59.582625920827844
30006,Veracruz de Ignacio de la Llave,Acultzingo,Acultzingo,18.718762777777776,-97.30283722222222,23100,0,0,0.0,2024.0,Densificación,26.017886563902675
08006,Chihuahua,Bachíniva,Bachíniva,28.764731666666666,-107.25436222222223,5807,0,0,0.0,1834.0,Mercado nuevo,115.77669463935781
08007,Chihuahua,Balleza,Mariano Balleza,26.9541075,-106.34692333333332,16440,0,0,0.0,1835.0,Mercado nuevo,188.98998716700316
08008,Chihuahua,Batopilas de Manuel Gómez Morín,Batopilas de Manuel Gómez Morín,27.02665222222222,-107.73971,11270,0,0,0.0,1836.0,Mercado nuevo,169.0341293695071
08010,Chihuahua,Buenaventura,San Buenaventura,29.84340861111111,-107.47131416666667,25146,0,0,0.0,1837.0,Mercado nuevo,190.57876452411926
08012,Chihuahua,Carichí,Carichí,27.916531944444444,-107.05681027777777,8113,0,0,0.0,1838.0,Mercado nuevo,125.03314183001181
08014,Chihuahua,Coronado,José Esteban Coronado,26.737615,-105.15831194444445,2034,0,0,0.0,1839.0,Mercado nuevo,210.63143852516308
08015,Chihuahua,Coyame del Sotol,Santiago de Coyame,29.46204277777778,-105.0943575,1230,0,0,0.0,1840.0,Mercado nuevo,132.40574563907344
08016,Chihuahua,La Cruz,La Cruz,27.86388888888889,-105.19638888888889,3704,0,0,0.0,1841.0,Mercado nuevo,121.7143323600166
08018,Chihuahua,Cusihuiriachi,Los Álamos de Cerro Prieto,28.18762166666667,-107.10246527777777,5099,0,0,0.0,1842.0,Mercado nuevo,112.10016879621163
08020,Chihuahua,Chínipas,Chínipas de Almada,27.392810277777777,-108.53622916666666,6222,0,0,0.0,1778.0,Mercado nuevo,96.3301000954514
30007,Veracruz de Ignacio de la Llave,Camarón de Tejeda,Camarón de Tejeda,19.02117472222222,-96.61497555555555,6538,0,0,0.0,2040.0,Mercado nuevo,36.52248144437315
30008,Veracruz de Ignacio de la Llave,Alpatláhuac,Ayahualulco,19.10357861111111,-97.13435500000001,10338,0,0,0.0,2041.0,Densificación,28.335937800691354
30009,Veracruz de Ignacio de la Llave,Alto Lucero de Gutiérrez Barrios,Alto Lucero,19.62352472222222,-96.73361944444444,28184,0,0,0.0,2042.0,Densificación,22.520820150860025
14042,Jalisco,Huejuquilla el Alto,Huejuquilla el Alto,22.628611111111113,-103.89416666666668,10015,0,0,0.0,2148.0,Mercado nuevo,136.63163271243988
14045,Jalisco,Ixtlahuacán del Río,Ixtlahuacán del Río,20.86416666666667,-103.23916666666666,20465,0,0,0.0,2213.0,Densificación,22.273808616524484
30017,Veracruz de Ignacio de la Llave,Apazapan,Chahuapan,19.347669444444442,-96.68610333333334,4709,0,0,0.0,2051.0,Mercado nuevo,31.83079707021782
30018,Veracruz de Ignacio de la Llave,Aquila,Aquila,18.79573527777778,-97.30812333333333,1978,0,0,0.0,2052.0,Densificación,22.859079081932098
30019,Veracruz de Ignacio de la Llave,Astacinga,Astacinga,18.56683,-97.1020761111111,6909,0,0,0.0,2053.0,Mercado nuevo,31.595661869099036
30020,Veracruz de Ignacio de la Llave,Atlahuilco,Atlahuilco,18.697427222222224,-97.09068555555555,11577,0,0,0.0,2054.0,Densificación,17.094125360746215
14049,Jalisco,Jilotlán de los Dolores,Jilotlán de los Dolores,19.370555555555555,-103.01972222222223,9425,0,0,0.0,2010.0,Mercado nuevo,75.68275555341769
30023,Veracruz de Ignacio de la Llave,Atzalan,Plan de Arroyos,19.8944225,-97.11026388888888,49180,0,0,0.0,2055.0,Mercado nuevo,45.32249173104981
30024,Veracruz de Ignacio de la Llave,Tlaltetela,Tlaltetela,19.314659722222224,-96.90258555555556,16485,0,0,0.0,2056.0,Densificación,23.714065336079422
30025,Veracruz de Ignacio de la Llave,Ayahualulco,Los Altos,19.44645,-97.20192194444445,27217,0,0,0.0,2057.0,Mercado nuevo,30.617637920729063
30027,Veracruz de Ignacio de la Llave,Benito Juárez,Benito Juárez,20.886560833333334,-98.20544472222223,16120,0,0,0.0,2058.0,Mercado nuevo,101.4181535103825
30029,Veracruz de Ignacio de la Llave,Calcahualco,Cruz Verde,19.138047222222223,-97.10813527777778,13701,0,0,0.0,2059.0,Mercado nuevo,31.93726800053333
30031,Veracruz de Ignacio de la Llave,Carrillo Puerto,El Palmar,18.803852222222222,-96.67189972222222,18888,0,0,0.0,2060.0,Densificación,29.494354808377885
30033,Veracruz de Ignacio de la Llave,Cazones de Herrera,Cazones de Herrera,20.703285,-97.31232055555556,24421,0,0,0.0,2061.0,Mercado nuevo,136.96977556862484
30035,Veracruz de Ignacio de la Llave,Citlaltépetl,Citlaltépec,21.328468055555554,-97.87927499999999,11165,0,0,0.0,2062.0,Mercado nuevo,98.71931896916028
30036,Veracruz de Ignacio de la Llave,Coacoatzintla,Coacoatzintla,19.65310611111111,-96.94514083333334,11018,0,0,0.0,2063.0,Densificación,14.20972537423191
30037,Veracruz de Ignacio de la Llave,Coahuitlán,Coahuitlán,20.26060138888889,-97.72866194444444,8176,0,0,0.0,2064.0,Mercado nuevo,106.34819856440903
07115,Chiapas,Maravilla Tenejapa,Maravilla Tenejapa,16.140396666666668,-91.2951036111111,14714,0,0,0.0,1870.0,Mercado nuevo,157.79539649860328
07116,Chiapas,Marqués de Comillas,Zamora Pico de Oro,16.333133333333333,-90.76528333333333,12892,0,0,0.0,1871.0,Mercado nuevo,204.56801741494075
14052,Jalisco,Juchitlán,Juchitlán,20.083855555555555,-104.09624916666667,5534,0,0,0.0,2319.0,Mercado nuevo,88.89232709011071
07118,Chiapas,San Andrés Duraznal,San Andrés Duraznal,17.1319975,-92.8049875,6047,0,0,0.0,1873.0,Mercado nuevo,47.39275894199824
07119,Chiapas,Santiago el Pinar,Santiago el Pinar,16.941438055555555,-92.71459583333333,4959,0,0,0.0,1874.0,Densificación,24.163294433580585
07120,Chiapas,Capitán Luis Ángel Vidal,Capitán Luis Ángel Vidal,15.601127777777778,-92.6290975,4315,0,0,0.0,1875.0,Mercado nuevo,126.30893561784553
07121,Chiapas,Rincón Chamula San Pedro,Rincón Chamula,17.209470833333334,-92.93757027777778,8718,0,0,0.0,1876.0,Mercado nuevo,54.05684996786208
07123,Chiapas,Emiliano Zapata,20 de Noviembre,16.539171666666668,-92.89672444444444,10783,0,0,0.0,1877.0,Mercado nuevo,33.34928774895066
20147,Oaxaca,San Francisco Nuxaño,San Francisco Nuxaño,17.380833055555556,-97.34395083333332,376,0,0,0.0,1558.0,Mercado nuevo,74.75342521228092
07125,Chiapas,Honduras de la Sierra,La Soledad,15.576458055555555,-92.48696722222222,11650,0,0,0.0,1879.0,Mercado nuevo,130.04728178639377
20148,Oaxaca,San Francisco Ozolotepec,San Francisco Ozolotepec,16.100539166666668,-96.22068194444445,2182,0,0,0.0,1559.0,Mercado nuevo,118.4552338005677
20149,Oaxaca,San Francisco Sola,San Francisco Sola,16.51496638888889,-96.97440027777778,2019,0,0,0.0,1560.0,Mercado nuevo,66.14553037703166
30042,Veracruz de Ignacio de la Llave,Colipa,Colipa,19.923999722222224,-96.72673,5743,0,0,0.0,2075.0,Mercado nuevo,48.66623539289466
30043,Veracruz de Ignacio de la Llave,Comapa,Boca del Monte,19.15412111111111,-96.83484055555554,19876,0,0,0.0,2076.0,Mercado nuevo,30.753387861141093
20151,Oaxaca,San Francisco Teopan,San Francisco Teopan,17.851128333333335,-97.4925311111111,312,0,0,0.0,1561.0,Mercado nuevo,68.77159222511528
30050,Veracruz de Ignacio de la Llave,Coxquihui,Coxquihui,20.18473722222222,-97.58627055555556,16333,0,0,0.0,2077.0,Mercado nuevo,100.81967702810861
30051,Veracruz de Ignacio de la Llave,Coyutla,Coyutla,20.24712166666667,-97.65769722222223,23096,0,0,0.0,2078.0,Mercado nuevo,110.98486077286977
20152,Oaxaca,San Francisco Tlapancingo,San Francisco Tlapancingo,17.484123888888888,-98.26890861111112,2472,0,0,0.0,1562.0,Mercado nuevo,130.8705502643179
30055,Veracruz de Ignacio de la Llave,Chalma,Chalma,21.208391111111112,-98.39760305555556,13527,0,0,0.0,2080.0,Mercado nuevo,125.1300787840853
30056,Veracruz de Ignacio de la Llave,Chiconamel,Chiconamel,21.230555555555554,-98.45951305555556,6610,0,0,0.0,2081.0,Mercado nuevo,125.95289331891394
30057,Veracruz de Ignacio de la Llave,Chiconquiaco,Chiconquiaco,19.742096111111113,-96.81880833333332,13881,0,0,0.0,2082.0,Densificación,26.26519409503587
30058,Veracruz de Ignacio de la Llave,Chicontepec,Chicontepec de Tejeda,20.971974999999997,-98.17834416666668,53858,0,0,0.0,2083.0,Mercado nuevo,110.94388594458479
30059,Veracruz de Ignacio de la Llave,Chinameca,Chinameca,18.017777777777777,-94.68305555555555,22638,0,0,0.0,2084.0,Densificación,27.743944117370727
30060,Veracruz de Ignacio de la Llave,Chinampa de Gorostiza,Chinampa de Gorostiza,21.359599444444445,-97.73533805555556,16283,0,0,0.0,2085.0,Mercado nuevo,96.07781053637689
30062,Veracruz de Ignacio de la Llave,Chocamán,Chocamán,19.01087111111111,-97.0332375,20839,0,0,0.0,2086.0,Densificación,16.545496143789094
30063,Veracruz de Ignacio de la Llave,Chontla,Chontla,21.293434722222223,-97.92492972222223,13359,0,0,0.0,2087.0,Mercado nuevo,102.82119176809526
30064,Veracruz de Ignacio de la Llave,Chumatlán,Chumatlán,20.2075325,-97.59463638888889,4008,0,0,0.0,2088.0,Mercado nuevo,103.26299336036406
30066,Veracruz de Ignacio de la Llave,Espinal,Entabladero,20.275960277777777,-97.54885777777777,26830,0,0,0.0,2089.0,Mercado nuevo,105.92800536812717
30069,Veracruz de Ignacio de la Llave,Gutiérrez Zamora,Gutiérrez Zamora,20.451932222222222,-97.08756583333333,24085,0,0,0.0,2090.0,Mercado nuevo,104.27230748450424
30070,Veracruz de Ignacio de la Llave,Hidalgotitlán,Hidalgotitlán,17.771016666666664,-94.6465163888889,18275,0,0,0.0,2091.0,Mercado nuevo,45.64144081928266
20154,Oaxaca,San Ildefonso Amatlán,San Ildefonso Amatlán,16.334094722222222,-96.4915563888889,2329,0,0,0.0,1563.0,Mercado nuevo,84.00811010600313
30073,Veracruz de Ignacio de la Llave,Hueyapan de Ocampo,Juan Díaz Covarrubias,18.159620277777776,-95.18426694444445,41670,0,0,0.0,2092.0,Mercado nuevo,77.30552699068222
30075,Veracruz de Ignacio de la Llave,Ignacio de la Llave,Ignacio de la Llave,18.724305555555553,-95.98563527777777,16525,0,0,0.0,2093.0,Mercado nuevo,48.51651489067451
30076,Veracruz de Ignacio de la Llave,Ilamatlán,Chahuatlán,20.78344277777778,-98.39314583333334,13377,0,0,0.0,2094.0,Mercado nuevo,81.77385758675696
30078,Veracruz de Ignacio de la Llave,Ixcatepec,Ixcatepec,21.237634444444446,-98.00595194444445,12379,0,0,0.0,2095.0,Mercado nuevo,109.85855857046023
30079,Veracruz de Ignacio de la Llave,Ixhuacán de los Reyes,Ixhuacán de los Reyes,19.355945833333333,-97.11527972222221,11387,0,0,0.0,2096.0,Densificación,27.751026342470425
30080,Veracruz de Ignacio de la Llave,Ixhuatlán del Café,Ixhuatlán del Café,19.051156666666667,-96.984325,23132,0,0,0.0,2097.0,Densificación,18.17715459673148
30082,Veracruz de Ignacio de la Llave,Ixhuatlán del Sureste,Ixhuatlán del Sureste,18.02275361111111,-94.39372750000001,15831,0,0,0.0,2098.0,Densificación,14.252794504325346
30083,Veracruz de Ignacio de la Llave,Ixhuatlán de Madero,San Francisco,20.552363055555556,-98.00223888888888,50836,0,0,0.0,2119.0,Mercado nuevo,90.30525366128381
30084,Veracruz de Ignacio de la Llave,Ixmatlahuacan,Ixmatlahuacan,18.44856861111111,-95.82988194444444,5574,0,0,0.0,2120.0,Mercado nuevo,50.96730047828966
20155,Oaxaca,San Ildefonso Sola,San Ildefonso Sola,16.51981222222222,-96.9836675,1060,0,0,0.0,1564.0,Mercado nuevo,66.05645962471401
20156,Oaxaca,San Ildefonso Villa Alta,San Ildefonso Villa Alta,17.339010555555554,-96.15301444444445,3677,0,0,0.0,1565.0,Mercado nuevo,65.15143762022085
07102,Chiapas,Tuxtla Chico,Tuxtla Chico,14.940189722222222,-92.16896972222223,41024,0,0,0.0,1940.0,Mercado nuevo,205.99022126026955
07103,Chiapas,Tuzantán,Tuzantán,15.146063333333332,-92.42162055555556,30302,0,0,0.0,1941.0,Mercado nuevo,178.40672607784413
07104,Chiapas,Tzimol,Tzimol,16.18423138888889,-92.18793666666667,16560,0,0,0.0,1942.0,Mercado nuevo,77.95616744209177
20158,Oaxaca,San Jacinto Tlacotepec,Cuajinicuil,16.496005833333335,-97.37958111111111,2233,0,0,0.0,1566.0,Mercado nuevo,93.7149490480045
20159,Oaxaca,San Jerónimo Coatlán,San Cristóbal Honduras,16.32487111111111,-97.04110833333333,5537,0,0,0.0,1567.0,Mercado nuevo,88.38577126774494
20160,Oaxaca,San Jerónimo Silacayoapilla,San Jerónimo Silacayoapilla,17.809630277777778,-97.84593249999999,1429,0,0,0.0,1408.0,Mercado nuevo,86.98223479632243
16027,Michoacán de Ocampo,Chucándiro,Chucándiro,19.899964999999998,-101.33339138888888,4944,0,0,0.0,1766.0,Densificación,26.39088189421443
16028,Michoacán de Ocampo,Churintzio,Churintzio,20.150959722222222,-102.06592055555555,5233,0,0,0.0,1767.0,Densificación,29.572887543229918
16029,Michoacán de Ocampo,Churumuco,Churumuco de Morelos,18.664557777777777,-101.64655250000001,12342,0,0,0.0,1768.0,Mercado nuevo,94.79968664232479
16096,Michoacán de Ocampo,Tumbiscatío,Tumbiscatío de Ruiz,18.52480111111111,-102.3750225,5971,0,0,0.0,1430.0,Mercado nuevo,65.27821015085692
16097,Michoacán de Ocampo,Turicato,Puruarán,19.094969166666665,-101.52246472222222,29056,0,0,0.0,1431.0,Mercado nuevo,67.30947217056809
16098,Michoacán de Ocampo,Tuxpan,Tuxpan,19.567960555555555,-100.46377833333334,25757,0,0,0.0,1432.0,Mercado nuevo,77.74283961768316
20161,Oaxaca,San Jerónimo Sosola,San Mateo Sosola,17.40133361111111,-97.11812083333332,2730,0,0,0.0,1409.0,Mercado nuevo,56.38946886611304
20162,Oaxaca,San Jerónimo Taviche,San Jerónimo Taviche,16.713679444444445,-96.59426333333333,2046,0,0,0.0,1410.0,Mercado nuevo,40.405110780411505
16101,Michoacán de Ocampo,Tzitzio,Tafetán,19.418899444444445,-100.9076263888889,8855,0,0,0.0,1433.0,Mercado nuevo,43.45967451976666
20163,Oaxaca,San Jerónimo Tecóatl,San Jerónimo Tecóatl,18.16691388888889,-96.9132,1577,0,0,0.0,1411.0,Mercado nuevo,60.270906385095486
16105,Michoacán de Ocampo,Vista Hermosa,Vista Hermosa de Negrete,20.273115,-102.47364611111111,20982,0,0,0.0,1434.0,Mercado nuevo,34.89941540352158
16109,Michoacán de Ocampo,Zináparo,Zináparo,20.17318888888889,-101.99877416666666,3232,0,0,0.0,1435.0,Mercado nuevo,36.661582441289596
16111,Michoacán de Ocampo,Ziracuaretiro,San Ángel Zurumucapio,19.44893861111111,-101.8894413888889,18402,0,0,0.0,1436.0,Densificación,18.443792348444287
07110,Chiapas,San Lucas,San Lucas,16.61163666666667,-92.71934222222222,7526,0,0,0.0,1945.0,Densificación,16.439798494777744
07111,Chiapas,Zinacantán,Zinacantán,16.76011888888889,-92.72358055555556,45373,0,0,0.0,1946.0,Densificación,9.5121370074734
07112,Chiapas,San Juan Cancuc,San Juan Cancuc,16.892243333333333,-92.37195249999999,37948,0,0,0.0,1868.0,Mercado nuevo,33.12401767497832
07113,Chiapas,Aldama,Aldama,16.917817777777778,-92.68819194444445,8480,0,0,0.0,1869.0,Densificación,20.81319030081217
30090,Veracruz de Ignacio de la Llave,Jamapa,Jamapa,19.04202638888889,-96.24059083333333,11132,0,0,0.0,2122.0,Densificación,17.23934622705126
20164,Oaxaca,San Jorge Nuchita,San Jorge Nuchita,17.655954166666664,-98.10613,2881,0,0,0.0,1412.0,Mercado nuevo,117.20237256016571
30093,Veracruz de Ignacio de la Llave,Jilotepec,Jilotepec,19.61130388888889,-96.95027972222222,16585,0,0,0.0,2123.0,Densificación,9.802123696159123
20165,Oaxaca,San José Ayuquila,San José Ayuquila,17.94178777777778,-97.96927388888889,1629,0,0,0.0,1413.0,Mercado nuevo,84.06366256530407
30095,Veracruz de Ignacio de la Llave,Juchique de Ferrer,Juchique de Ferrer,19.84116111111111,-96.69473027777778,15059,0,0,0.0,2124.0,Mercado nuevo,42.29724964906284
30096,Veracruz de Ignacio de la Llave,Landero y Coss,Landero y Coss,19.735191944444445,-96.85158777777777,1543,0,0,0.0,2125.0,Densificación,24.307679006861655
30098,Veracruz de Ignacio de la Llave,Magdalena,Magdalena,18.760589444444445,-97.0454675,3299,0,0,0.0,2126.0,Densificación,11.51644366552795
30099,Veracruz de Ignacio de la Llave,Maltrata,Maltrata,18.810400833333333,-97.27830388888889,18327,0,0,0.0,2127.0,Densificación,19.410775033547083
30103,Veracruz de Ignacio de la Llave,Mecatlán,Mecatlán,20.210655555555554,-97.68174,12799,0,0,0.0,2128.0,Mercado nuevo,109.90454086606668
30104,Veracruz de Ignacio de la Llave,Mecayapan,Mecayapan,18.22145722222222,-94.83764305555555,17134,0,0,0.0,2129.0,Mercado nuevo,41.68431476770425
30106,Veracruz de Ignacio de la Llave,Miahuatlán,Miahuatlán,19.707459444444442,-96.86985555555555,4841,0,0,0.0,2130.0,Densificación,20.804930890846986
30107,Veracruz de Ignacio de la Llave,Las Minas,Rinconada,19.6679175,-97.14614583333334,2934,0,0,0.0,2143.0,Densificación,28.166991238974415
30109,Veracruz de Ignacio de la Llave,Misantla,Misantla,19.928634444444445,-96.8527361111111,65761,0,0,0.0,2144.0,Mercado nuevo,45.24588511665939
30110,Veracruz de Ignacio de la Llave,Mixtla de Altamirano,Barrio Segundo,18.59533972222222,-96.98752888888889,12125,0,0,0.0,2145.0,Mercado nuevo,30.749066738946656
30111,Veracruz de Ignacio de la Llave,Moloacán,Cuichapa,17.938997222222223,-94.27969027777777,16493,0,0,0.0,2146.0,Densificación,28.720178990001013
30112,Veracruz de Ignacio de la Llave,Naolinco,Naolinco de Victoria,19.655267499999997,-96.87367555555555,22835,0,0,0.0,2147.0,Densificación,15.148323113294774
20167,Oaxaca,San José del Peñasco,San José del Peñasco,16.316059444444445,-96.50138083333333,2149,0,0,0.0,1414.0,Mercado nuevo,85.69030419384899
30114,Veracruz de Ignacio de la Llave,Nautla,Nautla,20.209191666666666,-96.77414722222223,10130,0,0,0.0,2149.0,Mercado nuevo,77.42026637633812
30117,Veracruz de Ignacio de la Llave,Omealca,Omealca,18.74730527777778,-96.78620305555556,23773,0,0,0.0,2150.0,Densificación,22.668910010060202
07082,Chiapas,Sitalá,Sitalá,17.02505083333333,-92.30774277777778,15518,0,0,0.0,1964.0,Mercado nuevo,47.51150554044615
07083,Chiapas,Socoltenango,Socoltenango,16.242949444444445,-92.35031583333333,19092,0,0,0.0,1965.0,Mercado nuevo,62.898483193962775
07084,Chiapas,Solosuchiapa,Solosuchiapa,17.428655555555558,-93.03117944444445,8561,0,0,0.0,1966.0,Mercado nuevo,63.29518667854433
20168,Oaxaca,San José Estancia Grande,San José Estancia Grande,16.365203333333334,-98.25128555555555,938,0,0,0.0,1415.0,Mercado nuevo,179.92730983477531
07088,Chiapas,Sunuapa,Sunuapa,17.48937777777778,-93.24316944444445,2308,0,0,0.0,1967.0,Mercado nuevo,65.17462316015785
07090,Chiapas,Tapalapa,Tapalapa,17.190048055555557,-93.10460472222222,4547,0,0,0.0,1992.0,Mercado nuevo,48.50249089099873
07091,Chiapas,Tapilula,Tapilula,17.24840277777778,-93.01625833333334,13592,0,0,0.0,1993.0,Mercado nuevo,55.975632159823945
07092,Chiapas,Tecpatán,Tecpatán,17.13699527777778,-93.31146777777778,21426,0,0,0.0,1994.0,Mercado nuevo,47.43192468362721
20169,Oaxaca,San José Independencia,Cerro Clarín,18.275308055555556,-96.67471555555557,4251,0,0,0.0,1416.0,Mercado nuevo,62.6032727593486
07098,Chiapas,Totolapa,Totolapa,16.544732500000002,-92.68037611111112,7211,0,0,0.0,1939.0,Densificación,21.862717854122074
30121,Veracruz de Ignacio de la Llave,Ozuluama de Mascareñas,Ozuluama de Mascareñas,21.661260555555554,-97.85050638888889,22756,0,0,0.0,2151.0,Mercado nuevo,61.69626849358176
20170,Oaxaca,San José Lachiguiri,San José Lachiguiri,16.378775833333332,-96.3364325,3700,0,0,0.0,1417.0,Mercado nuevo,85.22256681669066
30127,Veracruz de Ignacio de la Llave,La Perla,La Perla,18.927619166666666,-97.13402361111112,28258,0,0,0.0,2152.0,Densificación,9.289909582926422
30130,Veracruz de Ignacio de la Llave,Playa Vicente,Playa Vicente,17.832132777777776,-95.81205666666666,39327,0,0,0.0,2153.0,Mercado nuevo,42.63109846086779
30132,Veracruz de Ignacio de la Llave,Las Vigas de Ramírez,Las Vigas de Ramírez,19.638479722222222,-97.10337777777777,20300,0,0,0.0,2154.0,Densificación,22.625862662692022
20171,Oaxaca,San José Tenango,San José Tenango,18.150761944444444,-96.71720861111112,18102,0,0,0.0,1418.0,Mercado nuevo,63.74665885779823
30136,Veracruz de Ignacio de la Llave,Rafael Lucio,Rafael Lucio,19.593105555555553,-96.98955833333333,8343,0,0,0.0,2155.0,Densificación,10.151259496805286
30137,Veracruz de Ignacio de la Llave,Los Reyes,Los Reyes,18.67257777777778,-97.0442575,6308,0,0,0.0,2156.0,Densificación,20.653197708414297
20172,Oaxaca,San Juan Achiutla,San Juan Achiutla,17.34424472222222,-97.50887305555555,408,0,0,0.0,1419.0,Mercado nuevo,89.01615995311015
30140,Veracruz de Ignacio de la Llave,San Andrés Tenejapan,San Andrés Tenejapan,18.788702500000003,-97.09322527777778,3134,0,0,0.0,2157.0,Densificación,6.948658426369336
30142,Veracruz de Ignacio de la Llave,San Juan Evangelista,San Juan Evangelista,17.886052222222222,-95.14008000000001,32631,0,0,0.0,2158.0,Mercado nuevo,77.8647929267943
30143,Veracruz de Ignacio de la Llave,Santiago Tuxtla,Santiago Tuxtla,18.465642777777777,-95.30175361111111,57085,0,0,0.0,2159.0,Mercado nuevo,96.25164215730493
20173,Oaxaca,San Juan Atepec,San Juan Atepec,17.426392777777778,-96.5391325,1457,0,0,0.0,1420.0,Mercado nuevo,43.53826157113242
30146,Veracruz de Ignacio de la Llave,Sochiapa,Sochiapa,19.19329527777778,-96.94064555555556,3925,0,0,0.0,2169.0,Mercado nuevo,33.24209173736017
30147,Veracruz de Ignacio de la Llave,Soledad Atzompa,Atzompa,18.725245277777777,-97.18407555555557,24578,0,0,0.0,2170.0,Densificación,16.606629989924212
30148,Veracruz de Ignacio de la Llave,Soledad de Doblado,Soledad de Doblado,19.044745833333334,-96.42328916666668,28130,0,0,0.0,2171.0,Mercado nuevo,32.68443076758047
30149,Veracruz de Ignacio de la Llave,Soteapan,Soteapan,18.229509999999998,-94.87275638888889,34385,0,0,0.0,2172.0,Mercado nuevo,45.499129396657196
30150,Veracruz de Ignacio de la Llave,Tamalín,Tamalín,21.33793861111111,-97.81322999999999,11631,0,0,0.0,2173.0,Mercado nuevo,97.75394326786274
30151,Veracruz de Ignacio de la Llave,Tamiahua,Tamiahua,21.279741944444442,-97.44652472222222,21902,0,0,0.0,2174.0,Mercado nuevo,112.4680068972914
30152,Veracruz de Ignacio de la Llave,Tampico Alto,Tampico Alto,22.113046111111114,-97.801625,11561,0,0,0.0,2175.0,Densificación,12.859840885678754
30153,Veracruz de Ignacio de la Llave,Tancoco,Tancoco,21.286381111111112,-97.79141916666667,5795,0,0,0.0,2176.0,Mercado nuevo,103.6067050467451
30154,Veracruz de Ignacio de la Llave,Tantima,Tantima,21.329636944444445,-97.83329222222221,11991,0,0,0.0,2177.0,Mercado nuevo,98.59983372800289
30156,Veracruz de Ignacio de la Llave,Tatatila,Tatatila,19.693456944444446,-97.11214194444445,6041,0,0,0.0,2178.0,Densificación,27.133391442816155
30157,Veracruz de Ignacio de la Llave,Castillo de Teayo,Castillo de Teayo,20.749733055555556,-97.63274944444444,20145,0,0,0.0,2179.0,Mercado nuevo,134.5546121981086
30159,Veracruz de Ignacio de la Llave,Tehuipango,Tehuipango,18.51776,-97.05612722222222,29686,0,0,0.0,2180.0,Mercado nuevo,35.954379906375266
30161,Veracruz de Ignacio de la Llave,Tempoal,Tempoal de Sánchez,21.522280555555554,-98.38812527777779,34408,0,0,0.0,2181.0,Mercado nuevo,94.54922943851821
30162,Veracruz de Ignacio de la Llave,Tenampa,Tenampa,19.248555,-96.88485361111111,6448,0,0,0.0,2182.0,Mercado nuevo,31.22372344957005
30163,Veracruz de Ignacio de la Llave,Tenochtitlán,Tenochtitlán,19.810133055555557,-96.91636583333334,5040,0,0,0.0,2183.0,Mercado nuevo,31.480404524315485
30164,Veracruz de Ignacio de la Llave,Teocelo,Teocelo,19.386250555555556,-96.97217694444444,16957,0,0,0.0,2184.0,Densificación,16.498677786176465
30165,Veracruz de Ignacio de la Llave,Tepatlaxco,San José Tenejapa,19.014560833333334,-96.84149638888888,8925,0,0,0.0,2185.0,Densificación,16.61294829017006
30166,Veracruz de Ignacio de la Llave,Tepetlán,Alto Tío Diego,19.62376972222222,-96.75744666666667,9405,0,0,0.0,2186.0,Densificación,20.374735042075063
30167,Veracruz de Ignacio de la Llave,Tepetzintla,Tepetzintla,21.166113333333332,-97.8510575,14619,0,0,0.0,2187.0,Mercado nuevo,116.75122921424764
30168,Veracruz de Ignacio de la Llave,Tequila,Tequila,18.729805277777775,-97.06942472222222,16343,0,0,0.0,2188.0,Densificación,13.824925645044727
30169,Veracruz de Ignacio de la Llave,José Azueta,Villa Azueta,18.075635,-95.707965,22709,0,0,0.0,2189.0,Mercado nuevo,43.39823429555091
16084,Michoacán de Ocampo,Tangamandapio,Santiago Tangamandapio,19.953995,-102.43280055555556,31716,0,0,0.0,1522.0,Densificación,15.6951219634132
16087,Michoacán de Ocampo,Taretan,Taretan,19.33456222222222,-101.91790416666667,15589,0,0,0.0,1523.0,Densificación,17.976258044906704
16091,Michoacán de Ocampo,Tingüindín,Tingüindín,19.738951944444445,-102.48308333333334,14934,0,0,0.0,1524.0,Mercado nuevo,34.130820083918636
16092,Michoacán de Ocampo,Tiquicheo de Nicolás Romero,Tiquicheo,18.900489444444442,-100.73645388888889,12836,0,0,0.0,1525.0,Mercado nuevo,101.27416926434074
16093,Michoacán de Ocampo,Tlalpujahua,Tlalpujahua de Rayón,19.805304166666666,-100.17359277777778,28556,0,0,0.0,1428.0,Mercado nuevo,67.12435030329031
16094,Michoacán de Ocampo,Tlazazalca,Tlazazalca,19.97123611111111,-102.05667944444444,6420,0,0,0.0,1429.0,Densificación,23.999788474733332
20175,Oaxaca,San Juan Bautista Atatlahuca,San Juan Bautista Atatlahuca,17.53109583333333,-96.82994083333332,1424,0,0,0.0,1421.0,Mercado nuevo,53.54598474230807
16016,Michoacán de Ocampo,Coeneo,Coeneo de la Libertad,19.82098361111111,-101.58375083333333,20965,0,0,0.0,1830.0,Mercado nuevo,43.02555321970561
20177,Oaxaca,San Juan Bautista Cuicatlán,San Juan Bautista Cuicatlán,17.801548055555557,-96.95956666666667,10365,0,0,0.0,1422.0,Mercado nuevo,86.11651390402326
16019,Michoacán de Ocampo,Cotija,Cotija de la Paz,19.81028527777778,-102.70582194444445,20198,0,0,0.0,1831.0,Densificación,27.533383429436697
16020,Michoacán de Ocampo,Cuitzeo,Cuitzeo del Porvenir,19.96821361111111,-101.13958416666668,29910,0,0,0.0,1764.0,Densificación,29.95463307855721
16021,Michoacán de Ocampo,Charapan,Charapan,19.650169166666664,-102.25273777777778,13539,0,0,0.0,1765.0,Mercado nuevo,32.34467012003151
30170,Veracruz de Ignacio de la Llave,Texcatepec,Ayotuxtla,20.649121666666666,-98.30222583333332,10824,0,0,0.0,2190.0,Mercado nuevo,74.05688020795125
30171,Veracruz de Ignacio de la Llave,Texhuacán,Texhuacán,18.620638055555556,-97.03873333333333,5575,0,0,0.0,2191.0,Densificación,26.383131816494394
30172,Veracruz de Ignacio de la Llave,Texistepec,Texistepec,17.89420722222222,-94.81520888888889,19925,0,0,0.0,2192.0,Mercado nuevo,46.91612089399406
30173,Veracruz de Ignacio de la Llave,Tezonapa,Tezonapa,18.606806944444447,-96.68753361111112,54537,0,0,0.0,2193.0,Mercado nuevo,41.27221756421358
30177,Veracruz de Ignacio de la Llave,Tlacolulan,Tlacolulan,19.66485861111111,-97.00137083333334,11685,0,0,0.0,2194.0,Densificación,17.39846805275722
30178,Veracruz de Ignacio de la Llave,Tlacotalpan,Tlacotalpan,18.61327166666667,-95.65631111111112,12898,0,0,0.0,2195.0,Mercado nuevo,76.1996206509849
30179,Veracruz de Ignacio de la Llave,Tlacotepec de Mejía,Tlacotepec de Mejía,19.192134166666666,-96.8365075,4284,0,0,0.0,2196.0,Mercado nuevo,34.70008632835503
30180,Veracruz de Ignacio de la Llave,Tlachichilco,Tlachichilco,20.621568611111112,-98.19904861111111,10900,0,0,0.0,2197.0,Mercado nuevo,78.90374320350296
20179,Oaxaca,San Juan Bautista Jayacatlán,San Juan Bautista Jayacatlán,17.423504444444447,-96.82257055555556,1447,0,0,0.0,1318.0,Mercado nuevo,41.71576018227521
07066,Chiapas,Pantelhó,Pantelhó,17.00665861111111,-92.46957972222222,26391,0,0,0.0,2014.0,Mercado nuevo,34.90624859725693
20180,Oaxaca,San Juan Bautista Lo de Soto,San Juan Bautista Lo de Soto,16.511514722222223,-98.3468025,2344,0,0,0.0,1319.0,Mercado nuevo,168.5658419219592
20181,Oaxaca,San Juan Bautista Suchitepec,San Juan Bautista Suchitepec,17.972717777777778,-97.65982000000001,453,0,0,0.0,1226.0,Mercado nuevo,61.33838708081061
07070,Chiapas,El Porvenir,El Porvenir de Velasco Suárez,15.456367222222221,-92.27964027777777,12263,0,0,0.0,2015.0,Mercado nuevo,147.44683125050994
07071,Chiapas,Villa Comaltitlán,Villa Comaltitlán,15.2119375,-92.57602416666666,30297,0,0,0.0,2016.0,Mercado nuevo,169.70923101856917
07072,Chiapas,Pueblo Nuevo Solistahuacán,Pueblo Nuevo Solistahuacán,17.157568055555554,-92.89732222222223,29636,0,0,0.0,2017.0,Mercado nuevo,50.50739666538903
07073,Chiapas,Rayón,Rayón,17.200503333333334,-93.01121722222223,10866,0,0,0.0,2018.0,Mercado nuevo,50.868360452273905
20182,Oaxaca,San Juan Bautista Tlacoatzintepec,San Juan Bautista Tlacoatzintepec,17.85944138888889,-96.5870875,2181,0,0,0.0,1227.0,Mercado nuevo,55.35787447868822
07080,Chiapas,Siltepec,Siltepec,15.557185,-92.32285999999999,25937,0,0,0.0,1962.0,Mercado nuevo,135.4293268880327
20183,Oaxaca,San Juan Bautista Tlachichilco,San Juan Bautista Tlachichilco,17.62254777777778,-98.34399305555556,1475,0,0,0.0,1228.0,Mercado nuevo,122.89944736590856
30184,Veracruz de Ignacio de la Llave,Tlaquilpa,Tlaquilpa,18.612270555555558,-97.11888083333332,7933,0,0,0.0,2198.0,Densificación,26.624299240498967
20186,Oaxaca,San Juan Cieneguilla,San Juan Cieneguilla,17.851658611111112,-98.28076444444444,524,0,0,0.0,1229.0,Mercado nuevo,115.87397876316066
30187,Veracruz de Ignacio de la Llave,Tonayán,Tonayán,19.68289027777778,-96.92150694444445,6105,0,0,0.0,2214.0,Densificación,17.325197250413435
30188,Veracruz de Ignacio de la Llave,Totutla,Totutla,19.21128583333333,-96.96129472222222,17217,0,0,0.0,2215.0,Mercado nuevo,35.34324698894706
30192,Veracruz de Ignacio de la Llave,Vega de Alatorre,Vega de Alatorre,20.02746583333333,-96.649765,20204,0,0,0.0,2216.0,Mercado nuevo,62.53848668514944
30194,Veracruz de Ignacio de la Llave,Villa Aldama,Villa Aldama,19.64888638888889,-97.223025,12492,0,0,0.0,2217.0,Mercado nuevo,34.258624681825815
20187,Oaxaca,San Juan Coatzóspam,San Juan Coatzóspam,18.049699722222226,-96.76332472222222,1808,0,0,0.0,1230.0,Mercado nuevo,68.25821146547705
30196,Veracruz de Ignacio de la Llave,Yanga,Yanga,18.83383611111111,-96.79849805555556,17902,0,0,0.0,2218.0,Densificación,15.89598632771447
30197,Veracruz de Ignacio de la Llave,Yecuatla,Yecuatla,19.86618638888889,-96.77622666666666,11205,0,0,0.0,2219.0,Mercado nuevo,40.70293463468887
30198,Veracruz de Ignacio de la Llave,Zacualpan,Zacualpan,20.433706666666666,-98.34869694444444,6788,0,0,0.0,2220.0,Mercado nuevo,53.28142474940475
30199,Veracruz de Ignacio de la Llave,Zaragoza,Zaragoza,17.955747499999998,-94.64241361111112,11899,0,0,0.0,2221.0,Densificación,28.48131946007462
30200,Veracruz de Ignacio de la Llave,Zentla,Ejido la Piña (Maromilla),19.029013055555556,-96.78330972222223,12581,0,0,0.0,2222.0,Densificación,21.902952321604413
30201,Veracruz de Ignacio de la Llave,Zongolica,Zongolica,18.666890833333333,-96.99836444444445,45028,0,0,0.0,2223.0,Densificación,23.043513435313578
30202,Veracruz de Ignacio de la Llave,Zontecomatlán de López y Fuentes,Tetzacual,20.773587777777777,-98.26760055555556,14644,0,0,0.0,2224.0,Mercado nuevo,87.3810443618743
30203,Veracruz de Ignacio de la Llave,Zozocolco de Hidalgo,Zozocolco de Hidalgo,20.140845277777778,-97.57551333333333,14524,0,0,0.0,2225.0,Mercado nuevo,96.54543038320989
30205,Veracruz de Ignacio de la Llave,El Higo,El Higo,21.768734166666665,-98.45372416666667,19402,0,0,0.0,2245.0,Mercado nuevo,79.00480719875368
30209,Veracruz de Ignacio de la Llave,Tatahuicapan de Juárez,Tatahuicapan,18.246447222222223,-94.76023916666666,15044,0,0,0.0,2246.0,Mercado nuevo,34.62795791087387
30210,Veracruz de Ignacio de la Llave,Uxpanapa,Poblado 10,17.27602361111111,-94.45133277777778,30891,0,0,0.0,2247.0,Mercado nuevo,95.83452980561893
30211,Veracruz de Ignacio de la Llave,San Rafael,San Rafael,20.18802527777778,-96.87095416666666,30351,0,0,0.0,2248.0,Mercado nuevo,73.69178964663209
30212,Veracruz de Ignacio de la Llave,Santiago Sochiapan,Xochiapa,17.663731944444443,-95.73460194444445,13062,0,0,0.0,2249.0,Mercado nuevo,61.68394666876753
31001,Yucatán,Abalá,Uayalceh,20.69555861111111,-89.59412499999999,6550,0,0,0.0,2250.0,Mercado nuevo,30.405780748295083
20188,Oaxaca,San Juan Colorado,San Juan Colorado,16.459665833333332,-97.95398916666667,9609,0,0,0.0,1231.0,Mercado nuevo,146.85218897440834
07053,Chiapas,Mazapa de Madero,Mazapa de Madero,15.387965833333332,-92.18773472222223,7901,0,0,0.0,2068.0,Mercado nuevo,157.52039698134533
07054,Chiapas,Mazatán,Mazatán,14.863025277777778,-92.44947083333334,28250,0,0,0.0,2069.0,Mercado nuevo,209.34839371202403
07055,Chiapas,Metapa,Metapa de Domínguez,14.837314166666667,-92.19094472222223,5876,0,0,0.0,2070.0,Mercado nuevo,216.5754582006643
07056,Chiapas,Mitontic,Tzoeptic,16.8835875,-92.56843916666666,13755,0,0,0.0,2071.0,Densificación,17.881291710694942
07058,Chiapas,Nicolás Ruíz,Nicolás Ruíz,16.437073055555555,-92.58534722222221,4765,0,0,0.0,2072.0,Mercado nuevo,33.813840664823076
07060,Chiapas,Ocotepec,Ocotepec,17.225029166666666,-93.16440527777779,14088,0,0,0.0,2073.0,Mercado nuevo,52.63994402379492
07062,Chiapas,Ostuacán,Ostuacán,17.40559111111111,-93.33713638888888,18469,0,0,0.0,2011.0,Mercado nuevo,76.20031948103255
07063,Chiapas,Osumacinta,Osumacinta,16.935466944444446,-93.09133722222222,3983,0,0,0.0,2012.0,Densificación,20.34034097534599
07064,Chiapas,Oxchuc,Oxchuc,16.786119444444445,-92.33491666666666,54932,0,0,0.0,2013.0,Mercado nuevo,32.6822301404267
31005,Yucatán,Bokobá,Bokobá,21.00693972222222,-89.179525,2167,0,0,0.0,2251.0,Mercado nuevo,46.392628884523724
20189,Oaxaca,San Juan Comaltepec,San Juan Lealao,17.321066388888887,-95.93140722222223,3116,0,0,0.0,1232.0,Mercado nuevo,85.96608193962902
20190,Oaxaca,San Juan Cotzocón,María Lombardo de Caso,17.449036111111113,-95.43241944444445,22444,0,0,0.0,1233.0,Mercado nuevo,101.08613126911975
20193,Oaxaca,San Juan del Estado,San Juan del Estado,17.27352833333333,-96.79927277777777,2807,0,0,0.0,1234.0,Densificación,25.005835098158236
31015,Yucatán,Cuzamá,Cuzamá,20.741484166666666,-89.31696111111111,5560,0,0,0.0,2252.0,Mercado nuevo,40.64860382106957
31016,Yucatán,Chacsinkín,Chacsinkín,20.172600833333334,-89.01640888888889,3104,0,0,0.0,2253.0,Mercado nuevo,108.71698135518257
31017,Yucatán,Chankom,Ticimul,20.596968055555553,-88.55258583333332,4686,0,0,0.0,2254.0,Mercado nuevo,118.79948594445837
31018,Yucatán,Chapab,Chapab,20.458750555555554,-89.45655222222223,3385,0,0,0.0,2255.0,Mercado nuevo,59.206442984301916
20194,Oaxaca,San Juan del Río,San Juan del Río,16.882526944444447,-96.16047027777779,1372,0,0,0.0,1235.0,Mercado nuevo,60.29511693650732
31022,Yucatán,Chikindzonot,Chikindzonot,20.333655277777776,-88.48648555555556,4363,0,0,0.0,2256.0,Mercado nuevo,137.79071643961512
31024,Yucatán,Chumayel,Chumayel,20.429534722222222,-89.30251916666667,3244,0,0,0.0,2257.0,Mercado nuevo,68.55461494631747
31025,Yucatán,Dzán,Dzan,20.387764166666667,-89.46887055555555,6003,0,0,0.0,2258.0,Mercado nuevo,66.46700156597898
31030,Yucatán,Dzitás,Dzitás,20.839865555555555,-88.52782222222223,4015,0,0,0.0,2259.0,Mercado nuevo,114.7885039136446
31031,Yucatán,Dzoncauich,Dzoncauich,21.12916388888889,-88.89093111111112,2818,0,0,0.0,2260.0,Mercado nuevo,78.20828352052142
07035,Chiapas,Frontera Hidalgo,Frontera Hidalgo,14.7778375,-92.17598333333333,14556,0,0,0.0,2135.0,Mercado nuevo,223.3807568280614
07036,Chiapas,La Grandeza,La Grandeza,15.510130277777778,-92.22588,7701,0,0,0.0,2136.0,Mercado nuevo,143.33663887042138
07037,Chiapas,Huehuetán,Huehuetán,15.018519722222223,-92.38418083333335,36333,0,0,0.0,2137.0,Mercado nuevo,193.0006572988751
07038,Chiapas,Huixtán,Huixtán,16.712150555555557,-92.45459694444445,22975,0,0,0.0,2138.0,Densificación,19.67967876275541
07039,Chiapas,Huitiupán,Huitiupán,17.173231666666666,-92.68593194444445,27893,0,0,0.0,2139.0,Mercado nuevo,48.776333326704744
07042,Chiapas,Ixhuatán,Ixhuatán,17.293270833333334,-93.00838194444445,11377,0,0,0.0,2140.0,Mercado nuevo,61.03308936297929
07043,Chiapas,Ixtacomitán,Ixtacomitán,17.430795,-93.0965725,10961,0,0,0.0,2141.0,Mercado nuevo,64.72045573390135
07044,Chiapas,Ixtapa,Ixtapa,16.80352527777778,-92.90590277777778,28999,0,0,0.0,2142.0,Densificación,22.95229870333345
07045,Chiapas,Ixtapangajoya,La Gloria,17.44249888888889,-92.95310805555556,6284,0,0,0.0,2065.0,Mercado nuevo,60.743808440896466
20196,Oaxaca,San Juan Evangelista Analco,San Juan Evangelista Analco,17.40582722222222,-96.53795,407,0,0,0.0,1236.0,Mercado nuevo,41.48213233628562
20200,Oaxaca,San Juan Juquila Mixes,San Juan Juquila Mixes,16.935633055555556,-95.91881805555556,3703,0,0,0.0,2229.0,Mercado nuevo,83.72981706759155
07048,Chiapas,Juárez,Juárez,17.608151111111113,-93.19333083333333,21807,0,0,0.0,2067.0,Mercado nuevo,51.21981148270863
20201,Oaxaca,San Juan Juquila Vijanos,San Felipe el Porvenir,17.328454999999998,-96.26039777777778,1880,0,0,0.0,2264.0,Mercado nuevo,54.699249280252474
20203,Oaxaca,San Juan Lachigalla,San Juan Lachigalla,16.59177972222222,-96.54884305555555,3538,0,0,0.0,2269.0,Mercado nuevo,54.76714596568
31042,Yucatán,Kantunil,Kantunil,20.79644,-89.03651916666666,5553,0,0,0.0,2279.0,Mercado nuevo,63.9693763838756
31045,Yucatán,Kopomá,Kopomá,20.64897,-89.89952583333334,2677,0,0,0.0,2280.0,Mercado nuevo,45.526235503722695
31049,Yucatán,Mayapán,Mayapán,20.468744166666664,-89.21517111111112,3965,0,0,0.0,2281.0,Mercado nuevo,69.91111785464994
16041,Michoacán de Ocampo,Irimbo,Irimbo,19.6974875,-100.47910055555556,16043,0,0,0.0,1690.0,Mercado nuevo,74.63860269687714
16042,Michoacán de Ocampo,Ixtlán,Ixtlán de los Hervores,20.168366111111112,-102.3946238888889,14302,0,0,0.0,1691.0,Densificación,23.4732018779505
16044,Michoacán de Ocampo,Jiménez,Villa Jiménez,19.92226638888889,-101.74929277777778,12946,0,0,0.0,1692.0,Mercado nuevo,56.50514743389594
16046,Michoacán de Ocampo,Juárez,Benito Juárez,19.312275833333334,-100.43279138888889,14936,0,0,0.0,1693.0,Mercado nuevo,73.2901883915695
16064,Michoacán de Ocampo,Parácuaro,Antúnez (Morelos),19.015546944444445,-102.20664611111111,26832,0,0,0.0,1643.0,Mercado nuevo,47.53512414373564
16067,Michoacán de Ocampo,Penjamillo,Penjamillo de Degollado,20.104468333333333,-101.9336713888889,16621,0,0,0.0,1644.0,Mercado nuevo,39.177992844999345
20204,Oaxaca,San Juan Lajarcia,San Juan Lajarcia,16.508443888888888,-95.92559055555556,634,0,0,0.0,2295.0,Mercado nuevo,102.57255989122704
16072,Michoacán de Ocampo,Queréndaro,Queréndaro,19.8100275,-100.8834875,13961,0,0,0.0,1516.0,Mercado nuevo,34.3990903073505
16074,Michoacán de Ocampo,Cojumatlán de Régules,Cojumatlán de Régules,20.118998333333334,-102.851005,10553,0,0,0.0,1517.0,Densificación,15.585677681187134
16077,Michoacán de Ocampo,San Lucas,San Lucas,18.59141083333333,-100.78475222222222,17677,0,0,0.0,1518.0,Mercado nuevo,130.8381767145211
16078,Michoacán de Ocampo,Santa Ana Maya,Santa Ana Maya,20.008391666666668,-101.02176277777778,12812,0,0,0.0,1519.0,Mercado nuevo,38.306766624895694
16080,Michoacán de Ocampo,Senguio,Senguio,19.733340833333333,-100.35240722222221,19833,0,0,0.0,1520.0,Mercado nuevo,81.43444139420352
16081,Michoacán de Ocampo,Susupuato,Rancho Viejo,19.248333333333335,-100.4175,9076,0,0,0.0,1521.0,Mercado nuevo,71.75151854700343
07018,Chiapas,Coapilla,Coapilla,17.130791388888888,-93.15902194444445,9900,0,0,0.0,2228.0,Mercado nuevo,42.158956441196175
20205,Oaxaca,San Juan Lalana,San José Río Manzo,17.669793055555555,-95.8801675,16989,0,0,0.0,2299.0,Mercado nuevo,52.23428470555736
07021,Chiapas,Copainalá,Copainalá,17.09361111111111,-93.21055555555556,22192,0,0,0.0,2230.0,Mercado nuevo,39.10492964981345
07022,Chiapas,Chalchihuitán,Chiquinshulum,17.07288361111111,-92.598795,21915,0,0,0.0,2231.0,Mercado nuevo,37.573159703851076
07024,Chiapas,Chanal,Chanal,16.660061944444443,-92.25994222222222,13678,0,0,0.0,2232.0,Mercado nuevo,41.119238645142005
07025,Chiapas,Chapultenango,Chapultenango,17.340400555555554,-93.13007833333333,7472,0,0,0.0,2233.0,Mercado nuevo,65.22705721127748
07026,Chiapas,Chenalhó,Chenalhó,16.894276944444442,-92.62614805555555,47371,0,0,0.0,2243.0,Densificación,17.528095493168617
07028,Chiapas,Chiapilla,Chiapilla,16.570493055555556,-92.720025,6156,0,0,0.0,2244.0,Densificación,20.49528112628672
07029,Chiapas,Chicoasén,Chicoasén,16.967254999999998,-93.105235,5402,0,0,0.0,2131.0,Densificación,23.7396190733809
07030,Chiapas,Chicomuselo,Chicomuselo,15.74493611111111,-92.28328722222223,36785,0,0,0.0,2132.0,Mercado nuevo,116.61828130546446
07032,Chiapas,Escuintla,Escuintla,15.319269444444444,-92.65855833333335,30896,0,0,0.0,2133.0,Mercado nuevo,157.66288132708902
07033,Chiapas,Francisco León,San Miguel la Sardina,17.29557388888889,-93.35291194444444,7245,0,0,0.0,2134.0,Mercado nuevo,65.31208934583297
20206,Oaxaca,San Juan de los Cués,San Juan de los Cués,18.046927222222223,-97.0596636111111,2421,0,0,0.0,2303.0,Mercado nuevo,57.99727220789072
20207,Oaxaca,San Juan Mazatlán,San Juan Mazatlán,17.03112361111111,-95.44646694444445,19032,0,0,0.0,2308.0,Mercado nuevo,132.74669157076028
20208,Oaxaca,San Juan Mixtepec,San Juan Mixtepec Distrito 08,17.305726111111113,-97.83144694444444,6941,0,0,0.0,2343.0,Mercado nuevo,120.62736516595791
20209,Oaxaca,San Juan Mixtepec,San Juan Mixtepec Distrito 26,16.277539444444443,-96.29947777777778,607,0,0,0.0,1194.0,Mercado nuevo,97.06701893620122
31067,Yucatán,Seyé,Seyé,20.836986666666665,-89.37225277777777,10053,0,0,0.0,2309.0,Densificación,29.94535139789242
31068,Yucatán,Sinanché,Sinanché,21.225595,-89.18578333333333,3206,0,0,0.0,2310.0,Mercado nuevo,53.794292465288656
31071,Yucatán,Sudzal,Sudzal,20.872095555555557,-88.98879194444444,1949,0,0,0.0,2311.0,Mercado nuevo,66.86414356337279
31073,Yucatán,Tahdziú,Tahdziú,20.203820555555556,-88.94490361111112,5854,0,0,0.0,2312.0,Mercado nuevo,110.5189489261186
20210,Oaxaca,San Juan Ñumí,Sabinillo,17.453201666666665,-97.7887875,5773,0,0,0.0,1195.0,Mercado nuevo,119.78726127889662
07003,Chiapas,Acapetahua,Acapetahua,15.282837777777779,-92.68913194444445,26899,0,0,0.0,2271.0,Mercado nuevo,161.79183615961085
07004,Chiapas,Altamirano,Altamirano,16.73592027777778,-92.03859361111111,36160,0,0,0.0,2272.0,Mercado nuevo,63.781228601390296
07005,Chiapas,Amatán,Amatán,17.372848333333334,-92.81912305555555,24512,0,0,0.0,2273.0,Mercado nuevo,69.20421247425426
07006,Chiapas,Amatenango de la Frontera,El Pacayal,15.598037222222223,-92.04133583333333,31735,0,0,0.0,2274.0,Mercado nuevo,141.7549565570633
07007,Chiapas,Amatenango del Valle,Amatenango del Valle,16.528501388888888,-92.43549055555556,11283,0,0,0.0,2275.0,Mercado nuevo,31.640567721683187
07008,Chiapas,Angel Albino Corzo,Jaltenango de la Paz (Ángel Albino Corzo),15.872644444444445,-92.72507972222222,31947,0,0,0.0,2276.0,Mercado nuevo,96.5671517592136
07010,Chiapas,Bejucal de Ocampo,Ojo de Agua Centro,15.497640277777776,-92.17300111111112,7365,0,0,0.0,2277.0,Mercado nuevo,146.47560397344694
07011,Chiapas,Bella Vista,Bella Vista,15.5829975,-92.24484583333333,20157,0,0,0.0,2278.0,Mercado nuevo,135.0021641470882
20211,Oaxaca,San Juan Ozolotepec,San Andrés Lovene,16.040070833333335,-96.20338055555555,3411,0,0,0.0,1196.0,Mercado nuevo,125.33239948632766
07014,Chiapas,El Bosque,El Bosque,17.06221027777778,-92.72140888888889,24273,0,0,0.0,2226.0,Mercado nuevo,37.24335777939378
07016,Chiapas,Catazajá,Catazajá,17.728321388888887,-92.01636611111111,17619,0,0,0.0,2227.0,Mercado nuevo,99.83761589390167
20212,Oaxaca,San Juan Petlapa,San Juan Petlapa,17.469302222222222,-96.03683416666667,3117,0,0,0.0,1197.0,Mercado nuevo,68.58308641881179
20213,Oaxaca,San Juan Quiahije,San Juan Quiahije,16.301878333333335,-97.3168461111111,4203,0,0,0.0,1198.0,Mercado nuevo,105.23434718999121
20214,Oaxaca,San Juan Quiotepec,San Juan Quiotepec,17.600763333333333,-96.58816166666666,2033,0,0,0.0,1199.0,Mercado nuevo,60.73387703565184
20216,Oaxaca,San Juan Tabaá,San Juan Tabaá,17.305185833333333,-96.20710222222222,1241,0,0,0.0,1200.0,Mercado nuevo,58.3207226700161
31092,Yucatán,Tixcacalcupul,Tixcacalcupul,20.537088611111113,-88.27026694444444,7888,0,0,0.0,2050.0,Mercado nuevo,124.78271536326575
20217,Oaxaca,San Juan Tamazola,Llano de la Canoa,17.093712777777778,-97.21905277777778,3325,0,0,0.0,1201.0,Mercado nuevo,52.600051392014024
20218,Oaxaca,San Juan Teita,San Juan Teita,17.095261666666666,-97.41431305555557,544,0,0,0.0,1202.0,Mercado nuevo,73.32557441907419
31097,Yucatán,Tunkás,Tunkás,20.902349722222223,-88.75227944444444,3684,0,0,0.0,2066.0,Mercado nuevo,90.86232130938443
20220,Oaxaca,San Juan Tepeuxila,San Pedro Cuyaltepec,17.770176944444444,-96.79008305555556,2692,0,0,0.0,1203.0,Mercado nuevo,79.0213529991227
20222,Oaxaca,San Juan Yaeé,San Juan Yaeé,17.429087222222222,-96.28384555555556,1426,0,0,0.0,1204.0,Mercado nuevo,59.585113192173814
05038,Coahuila de Zaragoza,Zaragoza,Zaragoza,28.487043055555556,-100.91762166666668,13135,0,0,0.0,2306.0,Mercado nuevo,45.252740360399834
06006,Colima,Ixtlahuacán,Ixtlahuacán,19.00118361111111,-103.73859333333334,5623,0,0,0.0,2307.0,Densificación,26.902623015542158
07001,Chiapas,Acacoyagua,Acacoyagua,15.340965277777778,-92.67461722222222,17994,0,0,0.0,2270.0,Mercado nuevo,155.28494152304347
20223,Oaxaca,San Juan Yatzona,San Juan Yatzona,17.402424444444442,-96.16924444444444,440,0,0,0.0,1205.0,Mercado nuevo,67.29799259364127
31099,Yucatán,Uayma,Uayma,20.7177875,-88.3171386111111,4191,0,0,0.0,1763.0,Mercado nuevo,129.55778025177688
31103,Yucatán,Xocchel,Xocchel,20.833488888888887,-89.18371944444445,3451,0,0,0.0,2340.0,Mercado nuevo,48.14192321545918
31104,Yucatán,Yaxcabá,Yaxcabá,20.54912555555556,-88.82720611111111,16350,0,0,0.0,2316.0,Mercado nuevo,95.05295286216331
31106,Yucatán,Yobaín,Yobaín,21.2334675,-89.11650027777777,2215,0,0,0.0,2317.0,Mercado nuevo,60.418874436172004
32001,Zacatecas,Apozol,Apozol,21.47087694444444,-103.09119,6260,0,0,0.0,2318.0,Mercado nuevo,88.92573768984316
32043,Zacatecas,Susticacán,Susticacán,22.61108888888889,-103.0996886111111,1365,0,0,0.0,1878.0,Mercado nuevo,57.17439325130371
32049,Zacatecas,Valparaíso,Valparaíso,22.771900277777778,-103.56723333333333,32461,0,0,0.0,2003.0,Mercado nuevo,102.05499083947188
32050,Zacatecas,Vetagrande,Sauceda de la Borda,22.83019527777778,-102.50263805555555,10276,0,0,0.0,2004.0,Densificación,9.30049240084498
32051,Zacatecas,Villa de Cos,Villa de Cos,23.293892500000002,-102.34688833333333,34623,0,0,0.0,2005.0,Mercado nuevo,62.00716397831628
20224,Oaxaca,San Juan Yucuita,San Juan Yucuita,17.512253333333334,-97.27035833333333,643,0,0,0.0,1206.0,Mercado nuevo,76.65560633070356
32053,Zacatecas,Villa González Ortega,Villa González Ortega,22.512991666666668,-101.91376055555556,13208,0,0,0.0,2006.0,Mercado nuevo,73.59818778418278
32054,Zacatecas,Villa Hidalgo,Villa Hidalgo,22.357088333333333,-101.71259888888889,19446,0,0,0.0,2007.0,Mercado nuevo,79.07749207480444
16047,Michoacán de Ocampo,Jungapeo,Jungapeo de Juárez,19.458725277777777,-100.49461194444444,19834,0,0,0.0,1694.0,Mercado nuevo,77.96640511605733
16048,Michoacán de Ocampo,Lagunillas,Lagunillas,19.564623055555558,-101.41477916666668,5745,0,0,0.0,1634.0,Densificación,27.967969295066208
04007,Campeche,Palizada,Palizada,18.253598333333333,-92.09090166666667,8683,0,0,0.0,2000.0,Mercado nuevo,50.45190975257544
20225,Oaxaca,San Lorenzo,San Lorenzo,16.39426222222222,-97.87483611111111,5903,0,0,0.0,1207.0,Mercado nuevo,143.0413645838747
04012,Campeche,Seybaplaya,Seybaplaya,19.639196944444443,-90.68830111111112,15297,0,0,0.0,2001.0,Mercado nuevo,164.15184928122534
05001,Coahuila de Zaragoza,Abasolo,Abasolo,27.181944444444447,-101.4263888888889,1022,0,0,0.0,2002.0,Mercado nuevo,31.22585676004065
32025,Zacatecas,Luis Moya,Luis Moya,22.43247777777778,-102.24924944444444,13184,0,0,0.0,1943.0,Mercado nuevo,50.561508750835074
20226,Oaxaca,San Lorenzo Albarradas,San Lorenzo Albarradas,16.907225555555556,-96.25964833333333,2971,0,0,0.0,1208.0,Mercado nuevo,49.44290947247345
32029,Zacatecas,Miguel Auza,Miguel Auza,24.29444638888889,-103.45144944444445,23713,0,0,0.0,2008.0,Mercado nuevo,127.25256870271575
32004,Zacatecas,Benito Juárez,Florencia,21.504477777777776,-103.55595027777777,4493,0,0,0.0,2334.0,Mercado nuevo,88.827703871517
16049,Michoacán de Ocampo,Madero,Villa Madero,19.392120555555554,-101.27761555555556,19086,0,0,0.0,1635.0,Mercado nuevo,35.753483403617025
16054,Michoacán de Ocampo,Morelos,Villa Morelos,20.004251944444444,-101.41238583333335,7983,0,0,0.0,1636.0,Mercado nuevo,40.62361471160453
16056,Michoacán de Ocampo,Nahuatzen,Nahuatzen,19.654073333333333,-101.91713694444445,32598,0,0,0.0,1637.0,Mercado nuevo,30.088479325949365
16057,Michoacán de Ocampo,Nocupétaro,Nocupétaro de Morelos,19.04329666666667,-101.16222916666668,8196,0,0,0.0,1638.0,Mercado nuevo,73.46496265248624
16059,Michoacán de Ocampo,Nuevo Urecho,Nuevo Urecho,19.16587222222222,-101.86884694444444,9027,0,0,0.0,1639.0,Mercado nuevo,34.90592158921409
16060,Michoacán de Ocampo,Numarán,Numarán,20.254899722222223,-101.94719722222223,9437,0,0,0.0,1640.0,Mercado nuevo,46.488920939958064
16061,Michoacán de Ocampo,Ocampo,Ocampo,19.583847777777777,-100.33928194444444,24774,0,0,0.0,1641.0,Mercado nuevo,71.55075854438454
16062,Michoacán de Ocampo,Pajacuarán,Pajacuarán,20.11689388888889,-102.56551333333333,21028,0,0,0.0,1642.0,Densificación,17.115689100805607
16031,Michoacán de Ocampo,Epitacio Huerta,Epitacio Huerta,20.134689444444444,-100.29372194444444,16112,0,0,0.0,1769.0,Mercado nuevo,41.530441014929075
16032,Michoacán de Ocampo,Erongarícuaro,Jarácuaro,19.560833333333335,-101.67750000000001,15715,0,0,0.0,1770.0,Mercado nuevo,43.28227210822663
20228,Oaxaca,San Lorenzo Cuaunecuiltitla,San Lorenzo Cuaunecuiltitla,18.206452777777777,-96.91305722222222,833,0,0,0.0,1209.0,Mercado nuevo,58.001332699895386
16035,Michoacán de Ocampo,La Huacana,La Huacana,18.962886944444445,-101.80886722222222,30627,0,0,0.0,1771.0,Mercado nuevo,57.48651949576099
16036,Michoacán de Ocampo,Huandacareo,Huandacareo,19.988704444444444,-101.27585333333333,11644,0,0,0.0,1772.0,Mercado nuevo,32.9148049590796
16037,Michoacán de Ocampo,Huaniqueo,Huaniqueo de Morales,19.89899527777778,-101.50515138888889,7945,0,0,0.0,1773.0,Mercado nuevo,39.32093475514346
16039,Michoacán de Ocampo,Huiramba,Huiramba,19.546481111111113,-101.43799277777778,9015,0,0,0.0,1774.0,Mercado nuevo,31.111665872583064
