clave_mun,entidad,municipio,localidad_principal,latitud,longitud,poblacion,pct_urbana,pct_jovenes,escolaridad,pct_viv_auto,pct_viv_internet,tasa_participacion,pct_seguridad_social,empleo_restaurantes_1k,restaurantes_10k,pct_rest_11mas,hoteles_10k,plazas_comerciales,sucursales_competencia,marcas_competencia,sucursales_mcdonalds,tiene_mcdonalds
01001,Aguascalientes,Aguascalientes,Aguascalientes,21.87982277777778,-102.29604666666667,948990,91.03288759628659,12.692652188115787,10.84,63.608693370517805,66.95417163334308,64.29250828962839,67.74644622177262,34.00931516665086,79.02085374977608,4.200560074676623,1.296114816805235,103,58,8,2,1
01002,Aguascalientes,Asientos,Villa Juárez,22.095562777777776,-102.0707925,51536,0.0,12.769714374417882,8.54,52.934141285281456,36.08674852495615,55.834787364254275,38.9320086929525,15.911207699472214,45.59919279726793,0.851063829787234,0.388078236572493,0,0,0,0,0
01003,Aguascalientes,Calvillo,Calvillo,21.84690722222222,-102.71875055555556,58250,36.135622317596564,11.905579399141631,8.05,58.09854624983919,42.1523221407436,58.01063022019742,23.095278969957082,24.4206008583691,59.227467811158796,3.1884057971014492,1.3733905579399142,0,0,0,0,0
01004,Aguascalientes,Cosío,Cosío,22.366408611111112,-102.30004416666667,17000,0.0,13.105882352941176,9.08,53.72110744221489,44.221488442976884,54.6801872074883,49.59411764705882,18.0,57.05882352941177,0.0,1.1764705882352942,0,0,0,0,0
01005,Aguascalientes,Jesús María,Jesús María,21.961272777777776,-102.34341638888888,129929,49.1075895296662,12.806994589352646,10.22,67.5558499427952,59.97470945986632,66.33652392947103,61.82145633384387,24.921303173271557,63.95800783504837,2.888086642599278,0.5387557820040175,6,2,2,0,0
01006,Aguascalientes,Pabellón de Arteaga,Pabellón de Arteaga,22.149201666666666,-102.27654166666666,47646,67.23544473827813,12.907694245057298,9.77,58.73777932960894,54.12011173184357,60.95724137931035,57.04990975108089,32.16429500902489,86.05129496704865,2.1951219512195124,0.8395248289468161,1,0,0,0,0
01007,Aguascalientes,Rincón de Romos,Rincón de Romos,22.229233055555554,-102.32306861111111,57369,55.714758841883246,12.832714532238665,9.6,55.909224874742115,46.27910403772473,62.184639038367465,45.097526538723,27.418989349648765,73.38458052258189,1.4251781472684086,0.17431016751207098,1,0,0,0,0
01008,Aguascalientes,San José de Gracia,San José de Gracia,22.150216388888886,-102.41563361111112,9552,0.0,12.342964824120603,9.24,60.436791264174715,30.743385132297355,54.24448217317487,25.40829145728643,48.89028475711893,108.87772194304857,3.8461538461538463,5.234505862646566,0,0,0,0,0
01009,Aguascalientes,Tepezalá,Tepezalá,22.224227777777777,-102.1669713888889,22485,0.0,13.173226595508117,8.56,51.82589450387311,37.901143489487275,54.42317947502518,35.35690460306871,23.059817656215255,67.60062263731376,0.6578947368421053,0.0,0,0,0,0,0
01010,Aguascalientes,El Llano,Palo Alto,21.918869166666667,-101.96530722222222,20853,0.0,12.300388433318947,8.49,56.69865642994242,25.508637236084454,54.684247050659266,40.7902939624994,18.41461660192778,54.188845729631225,0.0,0.0,0,0,0,0,0
01011,Aguascalientes,San Francisco de los Romo,San Francisco de los Romo,22.072393055555555,-102.27267833333333,61997,30.322434956530156,12.569963062728842,9.21,54.57374748276072,49.105998657472384,64.82022447231435,64.46440956820491,23.114021646208688,59.841605238963176,2.6954177897574123,0.48389438198622514,1,1,1,0,0
02001,Baja California,Ensenada,Ensenada,31.80894388888889,-116.59513388888888,443807,80.8056204611464,12.22738712999119,10.34,71.85984983911334,66.31533786199499,64.10338040412037,54.79791891520413,26.029332570238864,49.413371127539676,6.429548563611491,2.6137487691721852,57,19,7,4,1
02002,Baja California,Mexicali,Mexicali,32.641175833333335,-115.47557888888889,1049792,84.81775437419984,12.224707370602939,10.53,77.95892915521438,68.59085350349321,63.33545688723929,64.01325214899714,24.771573797476073,43.77057550448089,8.40043525571273,1.4955343534719259,70,63,8,4,1
02003,Baja California,Tecate,Tecate,32.572678888888895,-116.62655027777777,108440,74.75009221689413,11.872925119881963,9.79,77.45985870263327,65.26332691072575,60.016821622604624,57.84028033935817,27.97860568056068,51.918111398008115,8.170515097690942,1.8443378827001107,2,6,4,1,1
02004,Baja California,Tijuana,Tijuana,32.53246083333333,-117.01891333333333,1922523,95.91588761226784,12.710173038241935,10.18,64.42879238713526,73.37040582062326,67.295210238128,60.131712338421956,22.464230596981153,35.40139701839718,10.990302674111078,1.4200090193979473,258,149,8,9,1
02005,Baja California,Playas de Rosarito,Playas de Rosarito,32.363684166666665,-117.05445888888889,126890,79.3285522893845,12.393411616360627,9.58,70.51352698837545,67.45913038914692,64.83291481553023,39.26314130349121,43.77019465678934,75.10442115217906,9.44386149003148,2.600677752383955,23,8,5,1,1
02006,Baja California,San Quintín,Lázaro Cárdenas,30.525980555555556,-115.93194666666668,117568,16.015412357103973,14.332981763745236,7.83,59.78320610687023,35.69160305343512,67.27688007090748,42.86200326619488,16.535111594991836,38.53089275993467,4.856512141280353,3.3172291780076213,9,2,2,0,0
03001,Baja California Sur,Comondú,Ciudad Constitución,25.034635555555557,-111.67333944444445,73021,59.989592035167966,10.466852001479026,9.27,75.27457688152683,45.50774216780699,60.72263441406647,57.15205214938168,24.760000547787623,64.50199257747771,2.1231422505307855,5.614823133071308,0,0,0,0,0
03002,Baja California Sur,Mulegé,Santa Rosalía,27.33686833333333,-112.26827472222222,64022,0.0,10.663521914341946,9.13,68.36408617668282,50.39171219461911,65.81698695608881,66.6567742338571,18.142201118365563,48.889444253537846,1.597444089456869,9.059385836118834,1,0,0,0,0
03003,Baja California Sur,La Paz,La Paz,24.148744999999998,-110.30659,292241,85.59408159703806,11.394020688404433,11.07,72.92714187124125,69.04926221696408,64.32836006930162,66.02393230244901,39.02087660526757,73.29567035426241,7.516339869281046,4.653693355826184,24,16,6,1,1
03008,Baja California Sur,Los Cabos,Cabo San Lucas,22.897018888888887,-109.92518611111112,351111,96.54468245084888,12.268200084873445,10.17,59.30405948947358,62.101948319500856,71.2612259404874,64.08286838065455,50.18783233792163,73.39559284670659,11.331005044625533,5.098102879146481,30,29,6,3,1
03009,Baja California Sur,Loreto,Loreto,26.012777777777778,-111.34333333333333,18052,90.35563926434745,9.932417460669178,9.99,76.46118315864274,44.41286196482501,62.79166378176279,59.77730999335254,35.065366718369155,83.64724130290273,2.6490066225165565,19.388433414580103,0,1,1,0,0
04001,Campeche,Calkiní,Calkiní,20.371226111111113,-90.05073944444445,59232,26.926323608860077,11.684562398703404,9.4,22.731732844900897,30.26754758945509,64.38502673796792,28.047339276066992,22.698878984332794,69.0505132360886,0.24449877750611246,2.194759589411129,0,0,0,0,0
04002,Campeche,Campeche,San Francisco de Campeche,19.844814166666666,-90.53964916666666,294077,84.88355090673531,11.534054006263666,10.72,41.84906854871801,60.93297536841858,62.30410366090078,57.330563083818184,32.471087504293095,67.56733780608481,4.579768495218923,3.4004699449463915,22,13,5,0,0
04003,Campeche,Carmen,Ciudad del Carmen,18.637789444444444,-91.83645,248845,76.85024814643654,11.036187184793746,10.26,40.02136100091547,54.4677781784892,63.77281472357666,42.81862203379614,34.688259760091626,83.74691072756133,3.071017274472169,5.625992083425426,9,17,8,1,1
04004,Campeche,Champotón,Champotón,19.356218611111114,-90.72389111111112,78170,45.796341307406934,11.56965587821415,8.12,27.82487191429902,28.32789939450396,62.73947955885783,24.281693744403224,22.988358705385696,59.357809901496736,2.586206896551724,1.6630420877574517,0,1,1,0,0
04005,Campeche,Hecelchakán,Hecelchakán,20.176966111111113,-90.13451722222223,31917,0.0,11.2855218222264,9.27,20.492099867326015,29.839585092268724,60.83492670490759,34.76830529185074,18.0468089106119,55.456339881567814,0.0,0.9399379640943698,0,0,0,0,0
04006,Campeche,Hopelchén,Hopelchén,19.745548055555556,-89.84504361111111,42140,0.0,12.211675367821547,7.5,24.431207889854505,14.744653842398204,63.734943568018714,14.043663977218795,13.07546274323683,39.62980541053631,0.0,0.9492168960607499,2,0,0,0,0
04007,Campeche,Palizada,Palizada,18.253598333333333,-92.09090166666667,8683,0.0,9.259472532534838,8.46,18.146111547525532,24.27336999214454,57.98194999260246,16.457445583323736,15.547621789704019,51.82540596568006,0.0,6.910054128757342,0,0,0,0,0
04008,Campeche,Tenabo,Tenabo,20.039676944444444,-90.22576333333333,11452,0.0,11.054837582954942,8.75,21.88519243313764,15.753424657534246,64.74380349005224,31.985679357317498,25.49772965420887,77.71568285015718,0.0,0.8732099196646874,0,0,0,0,0
04009,Campeche,Escárcega,Escárcega,18.604314722222224,-90.73200083333333,59923,52.358860537690035,11.679989319626854,8.18,26.44804847620745,23.06184280876849,64.2593940998654,17.317223770505482,22.729169100345445,59.07581396125027,2.2598870056497176,3.5044974383792535,0,1,1,0,0
04010,Campeche,Calakmul,Xpujil,18.505370833333334,-89.39727555555557,31714,0.0,11.846503121649745,7.43,22.16000995396292,8.722160009953964,68.45007782966422,4.073910575770953,13.432553446427445,36.89222425427256,1.7094017094017093,7.88295390048559,0,0,0,0,0
04011,Campeche,Candelaria,Candelaria,18.183450555555556,-91.04629361111111,46913,0.0,11.065163174386631,7.25,22.24396117089322,10.836029799081947,68.25346420323325,6.068680323151365,10.071835099013066,23.44765843156481,4.545454545454546,2.3447658431564813,0,0,0,0,0
04012,Campeche,Seybaplaya,Seybaplaya,19.639196944444443,-90.68830111111112,15297,0.0,11.910832189318167,9.0,29.036031820308843,22.484791764155357,55.13060460574498,36.144342027848595,22.749558737007256,72.5632476956266,0.0,4.576060665489965,1,0,0,0,0
05001,Coahuila de Zaragoza,Abasolo,Abasolo,27.181944444444447,-101.4263888888889,1022,0.0,10.76320939334638,8.94,66.11570247933884,11.019283746556473,51.291079812206576,31.898238747553815,2.935420743639922,9.784735812133073,0.0,0.0,0,0,0,0,0
05002,Coahuila de Zaragoza,Acuña,Ciudad Acuña,29.330005555555555,-100.97825833333333,163058,98.26258141274884,12.876399808657043,9.4,59.035379305964305,46.02697380957422,65.82750952986022,74.85925253590747,16.101632547927732,30.72526340320622,6.986027944111776,1.1652295502213936,9,1,1,0,0
05003,Coahuila de Zaragoza,Allende,Allende,28.34722222222222,-100.85416666666666,23056,92.71339347675226,11.706280360860514,9.47,74.30656934306569,50.29197080291971,54.20362622036262,66.49895905621096,18.17314365024289,42.50520471894518,2.0408163265306123,2.60235947258848,1,0,0,0,0
05004,Coahuila de Zaragoza,Arteaga,Arteaga,25.450620555555556,-100.8496225,29578,52.518763946176215,10.369193319358983,9.82,68.62041005444226,40.63477354338006,59.94762112614579,57.20129826222192,26.168097910609237,48.346744201771585,8.391608391608392,1.690445601460545,1,0,0,0,0
05005,Coahuila de Zaragoza,Candela,Candela,26.840277777777775,-100.66388888888889,1643,0.0,9.068776628119293,7.74,64.3312101910828,15.286624203821656,40.859375,34.996956786366404,10.955569080949482,36.51856360316494,0.0,12.172854534388314,0,0,0,0,0
05006,Coahuila de Zaragoza,Castaños,Castaños,26.78527777777778,-101.43055555555556,29128,93.77231529799505,11.088986542158748,9.63,63.37271750805586,40.720849743406134,51.92528989997344,78.49491897830266,13.131694589398517,29.181543531996706,5.882352941176471,1.02993683054106,0,0,0,0,0
05007,Coahuila de Zaragoza,Cuatro Ciénegas,Cuatro Ciénegas de Carranza,26.98686361111111,-102.06710111111111,12715,0.0,10.15336217066457,8.91,62.47351694915254,26.138771186440678,54.47171167470993,49.941014549744395,15.296893432953205,42.469524184034604,1.8518518518518519,13.370035391270154,0,0,0,0,0
05008,Coahuila de Zaragoza,Escobedo,Primero de Mayo,27.23647638888889,-101.2245225,3047,0.0,10.53495241220873,8.28,69.60352422907489,25.770925110132158,44.06852248394004,39.5470955037742,0.0,0.0,0.0,0.0,0,0,0,0,0
05009,Coahuila de Zaragoza,Francisco I. Madero,Francisco I. Madero (Chávez),25.775,-103.27305555555556,59035,55.39764546455493,12.130092318116372,9.38,48.965213562307355,34.069321255582814,58.34855520588041,64.42110612348607,20.58101126450411,58.43990852883883,1.1594202898550725,2.032692470568307,2,0,0,0,0
05010,Coahuila de Zaragoza,Frontera,Frontera,26.926111111111112,-101.44944444444445,82409,91.30313436639202,11.401667293620843,10.0,62.980398870153216,55.82898228194813,55.81853126259338,77.20637309031781,13.845575119222415,34.21956339720176,3.5460992907801416,1.6988435729107259,0,0,0,0,0
05011,Coahuila de Zaragoza,General Cepeda,General Cepeda,25.3799075,-101.47929166666667,11898,0.0,10.497562615565641,8.41,52.586713697824806,14.520870076425632,53.36239782016349,54.597411329635236,9.49739452008741,30.257186081694403,0.0,3.3619095646327115,0,0,0,0,0
05012,Coahuila de Zaragoza,Guerrero,Guerrero,28.308418333333336,-100.37872555555555,1643,0.0,9.616555082166768,7.79,68.52207293666027,17.27447216890595,48.710166919575116,54.59525258673159,1.8259281801582472,6.086427267194157,0.0,6.086427267194157,0,0,0,0,0
05013,Coahuila de Zaragoza,Hidalgo,Hidalgo,27.79168055555556,-99.876055,1735,0.0,10.893371757925072,8.12,72.96747967479675,15.65040650406504,46.76145339652449,32.44956772334294,3.4582132564841497,11.527377521613833,0.0,0.0,0,0,0,0,0
05014,Coahuila de Zaragoza,Jiménez,San Carlos,29.02635611111111,-100.90322833333335,9502,0.0,11.776468111976426,7.69,68.28016134946829,36.5969930326366,53.4354248543163,54.4832666806988,10.103136181856451,33.67712060618817,0.0,1.0524100189433803,0,0,0,0,0
05015,Coahuila de Zaragoza,Juárez,Juárez,27.60650638888889,-100.72711972222223,1584,0.0,10.858585858585858,8.3,73.66255144032922,12.139917695473251,48.74696847210994,18.30808080808081,9.469696969696969,31.565656565656564,0.0,0.0,0,0,0,0,0
05016,Coahuila de Zaragoza,Lamadrid,Lamadrid,27.048493611111113,-101.79359916666667,1764,0.0,10.260770975056689,8.88,62.0253164556962,9.584086799276673,39.17884481558803,45.86167800453515,8.503401360544217,28.34467120181406,0.0,11.337868480725623,0,0,0,0,0
05017,Coahuila de Zaragoza,Matamoros,Matamoros,25.52813611111111,-103.23038361111111,118337,50.50153375529209,12.73735180036675,9.16,44.39280792282299,36.84176789205474,58.349953105292094,64.71855801651216,18.78955863339446,52.13922948866373,2.4311183144246353,0.5070265428395176,2,2,1,0,0
05018,Coahuila de Zaragoza,Monclova,Monclova,26.90124222222222,-101.41722444444444,237951,99.67136091043955,10.871145740089347,10.86,68.04653292504936,64.41490427267264,57.428461086746054,78.99189328895444,20.384448899143102,40.80672071140697,6.90010298661174,1.2607637706922854,11,7,5,1,1
05019,Coahuila de Zaragoza,Morelos,Morelos,28.410104444444443,-100.8866313888889,7928,0.0,11.93239152371342,9.26,75.85763293310463,49.871355060034304,53.368708795626304,64.00100908173562,24.028758829465186,64.32896064581232,1.9607843137254901,3.7840565085771947,0,0,0,0,0
05020,Coahuila de Zaragoza,Múzquiz,Ciudad Melchor Múzquiz,27.877549722222223,-101.51651777777778,71627,79.00093540145475,11.224817457104164,9.16,61.47552887640993,41.898630004356875,52.542496136714846,69.30207882502408,15.32243427757689,44.675890376533985,0.9375,1.954570203973362,1,0,0,0,0
05021,Coahuila de Zaragoza,Nadadores,Nadadores,27.029030555555554,-101.59202333333333,6539,0.0,10.873222205230158,9.52,66.34566649771921,22.250380131779018,50.84713855421687,72.059948004282,10.093286435234745,33.64428811744915,0.0,1.5292858235204159,0,0,0,0,0
05022,Coahuila de Zaragoza,Nava,Nava,28.421874722222224,-100.76755361111111,33129,81.38790787527545,12.396993570587703,9.27,70.6145966709347,47.42851045667947,51.41002949852508,74.23405475565215,10.685502128044915,31.090585287814303,0.0,1.811102055600833,1,0,0,0,0
05023,Coahuila de Zaragoza,Ocampo,Ocampo,27.311215,-102.39740472222223,9642,0.0,11.595104750051856,8.39,67.25497559143822,28.501689823507323,50.34993270524899,56.37834474175482,12.393694254304087,35.26239369425431,2.9411764705882355,3.1113876789047916,0,0,0,0,0
05024,Coahuila de Zaragoza,Parras,Parras de la Fuente,25.437380555555556,-102.18416888888889,44472,78.24698686814175,11.373448461953588,9.45,51.58424404434311,37.32997877191603,61.38185774825335,65.5243748875697,18.775858967440186,40.474905558553694,4.444444444444445,9.444144630329196,0,0,0,0,0
05025,Coahuila de Zaragoza,Piedras Negras,Piedras Negras,28.708093055555555,-100.5284413888889,176327,98.65704061204467,11.962433433336924,10.1,66.41524030557973,66.70341359636399,61.360016218251324,73.18731674672625,23.226732151060247,39.75568120594124,9.557774607703282,1.1909690518184963,18,4,4,1,1
05026,Coahuila de Zaragoza,Progreso,San José de Aura,27.588259722222222,-101.37190694444443,3239,0.0,10.651435628280334,7.9,62.27364185110664,20.120724346076457,40.761300555114985,58.25872182772461,1.8524235875270145,6.174745291756715,0.0,0.0,0,0,0,0,0
05027,Coahuila de Zaragoza,Ramos Arizpe,Ramos Arizpe,25.543233611111113,-100.95078194444444,122243,93.2650540317237,12.982338457007764,10.43,58.87279706857442,55.758157389635315,63.9358179811529,76.85675253388742,18.929509256153725,37.057336616411575,6.622516556291391,1.227064126371244,11,4,4,0,0
05028,Coahuila de Zaragoza,Sabinas,Sabinas,27.84888833333333,-101.11998916666666,64811,91.3363472250081,10.907099103547237,9.98,66.59410251335841,58.994656639620025,58.50760827155677,74.71725478699604,24.316859792319207,61.255033867707645,3.022670025188917,1.5429479563654318,0,1,1,0,0
05029,Coahuila de Zaragoza,Sacramento,Sacramento,27.004438611111112,-101.72503583333334,2471,0.0,10.724403075677863,9.12,61.10344827586207,12.551724137931034,46.24098867147271,62.08012950222582,12.140833670578713,40.46944556859571,0.0,0.0,0,0,0,0,0
05030,Coahuila de Zaragoza,Saltillo,Saltillo,25.421664722222225,-100.99972111111111,879958,98.23548396628021,12.3234290727512,11.02,66.5651227595759,68.0247992481079,61.333092250388745,77.03276747299303,20.489614277045042,36.64947645228522,8.806201550387597,0.6818507246936786,100,43,8,4,1
05031,Coahuila de Zaragoza,San Buenaventura,San Buenaventura,27.060257222222223,-101.5500286111111,24759,94.56359303687547,10.323518720465286,10.22,68.27604303332458,35.80425085279454,54.173669467787114,73.69441415242942,13.146734520780322,32.715376226826606,3.7037037037037037,0.807787067329052,0,0,0,0,0
05032,Coahuila de Zaragoza,San Juan de Sabinas,Nueva Rosita,27.933902777777778,-101.21697777777779,42260,92.42309512541411,10.712257453857076,10.04,67.2063540552925,56.75882083396976,54.470612448913585,77.5792711784193,22.04212020823474,58.68433506862281,2.0161290322580645,1.183151916706105,2,0,0,0,0
05033,Coahuila de Zaragoza,San Pedro,San Pedro,25.75777777777778,-102.98315694444445,101041,48.980116982215144,11.655664532219594,9.02,44.76426985739549,33.19035256048463,54.90597415888448,60.36163537573856,15.751031759384805,40.874496491523246,2.179176755447942,0.890727526449659,3,2,1,0,0
05034,Coahuila de Zaragoza,Sierra Mojada,Hércules,28.041923888888892,-103.78972166666667,6744,0.0,10.661328588374852,9.26,75.20790020790021,29.054054054054053,51.39025833169,63.65658362989324,3.8552787663107946,10.379596678529063,0.0,2.965599051008304,0,0,0,0,0
05035,Coahuila de Zaragoza,Torreón,Torreón,25.541753333333336,-103.45306055555555,720848,95.7473697644996,11.845076909417797,11.12,57.08964420407461,63.32618734276108,62.087598805581116,70.76373937362662,31.240982842430025,64.21603444831642,6.070425577878591,1.304019710119193,60,41,8,6,1
05036,Coahuila de Zaragoza,Viesca,Viesca,25.343605277777776,-102.80635027777778,20305,0.0,11.95272100467865,7.98,38.93144031384271,10.536147954418084,50.649679913798565,54.43979315439547,6.6486087170647625,22.16202905688254,0.0,0.4924895345973898,0,0,0,0,0
05037,Coahuila de Zaragoza,Villa Unión,Villa Unión,28.220497777777776,-100.725155,6188,0.0,11.570782159017453,8.52,73.95604395604396,29.725274725274726,50.28391167192429,57.99935358758888,9.696186166774401,24.240465416936004,0.0,0.0,0,0,0,0,0
05038,Coahuila de Zaragoza,Zaragoza,Zaragoza,28.487043055555556,-100.91762166666668,13135,0.0,10.940236010658547,8.59,70.99849473156046,37.380832915203214,56.00392734413353,53.84088313665779,18.500190331176245,54.054054054054056,0.0,2.2839741149600306,0,0,0,0,0
06001,Colima,Armería,Ciudad de Armería,18.93707277777778,-103.96499722222222,27626,55.628755520162166,11.311807717367698,7.77,41.427529182879375,32.052529182879375,66.829446396787,32.73003692174039,45.591109824078764,126.33026858756244,0.28653295128939826,7.963512633026859,1,0,0,0,0
06002,Colima,Colima,Colima,19.242922222222223,-103.72811888888889,157048,93.57966990983648,11.502852631042739,10.83,57.36812837623133,68.82348268191929,63.04169697897921,59.38948601701391,53.69059141154297,113.27746930874638,5.845980888139404,2.992715602873007,18,12,8,1,1
06003,Colima,Comala,Comala,19.32319861111111,-103.75880111111111,21661,0.0,11.44914823877014,9.09,45.523809523809526,47.12698412698413,65.06562570717357,34.02428327408707,41.456996445224135,81.25201975901389,2.272727272727273,5.539910438114584,0,0,0,0,0
06004,Colima,Coquimatlán,Coquimatlán,19.20141,-103.81091694444444,20837,0.0,12.021884148389884,8.48,44.966876716755536,46.80885441913072,63.30558858501784,42.42453328214234,28.05106301290973,78.70614771800163,0.6097560975609756,0.47991553486586364,0,0,0,0,0
06005,Colima,Cuauhtémoc,Quesería,19.386947499999998,-103.57367916666666,31267,0.0,11.57770173025874,9.22,53.94765071872989,49.57090753057284,60.31343807258976,59.44606134262961,29.04020213004126,85.07371989637637,0.0,2.5586081171842516,0,0,0,0,0
06006,Colima,Ixtlahuacán,Ixtlahuacán,19.00118361111111,-103.73859333333334,5623,0.0,10.439267295038237,8.01,42.60666277030976,35.827001753360605,59.20052139908755,18.619953761337364,35.92388404766139,113.81824648764005,0.0,0.0,0,0,0,0,0
06007,Colima,Manzanillo,Manzanillo,19.053205833333333,-104.31638055555555,191031,83.6790887342892,11.008684454355576,10.11,48.382724519335355,58.53148374357859,66.05275317423646,62.52021923143364,39.77364930299271,87.73445147646194,4.77326968973747,5.391795048971109,12,10,8,0,0
06008,Colima,Minatitlán,Minatitlán,19.38611,-104.04963694444444,10231,0.0,10.389991203205943,8.85,52.14555441125987,27.428767593546173,61.39724630290668,59.20242400547356,27.75877235851823,86.01309744892973,0.0,1.9548431238393118,0,0,0,0,0
06009,Colima,Tecomán,Tecomán,18.910604166666666,-103.87378888888888,116305,75.9528825072009,11.621168479429087,8.22,39.189721523590194,34.729250628768824,66.77553346558092,42.018829800954386,45.23451270366708,119.6853101758308,2.0114942528735633,3.7831563561325825,3,1,1,0,0
06010,Colima,Villa de Álvarez,Ciudad de Villa de Álvarez,19.26477638888889,-103.73675861111111,149762,98.4869325997249,11.869499606041586,11.56,62.72616136919316,74.91035044824775,67.05904456933735,66.81868564789465,33.56993095711863,85.8028071206314,2.7237354085603114,0.4006356752714307,11,9,7,0,0
07001,Chiapas,Acacoyagua,Acacoyagua,15.340965277777778,-92.67461722222222,17994,0.0,10.531288207180172,7.12,14.971687429218573,24.48471121177803,61.11409911640415,8.714015783038791,15.894186951205958,51.12815382905413,0.0,1.1114816049794376,0,0,0,0,0
07002,Chiapas,Acala,Acala,16.551673611111113,-92.80750833333333,21187,70.80285080473875,10.81795440600368,7.26,15.448352053028907,10.292763763579451,59.22444914726752,20.1255486855147,26.148109689904185,81.65384433850946,0.0,2.3599376976447823,0,0,0,0,0
07003,Chiapas,Acapetahua,Acapetahua,15.282837777777779,-92.68913194444445,26899,0.0,10.401873675601323,7.15,18.805891635981062,10.297211993687533,61.20757308220522,14.82582995650396,17.733001226811407,57.251198929328226,0.0,0.37176103200862487,0,0,0,0,0
07004,Chiapas,Altamirano,Altamirano,16.73592027777778,-92.03859361111111,36160,0.0,13.387721238938052,6.05,10.716526540343832,4.354373196135024,59.62363030014293,12.5304203539823,12.292588495575222,38.440265486725664,0.7194244604316546,0.8296460176991151,0,0,0,0,0
07005,Chiapas,Amatán,Amatán,17.372848333333334,-92.81912305555555,24512,0.0,13.405678851174935,6.58,3.920183648242981,7.946318205897934,61.27634998556165,2.235639686684073,3.91644908616188,13.054830287206267,0.0,0.40796344647519583,0,0,0,0,0
07006,Chiapas,Amatenango de la Frontera,El Pacayal,15.598037222222223,-92.04133583333333,31735,0.0,11.054041279344572,6.55,19.12928759894459,17.70448548812665,54.21785421785422,4.18150307231763,5.388372459429652,17.961241531432172,0.0,0.0,0,0,0,0,0
07007,Chiapas,Amatenango del Valle,Amatenango del Valle,16.528501388888888,-92.43549055555556,11283,0.0,13.400691305503855,5.15,16.10003907776475,0.7424775302852676,54.92106561420819,4.12124434990694,8.862891075068687,26.588673225206062,0.0,0.0,0,0,0,0,0
07008,Chiapas,Angel Albino Corzo,Jaltenango de la Paz (Ángel Albino Corzo),15.872644444444445,-92.72507972222222,31947,0.0,12.373618806147682,6.66,19.257127192982455,18.681469298245613,62.89984156211194,4.153754656149247,22.380818230193757,67.29896390897424,0.9302325581395349,2.5041474942874133,0,0,0,0,0
07009,Chiapas,Arriaga,Arriaga,16.236065,-93.89947333333333,41135,61.66524857177586,10.246748511000364,8.45,22.705939472406538,29.09855963748179,63.79782251687853,25.282606053239334,30.52145374984806,92.62185486811717,0.7874015748031497,8.022365382277865,2,0,0,0,0
07010,Chiapas,Bejucal de Ocampo,Ojo de Agua Centro,15.497640277777776,-92.17300111111112,7365,0.0,10.916496945010183,6.49,16.33694958519464,10.465858328015315,54.44465326066529,6.096401900882553,2.8513238289205702,9.504412763068567,0.0,0.0,0,0,0,0,0
07011,Chiapas,Bella Vista,Bella Vista,15.5829975,-92.24484583333333,20157,0.0,10.175125266656744,6.84,13.287640946274596,11.31992040680964,63.265306122448976,5.015627325494865,3.820012898744853,11.906533710373568,0.0,0.4961055712655653,0,0,0,0,0
07012,Chiapas,Berriozábal,Berriozábal,16.800320833333334,-93.27327138888889,64632,55.8299294467137,12.119383587077609,8.1,24.857954545454547,35.5175395256917,63.66922917099522,19.38049263522713,19.59555638074019,53.84329743780171,2.0114942528735633,0.3094442381482857,2,0,0,0,0
07013,Chiapas,Bochil,Bochil,16.996383333333334,-92.8902188888889,37263,0.0,11.995813541582804,7.46,13.131913881289401,14.928036160342572,60.94297148574287,10.967984327617208,11.083380296809167,33.813702600434745,0.0,1.6101763143064165,0,0,0,0,0
07014,Chiapas,El Bosque,El Bosque,17.06221027777778,-92.72140888888889,24273,0.0,12.886746590862275,5.91,5.426817191523074,5.723905723905724,37.399795069616054,6.101429571952375,2.842664689160796,9.47554896386932,0.0,0.0,0,0,0,0,0
07015,Chiapas,Cacahoatán,Cacahoatán,14.989788611111111,-92.16811027777779,50112,38.13058748403576,11.889367816091953,8.26,18.437088274044797,16.83135704874835,59.304084720121025,21.435983397190295,19.875478927203066,60.26500638569604,0.6622516556291391,1.1973180076628354,2,0,0,0,0
07016,Chiapas,Catazajá,Catazajá,17.728321388888887,-92.01636611111111,17619,0.0,9.535160905840286,7.54,14.273772204806688,8.505747126436782,54.842641049537605,9.75083716442477,12.99733242522277,38.59469890459163,0.0,1.1351382030762245,0,0,0,0,0
07017,Chiapas,Cintalapa,Cintalapa de Figueroa,16.69868222222222,-93.72042805555556,88106,55.84296188681815,11.55766917122557,8.04,22.65104525614519,21.346198024351022,59.55732308563088,17.296211381744715,17.592445463419065,53.9123328717681,0.0,2.3834926111729056,0,0,0,0,0
07018,Chiapas,Coapilla,Coapilla,17.130791388888888,-93.15902194444445,9900,0.0,12.535353535353535,6.96,10.3518821603928,4.6644844517184945,58.764186633039095,5.626262626262626,15.151515151515152,50.505050505050505,0.0,5.05050505050505,0,0,0,0,0
07019,Chiapas,Comitán de Domínguez,Comitán de Domínguez,16.252460555555555,-92.135835,166178,68.28761929978698,12.0617650952593,8.55,38.49460913408513,32.89666193981137,65.13494422926159,18.94594952400438,35.212242294407204,99.47165088038128,1.5124016938898972,6.017643731420525,5,4,4,0,0
07020,Chiapas,La Concordia,La Concordia,16.116715833333334,-92.68793388888889,49920,0.0,11.674679487179487,6.52,21.386009305362826,8.962533670720758,59.91682318218406,3.215144230769231,13.03084935897436,41.26602564102564,0.4854368932038835,0.8012820512820513,0,0,0,0,0
07021,Chiapas,Copainalá,Copainalá,17.09361111111111,-93.21055555555556,22192,0.0,10.999459264599857,7.84,13.162675474814202,11.577208918249381,57.268460761599236,11.20223503965393,18.813085796683488,56.326604181687095,0.8,1.3518385003604902,0,0,0,0,0
07022,Chiapas,Chalchihuitán,Chiquinshulum,17.07288361111111,-92.598795,21915,0.0,13.429158110882957,4.91,3.423946876945424,1.1205644324548663,43.822039497834226,1.9803787360255534,3.969883641341547,13.232945471138489,0.0,0.0,0,0,0,0,0
07023,Chiapas,Chamula,Chamula,16.7875,-92.68916666666667,101967,0.0,12.87083075897104,4.37,10.214531650039728,1.4478679261940497,45.643700729713096,1.9241519315072524,4.947679151097904,14.612570733668736,0.6711409395973155,0.0,0,0,0,0,0
07024,Chiapas,Chanal,Chanal,16.660061944444443,-92.25994222222222,13678,0.0,11.529463371837988,6.33,3.976234003656307,0.2742230347349177,38.48311181563224,0.9211873080859775,3.289954671735634,10.966515572452114,0.0,0.0,0,0,0,0,0
07025,Chiapas,Chapultenango,Chapultenango,17.340400555555554,-93.13007833333333,7472,0.0,11.13490364025696,7.69,5.807200929152149,15.853658536585366,45.5531453362256,12.740899357601712,10.70663811563169,33.45824411134904,0.0,2.6766595289079227,0,0,0,0,0
07026,Chiapas,Chenalhó,Chenalhó,16.894276944444442,-92.62614805555555,47371,0.0,13.482932595892,4.89,4.956329580132589,1.1364832158265812,39.10401221801521,4.091110595089823,2.51208545312533,8.02178548056828,0.0,0.2110996179096916,0,0,0,0,0
07027,Chiapas,Chiapa de Corzo,Chiapa de Corzo,16.707958055555554,-93.01595916666666,112075,49.90497434753513,11.552977916573722,8.9,25.334772489627955,29.16315310149425,60.42768959435626,27.15324559446799,15.766227972339951,46.30827570823109,1.1560693641618498,1.4276154360919027,1,1,1,0,0
07028,Chiapas,Chiapilla,Chiapilla,16.570493055555556,-92.720025,6156,0.0,11.77712800519818,6.14,10.878918254456053,2.3355869698832206,50.74349442379182,11.046133853151398,26.640675763482783,86.09486679662118,0.0,1.6244314489928524,0,0,0,0,0
07029,Chiapas,Chicoasén,Chicoasén,16.967254999999998,-93.105235,5402,0.0,10.533135875601628,7.37,10.70460704607046,11.178861788617887,45.15494343334973,15.883006293965199,24.435394298407996,81.45131432802665,0.0,0.0,0,0,0,0,0
07030,Chiapas,Chicomuselo,Chicomuselo,15.74493611111111,-92.28328722222223,36785,0.0,10.925649041728965,6.3,19.05302600204383,15.703417735891904,54.5387399364798,3.9961941008563273,10.371075166508087,32.078292782384125,0.847457627118644,0.5436998776675275,0,0,0,0,0
07031,Chiapas,Chilón,Chilón,17.10549138888889,-92.27152833333334,137262,0.0,12.777753493319345,6.07,5.205479452054795,2.9611559392006006,77.59596819059463,2.1229473561510104,3.3403272573618334,10.709446168640993,0.6802721088435374,0.58282700237502,0,0,0,0,0
07032,Chiapas,Escuintla,Escuintla,15.319269444444444,-92.65855833333335,30896,0.0,10.826644225789746,7.52,15.279187817258883,16.230964467005077,58.41782341934642,15.186431900569653,21.329621957534957,68.94096323148628,0.0,1.6183324702226825,0,0,0,0,0
07033,Chiapas,Francisco León,San Miguel la Sardina,17.29557388888889,-93.35291194444444,7245,0.0,13.733609385783298,6.4,5.493050959629384,5.625413633355394,36.98343172729004,0.8143547273982057,1.2422360248447204,4.140786749482402,0.0,0.0,0,0,0,0,0
07034,Chiapas,Frontera Comalapa,Frontera Comalapa,15.660163888888889,-92.14105,80897,26.857609058432327,11.667923408779064,7.16,27.243907271646524,15.276401822865068,60.9922742237001,7.2128756319764635,19.240515717517336,57.23327193839079,0.6479481641468683,2.1014376305672644,0,0,0,0,0
07035,Chiapas,Frontera Hidalgo,Frontera Hidalgo,14.7778375,-92.17598333333333,14556,0.0,11.45919208573784,7.84,20.30319436924743,7.5527883053600435,63.25628510912607,19.620774938169827,27.68617752129706,89.99725199230558,0.0,0.0,0,0,0,0,0
07036,Chiapas,La Grandeza,La Grandeza,15.510130277777778,-92.22588,7701,0.0,11.375146084924037,7.63,19.32335718932986,8.132726089785296,49.13919413919414,4.62277626282301,10.518114530580444,35.06038176860148,0.0,2.5970653161927024,0,0,0,0,0
07037,Chiapas,Huehuetán,Huehuetán,15.018519722222223,-92.38418083333335,36333,0.0,11.521206616574464,8.13,20.006274837900023,10.740430872202468,63.30691642651297,21.102028458976687,22.156166570335508,70.18413012963421,0.0,0.2752318828613107,0,0,0,0,0
07038,Chiapas,Huixtán,Huixtán,16.712150555555557,-92.45459694444445,22975,0.0,12.583242655059848,6.3,5.979560774081322,0.9349858664927158,63.35542205982536,7.569096844396083,2.306855277475517,6.9640914036996735,0.0,0.0,0,0,0,0,0
07039,Chiapas,Huitiupán,Huitiupán,17.173231666666666,-92.68593194444445,27893,0.0,12.372279783458215,6.16,3.9821599235425293,3.5839439311882764,59.97332923013797,5.255798945972107,4.0870469293371094,13.623489764457032,0.0,0.35851288853834296,0,0,0,0,0
07040,Chiapas,Huixtla,Huixtla,15.138288611111111,-92.46581777777779,53242,60.307651853799634,10.64760903046467,8.34,20.590090405774756,24.893124956198754,59.20921770770164,29.93877014387138,35.507681905262764,109.12437549303182,0.8605851979345955,3.5686112467600766,1,0,0,0,0
07041,Chiapas,La Independencia,Venustiano Carranza,16.19085638888889,-91.9287925,46409,0.0,12.22392208407852,6.01,25.162396246842295,5.386142186936124,68.99741453605286,2.2107780818375744,7.9725915231959315,24.779676355879246,0.0,0.43095089314572604,0,0,0,0,0
07042,Chiapas,Ixhuatán,Ixhuatán,17.293270833333334,-93.00838194444445,11377,0.0,11.628724619847059,7.11,7.8634445723053314,19.90794016110472,53.92401899525119,3.964138173507955,10.459699393513228,33.40072075239518,0.0,0.0,1,0,0,0,0
07043,Chiapas,Ixtacomitán,Ixtacomitán,17.430795,-93.0965725,10961,0.0,11.175987592372959,8.45,11.545693869875894,25.799172621286196,66.67897587395372,11.23985037861509,18.246510354894628,59.30115865340753,0.0,1.8246510354894627,0,0,0,0,0
07044,Chiapas,Ixtapa,Ixtapa,16.80352527777778,-92.90590277777778,28999,0.0,13.265974688782372,7.09,11.790463833927992,4.735647096983458,54.94453844707652,9.541708334770165,7.689920342080762,24.48360288285803,0.0,0.689678954446705,0,0,0,0,0
07045,Chiapas,Ixtapangajoya,La Gloria,17.44249888888889,-92.95310805555556,6284,0.0,12.73074474856779,6.98,5.348988910632746,8.349641226353555,45.884113748129145,2.482495225970719,7.161043921069383,23.870146403564608,0.0,0.0,0,0,0,0,0
07046,Chiapas,Jiquipilas,Jiquipilas,16.66772138888889,-93.65047527777779,41063,0.0,10.004139980030684,7.74,19.109692294049836,15.039460849516715,62.12030970815962,14.891751698609454,9.46107201129971,28.492803740593722,0.8547008547008547,0.48705647419818326,0,0,0,0,0
07047,Chiapas,Jitotol,Jitotol,17.067967499999998,-92.8623361111111,24966,0.0,13.638548425859168,7.24,10.659805182870796,4.815291306745084,62.997995489852165,4.4500520708163105,7.970840342866298,25.23431867339582,0.0,0.8010894816951053,0,0,0,0,0
07048,Chiapas,Juárez,Juárez,17.608151111111113,-93.19333083333333,21807,0.0,10.088503691475214,7.85,22.891368559238597,14.063012799474894,57.045860631328175,10.5791718255606,20.406291557756685,66.49241069381391,0.0,2.7514100976750586,0,0,0,0,0
07049,Chiapas,Larráinzar,Larráinzar,16.88444611111111,-92.71325833333334,31259,0.0,12.588374548130139,6.32,8.35282325425994,2.9736050785165387,48.84461333059464,3.538181003870885,6.126235644134489,16.955116926325218,1.8867924528301887,0.0,0,0,0,0,0
07050,Chiapas,La Libertad,La Libertad,17.690136388888888,-91.71906222222222,5232,0.0,8.23776758409786,7.56,19.293820933165197,9.39470365699874,61.92528735632184,8.448012232415902,10.894495412844037,36.31498470948012,0.0,0.0,0,0,0,0,0
07051,Chiapas,Mapastepec,Mapastepec,15.441134166666666,-92.89160583333334,46130,41.77541729893778,10.407543897680469,7.13,19.749510763209393,15.553816046966732,64.03657103551059,11.220463906351615,22.0247127682636,70.886624756124,0.0,4.552352048558422,0,0,0,0,0
07052,Chiapas,Las Margaritas,Las Margaritas,16.315947222222224,-91.98156833333333,141027,17.249179235181916,13.579669141370092,6.22,16.760085807210572,6.9579959864369245,76.35623236547735,4.327540116431606,6.0201238060796864,18.64891120140115,0.0,0.2127252228296709,0,0,0,0,0
07053,Chiapas,Mazapa de Madero,Mazapa de Madero,15.387965833333332,-92.18773472222223,7901,0.0,9.73294519681053,6.84,22.123893805309734,10.914454277286136,45.9881903438694,3.075560055689153,3.037590178458423,10.12530059486141,0.0,0.0,0,0,0,0,0
07054,Chiapas,Mazatán,Mazatán,14.863025277777778,-92.44947083333334,28250,0.0,11.29203539823009,7.69,17.81417967750192,23.969797798822626,62.84306502118254,20.382300884955754,23.079646017699115,73.98230088495575,0.0,1.0619469026548674,0,0,0,0,0
07055,Chiapas,Metapa,Metapa de Domínguez,14.837314166666667,-92.19094472222223,5876,0.0,11.487406398910824,8.58,21.601016518424398,12.64294790343075,53.34387708992318,30.547991831177672,31.82437031994554,100.40844111640571,0.0,1.7018379850238257,0,0,0,0,0
07056,Chiapas,Mitontic,Tzoeptic,16.8835875,-92.56843916666666,13755,0.0,13.529625590694293,4.47,2.878228782287823,0.11070110701107011,25.13641755634638,7.531806615776081,0.4362050163576881,1.4540167211922936,0.0,0.0,0,0,0,0,0
07057,Chiapas,Motozintla,Motozintla de Mendoza,15.363167222222222,-92.24774444444445,76398,36.40802115238619,11.161286944684417,7.21,18.14295176732703,19.503823688805927,60.29008019651759,10.953166313254274,13.593287782402681,41.493232807141545,0.31545741324921134,2.748763056624519,0,0,0,0,0
07058,Chiapas,Nicolás Ruíz,Nicolás Ruíz,16.437073055555555,-92.58534722222221,4765,0.0,11.332633788037775,6.22,8.770257387988561,1.8112488083889418,38.096599028293795,2.7492130115424973,16.369359916054563,54.56453305351521,0.0,0.0,0,0,0,0,0
07059,Chiapas,Ocosingo,Ocosingo,16.90803833333333,-92.09582666666667,234661,20.322081641175995,12.877299593882238,6.59,10.378163814076572,6.946519270988945,64.11302649721426,14.132727636888959,10.709065417772873,29.65980712602435,1.7241379310344827,1.619357285616272,1,0,0,0,0
07060,Chiapas,Ocotepec,Ocotepec,17.225029166666666,-93.16440527777779,14088,0.0,11.48495173197047,5.63,4.031431499829177,6.627946703108985,41.995259642318466,5.025553662691652,4.8977853492333905,16.3259511641113,0.0,1.4196479273140261,0,0,0,0,0
07061,Chiapas,Ocozocoautla de Espinosa,Ocozocoautla de Espinosa,16.761461944444445,-93.37565249999999,97397,44.40280501452817,12.387445198517408,7.51,17.80185758513932,21.797339134800435,63.38367409089022,20.470856391880652,15.477889462714458,46.716017947164694,0.21978021978021978,1.3347433699189915,0,0,0,0,0
07062,Chiapas,Ostuacán,Ostuacán,17.40559111111111,-93.33713638888888,18469,0.0,11.224213547024744,7.28,14.46400713171384,12.681078671718298,58.02127022168963,10.872272456548812,11.586983594130706,36.81845254209757,0.0,2.1657913260057393,0,0,0,0,0
07063,Chiapas,Osumacinta,Osumacinta,16.935466944444446,-93.09133722222222,3983,0.0,11.724830529751443,7.91,12.571976967370441,9.404990403071018,43.32998996990973,11.021842832036153,25.9854381119759,67.78809942254583,3.7037037037037037,2.5106703489831785,0,0,0,0,0
07064,Chiapas,Oxchuc,Oxchuc,16.786119444444445,-92.33491666666666,54932,0.0,12.242408796330007,7.15,3.0192041179964364,1.7224312017422292,39.04437050912853,10.935338236364961,4.38724240879633,14.017330517731013,0.0,0.36408650695405226,0,0,0,0,0
07065,Chiapas,Palenque,Palenque,17.509133333333335,-91.98103333333333,132265,39.161531773333834,11.929081767663403,7.81,15.566107731117377,16.584062917346788,69.50915312938072,16.095716931916986,19.57055910482743,50.42906286621555,2.548725637181409,5.519222772464371,3,1,1,0,0
07066,Chiapas,Pantelhó,Pantelhó,17.00665861111111,-92.46957972222222,26391,0.0,14.046455230949945,4.66,3.7735849056603774,0.5477784540474742,44.42588966946908,2.978288052745254,2.9555530294418553,9.851843431472851,0.0,0.3789170550566481,0,0,0,0,0
07067,Chiapas,Pantepec,Pantepec,17.188091944444444,-93.04954583333333,12266,0.0,12.57133539866297,6.46,5.5858310626703,6.539509536784741,61.79559570863918,5.111690852763737,3.9132561552258274,13.044187184086091,0.0,0.0,0,0,0,0,0
07068,Chiapas,Pichucalco,Pichucalco,17.508550833333334,-93.1177675,31919,47.75838842068987,10.987186315360757,8.45,17.325581395348838,24.3953488372093,61.99603704153019,16.60139728688242,25.56471067389329,78.9498417870234,0.7936507936507936,1.5664651148218929,1,0,0,0,0
07069,Chiapas,Pijijiapan,Pijijiapan,15.691673611111112,-93.20931694444445,51193,35.588850038091145,9.74742640595394,7.4,17.52929360562437,13.331101439571476,63.71495740539447,12.693141640458656,19.924599066278592,64.46193815560721,0.0,1.9533920653214307,0,0,0,0,0
07070,Chiapas,El Porvenir,El Porvenir de Velasco Suárez,15.456367222222221,-92.27964027777777,12263,0.0,11.22889994291772,7.34,11.735330836454432,7.157719517270079,56.01139601139601,3.74296664763924,11.171817662888364,35.880290304167005,0.0,2.446383429829569,0,0,0,0,0
07071,Chiapas,Villa Comaltitlán,Villa Comaltitlán,15.2119375,-92.57602416666666,30297,0.0,10.68752681783675,7.27,17.20276077614273,16.799062377913792,56.7062818336163,10.842657688880086,14.539393339274516,44.88893289764663,0.7352941176470589,2.310459781496518,0,0,0,0,0
07072,Chiapas,Pueblo Nuevo Solistahuacán,Pueblo Nuevo Solistahuacán,17.157568055555554,-92.89732222222223,29636,0.0,14.320421109461465,6.53,7.99630939566354,6.2125172997078275,59.22086853998821,3.3000404912943715,9.245512214873802,29.693615872587394,0.0,1.0122823592927521,0,0,0,0,0
07073,Chiapas,Rayón,Rayón,17.200503333333334,-93.01121722222223,10866,0.0,14.365912019142279,7.59,9.608985024958402,5.906821963394343,64.75995914198161,12.359653966501012,11.411743051720965,34.9714706423707,0.0,1.8406037180195105,0,0,0,0,0
07074,Chiapas,Reforma,Reforma,17.865811944444445,-93.14710805555556,44829,64.73042004059872,10.408440964554195,8.91,31.72523961661342,30.670926517571885,59.712401921298365,17.209841843449553,24.481920185594145,75.84376185058778,0.29411764705882354,2.453768765754311,0,0,0,0,0
07075,Chiapas,Las Rosas,Las Rosas,16.364131944444445,-92.36958055555554,28829,73.5162509972597,12.574144091019459,6.06,17.39310917393109,5.590148055901481,64.62177121771218,10.035034166984634,17.274272434007422,54.11217870893891,0.0,2.428110583093413,0,0,0,0,0
07076,Chiapas,Sabanilla,Sabanilla,17.283484166666668,-92.55172,29889,0.0,12.827461607949413,6.72,1.9929140832595218,0.8562149394744611,64.11530815109344,7.350530295426411,4.6505403325638195,14.386563618722606,0.0,0.6691424938940748,0,0,0,0,0
07077,Chiapas,Salto de Agua,Salto de Agua,17.557020833333333,-92.33342194444444,64251,0.0,11.806820127313193,6.52,4.70540375618686,4.725744118245305,72.12667561750101,10.502560271435463,4.9104294096589935,14.941401690246066,1.0416666666666667,0.6225584037602527,0,0,0,0,0
07078,Chiapas,San Cristóbal de las Casas,San Cristóbal de las Casas,16.737022222222222,-92.63756388888889,215874,85.00745805423534,12.999249562244643,9.4,33.106748186685905,34.08081114950822,69.21589998976292,21.908150124609726,42.07083761824027,106.03407543289141,2.9707295762341634,12.599942559085392,6,10,5,1,1
07079,Chiapas,San Fernando,San Fernando,16.871711944444446,-93.20628472222222,41793,0.0,12.514057378029813,7.28,17.76378553711124,23.068116771608473,61.36857691944173,13.832459981336587,8.733519967458665,27.516569760486206,0.0,0.47854903931280357,2,0,0,0,0
07080,Chiapas,Siltepec,Siltepec,15.557185,-92.32285999999999,25937,0.0,11.489378108493657,6.78,17.306953515174797,6.242796772954284,50.64235166031573,2.3634190538612794,9.021860662374214,30.072868874580713,0.0,1.927748004780815,0,0,0,0,0
07081,Chiapas,Simojovel,Simojovel de Allende,17.14082611111111,-92.71520833333334,52935,0.0,13.167091716255785,6.07,6.075594960335978,4.190387307512832,59.75269246110889,3.1548125059034664,8.160952111079625,26.258619061112686,0.0,1.7001983564749221,0,0,0,0,0
07082,Chiapas,Sitalá,Sitalá,17.02505083333333,-92.30774277777778,15518,0.0,12.836705761051682,4.52,3.849736106799131,3.0735796336541448,37.62145355616013,4.755767495811316,4.059801520814538,13.53267173604846,0.0,0.0,0,0,0,0,0
07083,Chiapas,Socoltenango,Socoltenango,16.242949444444445,-92.35031583333333,19092,0.0,11.051749423842447,6.35,24.659158269116777,13.278008298755188,54.70494417862839,18.594175570919756,6.756756756756757,22.52252252252252,0.0,0.5237795935470354,0,0,0,0,0
07084,Chiapas,Solosuchiapa,Solosuchiapa,17.428655555555558,-93.03117944444445,8561,0.0,11.634154888447611,7.09,6.85131195335277,13.848396501457726,56.24002553463134,2.9202196005139585,10.746408129891368,33.874547365961924,0.0,1.1680878402055834,0,0,0,0,0
07085,Chiapas,Soyaló,Soyaló,16.8909925,-92.92529,10890,0.0,12.451790633608816,6.9,10.011686793922868,10.829762368523568,53.46683354192741,9.944903581267218,11.845730027548209,39.48576675849403,0.0,1.8365472910927456,0,0,0,0,0
07086,Chiapas,Suchiapa,Suchiapa,16.621958055555556,-93.10479388888888,25627,76.36867366449448,12.564872985523081,8.67,18.0289217227287,27.318453316567116,55.58349584316945,18.933156436570805,20.505716626994968,62.824364927615406,0.6211180124223602,0.39021344675537517,0,0,0,0,0
07087,Chiapas,Suchiate,Ciudad Hidalgo,14.679452222222222,-92.15094222222223,41672,41.95862929545018,12.864753311576118,6.78,15.496784711529752,25.378136038402317,67.34614385873799,13.095123824150509,23.56498368208869,70.55096947590708,0.6802721088435374,4.319447110769821,2,1,1,0,0
07088,Chiapas,Sunuapa,Sunuapa,17.48937777777778,-93.24316944444445,2308,0.0,9.358752166377815,7.69,10.87344028520499,29.768270944741534,49.73451327433628,5.1993067590987865,14.298093587521663,47.66031195840554,0.0,0.0,0,0,0,0,0
07089,Chiapas,Tapachula,Tapachula de Córdova y Ordóñez,14.911071388888889,-92.26432,353706,61.505883417301376,11.666468762192329,9.33,26.74330378023303,33.028447890573844,61.03544635676962,35.72571570739541,31.03000797272311,80.74502552967719,2.7661064425770308,4.466986706473738,15,14,4,0,0
07090,Chiapas,Tapalapa,Tapalapa,17.190048055555557,-93.10460472222222,4547,0.0,11.392126676929843,7.07,7.363636363636363,5.363636363636363,43.4531059683313,5.278205410160545,5.9379810864306135,19.793270288102047,0.0,0.0,0,0,0,0,0
07091,Chiapas,Tapilula,Tapilula,17.24840277777778,-93.01625833333334,13592,0.0,12.132136550912302,8.48,11.592945938132408,11.56403584851113,53.580198408800705,9.358446144791053,25.603296056503826,81.6656856974691,0.0,5.150088287227781,0,0,0,0,0
07092,Chiapas,Tecpatán,Tecpatán,17.13699527777778,-93.31146777777778,21426,0.0,10.389246709605153,6.86,10.106933425319076,12.383580545015523,55.647571606475715,5.778026696536918,13.604965929244843,41.07159525809764,1.1363636363636365,3.267058713712312,0,0,0,0,0
07093,Chiapas,Tenejapa,Tzajalchén,16.840791944444444,-92.4600475,48162,0.0,12.50778622150243,5.86,5.0727786226374105,1.1622854660004345,46.611632505728366,10.304804617748433,2.034799219301524,6.436609775341555,0.0,0.0,0,0,0,0,0
07094,Chiapas,Teopisca,Teopisca,16.54151388888889,-92.47259722222222,49499,40.493747348431285,13.246732257217317,5.59,19.42555476020043,5.511811023622047,64.30852580553179,3.0061213357845613,17.374088365421525,48.48582799652518,1.6666666666666667,1.0101214165942747,0,0,0,0,0
07096,Chiapas,Tila,Tila,17.300634722222224,-92.42586472222223,83505,0.0,10.824501526854679,6.47,2.800933644548183,1.5783038790708013,74.3301912621739,4.969762289683253,6.035566732530986,18.921022693251903,0.0,0.7185198491108317,0,0,0,0,0
07097,Chiapas,Tonalá,Tonalá,16.091355555555555,-93.75178333333334,91913,41.43809907194847,10.680752450687063,8.47,22.689404310243674,25.78714749481754,62.86539911215345,23.845375518153038,26.39996518446792,79.74932816902941,0.6821282401091405,6.8543078781021185,2,3,3,0,0
07098,Chiapas,Totolapa,Totolapa,16.544732500000002,-92.68037611111112,7211,0.0,11.35764803772015,5.87,6.628242074927954,4.322766570605188,46.838586437440306,17.445569269172097,15.809180418804605,52.697268062682014,0.0,1.3867702121758425,0,0,0,0,0
07099,Chiapas,La Trinitaria,La Trinitaria,16.119059444444446,-92.05046944444445,83111,0.0,11.316191599186629,6.34,29.463087248322147,14.11313518696069,63.1922607970224,4.421797355344058,7.0387794636089085,22.259388047310225,0.0,0.4812840658877886,0,0,0,0,0
07100,Chiapas,Tumbalá,Joshil,17.2469875,-92.36271749999999,38025,0.0,11.713346482577252,6.17,3.916154135810217,9.175348311786118,43.72603759538433,5.593688362919132,2.366863905325444,7.889546351084813,0.0,0.0,0,0,0,0,0
07101,Chiapas,Tuxtla Gutiérrez,Tuxtla Gutiérrez,16.753972222222224,-93.11519166666666,604147,95.80946359081481,12.43737037509083,11.04,40.728614332745515,58.69781102731852,63.678853022927576,42.53865367203677,37.13500191178637,90.45811698146312,3.586459286367795,2.7476756484762817,49,48,8,3,1
07102,Chiapas,Tuxtla Chico,Tuxtla Chico,14.940189722222222,-92.16896972222223,41024,0.0,11.159321372854913,8.54,23.861926260346124,15.095936794582393,56.934582978320556,23.386310452418098,10.896060842433698,35.101404056162245,0.0,0.2437597503900156,0,0,0,0,0
07103,Chiapas,Tuzantán,Tuzantán,15.146063333333332,-92.42162055555556,30302,0.0,10.685763315952743,7.49,12.673498508237126,10.066156440524063,60.08185178665728,15.810837568477329,5.0491716718368425,16.830572239456142,0.0,0.0,0,0,0,0,0
07104,Chiapas,Tzimol,Tzimol,16.18423138888889,-92.18793666666667,16560,0.0,11.05072463768116,6.45,25.037481259370313,15.956307560505461,59.58557295318221,10.917874396135266,16.666666666666668,52.53623188405797,0.0,1.2077294685990339,0,0,0,0,0
07105,Chiapas,Unión Juárez,Santo Domingo,15.030538333333334,-92.10522305555556,16008,0.0,11.169415292353824,8.13,14.608739837398375,19.588414634146343,51.28663040831236,18.484507746126937,22.519990004997503,63.093453273363316,0.9900990099009901,6.246876561719141,0,0,0,0,0
07106,Chiapas,Venustiano Carranza,Venustiano Carranza,16.33961722222222,-92.56513527777777,67292,23.990964750639005,11.4709029305118,6.59,16.496285123736104,5.860007820792134,64.74821543189465,17.297747131902753,13.107055816441775,42.20412530464245,0.0,1.33745467514712,0,0,0,0,0
07107,Chiapas,Villa Corzo,Villa Corzo,16.18475111111111,-93.26768361111111,65643,0.0,11.734686105144494,7.35,21.914387633769323,21.57550535077289,62.990285737511684,8.363420318998218,17.168624224974483,55.451457124141186,0.0,1.0663741754642535,0,0,0,0,0
07108,Chiapas,Villaflores,Villaflores,16.235485833333335,-93.2677075,109536,34.277315220566756,11.62996640373941,8.07,22.962077212162622,20.785787495729416,62.9137975911597,15.451541045866199,26.991126205083262,77.41747005550687,1.2971698113207548,2.00847210049664,3,2,2,0,0
07109,Chiapas,Yajalón,Yajalón,17.173910000000003,-92.33394416666667,40285,46.98026560754624,12.600223408216458,6.91,12.448559670781894,13.431641518061271,65.86902630491667,7.01750031028919,16.656323693682513,48.90157626908279,1.015228426395939,1.9858508129576766,0,0,0,0,0
07110,Chiapas,San Lucas,San Lucas,16.61163666666667,-92.71934222222222,7526,0.0,11.506776508105235,5.98,5.133806663025669,2.8399781540142,56.91677527462298,5.155461068296572,19.133669944193464,63.77889981397821,0.0,0.0,0,0,0,0,0
07111,Chiapas,Zinacantán,Zinacantán,16.76011888888889,-92.72358055555556,45373,0.0,13.988495360677055,4.57,15.830411919368975,5.25854513584575,46.66127074059085,1.2849051197848942,4.297710091904877,13.223723359707314,0.0,0.22039538932845526,1,0,0,0,0
07112,Chiapas,San Juan Cancuc,San Juan Cancuc,16.892243333333333,-92.37195249999999,37948,0.0,11.816169495098556,5.4,1.3649425287356323,0.632183908045977,36.56840702806229,4.843470011594814,1.4229998945926003,4.7433329819753345,0.0,0.0,0,0,0,0,0
07113,Chiapas,Aldama,Aldama,16.917817777777778,-92.68819194444445,8480,0.0,13.785377358490566,5.79,5.202661826981246,1.02843315184513,43.68197749492713,0.24764150943396226,0.7075471698113207,2.358490566037736,0.0,0.0,0,0,0,0,0
07114,Chiapas,Benemérito de las Américas,Benemérito de las Américas,16.515828055555556,-90.65330194444445,23603,0.0,13.078845909418295,6.6,20.22656678238626,6.4863877215421155,63.0115972264834,9.723340253357623,12.307757488454858,34.317671482438676,1.2345679012345678,2.1183747828665846,0,0,0,0,0
07115,Chiapas,Maravilla Tenejapa,Maravilla Tenejapa,16.140396666666668,-91.2951036111111,14714,0.0,12.940057088487155,5.68,11.58929176550322,11.724839037614368,43.68676649129907,12.919668343074623,5.301073807258393,17.670246024194643,0.0,0.6796248470844094,0,0,0,0,0
07116,Chiapas,Marqués de Comillas,Zamora Pico de Oro,16.333133333333333,-90.76528333333333,12892,0.0,12.721067328575861,6.21,17.431826026924405,3.5554021401449774,54.564947522852954,10.417313062364256,5.1194539249146755,17.064846416382252,0.0,0.7756748371082842,0,0,0,0,0
07117,Chiapas,Montecristo de Guerrero,Montecristo de Guerrero,15.6939175,-92.61926,8412,0.0,12.291963861150737,6.39,26.571897211591033,16.949152542372882,53.30172705722993,2.0803613884926295,11.055634807417974,36.852116024726584,0.0,1.1887779362815025,0,0,0,0,0
07118,Chiapas,San Andrés Duraznal,San Andrés Duraznal,17.1319975,-92.8049875,6047,0.0,14.238465354721349,4.99,2.517162471395881,1.7543859649122806,42.358845671267254,18.372746816603275,1.488341326277493,4.96113775425831,0.0,0.0,0,0,0,0,0
07119,Chiapas,Santiago el Pinar,Santiago el Pinar,16.941438055555555,-92.71459583333333,4959,0.0,15.2046783625731,5.67,9.440175631174533,0.7683863885839737,41.80844360428481,1.8955434563420044,1.2099213551119177,4.033071183706393,0.0,0.0,0,0,0,0,0
07120,Chiapas,Capitán Luis Ángel Vidal,Capitán Luis Ángel Vidal,15.601127777777778,-92.6290975,4315,0.0,14.159907300115876,6.32,25.341614906832298,8.944099378881987,48.55861627162076,0.48667439165701043,3.4762456546929315,11.587485515643106,0.0,0.0,0,0,0,0,0
07121,Chiapas,Rincón Chamula San Pedro,Rincón Chamula,17.209470833333334,-92.93757027777778,8718,0.0,13.099334709795825,5.36,5.901461829994586,2.490525175961018,50.62849162011173,0.14911676990135353,0.6882312456985548,2.2941041523285155,0.0,0.0,0,0,0,0,0
07122,Chiapas,El Parral,El Parral,16.36622777777778,-93.00671111111112,15587,0.0,11.169564380573554,7.09,19.62485345838218,7.057444314185228,56.25415834996673,8.295374350420222,31.949701674472315,106.4990055815744,0.0,1.9246808237633926,0,0,0,0,0
07123,Chiapas,Emiliano Zapata,20 de Noviembre,16.539171666666668,-92.89672444444444,10783,0.0,11.19354539553,7.47,16.51990137372314,18.316308559351885,58.3799214939931,21.533895947324492,19.011406844106464,60.28007048131318,0.0,0.9273856997125104,0,0,0,0,0
07124,Chiapas,Mezcalapa,Raudales Malpaso,17.1892225,-93.60477333333333,23847,0.0,12.416656183167694,6.89,14.718540196247202,10.93131347908418,58.69438621010948,11.422820480563592,12.706000754811926,40.256636054849665,0.0,1.677359835618736,0,0,0,0,0
07125,Chiapas,Honduras de la Sierra,La Soledad,15.576458055555555,-92.48696722222222,11650,0.0,12.351931330472103,6.17,17.66211604095563,5.247440273037543,63.75524895020996,1.184549356223176,0.0,0.0,0.0,0.0,0,0,0,0,0
08001,Chihuahua,Ahumada,Miguel Ahumada,30.61773388888889,-106.51241527777778,14635,0.0,11.950802869832593,7.78,71.54009936124912,44.07381121362668,63.09710801071792,47.844209087803215,35.667919371370004,50.563717116501536,16.216216216216218,4.7830543218312265,0,0,0,0,0
08002,Chihuahua,Aldama,Juan Aldama,28.838380555555556,-105.9112925,26047,86.64337543671056,10.891849349253272,9.41,71.27943675649429,39.32993445010925,60.792396101062025,51.153683725573,17.60279494759473,42.99919376511691,2.6785714285714284,0.767842745805659,1,2,1,0,0
08003,Chihuahua,Allende,Valle de Ignacio Allende,26.939425833333335,-105.39507666666667,8487,0.0,9.956403911865205,9.13,69.1551347414421,39.912600145666424,53.880361497633054,40.438317426652524,15.553199010250973,51.84399670083658,0.0,3.5348179568752207,0,0,0,0,0
08004,Chihuahua,Aquiles Serdán,Santa Eulalia,28.594503333333332,-105.88747388888889,24344,82.32829444627014,11.50591521524811,9.15,47.39509997183892,32.35708251196846,63.430572982015896,56.36707196845219,7.96910943148209,25.879066710483077,0.0,0.0,0,0,0,0,0
08005,Chihuahua,Ascensión,Ascensión,31.09217611111111,-107.99594944444445,26093,57.69363430805197,11.328708849116621,7.76,76.27161428751735,37.056670453111195,59.88286969253294,26.52435519104741,17.47595140459127,48.67205763998007,1.5748031496062993,5.748668225194496,0,0,0,0,0
08006,Chihuahua,Bachíniva,Bachíniva,28.764731666666666,-107.25436222222223,5807,0.0,8.593077320475288,6.88,76.77322677322677,32.76723276723277,58.15527818912629,26.62304115722404,3.960737041501636,10.332357499569484,0.0,3.4441191665231616,0,0,0,0,0
08007,Chihuahua,Balleza,Mariano Balleza,26.9541075,-106.34692333333332,16440,0.0,10.97323600973236,5.38,37.29717199814557,12.216040797403801,39.43850267379679,11.228710462287104,6.204379562043796,20.68126520681265,0.0,3.0413625304136254,0,0,0,0,0
08008,Chihuahua,Batopilas de Manuel Gómez Morín,Batopilas de Manuel Gómez Morín,27.02665222222222,-107.73971,11270,0.0,10.78083407275954,3.59,11.300035423308538,0.7438894792773645,37.53898128898129,8.615794143744454,2.129547471162378,7.09849157054126,0.0,5.323868677905945,0,0,0,0,0
08009,Chihuahua,Bocoyna,San Juanito,27.97,-107.60027777777778,23351,0.0,10.050961414928697,7.93,42.754872066816915,12.22325334747448,61.31354277105072,23.699199177765408,14.646053702196909,35.97276347908012,4.761904761904762,27.83606697785962,0,0,0,0,0
08010,Chihuahua,Buenaventura,San Buenaventura,29.84340861111111,-107.47131416666667,25146,0.0,11.130994989262705,7.87,76.5074092999489,23.032703117015842,58.65344898802148,33.878151594687026,15.370237811182694,46.92595243776346,0.847457627118644,4.374453193350831,0,0,0,0,0
08011,Chihuahua,Camargo,Santa Rosalía de Camargo,27.6949625,-105.17162027777778,49499,84.88858360774965,10.818400371724682,9.49,70.59086268504339,47.54338948443083,61.3076071644194,49.673730782440046,24.010586072445907,61.01133356229419,2.980132450331126,1.8182185498696943,0,0,0,0,0
08012,Chihuahua,Carichí,Carichí,27.916531944444444,-107.05681027777777,8113,0.0,9.885369160606434,4.63,41.52466367713004,16.905829596412556,39.2430613961312,8.184395414766424,1.4791076050782694,4.930358683594232,0.0,1.232589670898558,0,0,0,0,0
08013,Chihuahua,Casas Grandes,Casas Grandes,30.37570361111111,-107.94880527777778,11815,0.0,10.520524756665257,8.5,78.69471413160734,34.22330097087379,55.278560589637976,45.95006347862886,8.802369868810834,27.930596699111298,0.0,2.5391451544646637,0,0,0,0,0
08014,Chihuahua,Coronado,José Esteban Coronado,26.737615,-105.15831194444445,2034,0.0,7.817109144542773,8.0,73.55126300148588,19.167904903417533,49.725106902871104,15.978367748279252,4.424778761061947,14.749262536873156,0.0,0.0,0,0,0,0,0
08015,Chihuahua,Coyame del Sotol,Santiago de Coyame,29.46204277777778,-105.0943575,1230,0.0,6.341463414634147,6.97,75.95505617977528,14.157303370786517,49.84771573604061,9.43089430894309,11.382113821138212,24.390243902439025,0.0,0.0,0,0,0,0,0
08016,Chihuahua,La Cruz,La Cruz,27.86388888888889,-105.19638888888889,3704,0.0,10.475161987041037,8.45,75.38593481989709,41.509433962264154,41.309405117979395,25.56695464362851,7.2894168466522675,24.29805615550756,0.0,0.0,0,0,0,0,0
08017,Chihuahua,Cuauhtémoc,Cuauhtémoc,28.406311666666664,-106.86604444444444,180638,75.05951128776891,11.888417719416735,9.4,77.13392135502689,49.63629335488632,61.72549184286224,54.86774654280938,22.10221548068513,42.62668984377595,8.181818181818182,2.1036548234590726,2,5,4,0,0
08018,Chihuahua,Cusihuiriachi,Los Álamos de Cerro Prieto,28.18762166666667,-107.10246527777777,5099,0.0,10.060796234555795,6.64,81.82352941176471,22.41176470588235,48.6708554857419,34.16356148264366,0.588350656991567,1.9611688566385566,0.0,0.0,0,0,0,0,0
08019,Chihuahua,Chihuahua,Chihuahua,28.63679388888889,-106.07630666666667,937674,98.72962244874019,12.00001279762476,11.42,73.29031271402259,69.86262658501393,63.68472783437603,66.86204373801556,25.064681328478766,46.07144913903979,7.847222222222222,1.1411215411752913,93,74,8,4,1
08020,Chihuahua,Chínipas,Chínipas de Almada,27.392810277777777,-108.53622916666666,6222,0.0,8.052073288331727,7.14,34.30330162283156,9.513150531617235,49.9894358757659,13.580842172934748,5.303760848601736,17.67920282867245,0.0,4.821600771456123,0,0,0,0,0
08021,Chihuahua,Delicias,Delicias,28.192948055555554,-105.47104666666667,150506,85.41054841667442,11.071319415837243,10.2,69.7623691772059,59.04486251808972,61.89486410838205,68.01057765138931,20.208496671229053,42.058123928614144,6.477093206951027,0.863752940082123,17,8,5,0,0
08022,Chihuahua,Dr. Belisario Domínguez,Tutuaca (Santa Bárbara de Tutuaca),28.02824638888889,-106.53664777777777,2456,0.0,6.596091205211726,6.63,76.93110647181628,39.561586638830896,41.437237517498836,6.758957654723127,7.328990228013029,24.429967426710096,0.0,0.0,0,0,0,0,0
08023,Chihuahua,Galeana,Abdenago C. García (Lagunitas),29.992740555555557,-107.55330194444444,6656,0.0,11.343149038461538,7.36,75.45304777594728,21.197144426139484,54.87779402548569,10.381610576923077,0.45072115384615385,1.5024038461538463,0.0,1.5024038461538463,0,0,0,0,0
08024,Chihuahua,Santa Isabel,Santa Isabel,28.34334583333333,-106.36805444444444,3791,0.0,10.076496966499604,7.92,79.2248062015504,35.736434108527135,49.32707355242567,16.407280400949617,41.15009232392509,84.41044579266685,6.25,5.275652862041678,0,0,0,0,0
08025,Chihuahua,Gómez Farías,Valentín Gómez Farías,29.357019166666667,-107.738655,7023,0.0,7.831411077886943,8.0,76.81443703413103,17.26167124362495,53.603210608968766,40.153780435711234,12.4590630784565,28.47785846504343,5.0,4.271678769756514,0,0,0,0,0
08026,Chihuahua,Gran Morelos,San Nicolás de Carretas,28.247824444444447,-106.51012333333334,2448,0.0,8.660130718954248,6.9,75.46549835706462,52.68346111719606,42.435775451950526,21.568627450980394,3.676470588235294,12.254901960784315,0.0,0.0,0,0,0,0,0
08027,Chihuahua,Guachochi,Guachochi,26.8191525,-107.06936166666667,50180,34.69509764846553,11.26943005181347,6.71,32.23728060431015,9.501592238761758,69.58189282627485,23.43762455161419,8.250298923874054,22.518931845356715,1.7699115044247788,3.587086488640893,0,0,0,0,0
08028,Chihuahua,Guadalupe,Guadalupe,31.390106944444444,-106.1017536111111,4237,0.0,10.762331838565023,7.95,72.65395894428153,36.21700879765396,51.31964809384164,46.778380929903236,12.744866650932263,42.48288883644088,0.0,0.0,0,0,0,0,0
08029,Chihuahua,Guadalupe y Calvo,Guadalupe y Calvo,26.094515833333332,-106.96436944444444,50514,0.0,11.547293819535179,5.86,32.116848048441206,8.869977906881598,62.803516408966274,7.392010135803935,3.741536999643663,11.481965395731876,0.0,2.573543968008869,0,0,0,0,0
08030,Chihuahua,Guazapares,Témoris,27.276381666666666,-108.27995583333333,8196,0.0,9.346022449975598,6.52,40.324032403240324,9.000900090009,53.92274678111588,10.724743777452415,5.734504636408004,17.08150317227916,0.0,8.54075158613958,0,0,0,0,0
08031,Chihuahua,Guerrero,La Junta,28.477438333333332,-107.33240694444444,35473,0.0,9.601668874918952,7.75,67.43654822335026,23.25719120135364,60.03685851998866,29.55205367462577,9.669325966227836,27.062836523553123,2.0833333333333335,2.5371409240831055,0,0,0,0,0
08032,Chihuahua,Hidalgo del Parral,Hidalgo del Parral,26.92208777777778,-105.66714333333334,116662,97.5836176304195,11.989336716325797,10.34,64.9850338554532,60.59109005841155,58.36237494236357,59.7615333184756,26.722497471327426,65.1454629613756,3.289473684210526,2.228660574994428,8,4,3,0,0
08033,Chihuahua,Huejotitán,Huejotitán,27.05467,-106.1794563888889,824,0.0,8.009708737864077,6.95,70.8185053380783,21.708185053380785,44.74885844748859,6.674757281553398,0.0,0.0,0.0,0.0,0,0,0,0,0
08034,Chihuahua,Ignacio Zaragoza,Ignacio Zaragoza,29.64321222222222,-107.76419472222223,5196,0.0,7.775211701308699,7.47,82.47950819672131,35.24590163934426,57.68788784187543,33.06389530408006,6.158583525789068,17.321016166281755,0.0,3.849114703618168,0,0,0,0,0
08035,Chihuahua,Janos,Janos,30.8872575,-108.18984972222222,11005,0.0,10.676965015901862,6.95,82.51856435643565,23.26732673267327,56.110029211295036,17.346660608814176,14.084507042253522,45.433893684688776,0.0,2.7260336210813265,0,0,0,0,0
08036,Chihuahua,Jiménez,José Mariano Jiménez,27.13054916666667,-104.92297666666667,40859,85.87336939230035,11.148094667025624,9.55,65.10016059504692,42.008283323472234,57.2690687291706,46.31292983186079,20.88891064392178,55.556915245111234,2.202643171806167,2.202697080202648,3,0,0,0,0
08037,Chihuahua,Juárez,Juárez,31.74646527777778,-106.48501861111112,1512450,99.2793811365665,12.63770703163741,10.18,66.89924619314188,63.65062342586083,64.7455468849225,69.18205560514397,19.872723065225298,40.05421666831961,6.058104985143612,0.747132136599557,117,72,7,7,1
08038,Chihuahua,Julimes,Julimes,28.423055555555557,-105.43055555555556,4980,0.0,9.397590361445783,7.93,72.71648873072361,26.512455516014235,57.4585635359116,36.265060240963855,5.421686746987952,18.072289156626507,0.0,2.0080321285140563,0,0,0,0,0
08039,Chihuahua,López,Octaviano López,27.0025,-105.03305555555555,4122,0.0,9.000485201358563,8.59,67.651632970451,53.576982892690516,46.96514423076923,24.211547792333818,9.94662785055798,29.11208151382824,0.0,0.0,0,0,0,0,0
08040,Chihuahua,Madera,Madera,29.19,-108.1413888888889,25144,0.0,9.326280623608017,7.99,73.0148959743937,17.308876031023022,55.50658561296859,44.18946866051543,11.414253897550111,35.396118358256444,0.0,3.5793827553293034,0,0,0,0,0
08041,Chihuahua,Maguarichi,Maguarichi,27.859302777777778,-107.99395583333333,1302,0.0,10.368663594470046,6.41,23.451327433628318,1.1061946902654867,36.47294589178357,12.135176651305683,4.608294930875576,15.360983102918587,0.0,7.680491551459293,0,0,0,0,0
08042,Chihuahua,Manuel Benavides,Manuel Benavides,29.10738638888889,-103.90781583333334,1178,0.0,7.385398981324278,6.43,77.61194029850746,10.23454157782516,46.69299111549852,6.8760611205432935,10.186757215619695,33.95585738539898,0.0,8.488964346349745,0,0,0,0,0
08043,Chihuahua,Matachí,Matachí,28.843228333333332,-107.75464805555555,2742,0.0,8.86214442013129,7.32,70.60606060606061,11.212121212121213,46.98848538529672,23.450036469730122,4.3763676148796495,14.587892049598834,0.0,3.6469730123997084,0,0,0,0,0
08044,Chihuahua,Matamoros,Mariano Matamoros,26.763876944444444,-105.58332999999999,4314,0.0,9.921186833565137,8.26,66.78805535324108,24.03495994173343,48.511990754117306,36.48585999072786,9.040333796940194,30.13444598980065,0.0,0.0,0,0,0,0,0
08045,Chihuahua,Meoqui,Pedro Meoqui,28.267796666666666,-105.48029111111111,44853,51.59075201212851,11.390542438632867,8.78,67.44236467442364,44.532774445327746,59.65854756145581,57.57251465899717,13.778342585780216,35.89503489175752,2.484472049689441,0.8918021091119881,4,0,0,0,0
08046,Chihuahua,Morelos,Morelos,26.670526666666667,-107.67724777777778,7266,0.0,10.211946050096339,5.45,26.07066381156317,4.122055674518201,45.63297350343474,18.579686209744015,1.6515276630883566,5.505092210294523,0.0,4.1288191577208915,0,0,0,0,0
08047,Chihuahua,Moris,Moris,28.148384166666666,-108.5232375,4447,0.0,9.26467281313245,6.41,45.01488095238095,2.306547619047619,48.55611789222983,5.869125252979536,6.071508882392624,20.238362941308747,0.0,6.746120980436249,0,0,0,0,0
08048,Chihuahua,Namiquipa,Santa Ana,29.032451944444443,-107.47117388888888,22712,0.0,9.012856639661853,7.61,84.80113636363636,23.037190082644628,59.171012901454844,22.55195491370201,15.454385346953153,42.70870024656569,2.0618556701030926,2.2014793941528707,0,0,0,0,0
08049,Chihuahua,Nonoava,Nonoava,27.472054166666666,-106.73533222222223,2757,0.0,8.487486398258977,6.82,57.38095238095238,12.261904761904763,46.00917431192661,10.155966630395357,14.871236851650345,43.52557127312296,0.0,10.88139281828074,0,0,0,0,0
08050,Chihuahua,Nuevo Casas Grandes,Nuevo Casas Grandes,30.413985555555556,-107.91210305555556,65753,94.35006767752041,11.698325551685855,9.9,78.81234473533345,54.48117714504109,60.20498084291188,60.248201602968685,21.778473985977826,47.754475080984896,5.095541401273885,1.9770961020789926,0,5,3,0,0
08051,Chihuahua,Ocampo,Basaseachi,28.201295,-108.20944805555555,8127,0.0,9.831426110495878,7.19,57.71981489272192,3.4076567101388306,55.142712379665596,24.781592223452687,11.566383659406915,34.45305770887166,0.0,18.456995201181247,0,0,0,0,0
08052,Chihuahua,Ojinaga,Manuel Ojinaga,29.564500555555558,-104.41566472222223,24534,89.94049074753403,10.00244558571778,8.61,85.42224385495254,42.29739596008761,57.95472046819652,34.41754300154887,21.378495149588325,60.7320453248553,2.0134228187919465,6.113964294448521,3,0,0,0,0
08053,Chihuahua,Praxedis G. Guerrero,Praxedis G. Guerrero,31.37206777777778,-106.00539472222222,5111,0.0,10.624144003130503,7.61,73.7030411449016,34.04889683959451,49.66936076414401,38.1334376834279,25.63099197808648,82.17569947172764,0.0,0.0,0,0,0,0,0
08054,Chihuahua,Riva Palacio,San Andrés,28.54600777777778,-106.50263222222222,7695,0.0,11.968810916179336,6.72,91.92660550458716,27.477064220183486,58.3803177857509,22.58609486679662,2.599090318388564,6.49772579597141,0.0,1.299545159194282,0,0,0,0,0
08055,Chihuahua,Rosales,Santa Cruz de Rosales,28.186944444444446,-105.55444444444444,16776,0.0,11.570100143061516,8.4,68.6842105263158,40.526315789473685,57.927499084584404,54.321649976156415,6.5569861707200765,20.863137815927516,0.0,0.0,1,0,0,0,0
08056,Chihuahua,Rosario,San Javier,27.21097111111111,-106.34955666666666,2079,0.0,8.658008658008658,6.82,70.04405286343612,34.65491923641704,37.642369020501135,5.675805675805676,7.215007215007215,24.05002405002405,0.0,0.0,0,0,0,0,0
08057,Chihuahua,San Francisco de Borja,San Francisco de Borja,27.90182111111111,-106.6849163888889,2197,0.0,6.508875739644971,6.97,65.45682102628285,19.274092615769714,47.52155172413793,17.205279927173418,13.654984069185252,45.51661356395084,0.0,4.551661356395084,0,0,0,0,0
08058,Chihuahua,San Francisco de Conchos,Boquilla de Babisas (La Boquilla de Conchos),27.550009444444445,-105.4052525,2696,0.0,10.014836795252226,8.52,75.8880516684607,30.893433799784713,43.32291201429209,19.73293768545994,4.451038575667655,14.836795252225519,0.0,14.836795252225519,0,0,0,0,0
08059,Chihuahua,San Francisco del Oro,San Francisco del Oro,26.858994444444445,-105.85008027777778,5004,0.0,8.93285371702638,9.58,60.295060936497755,42.46311738293778,46.61425310677149,62.35011990407674,16.586730615507594,41.96642685851319,0.0,0.0,0,0,0,0,0
08060,Chihuahua,Santa Bárbara,Santa Bárbara,26.8021,-105.81809972222221,11582,0.0,11.172509065791745,9.46,61.95305708490292,40.45204288611996,52.91579063848622,63.13244690036263,17.181833880158866,54.394750474874805,0.0,4.317043688482127,0,0,0,0,0
08061,Chihuahua,Satevó,San Francisco Javier de Satevó,27.95603361111111,-106.10720416666666,3414,0.0,8.46514352665495,7.0,74.38625204582651,3.436988543371522,46.35897435897436,18.570591681312244,6.151142355008787,20.50380785002929,0.0,2.9291154071470418,0,0,0,0,0
08062,Chihuahua,Saucillo,Saucillo,28.032674444444442,-105.28803222222221,29862,0.0,10.669077757685352,8.86,68.05970149253731,42.885572139303484,52.81842367808447,59.3128390596745,12.72520259862032,38.510481548456234,0.0,1.674368762976358,0,0,0,0,0
08063,Chihuahua,Temósachic,Temósachic,28.952758333333332,-107.82983944444445,5320,0.0,7.669172932330827,6.98,58.055853920515574,7.303974221267454,48.585457096095396,16.409774436090224,5.075187969924812,16.917293233082706,0.0,1.8796992481203008,0,0,0,0,0
08064,Chihuahua,El Tule,El Tule,27.0536125,-106.26625333333334,1448,0.0,9.25414364640884,6.87,71.82203389830508,40.25423728813559,34.09090909090909,6.49171270718232,16.574585635359117,55.248618784530386,0.0,0.0,0,0,0,0,0
08065,Chihuahua,Urique,San Rafael,27.489753333333333,-107.8900725,17043,0.0,10.332687907058617,5.44,22.572562121528502,3.925662977657131,37.37251092763477,10.004107258111835,2.1123041718007394,7.041013906002465,0.0,12.321774335504312,0,0,0,0,0
08066,Chihuahua,Uruachi,Uruachi,27.86792416666667,-108.21519500000001,6512,0.0,9.751228501228502,5.86,21.360255047821468,0.4782146652497343,25.575708171999185,8.277027027027026,2.3034398034398036,7.678132678132678,0.0,3.0712530712530715,0,0,0,0,0
08067,Chihuahua,Valle de Zaragoza,Valle de Zaragoza,27.457131666666665,-105.81099416666666,4775,0.0,8.69109947643979,7.12,75.21058965102286,18.351383874849578,54.10005157297576,16.209424083769633,29.63350785340314,79.58115183246073,2.6315789473684212,8.37696335078534,0,0,0,0,0
09002,Ciudad de México,Azcapotzalco,Azcapotzalco,19.484102777777778,-99.18436055555556,432205,100.0,9.969343251466318,11.91,48.12399379881939,78.93014727803947,63.38931548692277,66.76831596117583,31.44225541120533,61.3597714047732,5.467571644042232,0.4858805427979778,24,34,8,6,1
09003,Ciudad de México,Coyoacán,Coyoacán,19.35021388888889,-99.16214555555555,614447,100.0,10.38608700180813,12.51,57.138008636309046,82.45116621500964,62.59802569900182,60.25694649009597,35.985202954852085,58.01965018952001,9.256661991584853,0.3580455271162525,56,59,8,5,1
09004,Ciudad de México,Cuajimalpa de Morelos,Cuajimalpa de Morelos,19.35735027777778,-99.29979222222222,217686,97.72562314526428,11.577225912552944,11.44,55.64233238467139,76.75723078959561,65.77468587122233,48.12344385950406,37.31062172119475,48.050862251132365,13.67112810707457,0.7809413558979448,29,34,7,6,1
09005,Ciudad de México,Gustavo A. Madero,Gustavo A. Madero,19.482945277777777,-99.11347083333332,1173351,100.0,10.79131478986254,11.11,42.17136305507783,72.40169922535314,61.34025272996988,59.2347047047303,24.686133987187123,53.215107840705805,4.0839205637411915,0.48578814012175386,31,63,8,7,1
09006,Ciudad de México,Iztacalco,Iztacalco,19.395901388888888,-99.09761277777777,404695,100.0,10.431559569552379,11.52,45.27437988447163,77.33520217465171,64.13608833023463,59.654801764291626,21.61998542111961,54.46076675026872,2.4047186932849365,0.6424591358924622,6,11,5,1,1
09007,Ciudad de México,Iztapalapa,Iztapalapa,19.35900388888889,-99.09262249999999,1835486,100.0,11.394039507792487,10.42,39.075867675195546,69.21634134010093,63.50736970810075,48.14871919480726,20.436549230013195,50.85846473359099,2.8280664167113017,0.31054445525599217,40,60,8,14,1
09008,Ciudad de México,La Magdalena Contreras,La Magdalena Contreras,19.304898055555554,-99.24151555555555,247622,99.51781344145512,11.188020450525398,10.84,45.8605648489477,74.39233943808838,62.940686153787865,54.34048670958154,17.019893224350017,40.54567041700657,3.685258964143426,0.20192066940740322,15,12,5,1,1
09009,Ciudad de México,Milpa Alta,San Antonio Tecómitl,19.21753722222222,-98.99371777777777,152685,52.751088843042865,12.282804466712513,9.95,39.31457800511509,50.63427109974425,66.96521172847943,31.92913514752595,16.77964436585126,49.71018764122213,0.7905138339920948,0.19648295510364475,1,0,0,0,0
09010,Ciudad de México,Álvaro Obregón,Álvaro Obregón,19.39080611111111,-99.19541333333333,759137,99.9823483771704,10.904224138725947,11.28,49.82311697074136,77.10595658159869,64.74823338462834,56.03520840111864,30.2771436512777,38.83357022513723,11.974219810040706,0.19759279286874437,72,80,7,5,1
09011,Ciudad de México,Tláhuac,Tláhuac,19.270566388888888,-99.0048461111111,392313,89.67278677994356,11.90936828501732,10.53,38.82451956796184,67.32688081544863,63.171709137630394,46.57046796817847,15.657141109267345,43.460196322834065,1.5835777126099706,0.050979702431476905,3,5,3,1,1
09012,Ciudad de México,Tlalpan,Tlalpan,19.288275000000002,-99.16712611111112,699928,96.91053936976375,11.393600484621276,11.5,54.14693700016805,75.05857116025267,64.24007534651898,49.722400018287594,24.303214044873187,46.49049616531986,6.177012907191149,0.45718988238790276,56,43,7,5,1
09013,Ciudad de México,Xochimilco,Xochimilco,19.263461944444444,-99.10491333333333,442178,97.12853194867225,11.610708809574424,10.84,43.066098554387644,66.47255215048713,63.19524850979888,46.41705376567808,15.817159605407777,44.50696325913999,1.4227642276422765,0.2713839223118292,9,9,5,0,0
09014,Ciudad de México,Benito Juárez,Benito Juárez,19.37199222222222,-99.15785333333334,434153,100.0,7.668725080789491,14.55,67.01447859451415,91.89619035176906,70.39353105211916,66.34228025603878,66.25429284146372,85.40767885975681,13.43042071197411,1.497168049051832,49,84,8,9,1
09015,Ciudad de México,Cuauhtémoc,Cuauhtémoc,19.441646666666667,-99.15188361111112,545884,100.0,9.482234320844722,12.41,37.8788187269044,80.25917970539432,70.21672934952056,58.067648071751506,104.27581684020781,142.7409486264481,12.6411704312115,7.748899033494295,96,99,7,13,1
09016,Ciudad de México,Miguel Hidalgo,Miguel Hidalgo,19.407268888888886,-99.19075444444445,414470,100.0,8.817284725070571,13.11,56.5759529033401,85.01996429593491,68.09220511935033,56.74427582213429,73.29119115979444,84.107414288127,15.060240963855422,2.243829468960359,42,64,8,6,1
09017,Ciudad de México,Venustiano Carranza,Venustiano Carranza,19.419261944444447,-99.11370111111111,443704,100.0,10.24579449362638,11.46,40.57362559660597,75.13405220670556,64.76612204626525,57.22914375349332,41.65502226709698,90.014964931576,4.8072108162243365,0.9916520923859149,10,49,7,6,1
10001,Durango,Canatlán,Canatlán,24.527263333333334,-104.7783736111111,31454,0.0,11.384879506581038,9.23,60.265811182401464,22.14711274060495,52.89808143770744,36.345138933045085,17.295097602848603,48.6424620080117,0.0,0.6358491765753164,0,0,0,0,0
10002,Durango,Canelas,Canelas,25.122970833333333,-106.54563305555556,4321,0.0,10.113399676000926,6.44,40.55220017256256,31.061259706643657,38.14071951607768,5.693126591066883,9.025688498032864,30.08562832677621,0.0,9.257116408238833,0,0,0,0,0
10003,Durango,Coneto de Comonfort,Nogales,24.97833333333333,-104.72027777777778,4084,0.0,10.137120470127327,7.81,68.30652790917692,33.86944181646168,39.98699609882965,6.072477962781587,5.8765915768854065,19.58863858961802,0.0,4.897159647404505,0,0,0,0,0
10004,Durango,Cuencamé,Cuencamé de Ceniceros,24.870939444444446,-103.69846194444445,34955,0.0,10.919753969389214,8.63,55.72331084698576,23.84623621372738,57.33467606579389,36.48691174367043,16.678586754398513,48.92004005149478,1.1695906432748537,2.288656844514376,0,0,0,0,0
10005,Durango,Durango,Victoria de Durango,24.023988055555556,-104.67019444444445,688697,89.45414311373507,12.34519679917293,10.74,58.31512893000942,57.35297267197807,62.009238088724835,59.245067134022655,26.937100059968316,63.42411829875838,4.18956043956044,1.3648963187003864,28,32,7,3,1
10006,Durango,General Simón Bolívar,San José de Zaragoza,25.227071666666664,-103.46793277777778,10038,0.0,8.88623231719466,7.11,53.11787072243346,12.167300380228136,43.32063575463024,20.970312811316994,4.981071926678621,14.943215780035864,0.0,0.9962143853357243,0,0,0,0,0
10007,Durango,Gómez Palacio,Gómez Palacio,25.570107222222223,-103.49641694444445,372750,80.95023474178404,12.339369550637157,10.11,50.11341842148817,48.95392194086665,59.218125584009435,71.65472837022133,23.75720992622401,63.608316566063046,2.066638549135386,0.5633802816901409,18,8,5,1,1
10008,Durango,Guadalupe Victoria,Guadalupe Victoria,24.446433333333335,-104.12365999999999,36695,50.94972067039106,11.235863196620793,9.0,65.20488143665047,40.18255779343189,54.83313756650315,29.295544352091564,26.51587409728846,69.76427306172504,2.34375,2.1801335331789073,3,0,0,0,0
10009,Durango,Guanaceví,Guanaceví,25.931661944444446,-105.95443194444445,9869,0.0,10.223933529232951,6.94,60.763888888888886,14.583333333333334,51.73518419647624,26.578174080453948,9.727429324146316,27.358394974161516,0.0,3.039821663795724,0,0,0,0,0
10010,Durango,Hidalgo,Revolución (Las Víboras),26.2045125,-105.08329805555555,3843,0.0,7.8064012490242,8.42,69.957805907173,21.0126582278481,35.559157212317665,15.274525110590684,3.9032006245121,13.010668748373666,0.0,0.0,0,0,0,0,0
10011,Durango,Indé,Indé,25.91202111111111,-105.22379111111111,4748,0.0,8.403538331929234,7.5,73.05555555555556,10.347222222222221,50.48,11.562763268744735,5.475989890480202,14.743049705139006,0.0,0.0,0,0,0,0,0
10012,Durango,Lerdo,Lerdo,25.536551666666668,-103.52484944444444,163313,58.93162209989407,12.502372744362054,9.97,52.3427191197191,45.78086909847248,59.15931418559539,61.311714315455596,18.988078107682792,54.619044411651245,1.345291479820628,0.7960174633985048,1,0,0,0,0
10013,Durango,Mapimí,Bermejillo,25.889744722222222,-103.62446444444444,26932,0.0,11.20228724194267,8.04,52.54506128334535,26.22927180966114,52.54836591402738,51.46294371008466,21.405762661517898,62.37932570919352,0.5952380952380952,2.970444081390168,1,0,0,0,0
10014,Durango,Mezquital,San Francisco del Mezquital,23.473530277777776,-104.39674388888889,48583,0.0,11.92186567317786,6.3,20.86732503220266,2.5976814083297555,22.876299242910303,3.779099685075026,2.655249778729185,8.85083259576395,0.0,0.41166663236111395,0,0,0,0,0
10015,Durango,Nazas,Nazas,25.227776666666664,-104.11380305555555,12894,0.0,9.70994260896541,8.36,62.62425447316103,17.09741550695825,49.96972143722245,24.507522878858385,16.558089033659066,44.20660772452303,1.7543859649122806,3.8777726074143013,0,0,0,0,0
10016,Durango,Nombre de Dios,Nombre de Dios,23.848210833333333,-104.244705,19060,0.0,10.59286463798531,8.54,58.34592145015106,23.225075528700906,54.38358946584524,29.979013641133264,21.93074501573977,66.10703043022036,0.0,1.5739769150052465,0,0,0,0,0
10017,Durango,Ocampo,Villa las Nieves,26.400996666666664,-105.38795944444445,8003,0.0,8.609271523178808,8.63,69.61451247165533,21.390778533635675,48.41147439851943,24.165937773335,24.115956516306387,76.22141696863676,0.0,4.998125702861427,0,0,0,0,0
10018,Durango,El Oro,Santa María del Oro,25.949323888888888,-105.36486555555555,10384,0.0,9.206471494607088,8.77,71.42418661755678,31.30755064456722,56.78863745787193,25.423728813559322,30.768489984591678,90.52388289676425,1.0638297872340425,4.815100154083205,0,0,0,0,0
10019,Durango,Otáez,Otáez,24.698689166666668,-105.9940575,4924,0.0,12.327376116978067,7.2,48.04856895056375,14.48395490026019,41.75701973867111,6.031681559707555,3.655564581640942,12.185215272136475,0.0,6.092607636068237,0,0,0,0,0
10020,Durango,Pánuco de Coronado,Francisco I. Madero,24.40102444444444,-104.31926444444444,12656,0.0,10.698482932996207,8.67,66.3904998619166,22.673294669980667,52.82643312101911,20.93078381795196,18.647281921618205,56.89001264222503,0.0,0.7901390644753477,0,0,0,0,0
10021,Durango,Peñón Blanco,Peñón Blanco,24.792508611111113,-104.03426666666667,11118,0.0,10.118726389638423,8.53,62.78916060806345,15.432914738929279,50.39416401929639,16.2889008814535,12.682137075013491,42.273790250044975,0.0,3.597769382982551,0,0,0,0,0
10022,Durango,Poanas,Villa Unión,23.97509222222222,-104.04413611111111,25623,0.0,10.627170901143504,8.7,59.285193289569655,25.339168490153174,54.91689061411367,20.92651133747024,20.450376614760177,65.56609296335324,0.0,1.951371814385513,0,0,0,0,0
10023,Durango,Pueblo Nuevo,El Salto,23.778150555555555,-105.36019194444444,51269,52.035342994792174,12.440266047709143,8.67,41.17061847123197,19.175924390648316,53.63801174337744,38.606175271606624,18.00308178431411,47.982211472819834,2.4390243902439024,2.9257446020012092,1,0,0,0,0
10024,Durango,Rodeo,Rodeo,25.18071861111111,-104.56044444444444,12818,0.0,9.330628803245435,8.7,66.46499567847883,20.023048112935754,48.89206576125804,30.41816195974411,25.432984865033546,75.67483226712436,0.0,5.46107036979248,0,0,0,0,0
10025,Durango,San Bernardo,San Bernardo,26.000787222222222,-105.52325666666667,2837,0.0,7.895664434261544,7.38,68.78198567041966,18.93551688843398,41.07371112057946,11.173775114557632,4.229820232640113,14.099400775467043,0.0,0.0,0,0,0,0,0
10026,Durango,San Dimas,Tayoltita,24.102181666666667,-105.931245,17333,0.0,11.19829227485144,7.8,47.523219814241486,17.71340114993366,52.196603832372645,27.612069462874285,10.730975595684532,35.769918652281774,0.0,4.038539202676975,0,0,0,0,0
10027,Durango,San Juan de Guadalupe,San Juan de Guadalupe,24.63085277777778,-102.78205472222223,5251,0.0,10.264711483526947,7.2,57.97691785471826,8.010862186014936,48.95705521472393,15.425633212721387,14.092553799276327,43.80118072748048,0.0,3.8087983241287375,0,0,0,0,0
10028,Durango,San Juan del Río,San Juan del Río del Centauro del Norte,24.778254999999998,-104.45922555555556,12013,0.0,10.838258553233997,8.27,70.07042253521126,13.82842509603073,52.621188857205524,26.254890535253477,14.068092899359028,44.11887122284192,0.0,3.329726130025805,0,0,0,0,0
10029,Durango,San Luis del Cordero,San Luis del Cordero,25.41764861111111,-104.27778611111111,2103,0.0,9.70042796005706,7.63,67.96610169491525,30.677966101694917,47.55114693118413,10.033285782215883,24.251069900142653,80.83689966714218,0.0,0.0,0,0,0,0,0
10030,Durango,San Pedro del Gallo,San Pedro del Gallo,25.565863888888888,-104.29283416666667,1633,0.0,8.511941212492346,7.38,68.0244399185336,6.720977596741344,47.60432766615147,10.593998775260257,3.674219228413962,12.24739742804654,0.0,0.0,0,0,0,0,0
10031,Durango,Santa Clara,Santa Clara,24.475443888888886,-103.35722222222222,6727,0.0,8.815222238739409,8.08,65.32343584305409,24.072110286320253,46.78703164434091,12.145086962984985,15.46008621971161,49.05604281254645,0.0,0.0,0,0,0,0,0
10032,Durango,Santiago Papasquiaro,Santiago Papasquiaro,25.039079722222223,-105.420945,49207,61.09496616335074,11.819456581380697,8.72,62.80699166605207,33.04078471863707,57.918683702351665,28.989777877131303,22.954051252870528,61.77982807324161,1.644736842105263,3.454793017253643,0,0,0,0,0
10033,Durango,Súchil,Súchil,23.622163055555557,-103.92186972222223,6917,0.0,10.365765505276855,8.29,55.72888649811727,13.824636901559979,46.888045540796966,15.599248229001011,21.541130547925402,69.39424606043082,0.0,1.445713459592309,0,0,0,0,0
10034,Durango,Tamazula,Tamazula de Victoria,24.97031611111111,-106.96660166666668,26300,0.0,11.950570342205323,7.05,41.66803211535311,26.2493855480911,57.539766702014845,4.783269961977187,7.737642585551331,21.673003802281368,1.7543859649122806,1.520912547528517,0,0,0,0,0
10035,Durango,Tepehuanes,Santa Catarina de Tepehuanes,25.34320861111111,-105.72300194444445,11378,0.0,10.599402355422745,7.29,65.94641313742437,16.709881878421204,57.88942469440395,15.160836702408156,26.190894709087715,79.97890666197925,0.0,3.515556336790297,0,0,0,0,0
10036,Durango,Tlahualilo,Tlahualilo de Zaragoza,26.107385833333336,-103.43923583333334,21143,0.0,10.745873338693658,8.92,50.33415406260992,14.263102356665494,52.69724998448073,64.29078181904177,17.3106938466632,52.97261504989831,0.0,0.9459395544624698,0,0,0,0,0
10037,Durango,Topia,Topia,25.2090225,-106.57119583333333,9320,0.0,11.30901287553648,7.11,37.35930735930736,42.72727272727273,51.127379209370424,12.618025751072961,10.193133047210301,32.18884120171674,0.0,3.218884120171674,0,0,0,0,0
10038,Durango,Vicente Guerrero,Vicente Guerrero,23.731111111111108,-103.98777777777778,23476,76.53348100187425,10.870676435508605,9.25,61.4018544711614,35.92644978783593,58.63593655004698,33.1402283182825,37.93235644913955,106.91770318623274,1.1952191235059761,2.981768614755495,1,0,0,0,0
10039,Durango,Nuevo Ideal,Nuevo Ideal,24.888313333333333,-105.07420527777778,27981,0.0,10.435652764375826,8.19,72.9034863373267,30.75784089379459,58.360891445003595,23.315821450269826,17.15449769486437,53.60780529645116,0.0,2.859082949144062,0,0,0,0,0
11001,Guanajuato,Abasolo,Abasolo,20.4509,-101.52836055555555,92040,31.510212950890917,12.414167753150805,7.73,47.49719416386083,32.413019079685746,58.81942116437591,18.219252498913516,9.887005649717514,28.24858757062147,0.7692307692307693,0.651890482398957,0,0,0,0,0
11002,Guanajuato,Acámbaro,Acámbaro,20.03538027777778,-100.71932638888889,108697,52.068594349430064,10.738106847475091,8.34,45.60670842862351,37.42666799244307,58.339990413804124,26.697148955352954,21.44953402577808,59.61526077076644,1.6975308641975309,2.115973761925352,3,1,1,0,0
11003,Guanajuato,San Miguel de Allende,San Miguel de Allende,20.904012777777776,-100.71338138888889,174615,41.492426194771355,12.397560347049222,8.7,51.33017533619199,46.83564196394495,64.42026596329266,17.847836669243765,29.89433897431492,52.11465223491682,9.45054945054945,10.13658620393437,10,6,5,1,1
11004,Guanajuato,Apaseo el Alto,Apaseo el Alto,20.457171388888888,-100.62162638888888,63392,44.579757698132255,12.28072942958102,7.93,51.80327868852459,38.34209712341479,60.40697439216797,24.712897526501767,18.133202927814235,54.26552246340232,0.872093023255814,0.47324583543664817,0,0,0,0,0
11005,Guanajuato,Apaseo el Grande,Apaseo el Grande,20.54528416666667,-100.68821694444445,117883,39.299983882324,11.798138832571277,8.85,43.785184237461614,46.990148413510745,62.22772670976832,45.90059635401203,13.191045358533461,37.32514442285996,1.3636363636363635,0.7634688631948627,1,2,1,0,0
11006,Guanajuato,Atarjea,El Carricillo,21.315182500000002,-99.83322833333332,5296,0.0,9.950906344410877,7.23,28.626444159178433,33.95378690629011,46.01063829787234,7.043051359516617,2.8323262839879155,9.441087613293051,0.0,0.0,0,0,0,0,0
11007,Guanajuato,Celaya,Celaya,20.521523888888886,-100.81357305555555,521169,72.5566946614246,12.092814422960691,10.11,52.92358109050342,58.64035699344582,62.800712552156185,51.802390395437946,18.98616379715601,45.18687796089176,4.076433121019108,1.285571474895859,33,19,7,1,1
11008,Guanajuato,Manuel Doblado,Ciudad Manuel Doblado,20.727518055555553,-101.95279027777778,41240,39.02036857419981,11.459747817652765,7.2,56.550120718948406,32.871322543145844,59.774578518658835,17.4733268671193,18.222599418040737,51.64888457807953,0.4694835680751174,0.48496605237633367,0,0,0,0,0
11009,Guanajuato,Comonfort,Comonfort,20.7200475,-100.76120222222222,82216,29.468716551522817,12.912328500535176,8.17,34.981572481572485,36.20495495495496,58.78909038983293,22.87632577600467,10.253478641626934,30.529337355259315,0.0,0.8514157828159968,0,0,0,0,0
11010,Guanajuato,Coroneo,Coroneo,20.198611111111113,-100.36444444444444,11083,0.0,10.448434539384643,7.77,57.452920523459944,24.162144909032875,57.799976768498084,7.010737165027519,23.233781467111793,67.6712081566363,1.3333333333333333,2.7068483262654515,0,0,0,0,0
11011,Guanajuato,Cortazar,Cortazar,20.48350638888889,-100.9637288888889,97928,70.83877951147782,12.140552242463851,8.82,41.89886887636464,46.076538052260275,60.63786427552476,46.6546850747488,24.078915121313617,72.60436238869373,0.5625879043600562,0.6126950412547995,1,2,2,0,0
11012,Guanajuato,Cuerámaro,Cuerámaro,20.626478333333335,-101.67038583333334,30857,49.599766665586415,11.893573581359172,7.74,47.830882352941174,32.43872549019608,55.67855507927921,15.42275658683605,27.157533136727483,79.72259130829309,0.8130081300813008,1.2963022976958227,0,0,0,0,0
11013,Guanajuato,Doctor Mora,Doctor Mora,21.14264,-100.31894944444444,27390,0.0,13.566995253742242,8.06,58.51205442981807,29.034166543410738,56.40031031807603,16.316173786053305,8.214676889375685,25.556772544724353,0.0,0.0,0,0,0,0,0
11014,Guanajuato,Dolores Hidalgo Cuna de la Independencia Nacional,Dolores Hidalgo Cuna de la Independencia Nacional,21.159200277777778,-100.91723555555556,163038,41.15666286387223,12.906193648106576,8.07,52.28159326557848,44.81059439482599,62.27693162504902,19.859787288852907,17.52658889338682,46.3082226229468,2.251655629139073,1.594720249267042,2,3,3,0,0
11015,Guanajuato,Guanajuato,Guanajuato,21.0160975,-101.25362138888889,194500,61.0426735218509,12.64370179948586,10.46,50.794388001935175,60.640541848089015,61.59571320133287,51.319280205655524,27.077120822622106,58.76606683804627,4.986876640419948,7.300771208226221,11,9,6,1,1
11016,Guanajuato,Huanímaro,Huanímaro,20.368274444444445,-101.49686666666666,21128,0.0,11.780575539568344,7.8,47.67311988086374,33.804914370811616,53.01153869389235,8.618894358197652,14.980121166224915,41.650889814464215,1.1363636363636365,0.9466111321469141,0,0,0,0,0
11017,Guanajuato,Irapuato,Irapuato,20.67280138888889,-101.34811694444444,592953,76.24381696357047,12.622754248650399,9.66,51.356920889076164,50.99020330770041,60.846185475641114,53.27875902474564,20.825427985017363,52.73605159262201,3.2299328429804923,1.1805320151850147,31,23,8,2,1
11018,Guanajuato,Jaral del Progreso,Jaral del Progreso,20.376516666666667,-101.063975,38782,56.09818988190398,11.874065288020216,8.37,39.183510106063636,27.596557934760856,56.581986143187066,30.668867000154712,15.677376102315508,51.82816770666804,0.0,1.031406322520757,0,0,0,0,0
11019,Guanajuato,Jerécuaro,Jerécuaro,20.15003361111111,-100.51052805555555,49517,0.0,11.228466991134358,7.01,45.89389534883721,18.132267441860463,56.81261402137086,7.433810610497405,8.33047236302684,25.243855645535877,0.8,1.211705070985722,0,0,0,0,0
11020,Guanajuato,León,León de los Aldama,21.121971944444446,-101.68319972222223,1721215,91.7841757130864,12.672675987601782,9.75,54.51479818999596,59.640041573813946,66.26577716319986,57.70528376757116,27.06256917351987,63.21697173217756,3.9610329932910577,1.0864418448595905,86,75,8,10,1
11021,Guanajuato,Moroleón,Moroleón,20.13187027777778,-101.18920861111111,47261,88.67776813863439,10.004020228095047,8.7,48.672132296265154,50.199705696867774,64.2024717460797,18.681365184824696,43.31266795031844,117.22138761346565,1.8050541516245486,1.2695457142252597,1,1,1,0,0
11022,Guanajuato,Ocampo,Ocampo,21.64849222222222,-101.47801638888889,26383,0.0,12.356441648030929,7.16,53.27681773720248,17.671992174763613,58.421287349487145,9.221847401735966,13.000795967100027,38.28222719175226,0.0,0.7580639047871736,0,0,0,0,0
11023,Guanajuato,Pénjamo,Pénjamo,20.431794722222225,-101.72504388888889,154960,27.909783169850282,11.932756840474962,7.77,45.80597919402081,27.75729724270276,56.86161497229335,24.53149199793495,16.15578213732576,44.01135776974703,2.19941348973607,0.6453278265358803,0,2,2,0,0
11024,Guanajuato,Pueblo Nuevo,Pueblo Nuevo,20.52595722222222,-101.37084694444444,12403,0.0,11.271466580665967,7.77,52.819262419993905,33.099664736360864,53.14133442656554,17.882770297508667,16.64919777473192,42.731597194227206,1.8867924528301887,0.8062565508344756,0,0,0,0,0
11025,Guanajuato,Purísima del Rincón,Purísima de Bustos,21.029579166666664,-101.87809916666666,83842,62.32795019202786,13.395434269220678,7.72,49.388371507676815,32.67052605084319,68.30896326428044,31.28265070012643,24.778750506905848,72.75589799861645,1.1475409836065573,0.5963598196607905,1,0,0,0,0
11026,Guanajuato,Romita,Romita,20.871215,-101.51711722222223,65766,37.64407140467719,12.635708420764528,7.75,42.12442908282928,28.650783853845205,55.7534684738715,21.208527202505856,10.149621384910136,28.130036797129215,1.6216216216216217,0.4561627588723657,0,0,0,0,0
11027,Guanajuato,Salamanca,Salamanca,20.568680555555556,-101.19991527777778,273417,58.768108786213,11.584868534143817,9.37,54.7184911499113,57.311493777594,56.56970686536735,44.44273764981695,20.2785488832077,52.63023147792566,2.571230020847811,0.9875026059096544,8,7,5,0,0
11028,Guanajuato,Salvatierra,Salvatierra,20.2161175,-100.88135999999999,94126,37.61022459256741,11.063893079489196,8.12,41.72031334832855,37.97409446986737,56.565907811538615,23.840384165905277,24.759365106346813,69.69381467394768,1.6768292682926829,1.487367996090347,2,1,1,0,0
11029,Guanajuato,San Diego de la Unión,San Diego de la Unión,21.466386666666665,-100.87331638888888,41054,0.0,13.479807083353633,7.13,47.998032464338415,24.899163797343828,54.39504280056216,10.337604131144346,8.53753592828957,25.81965216544064,0.9433962264150944,0.7307448726068105,0,0,0,0,0
11030,Guanajuato,San Felipe,San Felipe,21.47933583333333,-101.21594472222222,119793,27.406442780462964,12.835474526892222,7.69,47.95469972491158,23.579007538137258,58.234725096733555,22.15822293456212,13.231157079295118,35.895252644144485,1.3953488372093024,0.7512959855751171,0,0,0,0,0
11031,Guanajuato,San Francisco del Rincón,San Francisco del Rincón,21.018681388888886,-101.85851805555555,130871,60.954680563302794,12.997531920746384,8.2,53.81080997174878,43.15606469839496,68.2148414657112,31.848155817560805,34.90842126980003,94.90261402449741,1.6908212560386473,1.0697557136416778,11,2,2,0,0
11032,Guanajuato,San José Iturbide,San José Iturbide,21.000821944444443,-100.38572027777778,89558,30.810201210388797,12.655485830411576,9.1,65.61716723099248,41.09757706345368,62.172158215307846,39.719511378101345,22.343062596306304,57.72795283503428,1.9342359767891684,2.791487080997789,2,0,0,0,0
11033,Guanajuato,San Luis de la Paz,San Luis de la Paz,21.298816111111112,-100.51512555555556,128536,40.37312503889961,13.234424597000062,8.23,52.66241032054236,36.09557032844073,57.643528130074614,25.2450675297193,16.26392605962532,43.64536005477065,1.6042780748663101,1.3225866683263832,3,3,2,0,0
11034,Guanajuato,Santa Catarina,Santa Catarina,21.1398775,-100.06691305555555,5723,0.0,12.07408701729862,7.69,42.064516129032256,25.806451612903224,50.81291504465308,5.0323257033024635,26.384763236065,82.12475974139437,0.0,5.242005940940066,0,0,0,0,0
11035,Guanajuato,Santa Cruz de Juventino Rosas,Juventino Rosas,20.643200277777776,-100.99403722222222,82340,53.43453971338353,12.195773621569103,7.92,40.3119530526099,35.85401008957068,57.1581549896852,25.717755647316007,16.57760505222249,46.757347583191645,0.5194805194805194,0.8501335924216663,1,0,0,0,0
11036,Guanajuato,Santiago Maravatío,Santiago Maravatío,20.172406944444447,-100.99522555555555,6714,0.0,10.2025618111409,7.54,45.5044955044955,41.158841158841156,51.85589519650655,12.094131665177242,24.05421507298183,71.49240393208221,2.0833333333333335,0.0,0,0,0,0,0
11037,Guanajuato,Silao de la Victoria,Silao de la Victoria,20.94445027777778,-101.42621611111112,203556,40.94794552850321,12.695769223211302,8.68,45.281318398352,36.29243380112442,59.714998492903824,47.277407691249586,15.420817858476292,38.466073218180746,3.5759897828863347,1.9650612116567432,3,10,7,1,1
11038,Guanajuato,Tarandacuao,Tarandacuao,20.003968055555557,-100.5163286111111,11304,0.0,10.35031847133758,8.05,50.580119159611165,35.183443085606775,53.16749585406302,11.597664543524417,20.08138711960368,56.617126680820945,0.0,1.7692852087756545,0,0,0,0,0
11039,Guanajuato,Tarimoro,Tarimoro,20.288540555555556,-100.75594194444444,35905,0.0,10.906558975073109,7.57,44.707151967036204,32.29667418816835,56.76322636600173,17.03662442556747,17.74126166272107,49.85378081047208,2.2346368715083798,0.8355382258738338,0,0,0,0,0
11040,Guanajuato,Tierra Blanca,Tierra Blanca,21.100002500000002,-100.1591538888889,20007,0.0,14.010096466236817,7.97,39.39641109298532,26.99836867862969,55.42743538767396,12.245714000099966,9.84655370620283,29.48967861248563,0.0,0.0,0,0,0,0,0
11041,Guanajuato,Uriangato,Uriangato,20.141011666666667,-101.17805111111112,61494,84.81477867759456,11.765375483787036,8.01,41.596541786743515,41.19884726224784,65.3488005050505,17.27810843334309,29.45815851953036,78.54424821933847,1.8633540372670807,2.2766448759228544,2,4,4,0,0
11042,Guanajuato,Valle de Santiago,Valle de Santiago,20.39132222222222,-101.18142972222223,150054,48.4245671558239,11.837071987417863,7.99,45.865855271861356,35.59465537769546,56.872529975216025,23.00505151478801,12.488837351886653,34.52090580724273,0.7722007722007722,0.4664987271249017,0,1,1,0,0
11043,Guanajuato,Victoria,Victoria,21.21217222222222,-100.21593583333333,21253,0.0,12.417070531219123,8.23,45.34819959787973,34.10711021751051,56.40194489465154,12.882887121818097,10.798475509339857,30.113395755893286,1.5625,1.4115654260574977,0,0,0,0,0
11044,Guanajuato,Villagrán,Villagrán,20.511371666666665,-100.99650277777778,65791,42.72468878722014,12.396832393488472,8.94,43.96877668008294,40.59031589218198,57.36650225176925,56.100378471219464,19.599945281269473,60.646592999042426,0.2506265664160401,0.4559894210454317,0,0,0,0,0
11045,Guanajuato,Xichú,Xichú,21.29860777777778,-100.05961222222221,11143,0.0,11.065242753298035,6.72,39.02358020591166,49.21952839588177,43.697078115682764,3.5717490801399983,14.76263124831733,43.973795207753746,2.0408163265306123,5.384546351969846,0,0,0,0,0
11046,Guanajuato,Yuriria,Yuriria,20.212743333333332,-101.13093333333333,68741,37.5976491467974,10.847965551854061,7.42,40.26597131681878,33.98174706649283,58.337442246936575,11.888101715133617,15.871168589342604,45.38775985219883,0.6410256410256411,0.8728415356192083,1,0,0,0,0
12001,Guerrero,Acapulco de Juárez,Acapulco de Juárez,16.861866944444447,-99.88655777777778,779566,84.48405907902603,11.304879894710647,9.87,27.49950876190136,47.60275807863382,61.83842982043296,46.081922505599266,36.087387084608615,83.63627967356196,4.064417177914111,4.6436093929186235,33,44,8,11,1
12002,Guerrero,Ahuacuotzingo,Ahuacuotzingo,17.714088888888888,-98.93490777777778,25205,0.0,11.66831977782186,5.27,12.670936472217415,13.259477237320409,51.75901989434641,1.3291013687760365,6.109898829597302,17.060107121602858,0.0,0.7934933544931562,0,0,0,0,0
12003,Guerrero,Ajuchitlán del Progreso,Ajuchitlán del Progreso,18.15955472222222,-100.49605694444445,37655,0.0,11.10609480812641,6.87,22.363734484619535,13.88019427954668,58.167402145445415,8.604435001991767,18.37737352277254,59.4874518656221,0.0,0.5311379630859115,0,0,0,0,0
12004,Guerrero,Alcozauca de Guerrero,Alcozauca de Guerrero,17.463523888888886,-98.38388777777779,21225,0.0,11.797408716136632,4.6,17.65725606736008,11.441307578008916,20.041263517359134,1.2579505300353357,8.00942285041225,25.91283863368669,0.0,1.4134275618374559,0,0,0,0,0
12005,Guerrero,Alpoyeca,Alpoyeca,17.67006388888889,-98.51323888888889,7813,0.0,12.376807884295404,7.31,22.308892355694226,17.680707228289133,57.1282575370465,5.068475617560476,25.34237808780238,84.47459362600793,0.0,5.119672340970178,0,0,0,0,0
12006,Guerrero,Apaxtla,Ciudad Apaxtla de Castrejón,18.130078333333334,-99.93231361111111,11112,0.0,10.493160547156227,7.8,32.909653040192374,16.454826520096187,55.788590604026844,15.60475161987041,24.74802015838733,71.99424046076314,0.0,1.7998560115190785,0,0,0,0,0
12007,Guerrero,Arcelia,Arcelia,18.315825,-100.28395194444444,33267,67.73679622448672,10.794481017224276,8.41,30.067039106145252,28.178770949720672,62.94159770846594,16.716265368082485,26.37749120750293,78.15552950371239,0.38461538461538464,3.005981903988938,0,0,0,0,0
12008,Guerrero,Atenango del Río,Atenango del Río,18.104343055555557,-99.10780305555555,9147,0.0,10.790423089537553,6.46,23.3739837398374,12.276422764227643,53.64267129228101,6.286214059254401,15.305564666010714,49.19645785503444,0.0,1.0932546190007653,0,0,0,0,0
12009,Guerrero,Atlamajalcingo del Monte,Zilacayotitlán,17.29587111111111,-98.55016805555556,5811,0.0,12.11495439683359,5.93,6.043956043956044,3.3751962323390896,35.92281048985651,2.6329375322663915,4.130098089829634,13.766993632765445,0.0,0.0,0,0,0,0,0
12010,Guerrero,Atlixtac,Atlixtac,17.563679166666667,-98.93323222222223,28491,0.0,11.656312519743077,5.32,7.996510613550451,7.022390229717941,39.74109701187065,0.9827664876627707,2.316521006633674,7.721736688778913,0.0,0.3509880313081324,0,0,0,0,0
12011,Guerrero,Atoyac de Álvarez,Atoyac de Álvarez,17.21273888888889,-100.43312944444445,60680,36.70237310481213,10.433421226104153,8.38,20.22965214454576,21.771923899583474,65.84933903986844,16.237640079103492,17.287409360580092,52.40606460118655,0.0,2.4719841793012525,0,0,0,0,0
12012,Guerrero,Ayutla de los Libres,Ayutla de los Libres,16.965286944444443,-99.09738388888888,69123,26.36459644402008,12.324407216121985,7.23,13.404147698533132,8.333333333333334,67.71036395425953,6.8313007247949304,14.025722263211955,40.362831474328374,1.075268817204301,1.7360357623367042,0,0,0,0,0
12013,Guerrero,Azoyú,Azoyú,16.732960277777774,-98.60109083333333,15099,0.0,10.013908205841446,7.48,17.18532280538783,7.733395262424524,60.45411542100284,9.12643221405391,15.630174183720776,50.99675475197033,0.0,0.6622955162593549,0,0,0,0,0
12014,Guerrero,Benito Juárez,San Jerónimo de Juárez,17.13636972222222,-100.46866805555555,15442,0.0,9.266934334930708,9.04,29.228340240773633,26.544306295638446,60.373949249744676,21.966066571687605,23.604455381427275,73.82463411475197,0.8771929824561403,3.8855070586711564,0,0,0,0,0
12015,Guerrero,Buenavista de Cuéllar,Buenavista de Cuéllar,18.457887222222222,-99.40534222222223,12982,0.0,10.822677553535664,8.09,33.921033027067296,24.58405761112491,61.4218555118488,18.155908180557695,23.87921737790787,73.17824680326606,0.0,3.0811893390848866,0,0,0,0,0
12016,Guerrero,Coahuayutla de José María Izazaga,Coahuayutla de Guerrero,18.316395,-101.7346113888889,12408,0.0,10.96067053513862,5.57,37.478460654796095,21.76909821941413,48.65735767991407,3.3365570599613155,5.560928433268859,18.536428110896196,0.0,1.6118633139909735,0,0,0,0,0
12017,Guerrero,Cocula,Cocula,18.23586638888889,-99.66119,15579,0.0,11.432055972783875,7.48,29.614132961413297,18.758716875871688,56.7925164335075,17.266833557994737,20.47628217472238,62.905192887861865,0.0,1.9256691700365878,0,0,0,0,0
12018,Guerrero,Copala,Copala,16.60875916666667,-98.97862361111112,14463,0.0,10.14312383322962,7.67,25.719769673704416,20.561420345489445,61.183378500451674,11.574362165525825,30.145889511166423,98.1815667565512,0.0,7.605614326211713,0,0,0,0,0
12019,Guerrero,Copalillo,Copalillo,18.03415138888889,-99.04172444444444,15598,0.0,11.789973073470957,5.42,8.905486929043379,17.897155989658145,47.336010709504684,1.801513014489037,9.55250673163226,27.56763687652263,0.0,0.0,0,0,0,0,0
12020,Guerrero,Copanatoyac,Copanatoyac,17.46184472222222,-98.71346277777778,21648,0.0,13.151330376940132,5.35,5.599128540305011,5.206971677559912,39.234546310620836,1.8477457501847745,6.236141906873614,20.787139689578716,0.0,0.0,0,0,0,0,0
12021,Guerrero,Coyuca de Benítez,Coyuca de Benítez,17.009001666666666,-100.08936722222222,73056,0.0,10.717805519053876,8.09,18.650886466763342,26.046685690227815,62.564596654112286,18.941633815155498,15.043254489706527,42.843845816907574,1.2779552715654952,1.5056942619360492,0,0,0,0,0
12022,Guerrero,Coyuca de Catalán,Coyuca de Catalán,18.331019444444443,-100.69856583333333,38554,0.0,9.890024381387144,6.78,33.07548928238583,23.606710158434296,56.3004931276886,11.324376199616124,12.00913005135654,33.97831612802822,1.5267175572519085,0.5187529179851637,0,0,0,0,0
12023,Guerrero,Cuajinicuilapa,Cuajinicuilapa,16.471985555555555,-98.41674472222223,26627,0.0,9.847147632102752,7.02,30.087306917394223,15.970449966420416,47.26179650399111,7.586284598340031,28.655124497690313,92.38742629661621,0.0,3.7555864348217973,0,0,0,0,0
12024,Guerrero,Cualác,Cualác,17.742761666666667,-98.66072777777778,7874,0.0,10.807721615443231,6.81,17.503805175038053,3.65296803652968,53.467089053150296,3.7846075692151384,8.25501651003302,25.4000508001016,0.0,0.0,0,0,0,0,0
12025,Guerrero,Cuautepec,Cuautepec,16.74900277777778,-99.00154555555555,17024,0.0,10.197368421052632,7.19,10.627137970353477,4.013683010262258,50.5743458838545,7.319078947368421,11.80686090225564,39.3562030075188,0.0,1.1748120300751879,0,0,0,0,0
12026,Guerrero,Cuetzala del Progreso,Cuetzala del Progreso,18.13414138888889,-99.83148555555555,8272,0.0,9.489845261121857,6.13,20.917734601074823,8.88797023563456,48.619727047146405,5.210348162475822,5.077369439071567,16.924564796905223,0.0,0.0,0,0,0,0,0
12027,Guerrero,Cutzamala de Pinzón,Cutzamala de Pinzón,18.465244444444444,-100.57851277777777,20537,0.0,9.855382967327262,5.94,41.48816234498309,13.93138991786117,51.820816532258064,5.434094561036178,15.21643862297317,46.257973413838435,1.0526315789473684,0.48692603593514144,0,0,0,0,0
12028,Guerrero,Chilapa de Álvarez,Chilapa de Álvarez,17.59423222222222,-99.17768166666667,123722,27.305572169864696,11.308417258046266,6.56,15.116357504215852,20.128161888701516,74.86988764546896,8.591843002861253,15.930877289406896,45.82855110651299,0.7054673721340388,1.212395531918333,1,0,0,0,0
12029,Guerrero,Chilpancingo de los Bravo,Chilpancingo de los Bravo,17.551649444444447,-99.50106277777778,283354,79.66289517705768,12.684133627900083,10.66,35.20557395143488,57.25165562913907,65.56248869596672,36.137834652060675,32.321760059854455,82.82925245452685,2.0025564550489987,2.6468657580270616,12,10,6,4,1
12030,Guerrero,Florencio Villarreal,Cruz Grande,16.723880555555553,-99.12378722222222,22250,0.0,11.334831460674158,8.19,25.94914663880181,16.318355973528387,59.094744455159116,11.964044943820225,29.258426966292134,95.28089887640449,0.0,3.595505617977528,0,0,0,0,0
12031,Guerrero,General Canuto A. Neri,Acapetlahuaya,18.418484722222225,-100.07205166666667,6278,0.0,10.385473080598917,6.59,28.794503435352905,4.497189256714553,58.395882479090716,3.791016247212488,5.256451099076139,17.52150366358713,0.0,0.0,0,0,0,0,0
12032,Guerrero,General Heliodoro Castillo,Tlacotepec,17.789448055555557,-99.97831777777778,37254,0.0,12.202716486820208,6.39,17.46219281663516,8.837429111531192,59.18073601493815,1.0978686852418533,8.052826542116282,25.50061738336823,0.0,0.8052826542116283,0,0,0,0,0
12033,Guerrero,Huamuxtitlán,Huamuxtitlán,17.802174444444447,-98.56528666666667,17488,0.0,11.316331198536139,7.62,25.432900432900432,22.5974025974026,56.906666666666666,8.18847209515096,23.95928636779506,76.05215004574565,0.0,2.2872827081427265,0,0,0,0,0
12034,Guerrero,Huitzuco de los Figueroa,Ciudad de Huitzuco,18.30598,-99.33430305555555,36593,47.95999234826333,10.45828437132785,7.47,29.674294938752254,22.704396543538124,57.04965439413176,12.49419287841937,21.397535047686716,64.49320908370453,0.0,2.459486787090427,0,0,0,0,0
12035,Guerrero,Iguala de la Independencia,Iguala de la Independencia,18.344549166666667,-99.53836833333334,154173,86.17202752751778,11.553255109519824,10.03,35.091197462331486,50.21691468022578,63.764817994364435,38.120163712193445,33.650509492583005,94.76367457336887,1.3689253935660506,3.567421014055639,6,3,3,1,1
12036,Guerrero,Igualapa,Igualapa,16.743713333333336,-98.4766175,11739,0.0,11.738648947951274,7.35,13.538563389606091,6.190003310162198,56.576989124212936,7.0960047704233755,14.055711730130335,46.85237243376778,0.0,0.851861316977596,0,0,0,0,0
12037,Guerrero,Ixcateopan de Cuauhtémoc,Ixcateopan de Cuauhtémoc,18.50245222222222,-99.79356944444444,6138,0.0,11.274030628869339,7.49,29.43620178041543,14.124629080118694,57.03351261894911,8.113391984359726,13.196480938416423,43.988269794721404,0.0,3.258390355164549,0,0,0,0,0
12038,Guerrero,Zihuatanejo de Azueta,Zihuatanejo,17.650457499999998,-101.54817555555556,126001,56.15828445805985,10.803088864374093,9.29,34.93937203886614,52.92968227200942,66.43051381136397,42.205220593487354,38.76953357513035,88.49136117967318,3.766816143497758,15.476067650256743,6,1,1,0,0
12039,Guerrero,Juan R. Escudero,Tierra Colorada,17.169004444444447,-99.52204694444444,26093,0.0,11.27505461234814,7.88,20.075545607162844,18.172915500839395,58.12370523823616,16.10776836699498,18.35741386578776,58.63641589698386,0.0,1.916222741731499,0,0,0,0,0
12040,Guerrero,Leonardo Bravo,Chichihualco,17.660801944444444,-99.67734055555556,26357,0.0,12.12201692150093,6.91,18.73539947048746,11.820588693349945,60.58121814073257,4.875365178131047,12.748036574723983,42.49345524907994,0.0,1.1382175513146413,0,0,0,0,0
12041,Guerrero,Malinaltepec,El Rincón (Santa Cruz del Rincón),16.995839166666666,-98.73610388888889,29625,0.0,11.247257383966245,7.77,6.318599822011272,3.5597745476119846,59.26527492475995,4.5738396624472575,3.7468354430379747,12.48945147679325,0.0,0.33755274261603374,0,0,0,0,0
12042,Guerrero,Mártir de Cuilapan,Apango,17.741925277777778,-99.3293411111111,18613,0.0,10.981572019556225,5.73,12.818405916187347,16.002465078060805,71.57215721572157,4.572073282114651,15.687960027937462,47.81604255090528,0.0,0.0,0,0,0,0,0
12043,Guerrero,Metlatónoc,Metlatónoc,17.195372222222222,-98.40709944444446,18859,0.0,11.432207434116338,4.86,11.491002570694087,9.562982005141388,28.54592664719247,1.0976191738692402,8.112837372076992,27.04279124025664,0.0,0.5302508086324832,0,0,0,0,0
12044,Guerrero,Mochitlán,Mochitlán,17.472357777777777,-99.37129444444444,12402,0.0,11.16755362038381,8.08,21.452650934722648,27.214220042905303,57.57607336390163,16.868247056926304,19.996774713755848,57.24883083373649,0.0,1.6126431220770843,0,0,0,0,0
12045,Guerrero,Olinalá,Olinalá,17.77833222222222,-98.74125638888889,28446,0.0,11.62553610349434,6.19,16.41164116411641,23.177317731773176,61.72912074455058,3.4697321240244676,11.565773746748224,36.20895732264642,0.0,3.8669760247486464,0,0,0,0,0
12046,Guerrero,Ometepec,Ometepec,16.685089166666668,-98.40442138888889,68207,40.47531778263228,12.913630565777707,8.36,17.569214696151835,20.273956700911253,69.0382260916882,14.337238113390121,31.463046314894367,94.85829900156875,0.6182380216383307,5.131438122186872,1,0,0,0,0
12047,Guerrero,Pedro Ascencio Alquisiras,Ixcapuzalco,18.512364166666668,-99.88701777777779,7076,0.0,11.09383832673827,5.78,28.68171021377672,4.92874109263658,33.826103870842246,1.1729790842283776,4.663651780667044,15.545505935556811,0.0,0.0,0,0,0,0,0
12048,Guerrero,Petatlán,Petatlán,17.538206666666667,-101.27455194444444,44583,52.403382455195924,12.166072269699212,7.96,31.20567375886525,38.7449892075239,60.97624945359173,20.33286230177422,28.29553865823296,81.42116950407106,0.8264462809917356,3.5888118789673196,0,0,0,0,0
12049,Guerrero,Pilcaya,Pilcaya,18.74758388888889,-99.67617472222223,12753,0.0,11.558064769073944,7.54,32.45883337984929,24.113871057772815,59.080224833929485,7.919705167411589,26.738806555320316,83.90182702109307,0.0,0.7841292244961969,0,0,0,0,0
12050,Guerrero,Pungarabato,Ciudad Altamirano,18.36227277777778,-100.66824083333334,38482,67.1742632919287,11.57684112052388,8.97,36.066216083847586,38.887256342442946,60.99885883063704,24.66607764669196,45.332882906293854,132.26963255548048,0.5893909626719057,6.496543838677823,1,0,0,0,0
12051,Guerrero,Quechultenango,Quechultenango,17.409166666666664,-99.24083333333333,36143,0.0,11.99125695155355,6.35,13.290221875348422,12.688148065559147,55.81766381766382,4.393658523088842,11.592839553993858,36.79827352461057,0.0,0.0,0,0,0,0,0
12052,Guerrero,San Luis Acatlán,San Luis Acatlán,16.808583055555555,-98.73361277777778,46270,0.0,12.23038685973633,7.18,8.703039456296016,7.070039645082122,65.32642363593042,4.938405014047979,20.985519775232333,68.51091419926519,0.0,2.3773503349902745,3,0,0,0,0
12053,Guerrero,San Marcos,San Marcos,16.797343611111113,-99.39004638888889,50124,0.0,10.890990343947012,7.43,22.673543950139695,11.934952360484276,58.07456668586689,12.736413694038784,23.781023062804245,74.61495491181869,0.5347593582887701,1.9950522703694837,1,0,0,0,0
12054,Guerrero,San Miguel Totolapan,San Miguel Totolapan,18.161266666666666,-100.39082111111112,24139,0.0,10.915945151000455,6.47,19.690380935814925,8.801530700991476,36.11743419132668,3.4177057873151333,6.006876838311446,16.570694726376402,0.0,0.8285347363188201,0,0,0,0,0
12055,Guerrero,Taxco de Alarcón,Taxco de Alarcón,18.557381944444444,-99.60459472222222,105586,47.732653950334324,11.654007160040157,8.64,25.05085537066062,35.95558075165905,64.18150433898465,23.692534995169815,21.33332070539655,53.51088212452409,3.0088495575221237,4.924895345973898,2,1,1,0,0
12056,Guerrero,Tecoanapa,Tecoanapa,16.988854444444446,-99.26087638888889,46063,0.0,11.015348544384864,7.82,13.995680345572355,14.695464362850972,62.345233628676155,8.440613941775394,6.056922041551788,19.104270238586285,0.0,0.6512819399518052,0,0,0,0,0
12057,Guerrero,Técpan de Galeana,Técpan de Galeana,17.22260861111111,-100.63237777777778,65237,25.211153179943896,10.44039425479406,7.94,28.138154891717807,29.53796216462951,64.65319157222417,15.627634624522894,29.070926008246854,87.83359136686236,0.5235602094240838,3.21903214433527,0,0,0,0,0
12058,Guerrero,Teloloapan,Teloloapan,18.37180916666667,-99.86957277777778,53817,46.72872884032926,11.022539346303212,7.92,31.076900942378245,23.18538234659377,65.00753775053752,16.24207964026237,17.522344240667447,52.213984428712116,0.0,1.6723340208484307,1,0,0,0,0
12059,Guerrero,Tepecoacuilco de Trujano,Tepecoacuilco de Trujano,18.286989722222224,-99.46669416666667,30806,0.0,10.459001493215608,7.26,25.059638759513803,22.73088719754629,59.27178587832477,15.938453548010127,6.816853859637733,22.722846198792443,0.0,0.3246120885541778,0,0,0,0,0
12060,Guerrero,Tetipac,Tetipac,18.649385277777778,-99.64898222222223,13552,0.0,11.238193624557262,6.78,29.4275013376137,7.758159443552702,54.76421502037648,4.110094451003542,14.093860684769776,45.74970484061393,0.0,1.4757969303423848,0,0,0,0,0
12061,Guerrero,Tixtla de Guerrero,Tixtla de Guerrero,17.566724166666667,-99.3982713888889,43171,57.72393504899122,11.438233999675708,9.21,23.03030303030303,31.01763907734057,65.78720622753067,25.436056612077554,24.379791989993283,72.9656482360844,0.31746031746031744,1.1581848926362603,1,0,0,0,0
12062,Guerrero,Tlacoachistlahuaca,Tlacoachistlahuaca,16.809908888888888,-98.30174888888888,22781,0.0,11.860761160616303,5.04,11.435523114355231,9.103811841038118,41.35052638136174,3.5029190992493744,7.813528817874545,24.581888415785084,0.0,0.43896229313901935,0,0,0,0,0
12063,Guerrero,Tlacoapa,Tlacoapa,17.259948333333334,-98.74821138888889,10092,0.0,11.028537455410225,7.03,5.360662199448167,9.459992116673236,43.04689617782597,2.7348394768133173,3.8644470868014267,12.881490289338089,0.0,0.0,0,0,0,0,0
12064,Guerrero,Tlalchapa,Tlalchapa,18.408674444444443,-100.47825333333334,11681,0.0,8.86054276174985,7.52,37.200467562828756,17.56282875511397,50.01108893324462,12.635904460234569,15.495248694461091,48.79719202123106,0.0,0.8560910880917729,0,0,0,0,0
12065,Guerrero,Tlalixtaquilla de Maldonado,Tlalixtaquilla,17.57448361111111,-98.36986222222221,7602,0.0,11.799526440410418,6.14,25.714285714285715,8.359788359788359,52.020837075624215,3.591160220994475,9.47119179163378,31.570639305445937,0.0,0.0,0,0,0,0,0
12066,Guerrero,Tlapa de Comonfort,Tlapa de Comonfort,17.546949444444447,-98.58213833333333,96125,61.981794538361505,13.125617685305592,8.22,18.848361414552862,23.467876319200148,63.4897128808247,10.937841352405721,21.706111833550064,63.77113133940182,0.4893964110929853,3.0169050715214563,0,0,0,0,0
12067,Guerrero,Tlapehuala,Tlapehuala,18.23976027777778,-100.54157416666666,22209,0.0,10.39218334909271,8.13,25.83617747440273,24.215017064846418,54.533655831514366,15.435183934440992,25.777837813499033,76.54554459903643,0.5882352941176471,2.2513395470304833,0,0,0,0,0
12068,Guerrero,La Unión de Isidoro Montes de Oca,Petacalco,17.980494444444442,-102.10940194444444,26349,0.0,10.239477779042847,7.09,41.03528801245459,13.764919564089258,55.77348473676449,23.856692853618732,11.992865004364493,36.81354131086569,0.0,1.8976052222095716,0,0,0,0,0
12069,Guerrero,Xalpatláhuac,Xalpatláhuac,17.470875277777775,-98.60644916666666,11966,0.0,11.098111315393615,5.09,8.597464342313788,6.537242472266244,34.1742027605902,1.7382583987965903,4.0113655356844395,13.371218452281465,0.0,0.8357011532675915,0,0,0,0,0
12070,Guerrero,Xochihuehuetlán,Xochihuehuetlán,17.905640277777778,-98.4876613888889,7862,0.0,11.472907657084711,6.35,21.981271562345984,11.680630852636767,46.766250820748525,2.7855507504451795,35.868735690663954,119.56245230221317,0.0,3.8158229458153143,0,0,0,0,0
12071,Guerrero,Xochistlahuaca,Xochistlahuaca,16.79242361111111,-98.24246666666667,29891,0.0,11.103676691980864,5.19,7.8599221789883265,5.265888456549935,66.15213523131672,3.1113044060084976,10.304104914522766,33.789434946974005,0.0,1.0036465825833862,0,0,0,0,0
12072,Guerrero,Zapotitlán Tablas,Zapotitlán Tablas,17.422887222222222,-98.78170888888889,12004,0.0,13.22059313562146,6.33,6.439894319682959,4.062087186261559,48.87680302672027,1.8993668777074308,4.998333888703765,16.661112962345886,0.0,1.6661112962345885,0,0,0,0,0
12073,Guerrero,Zirándaro,Zirándaro de los Chávez,18.4791325,-100.97585611111111,18031,0.0,9.855249292884476,5.53,37.53016894609815,22.103781174577634,56.1317125711648,3.8267428317896957,13.920470301148022,39.931229549109865,0.0,1.6638012312129111,0,0,0,0,0
12074,Guerrero,Zitlala,Zitlala,17.690340555555554,-99.18524777777778,21977,0.0,10.501888337807708,5.81,9.834653806407164,6.906648294867378,55.06090669345724,3.3944578422896665,8.64540201119352,25.02616371661282,0.0,0.0,0,0,0,0,0
12075,Guerrero,Eduardo Neri,Zumpango del Río,17.65319722222222,-99.52593666666667,53126,52.599480480367426,12.131536347551105,7.96,24.824,34.6,60.88680334245063,17.73519557278922,30.5970711139555,88.65715468885291,1.0615711252653928,1.129390505590483,0,0,0,0,0
12076,Guerrero,Acatepec,Acatepec,17.325218888888887,-98.91033361111111,40197,0.0,13.799537278901411,6.57,2.427836204967554,3.9046766614455137,47.85541461984016,0.7886160658755629,2.313605492947235,6.468144388884743,0.0,0.24877478418787471,0,0,0,0,0
12077,Guerrero,Marquelia,Marquelia,16.58331388888889,-98.81785194444444,14280,0.0,10.777310924369749,8.16,21.989795918367346,24.464285714285715,62.8294930875576,13.557422969187675,34.73389355742297,106.44257703081233,0.0,14.005602240896359,1,0,0,0,0
12078,Guerrero,Cochoapa el Grande,Cochoapa el Grande,17.192966944444446,-98.45527972222223,21241,0.0,10.117226119297586,3.4,13.15410465674508,8.161305808929429,24.270817591053348,0.5461136481333271,1.5065204086436608,4.237088649310296,0.0,0.470787627701144,0,0,0,0,0
12079,Guerrero,José Joaquín de Herrera,Hueycantenango,17.44872611111111,-99.02438777777778,18381,0.0,12.708775365866927,5.18,3.3855482566953006,8.236483072258716,37.71213073538655,1.0499972797997932,3.9170882976987107,13.056960992329035,0.0,0.0,0,0,0,0,0
12080,Guerrero,Juchitán,Juchitán,16.627070555555555,-98.63671361111112,7559,0.0,9.908718084402699,6.9,24.49742870500234,12.201963534361852,46.45408607771389,7.792035983595714,14.949067336949332,47.625347268157164,0.0,5.291705252017462,0,0,0,0,0
12081,Guerrero,Iliatenco,Iliatenco,17.045530833333334,-98.6858113888889,11679,0.0,12.612381197020293,8.5,8.228782287822877,5.387453874538745,62.61660447761194,5.531295487627365,11.901703913006251,36.81822073807689,0.0,2.5687130747495504,0,0,0,0,0
13001,Hidalgo,Acatlán,28 de Mayo (Santa Rosa) [Colonia],20.16738777777778,-98.38841555555557,22268,0.0,10.993353691395725,7.35,60.8621570966093,31.828250127790085,67.06846108835576,10.261361595114066,4.715286509789833,15.717621699299443,0.0,0.0,1,0,0,0,0
13002,Hidalgo,Acaxochitlán,Tepepa (Santiago Tepepa),20.125798055555556,-98.17874861111112,46065,0.0,12.152393357212635,6.66,38.38345144608313,7.814594905190576,65.17013652382504,6.117442743948768,7.73906436557039,22.359709106697057,0.970873786407767,1.9537609899055681,0,0,0,0,0
13003,Hidalgo,Actopan,Actopan,20.26908583333333,-98.94290055555555,61002,52.909740664240516,11.366840431461263,9.93,51.46317472027542,38.95856387556867,67.39076923076924,25.26474541818301,41.195370643585456,120.65178190878987,0.8152173913043478,3.7703681846496835,1,1,1,0,0
13004,Hidalgo,Agua Blanca de Iturbide,Agua Blanca de Iturbide,20.349503888888886,-98.3563861111111,10313,0.0,11.25763599340638,7.63,42.501751927119834,12.78906797477225,57.81990521327014,10.98613400562397,12.70241442839135,40.72529816736158,0.0,3.8785998254630076,1,0,0,0,0
13005,Hidalgo,Ajacuba,Ajacuba,20.092525,-99.12213249999999,18872,0.0,10.724883425180161,8.66,42.52029377657519,45.535369153459605,59.0709271045207,27.485163204747774,16.95633743111488,55.637982195845694,0.0,4.76896990250106,0,0,0,0,0
13006,Hidalgo,Alfajayucan,Alfajayucan,20.40997111111111,-99.34958916666666,19162,0.0,8.887381275440976,8.15,43.88697699692085,11.700778844412245,64.60258174431557,10.338169293393173,8.715165431583342,20.352781546811396,5.128205128205129,1.0437323870159692,0,0,0,0,0
13007,Hidalgo,Almoloya,Almoloya,19.703319444444443,-98.40329305555557,12546,0.0,11.645145863223338,8.51,41.741573033707866,19.915730337078653,56.6039644012945,22.995377012593654,12.832775386577396,41.447473298262395,0.0,0.0,0,0,0,0,0
13008,Hidalgo,Apan,Apan,19.71,-98.45194444444445,46681,61.67819883892804,11.53360039416465,9.42,43.86168484567185,42.19849926510405,59.89284857531253,36.66588119363338,24.4960476425098,72.19211242261305,0.8902077151335311,1.9279792635119213,2,0,0,0,0
13009,Hidalgo,El Arenal,El Arenal,20.221423888888886,-98.91104555555556,19836,0.0,11.91772534785239,9.0,46.19627234689996,25.08558387219475,64.92651757188499,22.23734623916112,22.106271425690665,56.46299657188949,0.8928571428571429,1.0082677959265982,0,0,0,0,0
13010,Hidalgo,Atitalaquia,Cardonal,20.060612222222222,-99.23159638888889,31525,0.0,11.057890563045202,9.94,57.539591462015146,44.273582740417716,57.16513940339247,30.997620935765266,24.742268041237114,71.37192704203014,1.7777777777777777,3.1720856463124503,0,0,0,0,0
13011,Hidalgo,Atlapexco,Atlapexco,21.017113888888886,-98.34818666666666,19812,0.0,9.665859075307894,7.77,12.462292609351433,14.046003016591252,48.54926201589504,13.99152029073289,14.031899858671512,45.93175853018373,0.0,2.018978396931153,0,0,0,0,0
13012,Hidalgo,Atotonilco el Grande,Atotonilco el Grande,20.28688166666667,-98.66906166666668,30135,0.0,10.827940932470549,8.17,52.33890214797136,19.31980906921241,65.00672381912926,13.794591007134562,16.79110668657707,50.439688070350094,0.0,3.318400530944085,0,0,0,0,0
13013,Hidalgo,Atotonilco de Tula,Paseos de la Pradera,19.896969444444444,-99.22705416666666,62470,38.20553865855611,10.694733472066591,9.88,42.288641224811435,44.10672070246538,60.53849303849304,53.771410276932926,13.358412037778134,39.8591323835441,1.2048192771084338,1.440691531935329,1,0,0,0,0
13014,Hidalgo,Calnali,Calnali,20.897177777777777,-98.58353222222222,16150,0.0,8.705882352941176,7.05,16.74408783783784,7.4324324324324325,51.46707739699654,10.860681114551083,15.170278637770897,49.53560371517028,0.0,4.3343653250774,0,0,0,0,0
13015,Hidalgo,Cardonal,Pozuelos,20.493071944444445,-99.05953972222223,19431,0.0,10.483248417477228,8.55,43.66930044324533,21.91173636538832,59.70081300813008,12.716792753846946,3.962739951623694,12.351397251814111,0.0,2.058566208635685,0,0,0,0,0
13016,Hidalgo,Cuautepec de Hinojosa,Cuautepec,20.03547,-98.30973805555556,60421,33.978252594296684,11.772397014283113,8.02,48.666459434255515,30.214485545539322,61.00656918838737,18.96691547640721,13.339732874331773,39.22477284387878,0.8438818565400844,0.9930322238956654,1,0,0,0,0
13017,Hidalgo,Chapantongo,Santa María Amealco,20.236897777777777,-99.54929083333333,12967,0.0,9.246548931904064,7.79,36.12040133779264,20.787239516336506,55.47706599574221,11.65265674404257,8.020359373795019,25.449217243772654,0.0,3.0847536053057762,0,0,0,0,0
13018,Hidalgo,Chapulhuacán,Chapulhuacán,21.159417777777776,-98.9045875,22903,0.0,11.03785530279876,7.34,25.28772378516624,13.890664961636828,55.234553775743706,7.990219621883596,14.102955944636074,44.09902632842859,0.0,1.7464960922149937,0,0,0,0,0
13019,Hidalgo,Chilcuautla,Tunititlán,20.251401944444446,-99.246215,18909,0.0,10.936591041303084,8.74,38.85226832105467,16.052733617681273,65.67044160021443,14.617377968163309,7.66830609762547,23.798191337458352,0.0,1.5865460891638903,0,0,0,0,0
13020,Hidalgo,Eloxochitlán,Hualula (San Juan Hualula),20.708618333333334,-98.83629166666667,2593,0.0,7.288854608561512,7.3,28.217237308146398,11.097992916174734,36.64335664335665,7.443116081758581,5.784805244890089,19.282684149633628,0.0,0.0,0,0,0,0,0
13021,Hidalgo,Emiliano Zapata,Emiliano Zapata,19.657008333333334,-98.5474161111111,15175,0.0,11.367380560131796,9.48,50.19240019240019,39.17748917748918,60.84936419954353,50.41845140032949,18.71499176276771,57.99011532125206,0.0,2.6359143327841843,0,0,0,0,0
13022,Hidalgo,Epazoyucan,Epazoyucan,20.018021666666666,-98.63620916666667,16285,0.0,10.997850782929076,9.12,47.745138601572194,34.75382705833678,59.42475217783118,33.81025483573841,9.824992324224747,30.703101013202332,0.0,0.6140620202640467,0,0,0,0,0
13023,Hidalgo,Francisco I. Madero,Tepatepec,20.245185555555558,-99.0888936111111,36248,0.0,11.655815493268594,10.19,49.09278350515464,38.670103092783506,60.8997359691287,29.48300595894946,24.373758552195984,75.03862282056942,0.36764705882352944,0.27587728978150516,0,0,0,0,0
13024,Hidalgo,Huasca de Ocampo,Río Seco Puente de Doria,20.208790555555556,-98.49820166666667,17607,0.0,10.086897256772874,7.79,59.548903878583474,22.259696458684655,62.30661040787623,9.263361163173737,6.92906230476515,19.310501505083206,0.0,19.8784574317033,0,0,0,0,0
13025,Hidalgo,Huautla,Huautla,21.031386666666666,-98.28682083333334,20673,0.0,7.613795772263338,7.56,12.759429705829273,8.175419599350297,53.997960530262134,20.28733130169787,11.560973250133024,35.31175929956949,0.0,0.48372273013108885,0,0,0,0,0
13026,Hidalgo,Huazalingo,San Francisco,21.01925472222222,-98.4862313888889,12766,0.0,10.762964123452921,7.14,7.677100494233938,17.759472817133442,47.80586450960566,7.551308162306126,2.5849913833620555,8.616637944540186,0.0,0.0,0,0,0,0,0
13027,Hidalgo,Huehuetla,Huehuetla,20.460305555555554,-98.07842444444444,22846,0.0,10.154950538387464,6.44,8.490264921800192,7.069901053303543,57.695121264982276,4.941784119758382,8.141468966120984,27.138229887069947,0.0,1.7508535411012869,0,0,0,0,0
13028,Hidalgo,Huejutla de Reyes,Huejutla de Reyes,21.139211944444444,-98.420595,126781,34.95082070657275,10.19790031629345,8.42,20.013962491670103,22.228921397518484,57.83555217185539,28.567372082567577,19.245786040495027,52.058273716093105,1.8181818181818181,3.3127992364786523,1,1,1,0,0
13029,Hidalgo,Huichapan,Huichapan,20.375313055555555,-99.65118055555556,47425,0.0,10.574591460200317,8.79,49.0139751552795,28.835403726708076,59.49343637518526,30.654717975751186,16.09910384818134,42.59356879283079,2.4752475247524752,3.373748023194518,2,0,0,0,0
13030,Hidalgo,Ixmiquilpan,Ixmiquilpan,20.48486777777778,-99.21877361111112,98654,38.1211101425183,11.055811219007845,9.36,49.22139471902505,31.836304822086813,68.92415408574334,18.461491677985688,33.28298903237578,91.93747846007258,1.8743109151047408,6.690048046708699,6,0,0,0,0
13031,Hidalgo,Jacala de Ledezma,Jacala,21.00829638888889,-99.1885688888889,12290,0.0,9.764035801464605,7.68,45.61965811965812,22.916666666666668,54.23762974906782,11.163547599674532,22.37591537835639,73.23026851098454,0.0,4.068348250610252,0,0,0,0,0
13032,Hidalgo,Jaltocán,Jaltocán,21.133131944444443,-98.53832388888888,10523,0.0,9.141879692103013,7.25,14.623172103487065,7.461567304086989,55.080664579821814,18.131711489119073,15.109759574265894,50.36586524755298,0.0,0.0,0,0,0,0,0
13033,Hidalgo,Juárez Hidalgo,San Lorenzo Itztacoyotla,20.822378055555554,-98.81680166666666,2895,0.0,7.633851468048359,7.29,23.036649214659686,25.340314136125656,36.217813423385394,9.015544041450777,2.0725388601036268,6.90846286701209,0.0,0.0,0,0,0,0,0
13034,Hidalgo,Lolotla,Ixtlahuaco,20.883631388888887,-98.70335333333334,9474,0.0,9.130251213848426,7.7,19.59277756434883,4.533230887437572,48.04055905727596,13.77454084863838,2.2165927802406586,7.3886426008021955,0.0,2.1110407430863414,0,0,0,0,0
13035,Hidalgo,Metepec,Metepec,20.238410277777778,-98.32216444444444,13078,0.0,11.20966508640465,8.12,58.89364303178484,21.179706601466993,58.75223524736737,14.788193913442422,5.505428964673498,18.351429882244993,0.0,1.5292858235204159,0,0,0,0,0
13036,Hidalgo,San Agustín Metzquititlán,Mezquititlán,20.532601944444444,-98.63862111111112,9449,0.0,9.620065615409038,8.3,41.17854622441779,17.67819336626676,52.53391348861019,14.033231029738596,17.779659223198223,53.9739654989946,0.0,2.1166260979997884,0,0,0,0,0
13037,Hidalgo,Metztitlán,Metztitlán,20.5947,-98.76414444444444,20962,0.0,9.541074324968992,7.53,34.33338681212899,21.241777635167654,56.74167205217085,10.204178990554336,9.92271729796775,31.485545272397673,0.0,1.9082148649937982,1,0,0,0,0
13038,Hidalgo,Mineral del Chico,Benito Juárez,20.161798333333333,-98.826335,8878,0.0,11.62423969362469,8.31,46.94038689301224,24.9506514015002,64.93823613904051,15.149808515431403,16.895697229105654,45.05519261094841,0.0,15.769317413831944,0,0,0,0,0
13039,Hidalgo,Mineral del Monte,Mineral del Monte,20.14049111111111,-98.67153,14324,0.0,11.637810667411337,9.76,45.28199566160521,42.950108459869845,59.003636978770196,39.213906729963696,52.429488969561575,123.56883552080424,4.519774011299435,23.03825746998045,0,0,0,0,0
13040,Hidalgo,La Misión,La Misión,21.099419444444443,-99.12318666666665,9819,0.0,10.03157144312048,6.16,31.375896210310685,9.559576647319904,50.95647708306586,3.5950707811386087,4.582951420714941,15.276504735716468,0.0,0.0,0,0,0,0,0
13041,Hidalgo,Mixquiahuala de Juárez,Mixquiahuala de Juárez,20.22938,-99.21379805555556,47222,58.68662911354877,11.234170513743594,9.74,46.29615051562623,38.32165630166102,64.18501048218029,24.753292956672738,26.513065943839734,80.25920121977045,0.5277044854881267,2.1176570242683495,1,0,0,0,0
13042,Hidalgo,Molango de Escamilla,Molango de Escamilla,20.786498333333334,-98.73081361111112,11578,0.0,9.267576438072206,8.58,31.954436450839328,22.72182254196643,56.04755153233722,18.82881326653999,16.06495076869926,53.54983589566419,0.0,3.4548281223009156,0,0,0,0,0
13043,Hidalgo,Nicolás Flores,Bocua,20.722925,-99.16539250000001,6265,0.0,9.880287310454909,7.77,21.937321937321936,24.045584045584047,48.78098334010565,6.8954509177972865,3.830806065442937,12.769353551476456,0.0,0.0,0,0,0,0,0
13044,Hidalgo,Nopala de Villagrán,San Sebastián Tenochtitlán,20.280064444444445,-99.68825166666667,16948,0.0,10.119188104791126,8.02,46.7444120505345,15.529640427599611,60.822257923178036,15.724569270710408,5.664385178192117,18.881283927307056,0.0,1.7701203681850366,0,0,0,0,0
13045,Hidalgo,Omitlán de Juárez,San Antonio el Paso,20.14763861111111,-98.61626472222221,9295,0.0,10.876815492200107,8.44,52.67358339984038,21.787709497206706,58.35029168362502,20.570199031737495,23.776223776223777,77.46100053792361,0.0,4.303388918773535,0,0,0,0,0
13046,Hidalgo,San Felipe Orizatlán,San Felipe Orizatlán,21.170943611111113,-98.60781527777777,38492,0.0,8.37057050815754,6.87,17.85469834751149,11.342524689547277,56.04513702310586,11.095812116803492,12.729917905019224,41.56707887353216,0.0,1.0391769718383042,0,0,0,0,0
13047,Hidalgo,Pacula,Jiliapan,20.9825375,-99.34452305555556,4748,0.0,9.435551811288963,6.58,37.41258741258741,30.76923076923077,39.54230973922299,4.3597304128053915,5.054759898904802,16.849199663016005,0.0,0.0,0,0,0,0,0
13048,Hidalgo,Pachuca de Soto,Pachuca de Soto,20.12235972222222,-98.73700055555555,314331,94.75616467990749,11.857882296050978,11.52,56.20643057849467,66.99341498466356,63.73658753118734,50.322430813378254,48.44733736093481,101.2308680976423,6.002514142049026,1.1134759218785293,49,33,8,5,1
13049,Hidalgo,Pisaflores,Pisaflores,21.194781944444443,-99.00599722222222,18723,0.0,10.281471986326977,7.04,24.333743337433376,11.869618696186961,55.29464552796889,4.780216845590984,12.01730491908348,40.0576830636116,0.0,1.602307322544464,0,0,0,0,0
13050,Hidalgo,Progreso de Obregón,Progreso de Obregón,20.24819527777778,-99.18935888888889,23641,74.94606827122372,10.913243940611649,10.17,49.14394419784401,41.07482561826252,60.95113666056964,28.556321644600484,43.35687999661605,126.89818535594941,0.6666666666666666,2.537963707118988,0,0,0,0,0
13051,Hidalgo,Mineral de la Reforma,La Providencia Siglo XXI,20.064831666666667,-98.71945388888889,202749,22.060774652402724,12.371454359824217,11.7,56.179071769585974,67.99248649917821,65.66849227772533,57.247631307675995,23.6869232400653,64.11868862485142,2.230769230769231,0.8877972271133273,10,3,2,0,0
13052,Hidalgo,San Agustín Tlaxiaca,San Agustín Tlaxiaca,20.115660833333333,-98.88677750000001,38891,0.0,12.406469363091718,9.36,51.139313527545426,38.06364772618017,63.79365079365079,27.106528502738424,11.699364891620169,34.71240132678512,0.0,0.5142577974338536,0,0,0,0,0
13053,Hidalgo,San Bartolo Tutotepec,San Bartolo Tutotepec,20.399142777777776,-98.20205972222223,17699,0.0,10.695519520876886,6.46,14.337132573485302,13.0373925214957,60.37412537483935,6.0624894061811405,10.113565738177298,32.770213006384544,0.0,3.3900220351432284,0,0,0,0,0
13054,Hidalgo,San Salvador,San Antonio Zaragoza,20.254939722222222,-98.99862416666667,36796,0.0,10.960430481574084,9.6,44.05016824717039,29.366778831446926,63.597488545732226,21.763235134253723,11.604522230677247,36.417001848026956,0.0,0.0,0,0,0,0,0
13055,Hidalgo,Santiago de Anaya,Santiago de Anaya,20.382581944444446,-98.9639525,18329,0.0,11.042610071471438,9.0,46.97029702970297,22.594059405940595,63.704725767506034,15.805554040045829,11.184461781875717,35.462927601069346,0.0,0.0,0,0,0,0,0
13056,Hidalgo,Santiago Tulantepec de Lugo Guerrero,Santiago Tulantepec,20.039193055555558,-98.35700638888888,39561,44.10656960137509,11.554308536184626,9.48,49.277054333183656,44.37359676695105,61.510484202536446,35.92932433457193,17.28975506180329,52.57703293647784,0.9615384615384616,1.0110967872399585,0,0,0,0,0
13057,Hidalgo,Singuilucan,Singuilucan,19.967499999999998,-98.51722222222222,15142,0.0,11.022322018227447,8.01,46.7041015625,15.4296875,54.34436531210725,15.816933033945318,16.11411966715097,51.51234975564655,0.0,0.660414740457007,0,0,0,0,0
13058,Hidalgo,Tasquillo,Tasquillo,20.551772222222223,-99.3125561111111,17441,0.0,9.781549223095006,8.72,46.84065934065934,19.48587127158556,56.14010108920054,15.778911759646808,13.875351183991743,45.295567914683794,0.0,2.2934464766928504,0,0,0,0,0
13059,Hidalgo,Tecozautla,Tecozautla,20.53387277777778,-99.63492388888889,38010,0.0,10.781373322809786,7.89,46.1433046202036,11.72670321064996,60.83009513600429,10.762957116548277,10.484083136016837,30.781373322809788,0.8547008547008547,7.892659826361484,0,0,0,0,0
13060,Hidalgo,Tenango de Doria,Tenango de Doria,20.338055555555556,-98.22672861111111,17503,0.0,10.855281951665429,7.23,25.73465859982714,16.37856525496975,60.984848484848484,6.650288521967663,8.56995943552534,28.56653145175113,0.0,1.7139918871050677,0,0,0,0,0
13061,Hidalgo,Tepeapulco,Fray Bernardino de Sahagún (Ciudad Sahagún),19.772705833333333,-98.58190333333333,56245,85.52760245355142,11.398346519690639,10.24,57.26329835628071,51.82264814702493,58.64810278887886,55.72050848964352,24.988887901146768,71.29522624233265,0.7481296758104738,2.3113165614721307,7,0,0,0,0
13062,Hidalgo,Tepehuacán de Guerrero,Texcapa,21.092226666666665,-98.85378277777777,31235,0.0,11.128541700016008,6.46,12.029372496662216,6.2349799732977305,49.59092930191196,9.220425804386105,2.689290859612614,8.96430286537538,0.0,0.6403073475268128,0,0,0,0,0
13063,Hidalgo,Tepeji del Río de Ocampo,Tepeji del Río de Ocampo,19.90521722222222,-99.34181416666667,90546,40.44132264263468,11.629448015373402,9.24,39.965972616057684,37.908126063355745,62.18260024975718,53.86322973957988,18.813641684889447,49.91937799571488,1.991150442477876,2.3192631369690546,2,2,2,0,0
13064,Hidalgo,Tepetitlán,Sayula Pueblo,20.200071944444442,-99.39752250000001,10830,0.0,10.452446906740535,8.77,37.703408044212466,28.461774639238563,58.567367822626494,21.98522622345337,8.494921514312097,26.777469990766388,0.0,0.0,0,0,0,0,0
13065,Hidalgo,Tetepango,Tetepango,20.102655000000002,-99.15612333333334,11768,0.0,11.650237933378653,9.06,48.18652849740933,33.484455958549226,55.704911092294665,26.6400407885792,15.295717199184228,38.23929299796057,4.444444444444445,0.849762066621346,0,0,0,0,0
13066,Hidalgo,Villa de Tezontepec,Tezontepec,19.879860833333336,-98.81929,13032,0.0,12.730202578268877,9.16,43.23461091753774,48.606271777003485,63.949571744779135,17.464702271332104,40.362185389809696,108.96255371393492,1.408450704225352,1.5346838551258442,2,0,0,0,0
13067,Hidalgo,Tezontepec de Aldama,Presas,20.16054722222222,-99.25289055555555,55134,0.0,11.823919904233323,9.15,44.95721889105976,25.574344809000877,65.27561221682106,21.948344034534045,24.07770159973882,73.45739471106758,0.24691358024691357,2.1765153988464467,0,0,0,0,0
13068,Hidalgo,Tianguistengo,Tianguistengo,20.728212499999998,-98.6308511111111,14340,0.0,10.264993026499303,6.72,16.69150521609538,4.843517138599106,48.28643578643579,15.529986052998606,6.4156206415620645,20.2231520223152,0.0,0.0,0,0,0,0,0
13069,Hidalgo,Tizayuca,Tizayuca,19.841088888888887,-98.98158416666666,168302,63.62253567990874,11.14484676355599,10.23,45.15558921921353,54.15430579225315,62.30604863979221,49.3678031158275,24.87195636415491,67.55712944587705,2.1108179419525066,0.7130040047058265,11,4,3,0,0
13070,Hidalgo,Tlahuelilpan,Tlahuelilpan,20.130627222222223,-99.23467972222222,19067,0.0,11.412387895316515,9.37,46.49176327028676,35.61114500711816,61.97266395058483,23.989091099805947,29.789688991451197,84.43908323281062,1.2422360248447204,3.6712644883830703,0,0,0,0,0
13071,Hidalgo,Tlahuiltepa,Buenavista,20.991356666666668,-98.97503027777778,9086,0.0,8.628659476117104,6.43,31.263157894736842,7.578947368421052,49.19022783420258,4.809597182478538,2.9716046665199207,9.905348888399736,0.0,1.100594320933304,0,0,0,0,0
13072,Hidalgo,Tlanalapa,Tlanalapa,19.817894166666665,-98.60391305555555,11113,0.0,10.708179609466391,10.25,59.334797615312205,47.22309381863822,55.57614738907664,55.38558445064339,12.957797174480339,43.19265724826779,0.0,0.8998470260055791,0,0,0,0,0
13073,Hidalgo,Tlanchinol,Tlanchinol,20.989345555555555,-98.66028444444446,37722,0.0,10.67281692381104,7.3,14.219895287958115,8.565445026178011,49.779471437140536,7.268967711149992,8.403584115370341,27.570118233391653,0.0,1.325486453528445,0,0,0,0,0
13074,Hidalgo,Tlaxcoapan,Tlaxcoapan,20.091614444444442,-99.22159333333333,28626,0.0,11.975127506462655,9.39,43.247085584304806,33.29542223485925,60.94600431965443,26.6016907706281,26.33969118982743,79.6478725634039,0.0,2.794662195207154,9,0,0,0,0
13075,Hidalgo,Tolcayuca,Tolcayuca,19.95659111111111,-98.92176111111111,21362,0.0,11.075741971725494,9.55,40.25606917193216,45.51047555703359,59.972942768072464,42.12152420185376,28.578784757981463,77.70807976781201,1.8072289156626506,1.4043628873700964,1,3,2,0,0
13076,Hidalgo,Tula de Allende,Tula de Allende,20.055219722222223,-99.34318888888889,115107,40.59005968359874,10.768241722918676,10.12,52.60519839125998,48.595353862776875,61.005605644009634,43.49431398611726,29.155481421633784,73.58370907069074,2.5974025974025974,3.7356546517587983,11,3,3,0,0
13077,Hidalgo,Tulancingo de Bravo,Tulancingo,20.080605,-98.36807277777777,168369,63.05376880542143,11.619716218543793,9.61,49.68772441407525,50.329684677822996,65.42325740505247,30.51096104389763,36.523944431575885,96.15784378359437,2.4088943792464486,2.732094387921767,20,3,3,0,0
13078,Hidalgo,Xochiatipan,Ohuatipa,20.892525555555554,-98.26208,18260,0.0,8.981380065717415,6.25,5.755560651226783,1.3529007108461362,52.906110283159464,19.676889375684556,3.4501642935377874,11.500547645125959,0.0,0.0,0,0,0,0,0
13079,Hidalgo,Xochicoatlán,Xochicoatlán,20.77685472222222,-98.67972416666667,7015,0.0,9.308624376336422,8.0,23.198912550974175,6.615314907113729,49.39215005210142,13.784746970776906,2.851033499643621,7.127583749109052,0.0,2.851033499643621,0,0,0,0,0
13080,Hidalgo,Yahualica,Santa Teresa,20.890503055555556,-98.38355055555556,24674,0.0,10.209127016292454,6.41,6.436195634857416,6.4202644575434125,49.20010490427485,7.951690038096782,2.674880440949988,8.91626813649996,0.0,0.0,0,0,0,0,0
13081,Hidalgo,Zacualtipán de Ángeles,Zacualtipán,20.64518138888889,-98.65362694444445,38155,77.24282531778273,12.834490892412528,8.7,36.88880498395318,22.68265055691901,63.28681859251079,29.207181234438476,19.98427466911283,61.59087930808544,0.425531914893617,2.8829773293146377,1,0,0,0,0
13082,Hidalgo,Zapotlán de Juárez,Acayuca,20.030517222222223,-98.8423061111111,21443,0.0,11.602854078253976,9.27,48.57240553940844,53.20567618396307,64.06715562686225,28.242316839994405,26.838595345800496,75.08277759641841,0.6211180124223602,0.9327053117567504,1,0,0,0,0
13083,Hidalgo,Zempoala,Privadas Santa Matilde,20.020408888888888,-98.78939027777777,57906,30.37509066417988,11.161192277138811,10.65,56.411283401041366,51.524861246209305,62.025720055266234,46.30435533450765,15.5337961523849,43.86419369322695,1.968503937007874,0.3453873519151729,2,0,0,0,0
13084,Hidalgo,Zimapán,Zimapán,20.73806888888889,-99.38311305555555,39927,0.0,11.125303679214566,8.78,47.901302012200674,31.940271328416642,54.007851082689626,24.11400806471811,16.329801888446415,49.84095975154657,0.0,2.2541137576076338,1,0,0,0,0
14001,Jalisco,Acatic,Acatic,20.779444444444444,-102.90527777777778,23175,0.0,11.896440129449838,7.29,57.7247191011236,44.89700374531835,64.76013722512795,41.911542610571736,23.646170442286948,69.47141316073355,0.0,1.2944983818770226,0,0,0,0,0
14002,Jalisco,Acatlán de Juárez,Acatlán de Juárez,20.42138888888889,-103.58722222222222,25250,0.0,11.382178217821782,9.23,50.69052102950408,52.746390458254865,54.29936305732484,63.51287128712871,26.712871287128714,76.83168316831683,1.5463917525773196,0.7920792079207921,0,0,0,0,0
14003,Jalisco,Ahualulco de Mercado,Ahualulco de Mercado,20.700555555555553,-103.97500000000001,23630,71.94244604316546,11.845112145577655,9.52,58.03037275655775,44.19389476913637,61.99375297792366,59.28480744815912,25.856961489631825,68.55691917054591,1.2345679012345678,2.9623360135421075,0,0,0,0,0
14004,Jalisco,Amacueca,Amacueca,20.010555555555555,-103.5961111111111,5743,0.0,9.542051192756398,8.34,48.29974811083123,36.523929471032744,55.59291638646044,18.544314818039354,14.974751871843983,47.013755876719486,0.0,0.0,0,0,0,0,0
14005,Jalisco,Amatitán,Amatitán,20.834999999999997,-103.73,16490,0.0,12.225591267434808,9.2,56.37313078566342,47.70947068597199,59.95910985295274,45.736810187992724,15.67616737416616,43.66282595512432,1.3888888888888888,1.8192844147968465,0,0,0,0,0
14006,Jalisco,Ameca,Ameca,20.548611111111114,-104.04305555555555,60386,62.71486768456265,10.863445169410129,9.06,60.330626116007146,50.69984447900467,59.766829789858946,44.10956181896466,27.514655714900805,70.04934918689763,2.600472813238771,1.1592090881992514,1,0,0,0,0
14007,Jalisco,San Juanito de Escobedo,San Juanito de Escobedo,20.8004675,-104.00098583333333,9433,0.0,11.61878511608184,8.67,59.812382739212005,35.872420262664164,55.282356119967574,40.88837061380261,31.114173645711862,92.22940739955476,1.1494252873563218,1.060108131029365,1,0,0,0,0
14008,Jalisco,Arandas,Arandas,20.705555555555556,-102.34027777777777,80609,73.99670012033395,12.236847002195784,8.1,66.06499780412824,53.201581027667984,66.30217742702291,37.69182101254202,30.87744544653823,69.84331774367627,4.618117229129663,2.357056904315895,2,0,0,0,0
14009,Jalisco,El Arenal,El Arenal,20.77611111111111,-103.69388888888889,21115,0.0,12.029363012076722,9.28,54.11019186762894,48.10772751276184,59.271625548754095,50.22022259057542,24.86384087141842,63.9355908122188,2.962962962962963,0.4735969689793985,0,0,0,0,0
14010,Jalisco,Atemajac de Brizuela,Atemajac de Brizuela,20.139449444444445,-103.72453555555556,7758,0.0,11.910286156225832,7.64,42.417582417582416,34.67032967032967,50.69832402234637,8.133539572054653,27.7133281773653,83.78448053622067,0.0,7.733952049497293,0,0,0,0,0
14011,Jalisco,Atengo,Soyatlán del Oro,20.306093611111113,-104.28096138888888,5599,0.0,9.090909090909092,7.66,52.549019607843135,20.522875816993466,44.93583868010999,8.322914806215396,5.358099660653688,17.86033220217896,0.0,1.7860332202178961,0,0,0,0,0
14012,Jalisco,Atenguillo,Atenguillo,20.41472222222222,-104.4925,4176,0.0,9.123563218390805,8.05,68.1159420289855,21.357742181540807,51.247431758145,13.170498084291188,24.664750957854405,74.23371647509579,0.0,4.789272030651341,0,0,0,0,0
14013,Jalisco,Atotonilco el Alto,Atotonilco el Alto,20.550555555555555,-102.50416666666666,64009,44.80307456763892,11.617116343014263,8.24,59.5298310150592,45.13737211173698,62.630463308771574,37.251011576497056,21.68445062413098,55.617178834226436,2.808988764044944,1.7185083347654235,1,0,0,0,0
14014,Jalisco,Atoyac,Atoyac,20.010555555555555,-103.51638888888888,8689,0.0,10.139256531246403,7.43,47.928994082840234,35.38461538461539,57.4701051721654,18.149384278973415,23.017608470479917,69.05282541143976,0.0,3.4526412705719878,0,0,0,0,0
14015,Jalisco,Autlán de Navarro,Autlán de Navarro,19.77138888888889,-104.36527777777778,64931,80.11427515362462,11.49219941168317,9.74,55.567321438026156,60.0254143061365,63.299799568300955,52.919252745221854,32.188014969737104,77.0048205017634,3.2,1.5400964100352683,4,0,0,0,0
14016,Jalisco,Ayotlán,Ayotlán,20.528055555555554,-102.32833333333333,41552,0.0,11.015113592606854,7.07,51.05233749301546,40.15645371577575,60.26458551441896,15.874085483249903,20.239699653446284,54.630342703118984,1.7621145374449338,1.203311513284559,1,2,1,0,0
14017,Jalisco,Ayutla,Ayutla,20.129166666666666,-104.34777777777778,12880,0.0,10.31055900621118,8.14,63.718564566261655,36.70528397852501,57.85165219127483,17.78726708074534,27.48447204968944,79.96894409937889,0.0,2.329192546583851,0,0,0,0,0
14018,Jalisco,La Barca,La Barca,20.290277777777778,-102.54194444444444,67937,57.08229683383134,10.995481107496651,8.4,55.946266297905964,48.84574137833719,58.89174284203369,31.614584099974977,24.206249908003002,73.45040257885982,0.6012024048096193,2.3551231287810768,2,0,0,0,0
14019,Jalisco,Bolaños,Tuxpan de Bolaños,21.874826666666667,-104.0132225,7043,0.0,11.48658242226324,7.21,33.457019171304886,22.69635126777984,30.885805763073638,23.242936248757633,7.099247479767144,21.297742439301434,0.0,2.839698991906858,0,0,0,0,0
14020,Jalisco,Cabo Corrientes,El Tuito,20.31833333333333,-105.32388888888889,10940,0.0,9.360146252285192,7.71,37.774984286612195,24.732872407291012,64.15804327375353,28.153564899451553,65.08226691042047,140.76782449725778,5.194805194805195,7.312614259597806,0,0,0,0,0
14021,Jalisco,Casimiro Castillo,La Resolana,19.603611111111114,-104.43472222222222,20548,0.0,9.6311076503796,8.13,52.90912005129027,37.986856868087834,59.602977667493796,46.972941405489586,34.18824216468756,97.33307377846992,0.5,1.4599961066770488,0,0,0,0,0
14022,Jalisco,Cihuatlán,Cihuatlán,19.238343333333333,-104.56299777777778,40139,46.80485313535464,11.158723436059693,8.43,42.480485689505635,39.1153512575889,65.06628909769597,28.266772963950274,55.65659333814993,137.7712449238895,2.5316455696202533,26.90649991280301,0,0,0,0,0
14023,Jalisco,Zapotlán el Grande,Ciudad Guzmán,19.70861111111111,-103.46416666666667,115141,97.25032785888607,13.116092443178363,10.55,58.272123119972015,66.96874304429393,64.68051118210863,65.48926967804691,38.06637079754388,75.64638139324828,8.266360505166475,1.2159005045987095,5,4,3,0,0
14024,Jalisco,Cocula,Cocula,20.3675,-103.82416666666666,29267,56.54833088461407,10.045443673762257,8.61,57.188537695240434,41.37252490468577,59.29279862009487,39.05764171250897,25.57487955718044,65.60289746130454,1.5625,3.7584993337205725,2,0,0,0,0
14025,Jalisco,Colotlán,Colotlán,22.11722222222222,-103.26472222222222,19689,76.83985982020417,13.977347757631165,9.7,61.49274602342248,55.759482607935674,58.76360858216082,31.61155975417746,34.841789831885826,94.9768906496013,1.0695187165775402,3.0473868657626086,0,0,0,0,0
14026,Jalisco,Concepción de Buenos Aires,Concepción de Buenos Aires,19.97861111111111,-103.25722222222223,6334,0.0,10.372592358699084,7.56,56.14510016242556,56.09095831077423,57.42397137745975,12.867066624565835,41.83770129460057,126.30249447426587,0.0,4.73634354278497,0,0,0,0,0
14027,Jalisco,Cuautitlán de García Barragán,Cuautitlán de García Barragán,19.449722222222224,-104.35694444444444,18370,0.0,11.409907457811649,7.34,35.375932271719414,19.20983672646644,60.095673282878764,15.98258029395754,5.7702776265650515,14.697876973326075,0.0,1.0887316276537833,0,0,0,0,0
14028,Jalisco,Cuautla,Cuautla,20.20138888888889,-104.4075,2166,0.0,8.033240997229917,7.46,68.43657817109144,28.761061946902654,48.68571428571428,9.464450600184673,26.31578947368421,87.71929824561404,0.0,4.616805170821792,0,0,0,0,0
14029,Jalisco,Cuquío,Cuquío,20.927500000000002,-103.02388888888889,17820,0.0,10.712682379349046,7.27,64.16819012797075,32.43956936827138,51.092388976153075,8.35016835016835,12.457912457912458,30.303030303030305,3.7037037037037037,0.5611672278338945,0,0,0,0,0
14030,Jalisco,Chapala,Chapala,20.293333333333337,-103.18972222222223,55196,44.11913906804841,10.555112689325313,9.96,58.687802191076564,63.553461044127545,58.821018578842136,33.92637147619393,43.30023914776433,89.68041162403073,6.0606060606060606,7.246901949416625,2,3,2,0,0
14031,Jalisco,Chimaltitán,Chimaltitán,21.778865277777776,-103.78070583333333,3270,0.0,7.889908256880734,6.71,42.42424242424242,18.742985409652075,38.12316715542522,11.223241590214068,3.669724770642202,12.232415902140673,0.0,3.058103975535168,0,0,0,0,0
14032,Jalisco,Chiquilistlán,Chiquilistlán,20.08861111111111,-103.85805555555555,5983,0.0,11.68310212268093,7.94,48.36512261580381,8.85558583106267,53.25644504748983,16.012034096607053,12.869797760320909,40.11365535684439,0.0,0.0,0,0,0,0,0
14033,Jalisco,Degollado,Degollado,20.4475,-102.135,21226,0.0,10.124375765570527,7.15,65.26794742163801,40.89989888776542,56.76818432501992,16.032224630170546,21.059078488646,60.77452181287101,1.550387596899225,1.413360972392349,0,0,0,0,0
14034,Jalisco,Ejutla,Ejutla,19.906388888888888,-104.16194444444444,1981,0.0,7.571933366986371,7.8,56.60091047040971,34.29438543247345,48.22085889570552,10.196870267541646,11.610297829379101,30.287733467945483,0.0,0.0,0,0,0,0,0
14035,Jalisco,Encarnación de Díaz,Encarnación de Díaz,21.524444444444445,-102.23305555555555,53039,52.47647957163596,11.052244574746885,7.68,63.7817170663886,37.92839763642684,61.76549307769046,32.528893832839984,22.228925884726333,62.783989140066744,1.2012012012012012,0.7541620317125134,1,0,0,0,0
14036,Jalisco,Etzatlán,Etzatlán,20.76722222222222,-104.07833333333333,20011,0.0,11.203837889160962,9.42,58.173702808257396,47.64738701878371,62.13876511775939,37.774224176702816,33.18175003747939,88.95107690770077,2.247191011235955,4.497526360501724,1,0,0,0,0
14037,Jalisco,El Grullo,El Grullo,19.8075,-104.21555555555555,25920,87.72376543209876,10.983796296296296,9.22,57.32099758648431,58.74229015821936,64.43326659178591,40.46682098765432,38.73456790123457,91.82098765432099,3.361344537815126,1.9290123456790123,1,0,0,0,0
14038,Jalisco,Guachinango,Guachinango,20.57638888888889,-104.37722222222222,4199,0.0,9.07358894974994,7.77,62.67716535433071,32.99212598425197,45.11390887290168,13.312693498452012,17.146939747558942,57.15646582519648,0.0,7.14455822814956,0,0,0,0,0
14039,Jalisco,Guadalajara,Guadalajara,20.67638888888889,-103.34222222222222,1385629,99.99942264487825,11.75307387475291,10.96,56.78107506592764,75.2666588046961,64.07885520378672,61.73492327311279,40.024782968601265,81.02457439906352,5.958849202814643,2.201166401684722,80,91,8,11,1
14040,Jalisco,Hostotipaquillo,Hostotipaquillo,21.058055555555555,-104.05027777777778,8732,0.0,10.845167201099404,7.5,47.91847354726799,21.205550737207286,52.95954788816181,11.784241868987632,14.086120018323408,46.95373339441136,0.0,2.2904260192395784,0,0,0,0,0
14041,Jalisco,Huejúcar,Huejúcar,22.362222222222222,-103.21166666666667,5920,0.0,9.391891891891891,7.76,63.85609893198426,31.02866779089376,47.47811588161734,13.699324324324325,27.533783783783782,86.14864864864865,0.0,5.0675675675675675,0,0,0,0,0
14042,Jalisco,Huejuquilla el Alto,Huejuquilla el Alto,22.628611111111113,-103.89416666666668,10015,0.0,10.35446829755367,7.71,65.29171311780007,16.908212560386474,52.31699126930826,8.36744882675986,20.51922116824763,50.9236145781328,1.9607843137254901,4.992511233150275,0,0,0,0,0
14043,Jalisco,La Huerta,La Huerta,19.485,-104.64333333333335,23258,0.0,9.536503568664546,7.89,55.85546986575264,37.70351328191945,64.40068587864373,24.03474073437097,40.115229168458164,101.470461776593,2.542372881355932,18.918221687161406,0,0,0,0,0
14044,Jalisco,Ixtlahuacán de los Membrillos,Los Freseros (Los Sabinos),20.421372222222224,-103.18580555555556,67969,22.47936559313805,11.98487545792935,9.01,37.65159587963668,48.647688638554826,64.68976506480635,59.747826214892086,7.672615457046595,21.774632553075666,0.6756756756756757,0.4413776868866689,0,0,0,0,0
14045,Jalisco,Ixtlahuacán del Río,Ixtlahuacán del Río,20.86416666666667,-103.23916666666666,20465,0.0,9.919374541900806,7.6,66.2730114623133,35.689475512330674,58.47098284918676,17.463962863425362,13.584168091864159,37.136574639628634,0.0,1.9545565599804544,0,0,0,0,0
14046,Jalisco,Jalostotitlán,Jalostotitlán,21.16861111111111,-102.46111111111111,32678,76.16745210845217,11.536813758491952,7.96,62.6245661180159,52.737655357742696,62.23242195228109,30.216047493726666,26.56221310973744,61.509272293286,3.9800995024875623,2.1421139604626966,0,1,1,0,0
14047,Jalisco,Jamay,Jamay,20.294499722222223,-102.70971694444445,24894,74.744918454246,12.609464127902307,8.28,49.124779187409665,46.7801509555163,58.31947620037414,37.6195067084438,26.7333494014622,70.69976701213143,2.840909090909091,2.0085161082991885,0,0,0,0,0
14048,Jalisco,Jesús María,Jesús María,20.6075,-102.22,18982,0.0,10.978822041934464,6.5,67.22642553976749,37.99594021037092,59.623487834715235,25.19228743019703,21.520387735749658,56.369191865978294,2.803738317757009,1.0536297545042672,0,0,0,0,0
14049,Jalisco,Jilotlán de los Dolores,Jilotlán de los Dolores,19.370555555555555,-103.01972222222223,9425,0.0,8.572944297082229,6.39,61.230889847118775,38.45550764406115,60.478142076502735,3.586206896551724,7.639257294429708,25.46419098143236,0.0,1.0610079575596818,0,0,0,0,0
14050,Jalisco,Jocotepec,Jocotepec,20.284444444444446,-103.42527777777778,47105,43.06549198598875,11.996603332979515,8.27,47.25513249525188,43.917880075969975,65.68029201147984,31.130453242755546,31.971128330325868,71.54229911898949,5.341246290801187,4.458125464388069,0,0,0,0,0
14051,Jalisco,Juanacatlán,La Aurora,20.567456666666665,-103.14222833333334,30855,53.91346621293145,11.4503321989953,9.1,48.62659464429376,38.70819446040685,62.69468696529636,61.25425376762275,10.014584346135148,31.76146491654513,0.0,0.0,0,0,0,0,0
14052,Jalisco,Juchitlán,Juchitlán,20.083855555555555,-104.09624916666667,5534,0.0,9.324177809902421,7.98,57.39238927011853,31.815346225826577,51.688555347091935,20.852909288037587,17.708709794000722,56.01734730755331,0.0,1.8070112034694614,0,0,0,0,0
14053,Jalisco,Lagos de Moreno,Lagos de Moreno,21.35638888888889,-101.92916666666667,172403,64.71407110085092,12.190623133008126,8.94,57.26311581004842,50.4197947670028,64.63239657749833,59.8765682731739,19.199201870037065,46.112886666705336,2.7672955974842766,1.50809440670986,2,7,5,0,0
14054,Jalisco,El Limón,El Limón,19.824444444444445,-104.15222222222222,5368,0.0,8.625186289120716,8.46,63.184357541899445,47.039106145251395,54.67143495753241,36.345007451564825,17.883755588673623,50.29806259314456,0.0,1.8628912071535022,0,0,0,0,0
14055,Jalisco,Magdalena,Magdalena,20.906388888888888,-103.97611111111111,21781,77.46659932969102,11.376888113493411,8.79,51.562766865926555,44.64560204953032,58.14863888219706,32.67985859235113,30.921445296359213,83.5590652403471,0.5494505494505495,3.6729259446306415,1,0,0,0,0
14056,Jalisco,Santa María del Oro,Santa María del Oro,19.5875,-102.90833333333335,1815,0.0,11.515151515151516,6.17,55.67190226876091,15.532286212914485,44.02390438247012,3.9669421487603307,6.6115702479338845,22.038567493112946,0.0,11.019283746556473,0,0,0,0,0
14057,Jalisco,La Manzanilla de la Paz,La Manzanilla de la Paz,20.004444444444445,-103.15,4099,0.0,11.075872163942424,7.95,61.77884615384615,57.05128205128205,52.6605504587156,14.857282263966821,49.28031227128568,156.135642839717,0.0,7.318858258111734,0,0,0,0,0
14058,Jalisco,Mascota,Mascota,20.525555555555556,-104.78222222222222,14451,0.0,9.874749152307798,8.92,65.23654916512059,45.87198515769944,60.44287437532311,23.38938481765968,29.098332295342882,76.81129333610131,0.9009009009009009,8.995917237561414,0,0,0,0,0
14059,Jalisco,Mazamitla,Mazamitla,19.91722222222222,-103.02027777777778,14043,0.0,11.09449547817418,8.46,62.295973884657236,52.393906420021764,63.826455416359615,20.501317382325713,62.664672790714235,149.54069643238626,2.857142857142857,27.771843623157444,2,0,0,0,0
14060,Jalisco,Mexticacán,Mexticacán,21.263055555555557,-102.77777777777777,5307,0.0,7.9329187865083854,7.25,57.52753977968176,28.39657282741738,47.721307563827246,7.687959299039005,15.828151498021482,52.760504993404936,0.0,0.0,0,0,0,0,0
14061,Jalisco,Mezquitic,Mezquitic,22.39,-103.7281225,22083,0.0,10.510347325997374,5.94,22.88441145281018,7.062566277836692,24.373863159367566,5.24385273739981,7.154824978490241,23.094688221709006,0.0,1.8113480958203143,0,0,0,0,0
14062,Jalisco,Mixtlán,Mixtlán,20.440555555555555,-104.4088888888889,3638,0.0,9.785596481583287,7.66,64.967562557924,24.65245597775718,51.35042735042735,10.11544804837823,23.63936228697086,74.21660252886201,0.0,5.497526113249038,0,0,0,0,0
14063,Jalisco,Ocotlán,Ocotlán,20.35138888888889,-102.76805555555555,106050,89.55964167845356,12.340405469118341,9.42,54.21819181093707,61.088211046990935,63.03419822569875,63.50966525223951,28.104667609618105,70.34417727487035,2.8150134048257374,1.6973125884016973,1,4,3,0,0
14064,Jalisco,Ojuelos de Jalisco,Ojuelos de Jalisco,21.86416666666667,-101.59333333333333,33588,0.0,12.156127188281529,7.74,47.27448142788229,30.43897732754462,58.67765289388424,24.345004168155295,24.234845778254137,73.83589377158509,0.0,1.7863522686673812,0,0,0,0,0
14065,Jalisco,Pihuamo,Pihuamo,19.252439166666665,-103.37503749999999,11386,0.0,9.801510627085895,6.89,51.741573033707866,34.29775280898876,56.053067993366504,31.002986123309327,21.254171789917443,69.38345336378008,0.0,1.756543123133673,0,0,0,0,0
14066,Jalisco,Poncitlán,Poncitlán,20.38138888888889,-102.92416666666666,53659,0.0,12.124713468383682,8.18,43.61607503840867,39.087895204980995,61.955052167036555,43.73730408691925,20.51845915876181,62.804003056337244,0.0,0.7454481074936171,0,0,0,0,0
14067,Jalisco,Puerto Vallarta,Puerto Vallarta,20.613611111111112,-105.22722222222222,291839,90.2035026161685,12.54561590465976,10.31,49.00893404065971,68.84412237208603,69.67692090986311,61.21320317024112,51.93959683250011,91.52306579997875,8.311493822538376,6.51043897491425,21,35,7,4,1
14068,Jalisco,Villa Purificación,Villa Purificación,19.719166666666666,-104.60499999999999,11303,0.0,9.183402636468195,7.47,56.86388807927718,37.161177499271346,61.85849811407018,13.146952136600902,25.435725028753428,70.77766964522694,1.25,4.4236043528266835,0,0,0,0,0
14069,Jalisco,Quitupan,Quitupan,19.92765138888889,-102.8721525,7734,0.0,9.95603827256271,6.24,63.030807660283095,23.646960865945047,52.493564993564995,3.1807602792862686,7.370054305663305,24.56684768554435,0.0,1.2929919834497026,0,0,0,0,0
14070,Jalisco,El Salto,Las Pintas,20.57638888888889,-103.32111111111111,232852,86.99646127153729,12.964887568068988,8.92,41.81519937768458,44.50231677207698,62.15080853708616,57.92219950870081,15.922130795526773,44.01937711507739,1.0731707317073171,0.7300774741037226,3,1,1,0,0
14071,Jalisco,San Cristóbal de la Barranca,San Cristóbal de la Barranca,21.044444444444448,-103.42916666666667,2924,0.0,9.199726402188782,6.84,63.80368098159509,10.429447852760736,44.24188528234771,7.010943912448701,8.549931600547195,17.09986320109439,0.0,0.0,0,0,0,0,0
14072,Jalisco,San Diego de Alejandría,San Diego de Alejandría,20.993055555555557,-101.99361111111111,7609,0.0,10.671573137074517,7.24,66.66666666666667,38.83838383838384,60.67279348014566,22.223682481272178,28.715994217374163,74.9112892627152,1.7543859649122806,2.6284662899198317,0,0,0,0,0
14073,Jalisco,San Juan de los Lagos,San Juan de los Lagos,21.247777777777777,-102.33277777777778,72230,74.12294060639623,12.05731690433338,8.25,60.3152476946172,53.42054471370363,66.22636061787209,37.80700539941852,33.40717153537312,77.66855877059393,4.278074866310161,15.090682541880104,1,1,1,0,0
14074,Jalisco,San Julián,San Julián,21.009722222222223,-102.18083333333334,16792,0.0,9.718913768461173,7.54,69.87876254180603,46.67642140468227,60.21307580286656,19.003096712720343,25.57765602667937,58.9566460219152,5.05050505050505,2.3820867079561694,0,0,0,0,0
14075,Jalisco,San Marcos,San Marcos,20.790000000000003,-104.1975,3791,0.0,11.210762331838565,9.04,55.49076773566569,33.7220602526725,50.03373819163293,28.409390662094435,29.543656027433396,76.49696649960433,0.0,0.0,0,0,0,0,0
14076,Jalisco,San Martín de Bolaños,San Martín de Bolaños,21.68355638888889,-103.81419888888888,3095,0.0,9.208400646203554,7.35,52.961672473867594,19.16376306620209,43.02325581395349,28.723747980613894,7.754442649434572,25.848142164781905,0.0,3.231017770597738,0,0,0,0,0
14077,Jalisco,San Martín Hidalgo,San Martín Hidalgo,20.435,-103.92861111111111,28102,0.0,10.465447299124618,9.01,64.41763112533859,47.266683082984486,55.24556042690758,37.54892890185752,19.50039143121486,55.51206319834887,1.2820512820512822,1.0675396768913246,1,0,0,0,0
14078,Jalisco,San Miguel el Alto,San Miguel el Alto,21.030555555555555,-102.39805555555556,31965,81.10433286407007,10.896292820272173,7.76,62.783318223028104,54.80507706255666,65.38941436908834,33.05803222274363,26.028468637572345,71.64085718754887,0.8733624454148472,0.9385265133740028,1,0,0,0,0
14079,Jalisco,Gómez Farías,San Sebastián del Sur,19.794444444444448,-103.47305555555556,16431,0.0,11.995618039072484,8.41,46.83769367538735,38.608077216154435,62.208665728140154,50.21605501795387,24.678960501491083,73.64128780962814,0.8264462809917356,1.8258170531312763,0,0,0,0,0
14080,Jalisco,San Sebastián del Oeste,San Felipe de Híjar,20.901464722222222,-104.72184694444445,5086,0.0,8.336610302791978,7.54,51.90114068441065,28.70722433460076,55.541841520612195,10.243806527723162,16.319307904050333,41.28981517892253,0.0,21.62799842705466,0,0,0,0,0
14081,Jalisco,Santa María de los Ángeles,Santa María de los Ángeles,22.173333333333336,-103.22305555555556,3515,0.0,10.128022759601707,7.14,63.5522664199815,31.822386679000925,41.90710767065447,7.994310099573258,23.32859174964438,68.27880512091038,0.0,0.0,0,0,0,0,0
14082,Jalisco,Sayula,Sayula,19.88361111111111,-103.59722222222221,37186,75.68708653794438,11.794761469370194,9.31,49.63449517957411,60.79033795952961,61.66598444535407,45.27241434948637,32.149195933953635,89.01199376109288,0.9063444108761329,2.4202656913892326,1,0,0,0,0
14083,Jalisco,Tala,Tala,20.6525,-103.70277777777778,87690,64.34599156118144,12.309271296613069,8.93,46.55787658874945,52.74848642797001,64.23136351709863,68.88584787318965,19.454897935910594,54.96635876382712,0.8298755186721992,0.9123047097730642,2,0,0,0,0
14084,Jalisco,Talpa de Allende,Talpa de Allende,20.38138888888889,-104.81805555555555,14997,0.0,10.248716409948656,8.18,49.920327794218075,32.36967903482814,64.3260082512419,17.77688871107555,32.539841301593654,87.35080349403214,1.5267175572519085,26.005201040208043,0,0,0,0,0
14085,Jalisco,Tamazula de Gordiano,Tamazula de Gordiano,19.67638888888889,-103.25,38955,49.064304967269926,10.304197150558336,8.01,58.18402146628581,55.396866614732104,57.895244525899486,48.55089205493518,19.509690668720317,51.34129123347452,2.0,1.0268258246694904,0,0,0,0,0
14086,Jalisco,Tapalpa,Tapalpa,19.945555555555554,-103.75416666666666,21245,0.0,12.332313485526006,7.75,56.82053405092113,32.705444007451874,61.648379688696096,24.15156507413509,30.242409978818547,72.95834313956225,4.516129032258065,15.533066603906802,0,0,0,0,0
14087,Jalisco,Tecalitlán,Tecalitlán,19.46944444444444,-103.30666666666666,16705,0.0,11.505537264292128,7.96,51.977053882401144,39.6640032780168,60.09993943064809,36.013169709667764,23.974857826997905,69.44028733912002,0.8620689655172413,4.190362167015864,1,0,0,0,0
14088,Jalisco,Tecolotlán,Tecolotlán,20.203611111111112,-104.045,16603,0.0,9.684996687345661,8.49,59.603841536614645,32.0328131252501,59.18429232052157,32.13274709389869,29.783774016743962,77.69680178281034,2.3255813953488373,3.011503945070168,0,0,0,0,0
14089,Jalisco,Techaluta de Montenegro,Techaluta de Montenegro,20.074166666666667,-103.55166666666666,4072,0.0,10.43713163064833,8.16,48.448905109489054,38.503649635036496,44.91658797607806,19.941060903732808,32.416502946954814,83.49705304518665,0.0,2.4557956777996073,0,0,0,0,0
14090,Jalisco,Tenamaxtlán,Tenamaxtlán,20.21861111111111,-104.16027777777778,7302,0.0,10.394412489728841,8.56,59.672421425409475,35.63523683045595,56.34517766497462,16.885784716516024,33.62092577376061,83.5387565050671,4.918032786885246,2.7389756231169544,0,0,0,0,0
14091,Jalisco,Teocaltiche,Teocaltiche,21.434444444444445,-102.57027777777778,39839,61.698335801601445,10.770852682045232,7.57,55.799004074241736,52.4128564961521,59.462601731042504,20.158638520043173,19.1520871507819,59.23843469966616,0.0,1.0040412660960365,0,0,0,0,0
14092,Jalisco,Teocuitatlán de Corona,Teocuitatlán de Corona,20.093333333333334,-103.38,11039,0.0,10.07337621161337,7.52,53.219407995117486,35.39823008849557,55.148690634709276,21.251924993205908,11.14231361536371,37.1410453845457,0.0,0.9058791557206268,0,0,0,0,0
14093,Jalisco,Tepatitlán de Morelos,Tepatitlán de Morelos,20.8175,-102.75722222222223,150190,76.22478194287237,12.212530794327186,8.84,67.56141724576686,60.14975041597338,66.64262745730213,55.63419668420001,23.92303082761835,50.336240761701845,5.555555555555555,1.9308875424462348,4,2,2,0,0
14094,Jalisco,Tequila,Tequila,20.879439444444444,-103.83564666666666,44353,70.15308998263929,12.610195477194328,9.23,53.114901256732495,51.91202872531418,61.95728702182586,43.12447861474985,33.706851847676596,80.03968164498455,3.943661971830986,8.116700110477307,0,1,1,0,0
14095,Jalisco,Teuchitlán,Teuchitlán,20.685277777777777,-103.84916666666666,9647,0.0,10.884212708614077,8.63,57.80154924382147,53.74400590188122,52.59564601313925,54.30703845755157,25.862962579040115,76.70778480356587,1.3513513513513513,2.073183373069348,0,0,0,0,0
14096,Jalisco,Tizapán el Alto,Tizapán el Alto,20.15861111111111,-103.03916666666666,22758,71.72862290183672,11.055453027506811,7.51,45.66629694184757,46.046585327206465,59.82901078723893,13.612795500483346,21.06951401704895,58.88039370770718,0.746268656716418,0.8788118463836893,0,0,0,0,0
14097,Jalisco,Tlajomulco de Zúñiga,Hacienda Santa Fe,20.518055555555556,-103.38055555555555,727750,65.01614565441429,12.00274819649605,10.11,47.402037672926646,62.09956618197747,66.69203066705522,62.63249742356579,17.102713844039847,36.38612160769495,4.7960725075528705,0.3297835795259361,51,33,8,1,1
14098,Jalisco,San Pedro Tlaquepaque,Tlaquepaque,20.63861111111111,-103.30722222222222,687127,98.03922710066698,12.470620423880884,10.18,55.05265032734417,66.58984558422704,65.81024609193624,61.910680267257725,19.33776434341832,48.608190334537866,3.0838323353293413,0.7713275711767985,32,24,7,0,0
14099,Jalisco,Tolimán,Cópala,19.610555555555557,-103.76694444444445,11219,0.0,11.507264462073268,7.57,50.34377387318564,26.928953399541633,56.623653368059664,30.368125501381584,15.509403690168464,47.24128710223727,0.0,2.6740351189945626,0,0,0,0,0
14100,Jalisco,Tomatlán,Tomatlán,19.941525,-105.2452725,36316,0.0,9.973565370635532,7.76,52.15841202543843,27.490846020427828,64.92285611768928,20.866835554576497,20.94118294966406,62.23152329551713,0.4424778761061947,2.478246502918824,1,0,0,0,0
14101,Jalisco,Tonalá,Tonalá,20.623333333333335,-103.24555555555555,569913,89.0181483840516,12.622628366083946,9.75,51.58816649832545,63.419010153633515,66.35064587452288,54.79503011863214,13.457317169462707,34.90006369393223,2.0613373554550023,0.3860238317076466,14,10,5,0,0
14102,Jalisco,Tonaya,Tonaya,19.784166666666668,-103.97083333333333,5961,0.0,8.874349941285018,8.11,61.87845303867403,40.27624309392265,58.09230769230769,34.45730582117095,34.05468881060225,102.3318235195437,0.0,5.032712632108707,0,0,0,0,0
14103,Jalisco,Tonila,San Marcos,19.44611111111111,-103.50638888888889,7565,0.0,10.826173165895572,8.33,47.21448467966574,34.215413184772515,53.764320785597384,62.3132848645076,33.97224058162591,104.42828816920026,0.0,0.0,0,0,0,0,0
14104,Jalisco,Totatiche,Temastián (La Cantera),21.977108888888885,-103.52432916666666,4180,0.0,8.971291866028707,7.8,62.45297215951844,38.299473288186604,47.07287933094385,7.679425837320574,8.61244019138756,28.708133971291865,0.0,2.3923444976076556,0,0,0,0,0
14105,Jalisco,Tototlán,Tototlán,20.543613611111113,-102.78921749999999,23573,0.0,11.436813303355533,7.75,57.039209632602656,33.15838221673356,59.573654003826185,33.169303864590844,21.104653629151997,53.0267679124422,2.4,0.8484282865990752,0,0,0,0,0
14106,Jalisco,Tuxcacuesco,Tuxcacuesco,19.697219722222222,-103.98358694444444,5482,0.0,11.127325793506019,7.12,53.54637568199532,28.760717069368667,53.01949595815502,28.912805545421378,12.586647209047793,32.834731849689895,0.0,0.0,0,0,0,0,0
14107,Jalisco,Tuxcueca,San Luis Soyatlán,20.195,-103.30222222222221,6702,0.0,10.429722470904208,8.03,46.15384615384615,44.61538461538461,59.10612325260878,25.663980901223514,30.737093404953747,85.04923903312444,0.0,5.968367651447329,0,0,0,0,0
14108,Jalisco,Tuxpan,Tuxpan,19.554444444444446,-103.37222222222222,37518,81.21701583240045,11.655738578815502,9.08,43.900922375375686,44.3776557156182,60.29396891750666,51.3753398368783,23.988485526947066,59.97121381736766,2.6666666666666665,1.8657710965403274,0,0,0,0,0
14109,Jalisco,Unión de San Antonio,Unión de San Antonio,21.128055555555555,-102.00722222222223,19069,0.0,11.683884839267922,7.15,61.93078324225865,33.070228698644,62.7668252889191,30.893072526089465,11.694373066233153,37.233205726571924,0.0,1.0488226965231529,0,0,0,0,0
14110,Jalisco,Unión de Tula,Unión de Tula,19.954444444444444,-104.26444444444445,13799,0.0,9.667367200521777,8.76,63.442424242424245,52.29090909090909,55.72297358627576,31.176172186390318,28.40785564171317,68.12087832451627,2.127659574468085,2.8987607797666497,1,0,0,0,0
14111,Jalisco,Valle de Guadalupe,Valle de Guadalupe,21.010598055555555,-102.61776694444444,6627,0.0,10.743926361853026,8.11,70.66738428417653,48.8697524219591,60.56201550387597,44.152708616266786,27.46340727327599,81.48483476686283,0.0,3.017956843217142,0,0,0,0,0
14112,Jalisco,Valle de Juárez,Valle de Juárez,19.933611111111112,-102.94027777777778,6151,0.0,10.193464477320761,7.63,62.25412014885699,51.249335459861776,57.890450010181226,9.494391155909609,28.69452121606243,78.03609169240774,2.0833333333333335,4.877255730775484,0,0,0,0,0
14113,Jalisco,San Gabriel,San Gabriel,19.74778277777778,-103.76645805555556,16548,0.0,10.230843606478125,7.87,54.17161873068695,27.050154504397433,57.82953030659453,43.401015228426395,14.35218757553783,33.23664491177181,1.8181818181818181,3.625815808556925,0,0,0,0,0
14114,Jalisco,Villa Corona,Villa Corona,20.41638888888889,-103.6613888888889,19063,0.0,10.418087394428998,8.33,52.16279984270547,47.77821470703893,55.359411568037444,46.251901589466506,19.88144573257095,61.90001573729214,0.0,5.770340450086555,0,0,0,0,0
14115,Jalisco,Villa Guerrero,Villa Guerrero,21.983055555555556,-103.59666666666666,5525,0.0,10.04524886877828,7.43,55.60916767189385,36.00723763570567,54.5367717287488,11.42081447963801,21.71945701357466,63.34841628959276,0.0,3.6199095022624435,0,0,0,0,0
14116,Jalisco,Villa Hidalgo,Villa Hidalgo,21.674444444444447,-102.58527777777778,20088,77.6284348864994,11.061330147351653,7.65,67.37967914438502,60.46345811051693,61.585720752764665,7.1087216248506575,32.63142174432497,87.61449621664676,1.7045454545454546,4.978096375945838,5,0,0,0,0
14117,Jalisco,Cañadas de Obregón,Cañadas de Obregón,21.148611111111112,-102.68527777777778,4388,0.0,9.02461257976299,6.83,64.97134670487107,30.08595988538682,48.49431818181818,24.703737465815863,25.068368277119415,79.76298997265269,0.0,4.557885141294439,0,0,0,0,0
14118,Jalisco,Yahualica de González Gallo,Yahualica de González Gallo,21.1825,-102.88722222222223,22394,0.0,9.444494060909172,7.82,57.14697822010674,39.23265541612577,58.51304395786222,19.143520585871215,24.02429222113066,60.73055282665,2.9411764705882355,1.3396445476466912,0,0,0,0,0
14119,Jalisco,Zacoalco de Torres,Zacoalco de Torres,20.22861111111111,-103.56527777777778,30472,66.76621160409556,11.469545812549226,8.45,51.69830814929614,42.47707606870722,60.102761184677725,31.74389603570491,24.940929377789445,68.91572591231294,0.9523809523809523,2.2971908637437646,1,0,0,0,0
14120,Jalisco,Zapopan,Zapopan,20.720961944444444,-103.38898777777779,1476491,94.04087122779617,12.150768274239397,11.47,64.79512881178944,75.2023782085354,66.34069381890643,56.91914139673049,25.25853527044865,46.10254989701935,7.448215072719259,0.5621436229546946,147,110,8,5,1
14121,Jalisco,Zapotiltic,Zapotiltic,19.625555555555557,-103.41250000000001,33713,80.85901580992495,12.075460504849762,8.8,50.868266784647716,50.204623382369206,60.22663734297536,56.36401388188533,24.634414024263638,61.10402515350162,2.4271844660194173,1.186485925310711,0,0,0,0,0
14122,Jalisco,Zapotitlán de Vadillo,Zapotitlán de Vadillo,19.548141944444446,-103.81270722222222,7466,0.0,12.054647736405036,8.33,40.703005603667854,19.25624044829343,54.624478442280946,24.631663541387624,23.841414412001072,75.00669702652023,0.0,1.339405304045004,0,0,0,0,0
14123,Jalisco,Zapotlán del Rey,Zapotlán del Rey,20.46638888888889,-102.92611111111111,19279,0.0,11.416567249338659,7.36,52.43808049535604,26.760835913312693,57.6889661164205,32.84402717983298,10.010892681155662,31.640645261683698,0.0,1.0373982053011048,0,0,0,0,0
14124,Jalisco,Zapotlanejo,Zapotlanejo,20.6225,-103.06416666666667,64806,51.359442026972815,11.725766132765484,7.86,58.496550189183175,45.58758068105943,67.68535370707414,25.827855445483443,23.23858901953523,52.001357898959974,2.9673590504451037,1.6973736999660525,2,0,0,0,0
14125,Jalisco,San Ignacio Cerro Gordo,San Ignacio Cerro Gordo,20.743055555555557,-102.53611111111111,18341,0.0,10.381113352598005,6.97,71.76446534451033,38.540175833162955,59.6535546734031,21.68911182596369,21.890845646366063,50.70606837140832,3.225806451612903,1.0904530832560928,0,0,0,0,0
15001,México,Acambay de Ruíz Castañeda,Villa de Acambay de Ruíz Castañeda,19.95622861111111,-99.84403194444444,67872,0.0,12.010843941537011,8.3,36.209969527971026,17.093083424366124,69.0989027941148,11.838460631777464,7.234205563413484,23.131777463460633,0.0,1.0313531353135315,1,0,0,0,0
15002,México,Acolman,Tepexpan,19.61259027777778,-98.93731555555556,171507,70.42161544426759,12.430396426967995,9.82,40.33924441017733,49.83147923780152,61.570107004305754,36.27198889841231,16.871031503087337,52.301072259441305,0.33444816053511706,0.17491997411184382,0,1,1,0,0
15003,México,Aculco,San Lucas Totolmaloya,20.163501944444445,-99.89650333333334,49266,0.0,12.054966914301954,8.02,45.29712411320467,16.362804180334123,68.37000236574403,18.93598018917712,5.602240896358543,15.62944018186985,0.0,1.217878455730118,1,0,0,0,0
15004,México,Almoloya de Alquisiras,Almoloya de Alquisiras,18.86723277777778,-99.89380027777779,15333,0.0,12.150264136176874,8.14,47.529243256147055,22.391978992599665,61.36266734885307,14.948151046761886,16.174264657927345,49.56629491945477,0.0,1.304376182090915,0,0,0,0,0
15005,México,Almoloya de Juárez,San Francisco Tlalcilalcalpan,19.293396944444446,-99.76839527777777,174587,9.87186903950466,11.920704290697474,8.68,36.35717501006894,26.31429316022649,60.29494506796174,27.624049900622612,6.4953289763842665,20.219145755411343,0.0,0.22911213320579424,2,0,0,0,0
15006,México,Almoloya del Río,Almoloya del Río,19.159386388888887,-99.48884166666667,12694,0.0,11.832361745706633,10.04,46.18803418803419,53.572649572649574,65.89694464051628,25.468725382070268,15.125256026469199,46.47865133133764,0.0,0.7877737513786041,0,0,0,0,0
15007,México,Amanalco,San Juan,19.24843388888889,-100.03029055555555,23675,0.0,11.949313621964096,7.75,26.36946866260898,13.900312551406481,57.196219367253384,10.348468848996832,5.533262935586062,17.740232312565997,0.0,0.42238648363252373,0,0,0,0,0
15008,México,Amatepec,Palmar Chico,18.69653388888889,-100.36947694444444,25244,0.0,11.099667247662811,7.42,37.773933102652826,16.580161476355247,55.301541326161164,8.469339248930439,11.091744572967833,35.652036127396606,0.0,0.7922674694977024,0,0,0,0,0
15009,México,Amecameca,Amecameca de Juárez,19.128685,-98.76981055555555,53441,63.09013678636253,11.930914466420912,10.01,33.18955900944449,40.78233063136759,58.694946685210944,31.064164218483935,20.218558784453883,60.066241275425234,0.3115264797507788,0.9356112348197078,2,0,0,0,0
15010,México,Apaxco,Apaxco de Ocampo,19.975324722222222,-99.17416277777778,31898,47.5609756097561,11.809517838108972,9.46,46.52956298200514,38.1074794956543,61.312252964426875,42.20954291805129,29.20245783434698,82.45031036428617,1.9011406844106464,1.8809956737099505,3,0,0,0,0
15011,México,Atenco,San Salvador Atenco,19.559339166666668,-98.9133475,75489,26.25945501993668,12.579316191763038,9.56,35.514866812576734,45.571985266641754,60.91835718317341,29.037343189073905,10.465100875624262,31.792711520883838,0.8333333333333334,1.5896355760441918,0,0,0,0,0
15012,México,Atizapán,Santa Cruz Atizapán,19.17675777777778,-99.48794194444444,12984,0.0,11.991682070240296,9.5,45.903361344537814,51.680672268907564,64.88937612118796,22.72027110289587,23.41343191620456,75.47751078250154,0.0,1.5403573629081948,0,0,0,0,0
15013,México,Atizapán de Zaragoza,Ciudad López Mateos,19.54317055555556,-99.23504083333333,523674,99.88370627527813,10.804431764800238,11.06,55.964407084001145,72.89165840909241,62.396636492499205,54.63074355419593,21.54107326313699,51.57789006137406,4.035542391706775,0.2291501964962935,23,33,8,1,1
15014,México,Atlacomulco,Atlacomulco de Fabela,19.800028611111113,-99.87425388888889,109384,21.22705331675565,12.411321582681197,9.76,45.889231652198866,38.546524140899635,66.31613772242834,24.527353177795657,21.91362539311051,54.30410297666935,2.6936026936026938,1.6455788780808893,8,4,4,0,0
15015,México,Atlautla,Atlautla de Victoria,19.030860833333332,-98.78266638888888,31900,0.0,12.12539184952978,8.87,30.468958166799894,21.183053557154278,61.53846153846154,14.150470219435737,14.32601880877743,46.708463949843264,0.0,0.31347962382445144,0,0,0,0,0
15016,México,Axapusco,Jaltepec,19.729444444444443,-98.63408916666667,29128,0.0,11.734413622631145,8.9,44.70087674058793,33.56111397627643,57.71305285868392,21.22013183191431,19.01950013732491,55.95990112606427,1.2269938650306749,1.7165613842351002,1,0,0,0,0
15017,México,Ayapango,Ayapango de Gabriel Ramos M.,19.127221388888888,-98.80250555555556,10053,0.0,11.698000596836765,9.92,39.367039752991126,37.59166345040525,56.533700137551584,24.937829503630756,12.931463244802547,39.78911767631553,0.0,0.0,0,0,0,0,0
15018,México,Calimaya,Calimaya de Díaz González,19.163224999999997,-99.61866527777777,68489,0.0,11.38869015462337,10.74,55.56327026557889,53.90846496557311,61.20815272526054,44.87143920921608,12.491056958051658,35.91817664150447,2.032520325203252,0.2920176962723941,1,2,2,0,0
15019,México,Capulhuac,Capulhuac de Mirafuentes,19.193123333333332,-99.46440833333334,36921,57.48490019230248,12.39403049754882,10.18,53.33093697579679,53.690390606278456,66.8869636681163,23.726334606321604,104.43920803878551,274.0987513880989,1.1857707509881423,1.0833942742612606,0,0,0,1,1
15020,México,Coacalco de Berriozábal,San Francisco Coacalco,19.62929888888889,-99.10437722222221,293444,99.93218467578141,11.388203541391203,11.49,48.423270279007035,75.64624182095841,60.9542673250222,63.81967257807282,24.529382096754407,52.65059091342812,4.724919093851133,0.17039026185575443,22,22,8,3,1
15021,México,Coatepec Harinas,Coatepec Harinas,18.925710555555558,-99.7685186111111,38643,0.0,12.57407551173563,7.4,44.94938617273315,16.917940986431187,63.28254214026815,6.397018864994954,15.811401806277981,48.391688015940794,0.0,1.0351163211965944,0,0,0,0,0
15022,México,Cocotitlán,Cocotitlán,19.230855555555554,-98.86195194444444,15107,0.0,11.524458860131064,10.3,38.20427064574222,51.6851041934654,56.66775884665793,41.42450519626663,8.0757264844112,25.81584695836367,0.0,0.6619447938041967,0,0,0,0,0
15023,México,Coyotepec,Coyotepec,19.7755075,-99.20798027777778,40885,91.57881863764217,12.283233459704048,9.55,37.040040547389765,43.091738469336036,61.88168033805618,44.720557661734134,15.335697688638865,48.67310749663691,0.0,1.2229423994129875,0,0,0,0,0
15024,México,Cuautitlán,Cuautitlán,19.665061388888887,-99.17863027777778,178847,74.96966681017854,11.887255587177867,11.3,51.938400245173156,72.54252221881704,64.61502268526299,61.96861004098475,21.3897912741058,55.69005910079565,2.5100401606425704,0.8387057093493321,5,9,4,1,1
15025,México,Chalco,Chalco de Díaz Covarrubias,19.261131666666667,-98.89565472222223,400057,68.59747485983247,11.975043556293228,9.75,35.48257372654155,53.01034086556875,60.79606215009121,38.02158192457575,18.214904376126402,51.84261242772905,1.639344262295082,0.5749180741744302,8,11,5,1,1
15026,México,Chapa de Mota,San Felipe Coamango,19.857083333333335,-99.61083222222221,31737,0.0,12.203421873523018,8.09,37.69260155354642,20.23430536100853,65.85355820649939,19.35595676970098,8.255348646689983,23.316633582254152,2.7027027027027026,0.6301792860068689,0,0,0,0,0
15027,México,Chapultepec,Chapultepec,19.2011625,-99.56187277777778,12772,0.0,11.963670529282806,10.69,51.74866627148785,59.69176052163604,60.078546882670594,52.26276229251488,11.274663326025681,37.582211086752274,0.0,0.7829627309740056,1,0,0,0,0
15028,México,Chiautla,Chiautla,19.548651944444448,-98.88134888888888,30045,0.0,12.188384090530871,10.04,47.29399665766808,41.40635043064661,64.88087890383903,24.476618405724746,17.523714428357465,54.25195540023299,0.6134969325153374,0.0,0,0,0,0,0
15029,México,Chicoloapan,Chicoloapan de Juárez,19.416765277777777,-98.90201222222223,200750,96.40448318804484,12.537982565379826,10.14,35.650519537538415,63.1164934874872,62.51547489353273,46.66799501867995,15.711083437110835,46.97384806973848,0.848356309650053,0.24906600249066002,1,2,2,0,0
15030,México,Chiconcuac,Chiconcuac de Juárez,19.552722222222222,-98.89530694444446,27692,93.41326014733497,13.003755597284414,10.13,41.89652358413579,45.062836624775585,64.7701019252548,17.362415137945977,32.48230535894843,95.33439260436226,0.3787878787878788,2.5278058645096055,0,0,0,0,0
15031,México,Chimalhuacán,Chimalhuacán,19.4169075,-98.94529916666667,705193,99.71950941089887,12.64249645132609,9.13,26.781436877306145,50.88096831833244,62.306945435706446,29.869695246549526,16.37353178491562,50.38337022630684,0.4784688995215311,0.2977908175492383,3,4,4,1,1
15032,México,Donato Guerra,San Simón de la Laguna,19.291070833333336,-100.08714972222222,37436,0.0,13.211881611283257,7.02,22.144797448919334,8.539033896303295,63.855865140417386,4.939096057271076,5.6629981835666205,17.095843573031306,0.0,0.0,0,0,0,0,0
15033,México,Ecatepec de Morelos,Ecatepec de Morelos,19.599069444444442,-99.04915861111111,1645352,99.8949161030588,11.50617010828078,10.22,41.47691937328224,64.7733174625465,61.65284414123645,49.917342915072275,21.023161001414895,58.56497576202539,1.5670402656704026,0.31604179531188464,29,53,8,4,1
15034,México,Ecatzingo,Ecatzingo de Hidalgo,18.958714999999998,-98.75259805555555,10827,0.0,13.688002216680522,8.89,25.51622418879056,20.169616519174042,57.932045954534345,10.242911240417476,9.14380714879468,30.479357162648935,0.0,0.0,0,0,0,0,0
15035,México,Huehuetoca,Santa Teresa,19.84128611111111,-99.24054861111111,163244,43.89319056136826,11.791551297444316,9.98,33.521169009256084,48.204490915323966,61.73311801320143,51.97740805175075,12.793732082036707,35.65215260591507,1.2027491408934707,0.42880595917767267,3,5,3,1,1
15036,México,Hueypoxtla,Santa María Ajoloapan,19.97775861111111,-99.04377805555555,46757,0.0,11.551211583292341,8.51,36.15238424326192,24.96544574982723,58.12532114557698,23.048955236649057,20.83110550291935,62.66441388455205,0.6825938566552902,0.8554868789699938,1,0,0,0,0
15037,México,Huixquilucan,Naucalpan de Juárez,19.405933055555554,-99.27961166666667,284965,63.50113171793027,11.715824750407945,11.23,57.60069241271699,69.30831870489565,64.03948231645494,37.494078220132295,23.385328022739635,37.93448318214518,9.06567992599445,0.14036811538259084,26,28,7,2,1
15038,México,Isidro Fabela,Tlazala de Fabela,19.55559138888889,-99.41738000000001,11929,0.0,12.666610780451002,9.06,41.01458885941645,37.765251989389924,56.90332165976865,26.2888758487719,14.083326347556374,46.94442115852125,0.0,0.0,0,0,0,0,0
15039,México,Ixtapaluca,Ixtapaluca,19.313104444444445,-98.88424722222223,542211,90.85134753813553,12.74042761950606,10.14,36.55026469427471,60.67486833331065,61.93380602833897,43.49561333134149,18.986151147800395,52.17526018468825,1.519971721456345,0.4241891071925874,15,12,5,0,0
15040,México,Ixtapan de la Sal,Ixtapan de la Sal,18.844605555555553,-99.67582277777778,36911,52.358375552003466,12.39196987347945,8.87,41.737718229801054,43.01664636622006,65.99088039284462,18.49584134810761,33.4046761128119,81.54750616347431,2.6578073089700998,7.5858145268348185,2,0,0,0,0
15041,México,Ixtapan del Oro,Miahuatlán de Hidalgo (Santa Cruz Miahuatlán),19.30165277777778,-100.2932163888889,6475,0.0,11.042471042471043,7.01,27.278141751042288,3.7522334723049435,49.25249169435216,3.166023166023166,4.942084942084942,13.8996138996139,0.0,0.0,0,0,0,0,0
15042,México,Ixtlahuaca,San Bartolo del Llano,19.590445,-99.74149055555556,160139,0.0,12.321170982708772,8.72,37.44844149741555,29.940479298282252,68.71511060637566,26.84667694940021,14.699729609901398,41.71376116998358,1.1976047904191616,0.5620117522901978,11,2,2,0,0
15043,México,Xalatlaco,Xalatlaco,19.18438666666667,-99.41373611111112,30687,55.792355068921694,12.764362759474697,9.17,40.16335727362343,32.15040135192226,66.33746940153625,17.3070029654251,20.80685632352462,62.567210871052886,0.5208333333333334,1.3034835598136019,0,0,0,0,0
15044,México,Jaltenco,Alborada Jaltenco,19.662373888888887,-99.07080388888889,28217,54.69043484424283,11.553318921217706,10.24,36.39696255564284,59.583660644147685,60.67868596688914,42.619697345571815,15.061842151894249,44.29953574086544,1.6,0.0,0,0,0,0,0
15045,México,Jilotepec,Jilotepec de Molina Enríquez,19.952834444444445,-99.53282861111111,87671,0.0,12.139704121089071,9.05,49.477397439247454,27.63261039979096,62.211948484543925,33.38846368810667,13.74456775900811,37.64072498317574,1.8181818181818181,1.4828164387311653,1,0,0,0,0
15046,México,Jilotzingo,San Luis Ayucan,19.49596,-99.36302222222221,19877,0.0,11.742214619912462,9.27,42.47770069375619,41.883052527254705,57.86207333291115,35.40272676963325,13.935704583186597,37.22895809226745,2.7027027027027026,0.0,0,0,0,0,0
15047,México,Jiquipilco,San Bartolo Oxtotitlán,19.620805277777777,-99.61483277777778,76826,0.0,12.280998620258767,8.19,30.8411705984343,13.660484421793727,59.90479615075084,12.443703954390442,3.4233202301304244,10.543305651732487,0.0,0.13016426730533934,0,0,0,0,0
15048,México,Jocotitlán,Ciudad de Jocotitlán,19.711817777777778,-99.7857975,69264,0.0,12.062543312543312,9.56,44.216575581722914,32.503239619133474,64.16691036701272,35.82813582813583,8.951258951258952,28.153153153153152,0.0,0.8662508662508662,1,0,0,0,0
15049,México,Joquicingo,Techuchulco de Allende,19.112720833333334,-99.52459944444445,15428,0.0,11.103189007000259,8.69,30.734966592427618,35.69042316258352,56.51099369354014,21.11744879439979,13.157894736842104,42.77936219859995,0.0,0.0,0,0,0,0,0
15050,México,Juchitepec,Juchitepec de Mariano Rivapalacio,19.101911944444446,-98.88091555555555,27116,65.40787726803363,12.158872990116537,9.0,24.447995351539802,29.44509006391633,62.563542211031404,15.448443723263019,16.632246644047793,52.367605841569556,0.0,0.3687859566307715,0,0,0,0,0
15051,México,Lerma,Lerma de Villada,19.285373333333336,-99.51181694444445,170327,37.40099925437541,11.896528442349128,10.36,50.20567425898503,51.63011541264133,61.82327983766832,45.04394488249074,18.13570367587053,44.209080181063484,3.187250996015936,0.41097418495012533,5,9,7,1,1
15052,México,Malinalco,Malinalco,18.952341666666666,-99.49756527777778,28155,0.0,11.678209909429942,7.96,28.16464237516869,23.49527665317139,62.880315249266864,9.152903569525838,39.744272775705916,105.84265672171905,2.0134228187919465,10.655301012253597,0,0,0,0,0
15053,México,Melchor Ocampo,Melchor Ocampo,19.710413888888887,-99.14345833333334,61220,73.06599150604377,12.174126102580855,9.96,40.98049482916612,52.97813849980364,61.8038220730859,44.06076445606011,19.576935641947077,57.49754982032016,0.8522727272727273,0.9800718719372754,1,1,1,0,0
15054,México,Metepec,San Salvador Tizatlalli,19.271403333333332,-99.57937888888888,242307,72.99458950835097,11.073968147845502,12.27,63.82007631347226,73.34311711182859,61.26266754645998,56.49527252617547,44.11345937178868,80.14626073534814,7.775489186405768,0.6190493877601555,45,31,8,4,1
15055,México,Mexicaltzingo,San Mateo Mexicaltzingo,19.211109444444443,-99.58685388888888,13807,0.0,12.167741000941552,10.14,55.05754088431254,53.78558449424591,56.14672235336844,24.205113348301587,30.89012819584269,89.08524661403636,0.8130081300813008,0.0,1,0,0,0,0
15056,México,Morelos,Santa Clara de Juárez,19.721754722222222,-99.60865027777777,33164,0.0,12.12760824990954,7.62,32.236359187668214,13.518473207731832,64.33994514449259,11.73260161621035,10.432999638161862,32.26390061512483,0.0,0.6030635628995296,1,0,0,0,0
15057,México,Naucalpan de Juárez,Naucalpan de Juárez,19.478802777777776,-99.23321805555555,834434,93.02353451561179,11.393111977699855,10.72,45.92232686334757,66.6662503226666,61.74445776900935,50.36371959915344,26.851135020864444,52.05924015560248,6.00828729281768,0.17976256959807485,41,68,7,8,1
15058,México,Nezahualcóyotl,Ciudad Nezahualcóyotl,19.408763333333333,-99.0182,1077208,99.57928273833838,11.24778130129,10.42,38.88366816799683,68.66336866269742,61.823979732334635,46.5283399306355,21.54551395830703,58.54950947263667,1.7916600602505153,0.5291457174473267,14,37,8,5,1
15059,México,Nextlalpan,Ex-Hacienda Santa Inés,19.706565555555557,-99.06764527777777,57082,61.95473178935566,10.914123541571774,9.9,37.243771680857776,46.96941028066856,63.785737011954005,41.33001646753793,10.58126905153989,31.183210118776497,1.1235955056179776,0.5255597211029747,0,0,0,0,0
15060,México,Nicolás Romero,Ciudad Nicolás Romero,19.625715,-99.31589805555555,430601,79.0181629861519,12.026678990527193,9.75,39.687186860105435,56.233172134361524,61.54316855746662,48.9299839062148,15.969540247235841,47.79366513315111,0.7288629737609329,0.3715736842227491,6,8,6,0,0
15061,México,Nopaltepec,San Felipe Teotitlán,19.803110833333335,-98.70183416666667,10351,0.0,12.211380542942711,9.23,49.09972299168975,37.04986149584487,58.90707751564757,18.52961066563617,37.19447396386823,115.93082793932953,0.0,3.8643609313109843,0,0,0,0,0
15062,México,Ocoyoacac,Ocoyoacac,19.269280833333333,-99.45569527777778,72103,40.31455001872322,12.011982857856122,10.43,46.3340063455437,53.18142486299394,63.49758188045368,42.34497871101064,45.34485388957464,124.6827455168301,1.4460511679644048,1.525595328904484,1,2,2,1,1
15063,México,Ocuilan,Santa Mónica,18.991376666666667,-99.4257513888889,36223,0.0,12.52795185379455,8.15,36.480491411671025,22.64816289386873,64.77472850014675,11.56723628633741,19.766446732738867,57.146012202191976,0.966183574879227,1.3803384589901444,0,0,0,0,0
15064,México,El Oro,El Oro de Hidalgo,19.802143055555558,-100.13066472222222,36937,0.0,12.239759590654357,8.49,36.19099294628323,33.629951166576234,58.527714635425774,15.469583344613802,10.693884181173349,31.13409318569456,0.0,0.8121937352789885,1,0,0,0,0
15065,México,Otumba,Otumba de Gómez Farías,19.699853611111113,-98.75769416666667,36331,0.0,11.97875092895874,9.23,51.090576985065006,34.243042870957346,60.27307745219425,15.281715339517216,18.771847733340675,56.150394979494095,0.9803921568627451,3.5782114447716826,4,0,0,0,0
15066,México,Otzoloapan,Otzoloapan,19.117408333333334,-100.29771166666667,4891,0.0,11.286035575546922,7.21,43.58772619984264,10.30684500393391,36.28587196467991,4.395829073809037,7.360457984052341,24.534859946841138,0.0,0.0,0,0,0,0,0
15067,México,Otzolotepec,Villa Cuauhtémoc,19.416206388888888,-99.55858944444444,88783,0.0,12.832411610330807,8.98,40.24354603019971,34.520214320506575,60.87699643800988,29.96970140680085,9.618958584413683,30.185959023686966,0.0,0.9010734036921483,0,0,0,0,0
15068,México,Ozumba,Ozumba de Alzate,19.039176944444446,-98.79538944444444,30785,60.35406853987332,12.16826376482053,9.6,34.516928158546655,32.548857693366365,63.883930424675164,17.333116777651455,21.179145687834986,67.89020626928699,0.0,0.6496670456391099,0,0,0,0,0
15069,México,Papalotla,Papalotla,19.5633775,-98.85820916666665,4862,0.0,12.032085561497325,10.74,52.23395613322502,64.17546709991876,57.69524294072755,31.756478815302344,36.199095022624434,106.95187165775401,0.0,2.0567667626491155,0,0,0,0,0
15070,México,La Paz,Los Reyes Acaquilpan,19.358386944444447,-98.97660166666667,304088,67.89251795532871,12.445081686880114,9.53,31.534043669015976,52.90423259443073,63.21082146732603,35.32102549262056,20.716042724474494,62.28460182578727,0.8975712777191129,0.5919339138670385,5,6,5,0,0
15071,México,Polotitlán,Polotitlán de la Ilustración,20.22380944444444,-99.814745,14985,0.0,11.23123123123123,8.71,58.511697361871576,27.227476356396217,59.51568894952251,27.0337003670337,17.91791791791792,51.384718051384716,1.2987012987012987,2.002002002002002,0,0,0,0,0
15072,México,Rayón,Santa María Rayón,19.148010555555555,-99.58173916666667,15972,0.0,12.246431254695718,9.96,41.03923647932132,49.469777306468714,54.55763018986843,49.217380415727526,18.156774355121463,56.34861006761833,0.0,0.0,1,0,0,0,0
15073,México,San Antonio la Isla,San Antonio la Isla,19.164099444444442,-99.56933583333333,31962,53.42281459232839,11.457355609786621,11.11,53.507742843735336,62.29469732519944,62.632225347648664,54.51160753394656,13.797634691195794,45.992115637319316,0.0,0.0,2,0,0,0,0
15074,México,San Felipe del Progreso,San Nicolás Guadalupe,19.614985555555556,-100.03072722222223,144924,0.0,13.46912864673898,7.54,25.97398641445064,14.325748575954186,72.62344642257305,8.120808147718805,5.989346140045817,19.389473103143718,0.0,0.6210151527697276,1,0,0,0,0
15075,México,San Martín de las Pirámides,San Martín de las Pirámides,19.704843333333333,-98.83452444444444,29182,0.0,11.986841203481598,9.85,45.800337530832145,42.61975853563547,61.00228949376749,25.00514015489,25.13535741210335,67.50736755534234,2.5380710659898478,2.741415941333699,1,0,0,0,0
15076,México,San Mateo Atenco,San Mateo Atenco,19.264166666666668,-99.52972222222222,97418,91.08583629308752,12.308813566281385,10.42,47.85794813979707,55.446188535252794,64.17760627827244,50.05132521710567,29.92773409431522,81.70974563222403,1.8844221105527639,1.2318052105360406,5,3,2,0,0
15077,México,San Simón de Guerrero,San Simón de Guerrero,19.02308888888889,-100.00727805555556,6692,0.0,11.491332934847579,8.68,39.79057591623037,24.665503199534612,49.000593706708884,13.882247459653318,4.482964734010759,14.943215780035864,0.0,1.4943215780035863,0,0,0,0,0
15078,México,Santo Tomás,Loma Bonita,19.180303055555555,-100.25960277777777,9729,0.0,11.635317093226437,8.04,29.19042189281642,18.167996959331052,48.746594005449595,9.024565731318738,12.950971322849213,38.03063007503341,0.0,1.0278548668927947,0,0,0,0,0
15079,México,Soyaniquilpan de Juárez,San Francisco Soyaniquilpan,20.01389111111111,-99.5278961111111,14323,0.0,11.073099211059136,9.07,51.91725529767911,23.890010090817356,59.32852435657672,32.632828318089786,19.164979403756195,51.66515394819521,1.3513513513513513,2.094533268170076,0,0,0,0,0
15080,México,Sultepec,Sultepec de Pedro Ascencio de Alquisiras,18.858545833333334,-99.96642972222223,24145,0.0,10.962932284116794,7.13,30.86499595796281,13.484236054971706,63.791569347124906,9.703872437357631,9.69144750465935,30.234002899150962,0.0,1.2424932698281217,0,0,0,0,0
15081,México,Tecámac,Ojo de Agua,19.67830277777778,-98.9976188888889,547503,91.27730806954483,11.398111060578664,10.99,49.06991739357884,64.99203133934328,62.37916002792746,53.398794161858476,17.727756742885425,46.52029303949019,2.1201413427561837,0.40182428224137584,24,13,6,1,1
15082,México,Tejupilco,Tejupilco de Hidalgo,18.905696388888888,-100.15340277777779,79282,39.0593072828637,12.470674301859185,8.56,36.703440632713715,30.653367588534582,57.623718613467524,19.82417194319013,22.325370197522766,61.804697156983934,1.6326530612244898,2.2703766302565525,0,0,0,0,0
15083,México,Temamatla,Temamatla,19.202740555555554,-98.86990222222222,14130,0.0,11.273885350318471,9.82,34.81640310908604,44.76011793084964,53.893143690736686,22.6963906581741,11.11111111111111,34.67799009200283,0.0,1.4154281670205238,0,0,0,0,0
15084,México,Temascalapa,Santa Ana Tlachihualpa,19.767164444444443,-98.91043305555556,43593,0.0,11.889523547358522,9.13,37.13520980832326,28.43204973234329,59.522702168478574,28.227008923451013,15.690592526323034,50.008028811965225,0.0,0.22939462757782214,0,0,0,0,0
15085,México,Temascalcingo,Temascalcingo de José María Velasco,19.915911388888887,-100.00408055555556,66414,0.0,11.834854097027735,8.04,37.134604274985556,28.157134604274987,65.18584793729212,11.762580178877947,9.68169361881531,28.006143283042732,1.075268817204301,0.7528533140602885,1,0,0,0,0
15086,México,Temascaltepec,Temascaltepec de González,19.043074722222222,-100.04135944444444,35014,0.0,12.10658593705375,7.85,36.596385542168676,16.612604263206673,61.28723485718661,9.853201576512252,5.212200833952133,15.708002513280402,1.8181818181818181,1.1424001827840293,0,0,0,0,0
15087,México,Temoaya,San Pedro Arriba,19.48433361111111,-99.56428888888888,105766,0.0,12.429325113930753,8.27,38.161883799161096,27.962124672951536,62.5792916816664,17.675812643004367,8.830815195809617,27.702664372293555,0.0,0.47274171283777394,3,0,0,0,0
15088,México,Tenancingo,Tenancingo de Degollado,18.96183027777778,-99.59384166666666,104677,0.0,11.939585582315122,9.25,36.41521245793881,41.48603177087409,62.51297513716574,20.571854371065278,20.978820562301173,57.51024580375823,1.3289036544850499,1.146383637284217,1,2,2,0,0
15089,México,Tenango del Aire,Tenango del Aire,19.157003333333332,-98.86129555555554,11359,0.0,11.83202746720662,9.79,35.083449235048676,40.159944367176635,46.21672373798741,22.466766440707808,13.64556739149573,44.017959327405585,0.0,0.8803591865481116,0,0,0,0,0
15090,México,Tenango del Valle,Tenango de Arista,19.103760833333336,-99.59157499999999,90518,27.19017212046223,12.340087054508496,9.07,39.14135430981377,35.62526654977965,61.889899062209174,27.16918182019046,21.802293466492852,64.29660399036656,1.2027491408934707,0.9942773812943282,1,0,0,0,0
15091,México,Teoloyucan,Teoloyucan,19.74546555555556,-99.183065,65459,80.70395209214928,12.20764142440306,9.67,40.33707168969577,47.77247660945536,60.313547243942836,40.2312898149987,15.276738110878565,48.88556195481141,0.0,1.5276738110878565,0,1,1,0,0
15092,México,Teotihuacán,Teotihuacán de Arista,19.685479444444443,-98.86862777777777,58507,42.003520946211566,11.472131539815749,10.01,43.208001012786426,45.78427649069503,61.24016287950714,28.360708974994445,35.62821542721384,86.1435383800229,2.9761904761904763,6.324029603295332,8,4,3,0,0
15093,México,Tepetlaoxtoc,Tepetlaoxtoc de Hidalgo,19.57336527777778,-98.81971861111111,32564,0.0,12.050116693280923,9.68,44.87057706008074,38.826881975777724,59.20176525240012,26.87937599803464,10.993735413339884,34.08672153298121,0.0,0.0,0,0,0,0,0
15094,México,Tepetlixpa,Tepetlixpa,19.029515,-98.81970805555555,20500,0.0,11.790243902439025,9.13,32.06256109481916,30.361681329423266,63.496270726745976,16.463414634146343,25.414634146341463,71.70731707317073,1.3605442176870748,0.4878048780487805,0,0,0,0,0
15095,México,Tepotzotlán,Tepotzotlán,19.713778055555554,-99.22351444444445,103696,38.84334979169881,12.005284678290387,9.85,46.26051039976398,50.719132615430006,62.439267177019886,48.27187162474927,28.501581546057707,68.56580774571826,3.7974683544303796,1.7358432340688166,3,1,1,0,0
15096,México,Tequixquiac,Tequixquiac,19.910276666666665,-99.14891305555557,39489,65.07381802527286,12.494618754589887,9.35,43.454613653413354,37.05926481620405,63.38325048763607,28.921978272430298,24.50049380840234,74.70434804629137,0.3389830508474576,0.5064701562460432,0,0,0,0,0
15097,México,Texcaltitlán,Texcaltitlán,18.930389444444447,-99.93927666666667,18482,0.0,12.022508386538254,8.32,45.202791103358045,19.254252071522025,53.04846657350886,10.242398008873499,12.931500919813873,39.49788983876204,0.0,1.623200952277892,0,0,0,0,0
15098,México,Texcalyacac,San Mateo Texcalyacac,19.1322275,-99.50306916666666,5736,0.0,11.698047419804743,10.09,38.96551724137931,50.13793103448276,57.0611526616806,30.561366806136682,34.693165969316595,109.8326359832636,0.0,1.7433751743375174,0,0,0,0,0
15099,México,Texcoco,Texcoco de Mora,19.513439722222223,-98.88148444444444,277562,12.786692702891607,12.576289261498331,10.52,45.76153611365465,53.99150919836843,60.800726810852765,39.27987260503959,29.962675005944618,71.44349730870941,3.7821482602118004,1.0808395961983268,16,8,5,0,0
15100,México,Tezoyuca,Ejido de Tequisistlán Primero,19.602294722222222,-98.9615663888889,47044,77.86752827140549,12.666865062494686,9.3,39.40337649565645,41.50958859203409,62.16373804033818,30.21851883343253,20.0238074993623,62.4946858260352,0.6802721088435374,0.6377008757758694,1,0,0,0,0
15101,México,Tianguistenco,San Pedro Tlaltizapan,19.199371944444444,-99.49868416666666,84259,0.0,12.39392824505394,9.74,40.281578030943734,42.53022237699617,66.2464836919334,30.706512063993163,21.784023071719343,65.39360780450752,0.5444646098003629,0.9494534708458444,6,1,1,0,0
15102,México,Timilpan,Santiaguito Maxda,19.820608055555557,-99.76397305555555,16414,0.0,11.447544778847325,8.68,47.78248272788054,23.178069979942055,58.13241484883276,14.35969294504691,3.655416108200317,12.184720360667722,0.0,1.2184720360667722,0,0,0,0,0
15103,México,Tlalmanalco,San Rafael,19.209687499999998,-98.75615166666667,49196,45.44475160582161,11.2468493373445,10.5,36.58422407739721,51.985644066474215,58.11659192825112,48.229530856167166,16.17001382226197,47.97137978697455,0.423728813559322,0.20326855841938368,0,0,0,0,0
15104,México,Tlalnepantla de Baz,Tlalnepantla,19.538523333333334,-99.19519833333334,672202,98.02217190665901,10.722669673699276,10.93,47.05723366450612,70.49776020420931,61.60959520030452,59.67700185360948,26.942050157541928,59.50592232691959,4.25,0.6545651455961154,26,45,8,5,1
15105,México,Tlatlaya,San Pedro Limón,18.58293861111111,-100.30507138888889,31762,0.0,11.161135948617845,7.54,35.474827707043566,8.924191099170658,65.91003059621268,10.307915118695297,3.8725521062905357,12.908507020968452,0.0,0.0,0,0,0,0,0
15106,México,Toluca,Toluca de Lerdo,19.293488055555557,-99.65731666666667,910608,68.87442236395903,11.960909634002777,10.92,52.5932908974113,58.16488274504242,62.06024775079758,50.56687400066769,26.872704830179398,66.77955827315377,3.0093734583127776,0.7577354910125982,42,41,7,6,1
15107,México,Tonatico,Tonatico,18.802019444444444,-99.670935,12912,0.0,11.237608426270135,8.72,48.33425874514159,44.641865630205444,61.235408560311285,19.106257744733583,37.29089219330855,110.74969021065675,0.6993006993006993,5.421313506815365,0,0,0,0,0
15108,México,Tultepec,Tultepec,19.685548055555557,-99.12860527777777,157645,90.20393923054965,11.662913508198802,10.71,48.202178893720486,66.48898863795763,64.1382609923293,50.87316438834089,20.822100288623172,56.455961178597484,1.9101123595505618,0.31716832122807576,1,1,1,0,0
15109,México,Tultitlán,Buenavista,19.60828027777778,-99.16695,516341,98.27555820668898,11.580331602564971,10.37,41.57970825825106,66.53465889236799,61.31338715015739,57.30011755797041,15.68052895276571,45.86116539263781,0.9712837837837838,0.3098727391394447,6,6,3,0,0
15110,México,Valle de Bravo,Valle de Bravo,19.194394722222224,-100.13160694444444,61590,39.23851274557558,11.84120798830979,9.13,41.20528241056482,38.099076198152396,63.98589727542037,17.400552037668454,28.567949342425717,67.21870433511934,4.106280193236715,8.60529306705634,1,3,2,0,0
15111,México,Villa de Allende,San Felipe Santiago,19.38852,-100.10694805555555,53275,0.0,12.844673862036602,7.13,28.848920863309353,4.884092725819345,64.92837110588948,7.900516189582356,3.4913186297512904,11.637728765837634,0.0,0.0,0,0,0,0,0
15112,México,Villa del Carbón,Villa del Carbón,19.727588333333333,-99.46307972222222,51498,0.0,12.852926327236009,8.08,34.57640232108317,18.81624758220503,65.99690095765489,12.825740805468174,11.942211348013515,29.127344751252476,4.0,3.301099071808614,2,0,0,0,0
15113,México,Villa Guerrero,Villa Guerrero,18.96170861111111,-99.64199972222222,69086,0.0,12.621949454303332,7.43,39.7068050881296,20.70047344703668,70.6234004727763,6.101091393335842,11.543583359870306,35.46304605853574,0.40816326530612246,0.14474712676953363,2,0,0,0,0
15114,México,Villa Victoria,Villa Victoria,19.441875555555555,-99.99505027777778,108196,0.0,13.382195275241228,6.84,30.11715205016088,6.93012127712235,63.93730645263224,8.847831712817479,2.735775814263004,8.040962697327073,0.0,0.3696994343598654,0,0,0,0,0
15115,México,Xonacatlán,Xonacatlán,19.404419166666667,-99.53039583333333,54633,42.013069024216136,11.641315688320246,9.67,42.243746186699205,45.56131787675412,61.20831881027071,31.05632127102667,19.026961726429082,55.64402467373199,0.9868421052631579,0.7321582193912104,1,0,0,0,0
15116,México,Zacazonapan,Zacazonapan,19.07445722222222,-100.25611583333334,5109,0.0,10.980622431004111,7.8,49.05797101449275,26.884057971014492,44.5945945945946,12.155020551967118,20.943433157173615,66.54922685457036,0.0,7.829320806420043,0,0,0,0,0
15117,México,Zacualpan,Zacualpan,18.718670277777775,-99.77562166666667,13522,0.0,11.300103534980032,7.4,36.66479505895564,18.58506457046603,57.4468085106383,9.251590001479071,11.68466203224375,37.716314154710844,0.0,2.218606714982991,0,0,0,0,0
15118,México,Zinacantepec,San Miguel Zinacantepec,19.284906388888892,-99.7350375,203872,39.35557604771621,12.547578873018365,9.99,48.7389104021964,47.80052041715328,60.71901396632419,44.292987757024015,14.001432271229007,39.68176110500706,1.3597033374536465,0.6376549992151939,2,3,3,1,1
15119,México,Zumpahuacán,Zumpahuacán,18.840927777777775,-99.58559555555556,18833,0.0,12.70110975415494,7.48,24.056189640035118,12.181738366988586,56.54938227006719,5.554080603196517,12.159507247915892,38.76174799553974,0.0,0.0,0,0,0,0,0
15120,México,Zumpango,Zumpango de Ocampo,19.797123055555556,-99.10063388888888,280455,31.807241803497888,11.074860494553494,9.77,33.25514925468784,49.681496007485165,62.14858024831468,41.850564261646255,15.139683728227345,40.71954502504858,2.1015761821366024,0.820095915565777,4,9,6,1,1
15121,México,Cuautitlán Izcalli,Cuautitlán Izcalli,19.656995555555554,-99.20928611111111,555163,92.82913306542403,10.839879458825607,11.38,56.60796238946308,74.46239568175316,61.71145910032706,62.685193357626495,23.680432593670687,55.44317614826637,3.4762833008447043,0.3422418280757183,29,36,8,3,1
15122,México,Valle de Chalco Solidaridad,Xico,19.278765,-98.94344861111111,391731,98.10992747574228,11.75526062527602,9.12,26.842185913766354,55.76263719424598,64.01909595620765,33.4147667659695,17.806862362182212,52.4849960814947,1.0214007782101167,0.6126653239084985,4,5,3,0,0
15123,México,Luvianos,Villa Luvianos,18.920482222222223,-100.29944638888888,28822,0.0,11.74450072861009,7.15,35.89427554094769,18.74828814023555,59.78440735662616,4.843522309347026,15.873291235861494,48.57400596766359,0.7142857142857143,1.3878287419332453,0,0,0,0,0
15124,México,San José del Rincón,San José del Rincón Ejido,19.664803055555556,-100.1514688888889,100082,0.0,13.661797326192522,6.48,27.535301668806163,6.496423986796259,66.38906565586697,3.1574109230431047,2.0483203772906218,6.494674367019044,0.0,0.09991806718490838,1,0,0,0,0
15125,México,Tonanitla,Santa María Tonanitla,19.688161666666666,-99.05436166666667,14883,0.0,11.677753141167775,10.51,50.93481556341587,53.031834259727134,61.4933242622672,40.27413827857287,19.552509574682524,61.81549418799973,0.0,0.0,0,0,0,0,0
16001,Michoacán de Ocampo,Acuitzio,Acuitzio del Canje,19.496251944444445,-101.33285138888888,11301,0.0,12.113972214848243,7.84,52.255639097744364,25.427204374572796,59.68639927280991,17.62675869392089,18.84788956729493,62.826298557649764,0.0,1.7697548889478807,0,0,0,0,0
16002,Michoacán de Ocampo,Aguililla,Aguililla,18.73423138888889,-102.78837972222222,14754,0.0,9.319506574488274,6.09,48.678107606679035,37.894248608534326,60.05188067444877,6.235597126203063,22.40070489358818,68.45601192896842,0.9900990099009901,1.35556459265284,0,0,0,0,0
16003,Michoacán de Ocampo,Álvaro Obregón,Álvaro Obregón,19.826305833333333,-101.038485,23000,0.0,10.934782608695652,7.41,40.22355975924334,21.65090283748925,53.948335311740436,15.160869565217391,13.782608695652174,36.52173913043478,2.380952380952381,0.8695652173913043,0,0,0,0,0
16004,Michoacán de Ocampo,Angamacutiro,Angamacutiro de la Unión,20.149654444444444,-101.70831083333334,14943,0.0,10.332597202703607,6.78,45.03247534279529,26.581669473177772,57.78750631419431,8.927256909589774,18.804791541189854,58.22124071471592,0.0,1.3384193267750786,0,0,0,0,0
16005,Michoacán de Ocampo,Angangueo,Mineral de Angangueo,19.619833055555556,-100.28551138888889,10892,0.0,10.686742563349247,8.2,31.070889894419306,17.458521870286575,48.254198381055936,18.242746970253396,17.535806096217406,52.33198677928755,0.0,5.508630187293426,0,0,0,0,0
16006,Michoacán de Ocampo,Apatzingán,Apatzingán de la Constitución,19.08722722222222,-102.35526444444444,126191,81.11671989286083,11.324896387222543,7.93,46.50613648951987,45.25551701017404,65.9539251100863,30.449081154757472,32.942127410037166,84.7128559089,2.619270346117867,2.6943284386366697,3,3,3,0,0
16007,Michoacán de Ocampo,Aporo,Aporo,19.67083611111111,-100.41112777777778,3529,0.0,11.646358741853216,8.04,48.19004524886878,18.891402714932127,48.288690476190474,12.014735052422783,18.418815528478323,56.67327854916407,0.0,5.667327854916407,0,0,0,0,0
16008,Michoacán de Ocampo,Aquila,Aquila,18.59913861111111,-103.50475416666667,24676,0.0,10.73512724914897,6.83,34.295093296475464,20.749827228749137,62.327026263767294,10.633814232452586,3.5256929810342035,11.752309936780678,0.0,5.268276868212028,0,0,0,0,0
16009,Michoacán de Ocampo,Ario,Ario de Rosales,19.207807222222222,-101.7093938888889,36268,49.897981691849566,11.332303959413258,7.59,55.32848277337899,35.58741707682431,62.18475126829446,22.013896547921032,26.06981360979376,76.10014337708172,1.0869565217391304,1.930076100143377,1,0,0,0,0
16010,Michoacán de Ocampo,Arteaga,Arteaga,18.35569388888889,-102.2900625,20332,0.0,11.346645681684045,7.54,50.764685436218286,21.86305179005909,58.219875302201295,23.95730867597875,31.82175880385599,90.49773755656109,1.0869565217391304,2.9510131811922093,0,0,0,0,0
16011,Michoacán de Ocampo,Briseñas,Briseñas de Matamoros,20.271234166666666,-102.5610575,11681,0.0,10.93228319493194,7.72,47.047558250877756,43.37695499521226,50.87231914657184,26.487458265559457,17.250235425049226,49.653283109322835,1.7241379310344827,0.8560910880917729,0,0,0,0,0
16012,Michoacán de Ocampo,Buenavista,Buenavista Tomatlán,19.211735277777777,-102.58789083333333,45538,0.0,11.223593482366375,6.4,52.53249310752265,32.737298148877514,72.90188866509034,8.127278317009969,27.273925073564936,73.34533795950635,1.1976047904191616,0.6587904607141288,1,0,0,0,0
16013,Michoacán de Ocampo,Carácuaro,Carácuaro de Morelos,19.017308333333332,-101.12699083333332,9176,0.0,10.658238884045335,6.62,38.921918351169246,17.00356718192628,55.769801245921094,7.7375762859633825,17.436791630340018,54.48997384481255,0.0,2.1795989537925022,0,0,0,0,0
16014,Michoacán de Ocampo,Coahuayana,Coahuayana de Hidalgo,18.702474444444444,-103.6629313888889,17022,0.0,10.89178709904829,7.23,53.344659163304314,30.26120195370567,62.29838709677419,12.09023616496299,27.464457760545177,82.24650452355775,0.7142857142857143,2.937375161555634,0,0,0,0,0
16015,Michoacán de Ocampo,Coalcomán de Vázquez Pallares,Coalcomán de Vázquez Pallares,18.777098888888887,-103.15955472222223,19633,0.0,11.572352671522436,7.16,57.878845065106624,44.064917909039444,60.29551308119832,16.925584475118423,21.137880099831914,56.02811592726532,1.8181818181818181,2.5467325421484235,0,0,0,0,0
16016,Michoacán de Ocampo,Coeneo,Coeneo de la Libertad,19.82098361111111,-101.58375083333333,20965,0.0,9.544478893393752,6.96,48.19949281487743,20.69315300084531,53.90028978650423,12.926305747674697,13.021702838063439,38.635821607440974,0.0,0.4769854519437157,0,0,0,0,0
16017,Michoacán de Ocampo,Contepec,Contepec,19.955269166666668,-100.16445722222223,35070,0.0,11.04932991160536,7.11,39.475123018042645,14.182613449972663,64.81318260203103,10.499001996007983,4.704875962360992,14.2571998859424,0.0,1.42571998859424,0,0,0,0,0
16018,Michoacán de Ocampo,Copándaro,Copándaro de Galeana,19.89382388888889,-101.215305,9484,0.0,11.767186840995361,7.06,39.135853759867054,23.057748234316577,47.552918969933934,11.008013496415014,17.714044706874738,53.774778574441164,0.0,0.0,0,1,1,0,0
16019,Michoacán de Ocampo,Cotija,Cotija de la Paz,19.81028527777778,-102.70582194444445,20198,0.0,11.124863847905733,6.83,52.3576136555687,38.19503126584418,56.4078222897285,17.041291216952175,29.73066640261412,79.71086246162986,1.8633540372670807,1.9803940984255868,0,0,0,0,0
16020,Michoacán de Ocampo,Cuitzeo,Cuitzeo del Porvenir,19.96821361111111,-101.13958416666668,29910,0.0,11.66833834837847,7.32,32.23308883455583,26.582450421081226,56.86391541609822,16.509528585757273,21.79872952189903,64.86125041792043,1.0309278350515463,0.6686726847208292,0,0,0,0,0
16021,Michoacán de Ocampo,Charapan,Charapan,19.650169166666664,-102.25273777777778,13539,0.0,11.965433192998006,6.86,22.890559732664997,3.9821776663881927,60.87544690308243,6.721323583721102,24.96491616810695,81.985375581653,0.0,0.7386069872220992,0,0,0,0,0
16022,Michoacán de Ocampo,Charo,Charo,19.746670277777778,-101.04631277777777,25138,0.0,11.142493436232,7.14,44.410822356710575,32.64506941972232,61.12212529738303,22.798154188877398,10.303126740393031,23.072639032540376,6.896551724137931,0.0,0,0,0,0,0
16023,Michoacán de Ocampo,Chavinda,Chavinda,20.00693861111111,-102.45858472222223,10417,0.0,11.22204089469137,6.58,46.71941971645236,46.35674249917573,56.90567853705486,16.261879619852166,20.879331861380436,57.59815685898051,1.6666666666666667,0.9599692809830085,0,0,0,0,0
16024,Michoacán de Ocampo,Cherán,Cherán,19.687651666666667,-101.95481611111111,20586,81.80802487127174,11.284368017099,8.3,41.66839593276613,12.824237393650135,62.647599055366044,12.367628485378413,45.41921694355387,150.58777810162246,0.0,1.9430681045370641,0,0,0,0,0
16025,Michoacán de Ocampo,Chilchota,Chilchota,19.849206944444443,-102.11943722222222,40560,0.0,12.460552268244577,7.71,27.64236184072284,21.4330741752469,66.5445111075077,13.666173570019724,28.464003944773175,92.20907297830375,0.26737967914438504,1.232741617357002,0,0,0,0,0
16026,Michoacán de Ocampo,Chinicuila,Villa Victoria,18.758168055555554,-103.36780027777777,4773,0.0,10.328933584747539,6.75,60.984848484848484,50.15151515151515,46.80497925311203,19.903624554787346,6.913890634820867,23.04630211606956,0.0,0.0,0,0,0,0,0
16027,Michoacán de Ocampo,Chucándiro,Chucándiro,19.899964999999998,-101.33339138888888,4944,0.0,11.003236245954692,6.16,45.690834473324216,13.47469220246238,47.75018441111384,4.975728155339806,15.169902912621358,50.566343042071196,0.0,2.0226537216828477,0,0,0,0,0
16028,Michoacán de Ocampo,Churintzio,Churintzio,20.150959722222222,-102.06592055555555,5233,0.0,8.61838333651825,7.29,60.67615658362989,40.0355871886121,50.43920480813685,11.656793426332888,21.40263711064399,64.97229122874069,0.0,1.910949742021785,0,0,0,0,0
16029,Michoacán de Ocampo,Churumuco,Churumuco de Morelos,18.664557777777777,-101.64655250000001,12342,0.0,9.342083941014423,6.6,43.11490978157645,37.82842671731561,53.80732938336625,7.851239669421488,25.603629881704748,78.59342083941014,0.0,1.6204829039053639,0,0,0,0,0
16030,Michoacán de Ocampo,Ecuandureo,Ecuandureo,20.162615555555554,-102.19456638888889,11850,0.0,9.949367088607595,6.44,43.87643521049754,34.937124111536356,50.0356161595604,14.405063291139241,27.80590717299578,70.88607594936708,3.5714285714285716,0.0,0,1,1,0,0
16031,Michoacán de Ocampo,Epitacio Huerta,Epitacio Huerta,20.134689444444444,-100.29372194444444,16112,0.0,9.278798411122144,6.55,54.84920807116511,12.627467997396398,57.014973958333336,7.894736842105263,7.199602780536246,22.964250248262164,0.0,0.6206554121151936,1,0,0,0,0
16032,Michoacán de Ocampo,Erongarícuaro,Jarácuaro,19.560833333333335,-101.67750000000001,15715,0.0,10.804963410754057,7.7,33.02078053725291,16.294982260516978,64.2792384406165,15.278396436525613,9.735921094495705,29.27139675469297,0.0,1.2726694241170855,1,0,0,0,0
16033,Michoacán de Ocampo,Gabriel Zamora,Lombardía,19.159803888888888,-102.05396499999999,21466,0.0,11.091959377620423,7.41,43.71965037228877,24.603431531239885,58.00122249388753,16.691512158762695,28.300568340631695,74.53647628808348,3.125,1.863411907202087,0,0,0,0,0
16034,Michoacán de Ocampo,Hidalgo,Ciudad Hidalgo,19.689350833333332,-100.55516138888889,125712,56.89830724194985,12.157152857324679,8.02,48.80028228652082,31.693077564637196,61.0209345445882,18.050782741504392,24.13055237367952,68.96716303932799,1.2687427912341407,2.147766323024055,4,1,1,0,0
16035,Michoacán de Ocampo,La Huacana,La Huacana,18.962886944444445,-101.80886722222222,30627,0.0,9.808339047245894,7.03,40.91937596760748,20.42396093843039,57.8330574191862,12.560812355111503,27.426780291899306,84.89241518921213,0.0,2.285565024324942,0,0,0,0,0
16036,Michoacán de Ocampo,Huandacareo,Huandacareo,19.988704444444444,-101.27585333333333,11644,0.0,9.97938852627963,7.42,39.326500732064424,36.77891654465593,51.55865024102839,20.11336310546204,26.53727241497767,71.28134661628306,2.4096385542168677,3.4352456200618344,0,0,0,0,0
16037,Michoacán de Ocampo,Huaniqueo,Huaniqueo de Morales,19.89899527777778,-101.50515138888889,7945,0.0,8.82315921963499,6.36,49.72133757961783,17.436305732484076,45.09744674422118,13.417243549402139,12.712397734424167,40.27690371302706,0.0,3.775959723096287,0,0,0,0,0
16038,Michoacán de Ocampo,Huetamo,Huetamo de Núñez,18.626425833333332,-100.89972472222223,41973,56.78888809472756,10.2303862006528,7.46,42.76337381030522,32.408926813258944,60.31919744642043,24.094060467443356,32.90210373335239,91.01088795177853,1.5706806282722514,4.764967955590499,2,0,0,0,0
16039,Michoacán de Ocampo,Huiramba,Huiramba,19.546481111111113,-101.43799277777778,9015,0.0,11.613976705490849,7.79,43.470483005366724,18.38103756708408,56.421744324970135,17.13810316139767,14.864115363283416,47.69828064337216,0.0,0.0,0,0,0,0,0
16040,Michoacán de Ocampo,Indaparapeo,Indaparapeo,19.790059444444445,-100.96849305555556,18385,0.0,12.129453358716345,7.17,35.204301075268816,24.516129032258064,54.514838981267104,14.000543921675279,28.311123198259452,82.13217296709274,1.9867549668874172,1.0878433505575198,0,0,0,0,0
16041,Michoacán de Ocampo,Irimbo,Irimbo,19.6974875,-100.47910055555556,16043,0.0,11.7808389952004,7.45,47.41524404905025,29.141620581870644,59.89839396919043,11.338278376862183,13.276818550146482,41.13943776101726,0.0,0.6233248145608676,0,0,0,0,0
16042,Michoacán de Ocampo,Ixtlán,Ixtlán de los Hervores,20.168366111111112,-102.3946238888889,14302,0.0,10.089497972311564,6.4,41.12882814477347,37.63604150847887,56.59834591873427,17.836666200531393,17.375192280799887,46.84659488183471,1.492537313432836,0.0,0,0,0,0,0
16043,Michoacán de Ocampo,Jacona,Jacona de Plancarte,19.956321944444444,-102.30602333333333,68781,89.42876666521278,11.984414300460884,7.72,40.644334206565965,50.0195083886071,66.49005867942802,44.67803608554688,21.473953562757156,61.64493101292508,0.9433962264150944,0.5815559529521234,1,0,0,0,0
16044,Michoacán de Ocampo,Jiménez,Villa Jiménez,19.92226638888889,-101.74929277777778,12946,0.0,9.593696894793759,7.2,47.3630831643002,29.335699797160242,53.094307237532185,26.185694422987794,11.663834389000463,36.30465008496833,0.0,0.0,0,0,0,0,0
16045,Michoacán de Ocampo,Jiquilpan,Jiquilpan de Juárez,19.989719166666667,-102.71856333333334,36158,68.20620609546988,11.388904253553847,8.66,52.027985251016354,59.0148435284107,59.04507813312082,29.127717240997843,34.43221417113779,91.26610985120858,1.8181818181818181,2.765639692460866,0,0,0,0,0
16046,Michoacán de Ocampo,Juárez,Benito Juárez,19.312275833333334,-100.43279138888889,14936,0.0,10.852972683449384,7.32,46.54581087702107,17.123958843704067,58.90711341110429,8.931440814140332,11.247991430101768,37.49330476700589,0.0,0.6695232994108195,0,0,0,0,0
16047,Michoacán de Ocampo,Jungapeo,Jungapeo de Juárez,19.458725277777777,-100.49461194444444,19834,0.0,10.981143490975093,7.37,43.98019801980198,24.792079207920793,58.96853497227604,11.076938590299486,7.109004739336493,23.696682464454977,0.0,1.5125541998588283,0,0,0,0,0
16048,Michoacán de Ocampo,Lagunillas,Lagunillas,19.564623055555558,-101.41477916666668,5745,0.0,10.757180156657963,7.18,38.90739506995337,18.65423051299134,50.49594229035167,15.996518711923411,18.798955613577025,62.66318537859008,0.0,1.7406440382941688,1,0,0,0,0
16049,Michoacán de Ocampo,Madero,Villa Madero,19.392120555555554,-101.27761555555556,19086,0.0,11.537252436340774,6.75,54.91838487972509,13.595360824742269,61.69221951568993,8.110657026092424,18.861993083935868,52.39442523315519,2.0,0.523944252331552,0,0,0,0,0
16050,Michoacán de Ocampo,Maravatío,Maravatío de Ocampo,19.89167361111111,-100.44166722222222,89311,44.143498561207466,11.691728902374848,7.86,42.94705338673474,30.65886184586946,63.72866260947009,12.857318807313769,16.140229087122528,45.12322110378341,0.7444168734491315,1.4555877775414003,3,1,1,0,0
16051,Michoacán de Ocampo,Marcos Castellanos,San José de Gracia,19.990238055555558,-103.02150416666666,13983,0.0,11.127798040477723,8.17,60.9983281585861,56.53212323859565,62.772473428211136,15.304298076235428,29.57162268468855,87.24880211685618,0.819672131147541,0.7151541157119359,0,0,0,0,0
16052,Michoacán de Ocampo,Lázaro Cárdenas,Ciudad Lázaro Cárdenas,17.962334166666665,-102.19798083333333,196003,76.80545705933072,11.481967112748274,9.57,48.12043566417254,48.15093933358454,63.130544910922374,58.7904266771427,33.21122635878022,79.53959888369056,3.1430404105195637,4.132589807298868,6,4,3,1,1
16053,Michoacán de Ocampo,Morelia,Morelia,19.703383888888887,-101.1920463888889,849053,89.31468353565678,12.5820178481202,10.99,56.28047108138312,65.2694145049511,64.23754717117795,53.399611096127096,34.11683369589413,77.54521802525873,4.434993924665856,2.0022307205792806,53,38,8,4,1
16054,Michoacán de Ocampo,Morelos,Villa Morelos,20.004251944444444,-101.41238583333335,7983,0.0,10.522360015031943,6.94,53.163444639718804,26.010544815465728,48.07811531308121,6.2883627708881376,13.779280972065639,43.84316672929976,0.0,1.2526619065514217,0,0,0,0,0
16055,Michoacán de Ocampo,Múgica,Nueva Italia de Ruiz,19.028804722222223,-102.08673416666666,45732,70.69010758331147,11.237208081868276,7.62,44.33280744000664,32.4420825375737,63.81253476186294,18.35913583486399,33.20432082568005,95.556721770314,1.6018306636155606,1.0933263360447827,0,0,0,0,0
16056,Michoacán de Ocampo,Nahuatzen,Nahuatzen,19.654073333333333,-101.91713694444445,32598,0.0,11.730781029511013,7.48,25.19653564290473,9.473684210526315,58.201101701882756,7.712129578501749,26.197926253144363,85.28130560157065,0.0,0.6135345726731701,1,0,0,0,0
16057,Michoacán de Ocampo,Nocupétaro,Nocupétaro de Morelos,19.04329666666667,-101.16222916666668,8196,0.0,9.870668618838458,6.85,42.69662921348315,12.179775280898877,61.47485656429295,9.102000976085895,26.35431918008785,81.74719375305027,0.0,2.440214738897023,0,0,0,0,0
16058,Michoacán de Ocampo,Nuevo Parangaricutiro,Nuevo San Juan Parangaricutiro,19.41664388888889,-102.12987972222221,20981,79.81030456126972,12.373099470949906,8.06,55.192939244663386,32.28653530377668,67.69259938064842,27.21033315857204,48.972880224965444,147.75272865926314,0.3225806451612903,8.10256899099185,1,0,0,0,0
16059,Michoacán de Ocampo,Nuevo Urecho,Nuevo Urecho,19.16587222222222,-101.86884694444444,9027,0.0,11.232967763376537,6.92,45.79188982402448,13.69548584544759,56.90303907380608,20.23928215353938,7.422177910712308,21.047967209482664,0.0,1.1077877478675087,0,0,0,0,0
16060,Michoacán de Ocampo,Numarán,Numarán,20.254899722222223,-101.94719722222223,9437,0.0,11.073434354137968,7.39,51.050679851668725,33.704161516275235,50.561197220737576,20.769312281445373,20.133517007523576,63.57952739217972,0.0,0.0,0,0,0,0,0
16061,Michoacán de Ocampo,Ocampo,Ocampo,19.583847777777777,-100.33928194444444,24774,0.0,12.56155647049326,7.32,34.95342929720576,9.720575783234548,56.33348426533846,8.525066602082829,11.05998223944458,35.52111084201179,0.0,0.40364898684104306,0,0,0,0,0
16062,Michoacán de Ocampo,Pajacuarán,Pajacuarán,20.11689388888889,-102.56551333333333,21028,0.0,10.937797222750618,6.79,41.54589371980676,38.89783503310073,54.99589724168403,7.451968803500095,26.86893665588739,83.22237017310253,0.0,0.9511128019783146,0,0,0,0,0
16063,Michoacán de Ocampo,Panindícuaro,Panindícuaro,19.98395888888889,-101.76145972222223,14889,0.0,10.712606622338638,6.39,39.60821786908743,18.944099378881987,54.22428330522766,12.915575256901068,14.64168177849419,44.32802740278058,0.0,1.3432735576600174,0,1,1,0,0
16064,Michoacán de Ocampo,Parácuaro,Antúnez (Morelos),19.015546944444445,-102.20664611111111,26832,0.0,11.422927847346452,6.88,46.85198054204309,38.51285615010424,64.95178447161746,9.32468694096601,20.292933810375672,59.257602862254025,0.6289308176100629,0.0,0,0,0,0,0
16065,Michoacán de Ocampo,Paracho,Paracho de Verduzco,19.647296666666666,-102.0484675,39657,53.49623017373982,11.717981693017625,8.45,37.17627401837928,23.893065998329156,64.10071706885826,23.0047658673122,25.808810550470284,79.93544645333736,0.31545741324921134,1.5129737499054392,0,0,0,0,0
16066,Michoacán de Ocampo,Pátzcuaro,Pátzcuaro,19.51359777777778,-101.61011638888888,98382,61.811103657173064,11.573255270273018,8.95,41.896601205362636,43.81944159731049,65.13043018149108,29.519627574149744,28.801000182960298,72.87918521680795,2.6499302649930265,7.826634953548413,2,1,1,0,0
16067,Michoacán de Ocampo,Penjamillo,Penjamillo de Degollado,20.104468333333333,-101.9336713888889,16621,0.0,9.897118103603875,6.65,49.12099276111686,21.5511892450879,49.467126988892225,7.815414235003911,12.032970338728115,39.107153600866376,0.0,0.6016485169364058,0,0,0,0,0
16068,Michoacán de Ocampo,Peribán,Peribán de Ramos,19.520726944444444,-102.41618833333334,29389,60.063288985674916,11.827554527204056,7.47,61.955508192353804,40.73531370720661,63.91109115401886,20.950015311851374,18.187076797441218,50.69924121269863,2.0134228187919465,1.3610534553744598,0,0,0,0,0
16069,Michoacán de Ocampo,La Piedad,La Piedad de Cabadas,20.341450277777778,-102.0225538888889,106490,81.73725232416189,11.384167527467367,8.96,54.77978485894053,56.80265205331168,63.00970528635927,45.77049488214856,24.781669640341818,60.85078411118415,3.0864197530864197,1.032960841393558,5,5,4,0,0
16070,Michoacán de Ocampo,Purépero,Purépero de Echáiz,19.909963055555554,-102.00674055555555,15503,0.0,10.468941495194478,7.83,51.25448028673835,29.56989247311828,58.18413304686878,33.154873250338646,31.413274850029026,96.11043023930853,0.0,2.5801457782364703,0,0,0,0,0
16071,Michoacán de Ocampo,Puruándiro,Puruándiro,20.08866527777778,-101.51520027777778,69260,46.68351140629512,11.277793820386949,7.26,47.63243243243243,44.12432432432433,57.386623702374635,19.71700837424199,18.979208778515737,48.22408316488594,2.095808383233533,1.5882183078255847,0,0,0,0,0
16072,Michoacán de Ocampo,Queréndaro,Queréndaro,19.8100275,-100.8834875,13961,0.0,12.269894706682903,7.49,42.381212452211905,29.219006007646094,54.366094263792476,18.694935892844352,29.61822219038751,83.80488503688848,0.8547008547008547,1.4325621373827089,0,0,0,0,0
16073,Michoacán de Ocampo,Quiroga,Quiroga,19.66378611111111,-101.52400361111111,27176,56.11201059758611,10.847806888430968,7.56,39.86418147666522,33.14549920531715,67.2035414900631,16.15395937591993,31.443185163379454,93.46482190167795,0.3937007874015748,4.415660877244628,0,0,0,0,0
16074,Michoacán de Ocampo,Cojumatlán de Régules,Cojumatlán de Régules,20.118998333333334,-102.851005,10553,0.0,10.736283521273572,6.65,43.24048913043478,37.80570652173913,56.75051646615628,8.55680849047664,21.7947503079693,71.06983796076945,0.0,0.0,0,0,0,0,0
16075,Michoacán de Ocampo,Los Reyes,Los Reyes de Salgado,19.588974166666667,-102.47467888888889,78935,63.267245201748274,12.268322037119148,8.01,45.78273557375506,42.98691518403464,66.33905820841193,32.97776651675429,25.007917907138786,65.6236143662507,2.7027027027027026,1.5202381706467347,3,1,1,0,0
16076,Michoacán de Ocampo,Sahuayo,Sahuayo de Morelos,20.05768388888889,-102.71679722222223,78477,89.25162786548925,11.568994737311568,8.44,47.863762743280816,61.85356811862836,68.52794346473028,24.204544006524205,37.698943639537696,99.64703034009965,1.918158567774936,1.783962180001784,2,3,3,1,1
16077,Michoacán de Ocampo,San Lucas,San Lucas,18.59141083333333,-100.78475222222222,17677,0.0,9.39073372178537,6.87,42.24609006971924,22.423214622197097,56.99504517633343,11.234938055099848,25.909373762516264,82.59320020365446,0.0,2.8285342535498104,0,0,0,0,0
16078,Michoacán de Ocampo,Santa Ana Maya,Santa Ana Maya,20.008391666666668,-101.02176277777778,12812,0.0,10.966281610989697,7.26,35.766000579206484,33.76773819866783,49.531638310074555,9.295972525757103,20.995941305026538,68.68560724320949,0.0,1.5610365282547611,0,0,0,0,0
16079,Michoacán de Ocampo,Salvador Escalante,Santa Clara del Cobre,19.40608472222222,-101.63979777777779,49896,33.565816899150235,12.493987493987493,7.09,46.43502193171067,34.462888105272214,58.10511719687475,13.53615520282187,21.975709475709476,66.73881673881674,0.9009009009009009,4.008337341670675,0,0,0,0,0
16080,Michoacán de Ocampo,Senguio,Senguio,19.733340833333333,-100.35240722222221,19833,0.0,12.035496394897393,7.37,44.803510871733494,16.17793736285657,55.705245968565016,8.707709373266777,7.5127313064085115,24.20208743004084,0.0,0.5042101547925175,1,0,0,0,0
16081,Michoacán de Ocampo,Susupuato,Rancho Viejo,19.248333333333335,-100.4175,9076,0.0,10.654473336271485,5.73,35.31861724281549,3.331945022907122,54.99851234751562,3.382547377699427,0.9916262670780079,3.3054208902600264,0.0,1.1018069634200087,0,0,0,0,0
16082,Michoacán de Ocampo,Tacámbaro,Tacámbaro de Codallos,19.23553666666667,-101.45732805555556,79540,38.36937389992457,11.757606235856173,7.95,53.01760062754327,25.40079423444624,63.19941637541991,25.99195373397033,28.60196127734473,82.34850389741011,1.2213740458015268,2.388735227558461,1,0,0,0,0
16083,Michoacán de Ocampo,Tancítaro,Tancítaro,19.337497499999998,-102.36303416666667,33453,0.0,12.644605864944849,7.0,63.49147971067794,27.975971558170897,61.04059881213897,12.468239021911339,14.572684064209488,43.3443936268795,0.6896551724137931,0.896780557797507,1,0,0,0,0
16084,Michoacán de Ocampo,Tangamandapio,Santiago Tangamandapio,19.953995,-102.43280055555556,31716,0.0,12.542565266742338,6.85,40.87870105062082,25.501432664756447,59.1645389477209,17.253121452894437,26.626939084373817,84.81523521251104,0.37174721189591076,0.630596544330937,0,0,0,0,0
16085,Michoacán de Ocampo,Tangancícuaro,Tangancícuaro de Arista,19.888234444444443,-102.20845333333334,35256,43.72021783526208,11.26333106421602,6.94,44.602893723326744,33.60049963568232,62.00783796652382,16.60993873383254,19.712956659859316,56.72793283412752,1.0,1.418198320853188,0,0,0,0,0
16086,Michoacán de Ocampo,Tanhuato,Tanhuato de Guerrero,20.283811111111113,-102.32764083333333,15534,0.0,10.834298957126304,7.59,48.16229116945107,39.236276849642,52.35222176926213,11.381485773142783,16.125917342603323,45.70619286725891,1.408450704225352,0.6437491953135058,0,0,0,0,0
16087,Michoacán de Ocampo,Taretan,Taretan,19.33456222222222,-101.91790416666667,15589,0.0,11.078324459554814,7.78,50.89622641509434,33.466981132075475,56.12210667561221,55.50708833151581,15.908653537750979,51.95971518378344,0.0,0.0,0,0,0,0,0
16088,Michoacán de Ocampo,Tarímbaro,Fraccionamiento Galaxia Tarímbaro,19.762494722222222,-101.19559777777778,114513,0.0,11.915677695982115,9.7,47.01445252391154,54.43079986724195,64.02009380070685,46.34670299441985,9.863508946582485,30.47688908682857,0.8595988538681948,0.08732632976168644,0,0,0,0,0
16089,Michoacán de Ocampo,Tepalcatepec,Tepalcatepec,19.191366666666667,-102.84370777777777,24074,71.83268256210019,10.50926310542494,7.18,59.82412750755702,39.461390491893376,64.29937320726654,15.867741131511174,31.7562515576971,86.81565174046689,1.4354066985645932,1.6615435739802276,0,0,0,0,0
16090,Michoacán de Ocampo,Tingambato,Tingambato,19.50189388888889,-101.85347638888888,16325,0.0,11.491577335375192,8.55,37.95696136893959,22.426756546538762,58.19685422409599,18.211332312404288,49.31087289433384,162.32771822358347,0.0,0.6125574272588055,0,0,0,0,0
16091,Michoacán de Ocampo,Tingüindín,Tingüindín,19.738951944444445,-102.48308333333334,14934,0.0,10.62675773402973,7.84,56.410867492850336,32.34032411820782,59.084722694794145,21.849471005758673,20.824963171286996,58.256327842507034,2.2988505747126435,0.6696129637069773,0,0,0,0,0
16092,Michoacán de Ocampo,Tiquicheo de Nicolás Romero,Tiquicheo,18.900489444444442,-100.73645388888889,12836,0.0,10.525085696478653,6.36,42.52241828174718,7.260630604570437,57.35278791036998,8.078840760361484,16.204425054534124,51.417887192271735,0.0,3.1162355874104084,0,0,0,0,0
16093,Michoacán de Ocampo,Tlalpujahua,Tlalpujahua de Rayón,19.805304166666666,-100.17359277777778,28556,0.0,11.230564504832609,8.11,40.72752230610844,20.960878517501715,57.70791548113252,13.083064855021712,8.789746463090069,26.964560862865948,0.0,8.404538450763413,1,0,0,0,0
16094,Michoacán de Ocampo,Tlazazalca,Tlazazalca,19.97123611111111,-102.05667944444444,6420,0.0,8.722741433021806,5.74,58.57699805068226,22.855750487329434,50.22085653927405,5.638629283489097,7.632398753894081,20.24922118380062,0.0,0.0,0,0,0,0,0
16095,Michoacán de Ocampo,Tocumbo,Santa Clara de Valladares,19.63960638888889,-102.48914666666667,12325,0.0,9.995943204868155,7.2,50.04128819157721,36.911643270024776,57.1719641401793,42.50709939148073,21.176470588235293,66.5314401622718,0.0,0.8113590263691683,0,0,0,0,0
16096,Michoacán de Ocampo,Tumbiscatío,Tumbiscatío de Ruiz,18.52480111111111,-102.3750225,5971,0.0,11.086920113883771,5.81,49.287410926365794,24.70308788598575,51.60937157871688,4.119912912409982,7.536426059286551,25.121420197621838,0.0,1.6747613465081226,0,0,0,0,0
16097,Michoacán de Ocampo,Turicato,Puruarán,19.094969166666665,-101.52246472222222,29056,0.0,10.194107929515418,6.39,40.00778109194657,12.981455064194009,54.650458758325186,26.9858204845815,20.4949063876652,62.293502202643175,0.5524861878453039,1.032488986784141,0,0,0,0,0
16098,Michoacán de Ocampo,Tuxpan,Tuxpan,19.567960555555555,-100.46377833333334,25757,0.0,11.876383119152075,8.0,40.298079678991115,29.764975637718543,58.893459069020864,15.704468688123617,15.568583297744302,49.306984509065494,0.0,1.1647319175369801,0,0,0,0,0
16099,Michoacán de Ocampo,Tuzantla,Tuzantla,19.207606388888887,-100.57306388888888,14329,0.0,9.97278246911857,6.36,45.822784810126585,13.873417721518987,54.248791372257344,5.673808360667178,11.864051922674298,38.38369739688743,0.0,0.6978854072161351,0,0,0,0,0
16100,Michoacán de Ocampo,Tzintzuntzan,Ihuatzio,19.565514722222222,-101.61810361111111,14911,0.0,11.06565622694655,8.05,36.07832618025751,14.88733905579399,64.6946232817122,18.851854335725303,18.073905170679364,52.98102072295621,1.2658227848101267,4.023874991616927,0,0,0,0,0
16101,Michoacán de Ocampo,Tzitzio,Tafetán,19.418899444444445,-100.9076263888889,8855,0.0,10.694522868435913,6.35,41.13378684807256,11.83673469387755,52.48518011855905,4.58498023715415,5.081874647092039,16.93958215697346,0.0,0.0,0,0,0,0,0
16102,Michoacán de Ocampo,Uruapan,Uruapan,19.420887500000003,-102.06279916666666,356786,83.95032316290437,12.201151390469358,9.24,50.55615814883345,56.00820944724473,64.27411953137654,42.60060652604082,36.922693155000474,100.25617597103026,2.2085546547386077,1.73773634615708,8,12,7,1,1
16103,Michoacán de Ocampo,Venustiano Carranza,San Pedro Cahro,20.115974166666668,-102.65236111111112,23469,0.0,10.614001448719588,7.42,47.237484737484735,52.304639804639805,59.27056642861037,14.78546167284503,31.253994631215647,96.7233371681793,0.44052863436123346,1.278281989006775,0,0,0,0,0
16104,Michoacán de Ocampo,Villamar,Emiliano Zapata,19.991486944444446,-102.61515361111111,15864,0.0,9.877710539586484,6.92,45.654993514915695,42.32598357111976,51.55294117647059,15.128593040847202,18.185829551185073,54.8411497730711,1.1494252873563218,0.0,0,0,0,0,0
16105,Michoacán de Ocampo,Vista Hermosa,Vista Hermosa de Negrete,20.273115,-102.47364611111111,20982,0.0,10.861690973215136,7.7,47.84040995607614,46.04685212298682,54.61533731012853,24.89753121723382,19.206939281288722,60.051472690877894,0.0,1.4297969688304262,0,0,0,0,0
16106,Michoacán de Ocampo,Yurécuaro,Yurécuaro,20.341088888888887,-102.28242527777778,32303,82.62700058818066,11.977215738476303,7.19,41.1497005988024,43.35329341317365,63.11432589913603,14.57759341237656,26.437173017985945,78.32089898771012,0.7905138339920948,1.5478438535120578,0,0,0,0,0
16107,Michoacán de Ocampo,Zacapu,Zacapu,19.81861861111111,-101.79285972222222,76829,71.96110843561677,10.800609144984316,9.19,49.70394581024111,38.69546681824641,59.813390617057216,46.069843418500824,26.389774694451315,75.49232711606294,1.206896551724138,1.692069400877273,2,1,1,0,0
16108,Michoacán de Ocampo,Zamora,Zamora de Hidalgo,19.983579444444445,-102.28595777777778,204860,75.43981255491555,11.283803573171923,8.76,45.17618385596347,57.44640681049723,65.16840658828211,47.49975593087962,26.93302743336913,68.58342282534414,2.6334519572953736,1.269159425949429,3,6,4,1,1
16109,Michoacán de Ocampo,Zináparo,Zináparo,20.17318888888889,-101.99877416666666,3232,0.0,9.715346534653465,7.23,60.15779092702169,33.53057199211045,45.82723279648609,19.894801980198018,18.564356435643564,61.881188118811885,0.0,3.094059405940594,0,0,0,0,0
16110,Michoacán de Ocampo,Zinapécuaro,Zinapécuaro de Figueroa,19.860274722222222,-100.82758305555555,49005,34.49647995102541,10.923375165799408,7.57,48.93600908746687,26.368799697084437,56.89916405433647,16.359555147433934,18.77359453117029,52.035506580961126,0.7843137254901961,2.8568513416998265,0,1,1,0,0
16111,Michoacán de Ocampo,Ziracuaretiro,San Ángel Zurumucapio,19.44893861111111,-101.8894413888889,18402,0.0,12.569285947179655,7.75,50.59041444778884,40.958555221116,59.3971108490566,15.520052168242582,21.111835670035866,63.58004564721226,0.8547008547008547,0.5434191935659167,0,0,0,0,0
16112,Michoacán de Ocampo,Zitácuaro,Heróica Zitácuaro,19.437180277777777,-100.3574861111111,157056,55.33121943765281,11.75695293398533,8.93,37.818226540400936,39.08990284097897,65.63292645887887,25.12670639771801,19.547167889160555,57.94111654441728,0.8791208791208791,2.037489812550937,1,1,1,0,0
16113,Michoacán de Ocampo,José Sixto Verduzco,Pastor Ortiz,20.302184166666667,-101.59685583333332,26213,0.0,9.480028993247625,7.16,47.25643896976484,32.50279955207167,52.86111377360299,13.268225689543357,21.76401022393469,69.04970816007325,0.5524861878453039,0.0,0,0,0,0,0
17001,Morelos,Amacuzac,Amacuzac,18.600001666666667,-99.36951416666666,17598,0.0,11.29105580179566,8.52,30.955720296533762,38.44920857543578,55.171667628390075,27.31560404591431,17.35992726446187,51.710421638822595,1.098901098901099,1.7047391749062393,0,0,0,0,0
17002,Morelos,Atlatlahucan,Atlatlahucan,18.936270833333335,-98.89917527777779,25232,0.0,11.013792010145847,9.34,42.78628117913832,40.84467120181406,60.00796654052977,20.933734939759034,27.68310082435003,78.07545973367152,1.5228426395939085,0.7926442612555485,2,0,0,0,0
17003,Morelos,Axochiapan,Axochiapan,18.50240638888889,-98.75407861111111,39174,48.71853780568745,11.410629499157604,8.07,30.790054140765992,33.126127932624826,63.02929978480384,11.443814775105938,33.52989227548885,102.61908408638382,0.746268656716418,2.5527135344871597,0,0,0,0,0
17004,Morelos,Ayala,San Pedro Apatlaco,18.792179444444447,-98.96259888888889,89834,0.0,11.791749226350825,8.69,33.27610301457377,39.54881213815133,62.92704213060064,33.62312710109758,16.686332568960527,53.76583476189416,0.0,0.33394928423536746,0,0,0,0,0
17005,Morelos,Coatlán del Río,Coatlán del Río,18.744185555555557,-99.43480055555555,10520,0.0,9.70532319391635,7.82,33.42237061769616,27.946577629382304,49.18608736385994,10.798479087452472,9.315589353612168,29.46768060836502,0.0,0.9505703422053232,0,0,0,0,0
17006,Morelos,Cuautla,Cuautla,18.812788333333334,-98.95526472222222,187118,84.08384014365267,11.580393120918352,10.04,40.632817124634805,57.83192346617274,64.23559834865878,42.66826280742633,39.11435564723864,103.30379760365118,2.1727884117951373,2.885879498498274,26,11,6,1,1
17007,Morelos,Cuernavaca,Cuernavaca,18.92178277777778,-99.23489694444444,378476,90.10584554899121,11.109555163339287,11.39,52.492650714865185,72.9563753412947,63.845847234471265,52.430801424661006,41.496686711971165,82.46229615616313,6.44024351169497,3.223454063137425,57,42,7,4,1
17008,Morelos,Emiliano Zapata,Emiliano Zapata,18.840984166666665,-99.18324277777778,107053,79.43168337178781,12.065986006931146,10.12,44.53684379515171,61.34532027612779,64.69902598901352,44.72364156072226,19.97608661130468,52.964419493148256,1.9400352733686066,1.0275284205019943,2,3,3,0,0
17009,Morelos,Huitzilac,Tres Marías,19.05298277777778,-99.24356555555556,24515,0.0,11.915153987354682,9.79,48.716800954938826,45.29991047448523,67.77113054149409,27.999184172955335,37.16092188456047,90.5568019579849,2.7027027027027026,0.40791352233326533,1,0,0,0,0
17010,Morelos,Jantetelco,Amayuca,18.724800833333333,-98.79908361111112,18402,0.0,11.830235843930007,8.9,36.56207366984993,37.71194698889106,62.76668960770819,19.63916965547223,26.736224323443103,80.9694598413216,0.0,2.173676774263667,0,0,0,0,0
17011,Morelos,Jiutepec,Jiutepec,18.881974444444445,-99.17719833333334,215357,88.86407221497328,11.734468812251285,10.52,47.00639631156856,66.78625929413293,64.08016443987667,55.29423236765,23.180114879014845,61.943656347367394,2.098950524737631,1.300166699944743,9,10,7,1,1
17012,Morelos,Jojutla,Jojutla,18.61656638888889,-99.18104361111112,57682,30.81897298984085,11.124787628722999,9.65,39.883234062629,54.5910243557233,60.51207239206732,42.931937172774866,40.523906938039595,104.01858465379148,2.5,5.89438646371485,1,3,3,0,0
17013,Morelos,Jonacatepec de Leandro Valle,Jonacatepec de Leandro Valle,18.680690277777778,-98.80322305555555,16694,0.0,11.327423026236971,8.98,38.439241917502784,33.93534002229654,59.985046728971966,19.797532047442196,28.333533005870372,90.4516592787828,0.0,4.792140888942135,0,0,0,0,0
17014,Morelos,Mazatepec,Mazatepec,18.733184444444444,-99.36697194444444,9653,0.0,11.612970061120896,9.06,39.275862068965516,45.3448275862069,53.769687580686806,24.821299078006838,18.75064746710867,59.049000310784216,0.0,3.1078421216202217,0,0,0,0,0
17015,Morelos,Miacatlán,Miacatlán,18.769982499999998,-99.36026527777777,15802,0.0,11.33400835337299,8.77,38.565511227381734,46.47918029212993,61.1754510360041,25.09808884951272,22.08581192254145,68.34577901531452,0.0,1.8984938615365143,0,0,0,0,0
17016,Morelos,Ocuituco,Ocuituco,18.877692777777778,-98.77569749999999,19219,0.0,12.310734169311619,8.59,35.13026052104208,28.697394789579157,64.60542992462143,13.294136011238878,17.248556116343202,50.99120661845049,1.0204081632653061,1.0406368697642958,0,0,0,0,0
17017,Morelos,Puente de Ixtla,Puente de Ixtla,18.616875,-99.32370138888888,40018,51.06202209005947,11.447348693088111,9.13,34.63954002653693,47.067669172932334,60.973625754778965,36.76595532010595,31.435853865760407,78.96446599030436,0.6329113924050633,3.498425708431206,0,0,0,0,0
17018,Morelos,Temixco,Temixco,18.84527333333333,-99.22414305555556,122263,85.43958515658866,11.853136271807497,9.19,35.95874625489744,51.0659138050242,64.38485612095594,35.06539181927484,19.43760581696834,53.81840785846904,1.6717325227963526,0.9814907208231436,5,4,3,0,0
17019,Morelos,Tepalcingo,Tepalcingo,18.594736388888887,-98.84435666666666,28122,0.0,11.236754142664106,8.4,31.800667865399436,29.41176470588235,62.660656908247056,16.215062940046938,34.13697461062513,108.45601308584027,0.0,3.200341369746106,0,0,0,0,0
17020,Morelos,Tepoztlán,Tepoztlán,18.986457222222224,-99.10122694444443,54987,0.0,11.797333915289068,9.94,43.340394120290135,58.829193144617754,67.80237738129883,30.254423772891773,28.2248531471075,63.46954734755488,2.865329512893983,15.640060377907506,0,0,0,0,0
17021,Morelos,Tetecala,Tetecala,18.72896722222222,-99.39858305555556,7617,0.0,11.198634633057635,9.1,35.02304147465438,36.15416841223293,59.10937753941167,22.948667454378363,29.1453328081922,97.15110936064067,0.0,0.0,0,0,0,0,0
17022,Morelos,Tetela del Volcán,Tetela del Volcán,18.893525,-98.73006555555556,14853,0.0,12.435198276442469,8.66,37.90471176625428,29.191892603316663,63.333625449128036,10.408671648825154,27.94048340402612,87.52440584393725,0.0,2.6930586413519153,0,0,0,0,0
17023,Morelos,Tlalnepantla,Tlalnepantla,19.007926944444446,-98.99735222222222,7943,0.0,11.620294599018003,8.48,52.48780487804878,24.48780487804878,65.71242680546518,8.044819337781695,6.42074782827647,21.402492760921564,0.0,0.0,0,0,0,0,0
17024,Morelos,Tlaltizapán de Zapata,Santa Rosa Treinta,18.699155277777777,-99.1795125,52399,32.79833584610393,11.622359205328346,8.96,36.21190130624093,48.1329990763953,61.61046470295505,40.12290310883795,17.31903280596958,52.481917593847214,0.36363636363636365,2.2901200404587874,0,0,0,0,0
17025,Morelos,Tlaquiltenango,Tlaquiltenango,18.63003,-99.16266222222222,33789,54.28393855988635,11.28177809346237,8.97,36.586571739345395,45.30801938099476,60.70949254597555,37.287282843528956,13.687886590310455,39.953831128473766,0.7407407407407407,4.143360265175057,1,0,0,0,0
17026,Morelos,Tlayacapan,Tlayacapan,18.95661722222222,-98.9831175,19408,0.0,11.747732893652103,9.3,40.117994100294986,39.68534906588004,66.63649880405973,20.47609233305853,35.60387469084913,93.7757625721352,2.197802197802198,3.606760098928277,0,0,0,0,0
17027,Morelos,Totolapan,Totolapan,18.987223333333333,-98.9214388888889,12750,0.0,11.231372549019607,8.63,35.421888053467,25.536062378167642,66.29607371794872,10.290196078431373,19.84313725490196,55.68627450980392,2.816901408450704,3.1372549019607843,0,0,0,0,0
17028,Morelos,Xochitepec,Xochitepec,18.781865555555555,-99.23146277777778,73539,29.728443410979207,11.674077700267885,9.15,37.974361583070504,49.384474514192696,65.7314629258517,34.0159643182529,29.141000013598227,73.56640694053496,2.957486136783734,4.6233971090169845,2,1,1,0,0
17029,Morelos,Yautepec,Yautepec de Zaragoza,18.886061666666667,-99.06075416666667,105780,41.9294762715069,11.58252977878616,9.35,37.93882630337962,46.728451663610166,64.6481005527585,34.789185101153336,31.863301191151447,83.28606541879373,2.6106696935300793,5.672149744753262,6,2,2,0,0
17030,Morelos,Yecapixtla,Yecapixtla,18.88341972222222,-98.86814361111111,56083,34.06379829894977,12.187293832355616,8.92,35.96149907843539,39.832070448494775,66.91156400691474,26.262860403330777,22.37754756343277,64.19057468395057,0.5555555555555556,1.4264572151989017,0,0,0,0,0
17031,Morelos,Zacatepec,Zacatepec de Hidalgo,18.655408055555554,-99.19427888888889,36094,59.22036903640494,11.231783675957223,10.37,43.354789852328665,66.28171147292692,56.92102187343463,54.02559982268521,30.25433590070372,85.60979664210117,1.2944983818770226,1.6623261483903142,0,0,0,0,0
17032,Morelos,Zacualpan de Amilpas,Tlacotepec,18.81433416666667,-98.7516125,9965,0.0,10.8078273958856,9.53,37.92372881355932,37.07627118644068,59.97016409746395,21.6156547917712,33.71801304565981,107.37581535373808,0.0,1.0035122930255895,0,0,0,0,0
17033,Morelos,Temoac,Temoac,18.772315,-98.77804305555556,16574,0.0,14.052129841921081,8.86,30.77658303464755,37.252090800477895,65.26499885940233,18.987570894171593,26.788946542777843,86.27971521660432,0.0,0.6033546518643659,0,0,0,0,0
17034,Morelos,Coatetelco,Coatetelco Centro,18.730485833333333,-99.3270575,11347,0.0,11.923856525953997,6.92,17.95236402417348,28.439388553146106,62.320670262825665,7.067947475103551,30.757028289415704,99.58579360183309,0.0,0.0,0,0,0,0,0
17035,Morelos,Xoxocotla,Xoxocotla Centro,18.686572777777776,-99.24489472222223,27805,86.57795360546665,13.447221722711742,8.45,21.577287066246058,27.2397476340694,65.05523600839952,23.945333573098363,23.251213810465742,69.411976263262,0.5181347150259067,1.4385901816220104,0,0,0,0,0
17036,Morelos,Hueyapan,Barrio de San Miguel,18.885134444444443,-98.69068416666667,7855,0.0,12.590706556333545,7.41,34.86005089058524,22.849872773536894,63.091272485009995,3.4882240611075748,28.325907065563335,82.74984086569064,1.5384615384615385,1.273074474856779,0,0,0,0,0
18001,Nayarit,Acaponeta,Acaponeta,22.4893875,-105.36018416666666,37232,53.65277180919639,10.466802750322303,9.37,37.14206794954424,31.000828652978548,59.40506242750904,42.992587021916634,32.19005156854319,89.17060593038246,1.5060240963855422,1.6115169746454663,1,0,0,0,0
18002,Nayarit,Ahuacatlán,Ahuacatlán,21.050586944444444,-104.48466444444445,15393,0.0,10.166959007341,9.11,45.88088815106869,32.60012450715916,59.2111630908211,35.85395959202235,26.408107581368153,79.9064509842136,0.8130081300813008,5.19716754368869,0,0,0,0,0
18003,Nayarit,Amatlán de Cañas,Amatlán de Cañas,20.807782222222222,-104.4053888888889,11536,0.0,8.564493758668515,8.16,52.374454148471614,35.67139737991266,59.23344947735192,19.998266296809987,25.788834951456312,78.01664355062414,1.1111111111111112,9.535367545076284,0,0,0,0,0
18004,Nayarit,Compostela,Compostela,21.237529722222224,-104.90059722222223,77436,26.243607624360763,10.506741050674105,8.61,48.849959309547266,37.39238446053026,66.51730228298554,36.635415052430396,55.704065292628755,143.60245880469031,1.5287769784172662,43.26153210393099,1,2,2,0,0
18005,Nayarit,Huajicori,Huajicori,22.637260833333332,-105.319985,12230,0.0,10.335241210139003,7.89,19.67095851216023,6.90271816881259,40.6231765666939,11.659852820932134,12.755519215044972,42.51839738348324,0.0,0.8176614881439084,0,0,0,0,0
18006,Nayarit,Ixtlán del Río,Ixtlán del Río,21.03505527777778,-104.3689111111111,29299,86.9551861838288,10.747807092392232,9.4,48.18373564565268,41.270213264588705,61.36690961462925,36.769173009317726,47.100583637666816,110.92528755247619,3.6923076923076925,4.095702925014506,0,0,0,0,0
18007,Nayarit,Jala,Jala,21.10482111111111,-104.43821666666668,19321,0.0,10.910408363956316,8.88,30.950009958175663,21.9079864568811,59.50395998332639,25.88892914445422,31.98592205372393,91.09259355105843,1.1363636363636365,4.6581439884063975,0,0,0,0,0
18008,Nayarit,Xalisco,Xalisco,21.443687222222223,-104.89973555555557,65229,73.84752180778489,11.944073954836039,10.82,58.213673381911704,61.46056579511359,63.71938725729339,59.85221297275751,31.834000214628464,95.50966594612825,0.8025682182985554,0.6132241794293949,1,0,0,0,0
18009,Nayarit,Del Nayar,Jesús María,22.251125,-104.5179425,47550,0.0,11.947423764458465,5.72,10.705077906064343,2.8920524604864926,34.19169782132268,3.8422712933753944,3.3228180862250265,9.674027339642482,0.0,0.8412197686645636,0,0,0,0,0
18010,Nayarit,Rosamorada,San Vicente,21.9486375,-105.29778361111111,33567,0.0,9.708940328298626,8.31,33.43119984341359,19.59287531806616,59.486966062578034,23.397980159084817,16.310662257574403,47.66586230524027,0.625,0.29791163940775167,1,0,0,0,0
18011,Nayarit,Ruíz,Ruiz,21.950252777777777,-105.14505666666668,24096,0.0,11.234229747675963,8.5,34.80583225061354,25.45113324671575,60.66018784950323,28.062749003984063,36.31308100929615,105.82669322709164,0.7843137254901961,4.9800796812749,0,0,0,0,0
18012,Nayarit,San Blas,San Blas,21.54173805555556,-105.28604638888889,41518,0.0,9.920998121296787,8.16,40.3338718362951,27.409800753904147,63.63137350573311,24.844645695842768,75.40103087817332,179.68110217255168,3.6193029490616624,17.101016426610144,0,0,0,0,0
18013,Nayarit,San Pedro Lagunillas,San Pedro Lagunillas,21.22190611111111,-104.75110972222222,7683,0.0,8.850709358323572,8.37,52.97691373025516,27.66302146618064,53.5725677830941,34.283483014447484,11.974489131849538,37.74567226343876,0.0,3.904724716907458,0,0,0,0,0
18014,Nayarit,Santa María del Oro,Santa María del Oro,21.333189444444443,-104.58720666666666,24911,0.0,10.786399582513749,8.21,45.55399719495091,21.669004207573632,59.20818278967992,41.471639034964475,20.593312191401388,46.56577415599534,3.4482758620689653,6.0214363132752595,0,0,0,0,0
18015,Nayarit,Santiago Ixcuintla,Santiago Ixcuintla,21.808335833333334,-105.20604444444444,93981,19.177280514146478,10.374437386280206,8.4,37.1817459494939,27.039071406363355,61.23413089186384,40.07831370170567,46.33915365871825,134.06965237654418,1.1111111111111112,1.9152807482363456,2,0,0,0,0
18016,Nayarit,Tecuala,Tecuala,22.395041111111112,-105.4560338888889,37135,0.0,8.929581257573718,8.79,37.69158318349174,29.634386505693982,60.13034759358289,30.620708226740273,37.4579237915713,109.60010771509357,0.4914004914004914,3.2314528073246263,0,0,0,0,0
18017,Nayarit,Tepic,Tepic,21.507413055555556,-104.89379916666667,425924,87.19560297142213,11.981480264084672,11.17,52.59933748593346,65.59443995371912,64.25999604462592,64.73807533738413,42.99475962847832,105.53525981160958,3.403781979977753,2.0191395648049886,14,22,7,0,0
18018,Nayarit,Tuxpan,Tuxpan,21.944790277777777,-105.29808722222222,30064,73.22046301224056,10.384513038850452,9.24,32.198925297650405,34.23243072384364,61.27663047914456,40.649946780202235,56.46287919105907,161.3225119744545,0.6185567010309279,1.6631186801490154,1,0,0,0,0
18019,Nayarit,La Yesca,Puente de Camotlán,21.698936111111113,-104.07871138888889,13719,0.0,10.059042204242292,6.64,34.38155136268344,10.512129380053908,37.9136400322841,7.646329907427655,8.746993221080254,29.15664407026751,0.0,4.373496610540127,0,0,0,0,0
18020,Nayarit,Bahía de Banderas,San Vicente,20.748360277777778,-105.25116888888888,187632,61.088726869617126,11.483115886415963,9.85,45.69112164754425,55.29516088168229,71.60015039269203,57.322311759188196,56.92259316108127,106.85810522725335,6.882793017456359,10.978937494670419,19,11,6,1,1
19001,Nuevo León,Abasolo,Abasolo,25.9453375,-100.39998833333334,2974,0.0,12.037659717552119,9.45,60.47381546134663,43.765586034912715,48.560378169316714,63.18090114324143,7.061197041022193,23.537323470073975,0.0,0.0,0,0,0,0,0
19002,Nuevo León,Agualeguas,Agualeguas,26.310914722222222,-99.53938916666667,3382,0.0,7.658190419869899,8.12,72.44897959183673,35.79277864992151,45.99860821155185,31.992903607332938,14.19278533412182,47.30928444707274,0.0,2.9568302779420463,0,0,0,0,0
19003,Nuevo León,Los Aldamas,Los Aldamas,26.064143333333334,-99.19673333333334,1407,0.0,7.249466950959488,7.07,77.81885397412199,22.181146025878004,46.44097222222222,7.818052594171997,2.1321961620469083,7.107320540156361,0.0,0.0,0,0,0,0,0
19004,Nuevo León,Allende,Ciudad de Allende,25.286900000000003,-100.0083238888889,35289,81.7336847176174,11.700529910170308,9.19,75.1191254788377,59.98318228534056,60.059255079006775,65.01176003853892,22.882484626937572,53.84114029867664,1.5789473684210527,0.0,0,0,0,0,0
19005,Nuevo León,Anáhuac,Anáhuac,27.240647222222222,-100.1324361111111,18030,91.0371602884082,10.260676650027731,8.57,69.73299195318215,38.7710314557425,55.58792184724689,31.453133666112034,22.462562396006657,63.78258458125347,1.7391304347826086,3.327787021630616,0,0,0,0,0
19006,Nuevo León,Apodaca,Ciudad Apodaca,25.781294444444445,-100.18922777777779,656464,88.36432767067197,12.522392697847863,11.35,66.6949175861974,81.23166671252855,64.41492653850182,75.48852640815034,19.905889736527822,40.367788637305324,6.226415094339623,0.27419630017792296,33,37,7,0,0
19007,Nuevo León,Aramberri,Aramberri,24.100586111111113,-99.81806666666667,14992,0.0,9.478388473852721,7.52,51.15843669553007,13.80762930025743,51.868846988152846,19.52374599786553,7.937566702241195,25.34685165421558,0.0,2.6680896478121663,1,0,0,0,0
19008,Nuevo León,Bustamante,Bustamante,26.53466388888889,-100.50270555555555,3661,0.0,9.94263862332696,8.84,55.80016934801016,36.494496189669775,47.69230769230769,29.937175635072386,22.125102431029774,73.75034143676591,0.0,16.38896476372576,0,0,0,0,0
19009,Nuevo León,Cadereyta Jiménez,Cadereyta Jiménez,25.59100833333333,-100.00159444444445,122337,85.75001839181932,11.912994433409352,9.35,53.757395657644636,53.89660803683774,60.33632907371161,53.368972592102146,22.18462116939274,52.151025446103795,3.4482758620689653,1.1443798687232807,7,1,1,0,0
19010,Nuevo León,El Carmen,El Jaral,25.853533611111114,-100.31725138888889,104478,78.52179406190777,12.492582170409081,9.4,33.54082753570121,51.33650677407543,63.999363665287945,66.40919619441414,9.839392025115336,29.76703229388005,0.6430868167202572,0.0,1,0,0,0,0
19011,Nuevo León,Cerralvo,Ciudad Cerralvo,26.089869444444442,-99.61473333333333,7340,0.0,9.482288828337875,8.09,71.60896130346232,39.59266802443992,53.67250673854448,38.85558583106267,22.615803814713896,64.03269754768392,0.0,4.087193460490464,0,0,0,0,0
19012,Nuevo León,Ciénega de Flores,Real del Sol,25.929005555555555,-100.18295833333333,68747,87.99802173185739,13.766418898279198,9.33,34.619145399432874,51.09514031485284,65.07983152120678,69.26847716991287,10.284085123714489,28.219413210758287,2.0618556701030926,0.0,0,0,0,0,0
19013,Nuevo León,China,China,25.705913888888887,-99.23931666666667,9930,0.0,8.700906344410877,7.91,75.91799265605876,36.811505507955935,55.558340644191,33.18227593152064,25.02517623363545,67.472306143001,1.492537313432836,5.0352467270896275,0,0,0,0,0
19014,Nuevo León,Doctor Arroyo,Doctor Arroyo,23.674691666666668,-100.18225555555556,36088,0.0,9.961760141875416,7.45,55.240056356345505,16.039882952205485,54.61159777021646,14.991132786521835,9.629239636444247,27.71004211926402,1.0,1.9397029483484816,0,0,0,0,0
19015,Nuevo León,Doctor Coss,Doctor Coss,25.925897222222222,-99.18437222222222,1360,0.0,8.676470588235293,7.32,75.65922920892496,4.462474645030426,39.62765957446808,13.75,8.823529411764707,29.41176470588235,0.0,0.0,0,0,0,0,0
19016,Nuevo León,Doctor González,Doctor González,25.858829444444446,-99.94186888888889,3256,0.0,12.223587223587224,7.93,61.51603498542274,21.865889212827987,43.759630200308166,47.6044226044226,12.285012285012286,30.71253071253071,0.0,0.0,0,0,0,0,0
19017,Nuevo León,Galeana,Galeana,24.826266666666665,-100.07742777777777,40903,0.0,10.449111312128695,7.88,56.353393543771794,18.116784404900294,51.872499921257365,28.110407549568492,9.595873163337652,28.11529716646701,0.8695652173913043,1.7113659144806004,0,0,0,0,0
19018,Nuevo León,García,García,25.800491666666666,-100.58546944444444,397205,93.06126559333342,11.80876373660956,10.31,46.384430595689864,61.82849980851582,65.58176772714012,69.44122052844249,11.559522161100691,31.79718281491925,2.137767220902613,0.15105550030840498,13,3,3,1,1
19019,Nuevo León,San Pedro Garza García,San Pedro Garza García,25.665169444444444,-100.40246666666667,132169,99.96897911007876,11.707737820517671,13.16,78.96368937185264,86.86721441823482,60.34323324630113,49.40946818088962,86.07540346072075,67.86765429109701,27.647714604236345,2.0428390923741575,90,31,5,2,1
19020,Nuevo León,General Bravo,General Bravo,25.793297222222225,-99.18123333333334,5506,0.0,9.861968761351253,8.23,73.59134889015367,33.63688104723961,54.85515643105446,23.2110424990919,35.688339992735195,41.772611696331275,21.73913043478261,1.8162005085361423,0,0,0,0,0
19021,Nuevo León,General Escobedo,Ciudad General Escobedo,25.807986111111113,-100.32264166666667,481213,98.13762304842139,12.825505545361409,10.45,55.4000197371917,70.5733654189219,63.42188796543867,65.3729221779129,16.924937605592532,40.1901029273939,3.671147880041365,0.12468491083989834,29,10,6,2,1
19022,Nuevo León,General Terán,Ciudad General Terán,25.25718611111111,-99.68581388888889,14109,0.0,9.469133177404494,8.08,70.23295944779983,26.747195858498706,51.23610991472134,46.870791693245444,15.380253738748317,45.36111701750656,0.0,0.0,0,0,0,0,0
19023,Nuevo León,General Treviño,General Treviño,26.226969444444443,-99.48408055555555,1808,0.0,7.134955752212389,8.17,71.21212121212122,46.666666666666664,33.679428942245295,24.557522123893804,3.3185840707964602,11.061946902654867,0.0,0.0,0,0,0,0,0
19024,Nuevo León,General Zaragoza,General Zaragoza,23.97326111111111,-99.77239166666666,6282,0.0,10.888252148997134,7.96,43.29710144927536,7.669082125603865,47.5824859929446,10.967844635466411,6.0490289716650745,17.510347023241007,0.0,9.551098376313275,0,0,0,0,0
19025,Nuevo León,General Zuazua,Fraccionamiento Real Palmas,25.898152777777778,-100.16814722222223,102149,61.43476686017484,13.617362871883229,9.71,37.95558855291576,60.171436285097194,65.23087302308082,73.88520690364076,15.012383870620368,35.92790923063368,3.542234332425068,0.09789621043769396,2,4,3,0,0
19026,Nuevo León,Guadalupe,Guadalupe,25.677325,-100.25989722222222,643143,98.86790340561897,11.808260371332658,11.08,64.07068493150685,77.7813698630137,59.30409531285124,70.18827850104876,21.850506030540643,44.484663597364815,5.662355819643481,0.3265214734514719,55,27,8,2,1
19027,Nuevo León,Los Herreras,Los Herreras,25.905605555555553,-99.40329722222222,1959,0.0,6.789178152118428,7.51,70.4514363885089,37.89329685362517,40.19312009656005,8.52475752935171,9.188361408882082,30.627871362940276,0.0,0.0,0,0,0,0,0
19028,Nuevo León,Higueras,Higueras,25.961955555555555,-100.01435,1386,0.0,9.884559884559884,8.56,49.76303317535545,27.251184834123222,50.315031503150315,54.256854256854254,21.645021645021647,72.15007215007215,0.0,0.0,0,0,0,0,0
19029,Nuevo León,Hualahuises,Hualahuises,24.884641666666667,-99.67322777777778,7026,0.0,10.546541417591802,9.07,62.93900184842884,48.79852125693161,47.7972027972028,43.55251921434671,35.79561628237973,75.43410190720182,5.660377358490566,0.0,0,0,0,0,0
19030,Nuevo León,Iturbide,Iturbide,24.725977777777775,-99.90526111111112,3298,0.0,10.491206791995149,7.62,41.72517552657974,11.9358074222668,45.11873350923483,18.64766525166768,8.793208004851426,24.25712553062462,0.0,15.160703456640388,0,0,0,0,0
19031,Nuevo León,Juárez,Ciudad Benito Juárez,25.646225,-100.09088055555556,471523,91.37751498866439,12.535549697469689,9.88,46.107953700121996,61.16582854762401,64.49087470791545,66.48434964996406,13.720433573759923,36.88049151366953,1.5526164462334675,0.08483149284340319,8,6,4,0,0
19032,Nuevo León,Lampazos de Naranjo,Lampazos de Naranjo,27.025312222222222,-100.5043236111111,5351,0.0,9.530928798355447,8.31,67.26835138387484,30.264741275571602,54.122722914669225,33.694636516538964,9.717809755185947,26.163333956269856,0.0,5.606428704914969,0,0,0,0,0
19033,Nuevo León,Linares,Linares,24.85965277777778,-99.56786944444444,84666,83.12427656910684,11.75087992818841,9.44,59.33765651127697,53.31375667849423,56.72087912087912,56.02957503602391,15.750124016724541,36.85068386365247,2.8846153846153846,1.2992228285262089,5,1,1,0,0
19034,Nuevo León,Marín,Marín,25.879302222222222,-100.0340486111111,5119,0.0,11.95546005079117,8.88,60.65232477446218,38.93129770992366,54.69708118714741,57.296346942762256,11.72103926548154,39.070130884938465,0.0,0.0,0,0,0,0,0
19035,Nuevo León,Melchor Ocampo,Melchor Ocampo,26.058525,-99.54228333333333,1483,0.0,9.912339851652057,8.53,82.646420824295,30.802603036876356,46.63967611336032,31.15306810519218,7.4173971679029,13.486176668914363,0.0,6.743088334457181,0,0,0,0,0
19036,Nuevo León,Mier y Noriega,Mier y Noriega,23.423119444444445,-100.11966944444444,7652,0.0,10.023523261892315,6.59,53.21637426900585,9.728867623604465,41.60339042910118,3.868269733403032,1.1761630946157868,3.9205436487192893,0.0,0.0,0,0,0,0,0
19037,Nuevo León,Mina,Mina,26.001255555555556,-100.53184444444445,6048,0.0,12.07010582010582,8.35,56.18768328445748,29.266862170087975,53.11300639658849,58.7962962962963,20.006613756613756,61.17724867724868,0.0,0.0,0,0,0,0,0
19038,Nuevo León,Montemorelos,Montemorelos,25.189252777777778,-99.82695833333332,67428,80.7780150679243,12.075102331375689,9.71,64.83926521239954,55.362610026789135,60.06238532110092,62.18336596072848,19.257578454054695,41.82238832532479,4.609929078014185,1.927982440529157,4,0,0,0,0
19039,Nuevo León,Monterrey,Monterrey,25.66469722222222,-100.31089166666666,1142994,99.99632544002856,11.819484616717148,11.47,62.8686441193282,77.59616670923177,59.991238774680056,63.728680990451394,37.8869005436599,59.484126775818595,10.398588027651126,1.889773699599473,173,111,7,9,1
19040,Nuevo León,Parás,Parás,26.49853888888889,-99.52542222222222,906,0.0,9.381898454746137,8.56,75.74850299401197,36.52694610778443,43.098958333333336,19.867549668874172,26.490066225165563,88.30022075055187,0.0,0.0,0,0,0,0,0
19041,Nuevo León,Pesquería,Pesquería,25.783258333333333,-100.05367777777778,147624,82.56110117596054,13.9299842843982,9.44,30.01282109986721,48.974312010623194,68.90229900893702,69.66211456131795,9.236303040156072,25.53785292364385,1.3262599469496021,0.06773966292743727,1,0,0,0,0
19042,Nuevo León,Los Ramones,Los Ramones,25.696391666666667,-99.62403055555555,5389,0.0,9.500835034329189,7.37,71.04413347685683,35.84499461786868,48.72302950242184,19.855260716273893,3.8968268695490815,12.989422898496938,0.0,1.8556318426424196,0,0,0,0,0
19043,Nuevo León,Rayones,Rayones,25.01812222222222,-100.07321388888889,2377,0.0,8.161548169962137,6.66,52.461139896373055,4.404145077720207,47.874015748031496,11.989903239377366,6.310475389145982,21.03491796381994,0.0,8.413967185527977,0,0,0,0,0
19044,Nuevo León,Sabinas Hidalgo,Ciudad Sabinas Hidalgo,26.498369444444446,-100.18114722222222,34709,96.58013771644242,11.547437264110172,9.69,71.81102362204724,56.55396016674386,57.43711903594199,47.74554150220404,28.89740413149327,57.910052147857904,5.970149253731344,2.592987409605578,0,0,0,0,0
19045,Nuevo León,Salinas Victoria,Los Pilares,25.912743055555556,-100.2429688888889,86766,29.959892123642902,13.743862803402255,9.43,39.02784332232185,47.408368727387135,66.0453137934206,65.2732637208123,15.334347555494087,43.33494686858908,1.3297872340425532,0.23050503653504828,2,0,0,0,0
19046,Nuevo León,San Nicolás de los Garza,San Nicolás de los Garza,25.755252777777777,-100.2895861111111,412199,100.0,11.750149806282888,11.92,69.24131814710495,83.10682641221248,56.982126068792105,72.78110815407122,32.492800807377016,57.54502073027834,8.220910623946038,0.2668613946176483,45,37,8,1,1
19047,Nuevo León,Hidalgo,Hidalgo,25.975649999999998,-100.44689444444445,16086,99.81971901031953,11.600149198060425,9.6,61.798733900895,49.290547915302334,57.73689905704127,73.1443491234614,20.980977247295787,52.840979733930126,3.5294117647058822,3.729951510630362,0,0,0,0,0
19048,Nuevo León,Santa Catarina,Ciudad Santa Catarina,25.67436388888889,-100.46174722222223,306322,99.25894973263429,12.496000940187123,10.66,61.10454457738325,76.08669432651486,63.11569208294445,72.04999967354614,16.32269311378223,35.583470988045256,5.871559633027523,0.19587231736538674,28,15,7,1,1
19049,Nuevo León,Santiago,Santiago,25.427100000000003,-100.15301111111111,46784,91.95237688098496,10.95032489740082,10.31,74.06919503570685,63.40567149691465,57.681582445075705,63.419117647058826,45.881070451436386,71.1781805745554,12.312312312312311,2.778727770177839,2,2,1,0,0
19050,Nuevo León,Vallecillo,Vallecillo,26.659672777777775,-99.98957944444444,1552,0.0,8.505154639175258,7.15,71.09929078014184,13.652482269503546,49.92343032159265,29.70360824742268,65.39948453608247,51.54639175257732,12.5,0.0,0,0,0,0,0
19051,Nuevo León,Villaldama,Ciudad de Villaldama,26.498225,-100.42456111111112,3573,0.0,9.403862300587742,8.96,59.74743488555643,29.913180741910022,47.307180851063826,37.05569549398265,27.707808564231737,92.35936188077245,0.0,2.7987685418415897,0,0,0,0,0
20001,Oaxaca,Abejones,Abejones,17.435752222222224,-96.60817416666666,841,0.0,15.338882282996433,6.95,7.87037037037037,7.87037037037037,14.011799410029498,2.853745541022592,10.70154577883472,35.6718192627824,0.0,0.0,0,0,0,0,0
20002,Oaxaca,Acatlán de Pérez Figueroa,Vicente Camalote,18.513522777777776,-96.531845,45167,0.0,10.401399251666039,7.33,29.156737643170114,28.44184795141825,54.31044267877412,35.563575176566964,18.96295968295437,59.3353554586313,0.373134328358209,0.6642017402085594,0,0,0,0,0
20003,Oaxaca,Asunción Cacalotepec,Asunción Cacalotepec,17.035264166666668,-95.95656166666667,2547,0.0,8.912446014919514,6.73,9.697732997481108,5.415617128463476,43.14695695200396,11.425206124852767,7.067137809187279,23.557126030624264,0.0,0.0,0,0,0,0,0
20004,Oaxaca,Asunción Cuyotepeji,Asunción Cuyotepeji,17.930900555555557,-97.6743525,1107,0.0,11.833785004516711,7.79,14.956011730205278,17.59530791788856,47.150837988826815,15.898825654923217,21.680216802168022,72.26738934056007,0.0,0.0,0,0,0,0,0
20005,Oaxaca,Asunción Ixtaltepec,Asunción Ixtaltepec,16.50383972222222,-95.057045,15261,0.0,8.020444269707097,8.48,28.12436906925096,28.447405612759944,59.40944881889764,27.527684948561692,24.572439551798702,78.63180656575585,0.0,0.0,0,0,0,0,0
20006,Oaxaca,Asunción Nochixtlán,Asunción Nochixtlán,17.458936388888887,-97.22519861111111,20464,77.45797498045349,10.72126661454261,9.17,31.355297641332832,24.298015724447772,63.5450649267575,18.36395621579359,52.38467552775606,165.65676309616887,0.0,6.8412822517591865,2,0,0,0,0
20007,Oaxaca,Asunción Ocotlán,Asunción Ocotlán,16.759179166666666,-96.72132555555555,2395,0.0,8.768267223382045,4.76,20.806241872561767,16.25487646293888,47.42424242424242,2.0041753653444676,20.041753653444676,66.80584551148226,0.0,0.0,0,0,0,0,0
20008,Oaxaca,Asunción Tlacolulita,Asunción Tlacolulita,16.300263055555558,-95.72630527777778,734,0.0,5.722070844686648,6.67,12.686567164179104,3.7313432835820897,42.00988467874794,13.760217983651225,20.435967302452315,68.11989100817439,0.0,0.0,0,0,0,0,0
20009,Oaxaca,Ayotzintepec,Ayotzintepec,17.676708611111113,-96.13327083333333,6857,0.0,9.654367799329153,6.72,9.08624229979466,9.856262833675565,48.653921186110026,3.018812891935249,16.62534636138253,55.41782120460843,0.0,0.0,0,0,0,0,0
20010,Oaxaca,El Barrio de la Soledad,Colonia Progreso,16.801347222222223,-95.07948611111111,13474,0.0,7.236158527534511,9.4,37.33856088560886,31.595940959409592,53.74216651745748,61.90440849042601,18.220276087279203,56.40492800949978,1.3157894736842106,0.742170105388155,1,0,0,0,0
20011,Oaxaca,Calihualá,Calihualá,17.5328575,-98.27837611111111,1402,0.0,11.269614835948644,5.49,21.238938053097346,3.8348082595870205,33.91642371234208,4.85021398002853,10.699001426533524,35.66333808844508,0.0,7.132667617689016,0,0,0,0,0
20012,Oaxaca,Candelaria Loxicha,Candelaria Loxicha,15.926334444444445,-96.49191888888889,11166,0.0,11.543972774494,6.06,7.18052738336714,3.08316430020284,45.027947484726376,5.651083646784882,13.164965072541644,43.88321690847215,0.0,0.0,0,0,0,0,0
20013,Oaxaca,Ciénega de Zimatlán,Ciénega de Zimatlán,16.897088055555557,-96.76661833333333,3043,0.0,9.004272099901414,7.86,49.21875,58.482142857142854,55.028157683024936,10.25303976339139,37.46302990469931,124.8767663489977,0.0,0.0,0,0,0,0,0
20014,Oaxaca,Ciudad Ixtepec,Ciudad Ixtepec,16.567698333333333,-95.09871249999999,28082,92.63941314721174,9.963677800726444,9.67,31.49331783846601,49.71528181289948,59.58295001533272,34.901360301972794,63.58165372836692,183.74759632504808,1.3565891472868217,4.985399900292002,0,0,0,0,0
20015,Oaxaca,Coatecas Altas,Coatecas Altas,16.53675888888889,-96.66498055555556,5356,0.0,12.546676624346528,4.5,24.09240924092409,25.495049504950494,33.13797313797314,1.7363704256908141,3.3607169529499625,11.202389843166543,0.0,0.0,0,0,0,0,0
20016,Oaxaca,Coicoyán de las Flores,Coicoyán de las Flores,17.272898333333334,-98.27609444444444,9563,0.0,13.426748928160618,3.89,14.847942754919499,4.174120453190221,26.112895823772373,4.193244797657639,8.470145351877026,28.23381783959009,0.0,0.0,0,0,0,0,0
20017,Oaxaca,La Compañía,Agua del Espino,16.58663972222222,-96.80401611111111,3607,0.0,10.396451344607707,5.73,20.358152686145147,5.5607917059377945,42.90767598160594,1.8574993069032437,4.7130579428888275,11.089548100914888,0.0,0.0,0,0,0,0,0
20018,Oaxaca,Concepción Buenavista,Concepción Buenavista,17.878533333333333,-97.40023305555556,752,0.0,8.24468085106383,6.31,24.89451476793249,12.236286919831224,50.59422750424448,7.579787234042553,7.9787234042553195,26.595744680851062,0.0,13.297872340425531,0,0,0,0,0
20019,Oaxaca,Concepción Pápalo,San Lorenzo Pápalo,17.88522972222222,-96.87692888888888,2754,0.0,6.681190994916485,5.65,8.313817330210773,5.503512880562061,39.93724787090991,3.195352214960058,5.446623093681917,18.15541031227306,0.0,0.0,0,0,0,0,0
20020,Oaxaca,Constancia del Rosario,Constancia del Rosario,17.037821944444445,-97.94145805555556,4847,0.0,10.707654219104601,6.36,26.420454545454547,13.257575757575758,32.95977011494253,18.93955023726016,7.839900969671962,22.694450175366207,0.0,0.0,0,0,0,0,0
20021,Oaxaca,Cosolapa,Cosolapa,18.601786944444445,-96.68238611111111,14488,0.0,10.843456653782441,8.06,23.75181774115366,25.860397479398934,56.90992420236206,37.0099392600773,29.817780231916068,99.39260077305356,0.0,1.3804527885146327,0,0,0,0,0
20022,Oaxaca,Cosoltepec,Cosoltepec,18.141976944444444,-97.79067194444444,803,0.0,4.85678704856787,7.66,18.243243243243242,4.391891891891892,33.96778916544656,30.510585305105852,7.4719800747198,24.906600249066003,0.0,12.453300124533001,0,0,0,0,0
20023,Oaxaca,Cuilápam de Guerrero,Cuilápam de Guerrero,16.99600138888889,-96.78059111111111,26882,58.63775016739826,11.784837437690648,9.3,33.304696449026345,30.054410080183278,63.75778742684538,30.23584554720631,14.768246410237333,47.987500929990325,0.0,0.3719961312402351,0,0,0,0,0
20024,Oaxaca,Cuyamecalco Villa de Zaragoza,Cuyamecalco Villa de Zaragoza,17.965083055555557,-96.83137638888888,3644,0.0,7.601536772777168,4.7,7.624633431085044,26.0019550342131,45.586158192090394,3.2107574094401756,6.586169045005488,21.95389681668496,0.0,0.0,0,0,0,0,0
20025,Oaxaca,Chahuites,Chahuites,16.28760888888889,-94.1958238888889,11356,0.0,10.707995773159563,7.45,24.527150701647347,20.896888346552775,65.80985520260411,11.641423036280381,60.84889045438535,199.89432898908066,0.0,4.4029587883057415,0,0,0,0,0
20026,Oaxaca,Chalcatongo de Hidalgo,Chalcatongo de Hidalgo,17.032028888888888,-97.57098944444444,9035,0.0,9.717764250138352,7.83,35.97038191738114,20.226032735775526,70.37194775695627,9.308245711123408,36.96734919756503,114.0011068068622,0.0,6.640841173215274,0,0,0,0,0
20027,Oaxaca,Chiquihuitlán de Benito Juárez,Chiquihuitlán de Benito Juárez,17.995439444444447,-96.7454475,2179,0.0,7.388710417622763,4.88,5.913978494623656,20.43010752688172,44.31818181818182,2.2487379531895364,6.883891693437357,22.946305644791188,0.0,0.0,0,0,0,0,0
20028,Oaxaca,Heroica Ciudad de Ejutla de Crespo,Heroica Ciudad de Ejutla de Crespo,16.564275555555557,-96.73190055555555,23148,0.0,10.81734923103508,6.8,31.91769547325103,22.13991769547325,61.42072213500785,6.536201831691723,20.17452911698635,60.04838430965958,0.0,1.2960082944530844,0,0,0,0,0
20029,Oaxaca,Eloxochitlán de Flores Magón,Eloxochitlán de Flores Magón,18.176880833333335,-96.87609083333332,4215,0.0,8.066429418742587,5.23,4.553264604810996,7.560137457044673,49.90366088631985,3.6773428232502967,4.98220640569395,16.607354685646502,0.0,2.372479240806643,0,0,0,0,0
20030,Oaxaca,El Espinal,El Espinal,16.48570972222222,-95.04283611111111,8730,0.0,8.682703321878579,10.88,45.31733746130031,55.53405572755418,56.88581314878893,50.79037800687285,56.18556701030928,167.23940435280642,0.684931506849315,3.4364261168384878,0,0,0,0,0
20031,Oaxaca,Tamazulápam del Espíritu Santo,Tamazulápam del Espíritu Santo,17.054435833333333,-96.0651061111111,7185,0.0,8.712595685455812,6.21,20.511559272011805,17.16674864731923,60.85795656817373,8.25330549756437,20.45929018789144,68.19763395963814,0.0,0.0,0,0,0,0,0
20032,Oaxaca,Fresnillo de Trujano,Ciruelos de Guaponcingo,17.943775833333333,-98.13219972222221,1077,0.0,9.006499535747446,5.68,34.1692789968652,3.761755485893417,30.46594982078853,2.8783658310120708,13.927576601671309,46.425255338904364,0.0,0.0,0,0,0,0,0
20033,Oaxaca,Guadalupe Etla,Guadalupe Etla,17.171636944444444,-96.81057555555556,2929,0.0,10.822806418572892,9.96,49.156939040207526,44.747081712062254,55.84362139917695,38.613861386138616,29.361556845339706,92.18163195629907,0.0,0.0,0,0,0,0,0
20034,Oaxaca,Guadalupe de Ramírez,Guadalupe de Ramírez,17.756050555555557,-98.16439416666667,1288,0.0,8.695652173913043,6.49,31.007751937984494,1.8087855297157622,34.58870168483647,5.8229813664596275,18.633540372670808,62.11180124223603,0.0,7.763975155279503,0,0,0,0,0
20035,Oaxaca,Guelatao de Juárez,Guelatao de Juárez,17.318173333333334,-96.49368333333334,657,0.0,7.30593607305936,11.46,42.42424242424242,49.09090909090909,66.66666666666667,40.63926940639269,54.794520547945204,182.64840182648402,0.0,0.0,0,0,0,0,0
20036,Oaxaca,Guevea de Humboldt,Guevea de Humboldt,16.792614166666667,-95.36805583333333,5256,0.0,9.76027397260274,6.08,5.982905982905983,36.094674556213015,51.36071251855517,5.365296803652968,12.557077625570777,41.856925418569254,0.0,0.0,0,0,0,0,0
20037,Oaxaca,Mesones Hidalgo,Mesones Hidalgo,16.915355555555553,-97.96654555555556,4424,0.0,11.799276672694393,5.69,20.58303886925795,17.93286219081272,36.45276292335116,4.0461121157323685,6.1030741410488245,20.34358047016275,0.0,0.0,0,0,0,0,0
20038,Oaxaca,Villa Hidalgo,Villa Hidalgo,17.185888055555555,-96.17883444444445,1885,0.0,9.442970822281167,6.19,6.4393939393939394,21.59090909090909,57.08712613784135,6.843501326259947,17.50663129973475,58.355437665782496,0.0,10.610079575596817,0,0,0,0,0
20039,Oaxaca,Heroica Ciudad de Huajuapan de León,Heroica Ciudad de Huajuapan de León,17.806837222222224,-97.77623583333333,78313,71.71606246727875,11.068404990231507,9.54,40.813519355472586,38.81410886225191,64.1429675806372,28.62870787736391,39.43789664551224,106.8788068392221,2.270011947431302,4.3415524880926535,3,0,0,0,0
20040,Oaxaca,Huautepec,Huautepec,18.101978055555556,-96.7972986111111,6385,0.0,9.052466718872356,4.58,2.0606060606060606,7.575757575757576,44.39313984168865,1.284259984338293,3.758809710258418,12.529365700861394,0.0,0.0,0,0,0,0,0
20041,Oaxaca,Huautla de Jiménez,Huautla de Jiménez,18.130377222222222,-96.84616166666666,31710,0.0,8.722800378429518,6.48,9.77828311540648,23.19499715747584,49.73191454260497,18.095238095238095,20.34058656575213,66.2251655629139,0.0,3.468937243771681,1,0,0,0,0
20042,Oaxaca,Ixtlán de Juárez,Ixtlán de Juárez,17.33152861111111,-96.48780166666667,8385,0.0,11.305903398926654,8.47,21.45015105740181,32.498921018558484,61.715184893784425,15.933214072748957,21.228384019081695,66.78592725104353,0.0,1.1926058437686344,0,0,0,0,0
20043,Oaxaca,Juchitán de Zaragoza,Juchitán de Zaragoza,16.4333075,-95.02163305555555,113570,77.7317953684952,11.578761997006252,8.92,20.152937087243657,40.2676399026764,64.67346529803389,28.171171964427227,51.05661706436559,155.58686272783305,0.8488964346349746,2.2893369727921105,0,3,3,0,0
20044,Oaxaca,Loma Bonita,Loma Bonita,18.10987111111111,-95.8799761111111,40934,76.87741241999316,10.0967410954219,7.51,22.103289319478083,29.971091491522774,62.930421062401386,25.328577710460742,39.62476181169688,118.23911662676504,0.8264462809917356,3.1758440416279865,0,0,0,0,0
20045,Oaxaca,Magdalena Apasco,Magdalena Apasco,17.242063055555555,-96.82109083333333,7888,0.0,11.435091277890466,10.36,44.07322654462243,45.720823798627,62.44175209692451,46.71653144016227,18.002028397565923,55.78093306288032,0.0,0.0,0,0,0,0,0
20046,Oaxaca,Magdalena Jaltepec,Magdalena Jaltepec,17.323620555555554,-97.22127666666667,2943,0.0,8.188922867821951,6.74,24.330117899249732,8.145766345123258,43.61306324927656,4.315324498810737,24.125042473666326,74.75365273530412,0.0,0.0,0,0,0,0,0
20047,Oaxaca,Santa Magdalena Jicotlán,Santa Magdalena Jicotlán,17.807016666666666,-97.4706525,81,0.0,7.407407407407407,7.84,43.333333333333336,6.666666666666667,58.333333333333336,14.814814814814815,0.0,0.0,0.0,0.0,0,0,0,0,0
20048,Oaxaca,Magdalena Mixtepec,Magdalena Mixtepec,16.896111666666666,-96.90772777777778,1433,0.0,14.584787159804605,6.48,20.848056537102472,4.946996466431095,40.766902119071645,0.837404047452896,0.0,0.0,0.0,0.0,0,0,0,0,0
20049,Oaxaca,Magdalena Ocotlán,Magdalena Ocotlán,16.709455277777778,-96.71236527777778,1184,0.0,10.304054054054054,7.65,15.555555555555555,30.793650793650794,50.43572984749456,20.35472972972973,15.202702702702704,50.67567567567568,0.0,0.0,0,0,0,0,0
20050,Oaxaca,Magdalena Peñasco,San Isidro,17.219392499999998,-97.56951138888888,3750,0.0,8.053333333333333,5.64,19.367991845056064,13.149847094801224,59.190140845070424,2.026666666666667,10.133333333333333,29.333333333333332,0.0,0.0,0,0,0,0,0
20051,Oaxaca,Magdalena Teitipac,Magdalena Teitipac,16.906620555555556,-96.55873861111111,4764,0.0,9.991603694374476,4.18,33.49802371541502,3.3596837944664033,60.19501003728133,0.6926952141057935,9.865659109991604,29.38706968933669,0.0,0.0,0,0,0,0,0
20052,Oaxaca,Magdalena Tequisistlán,Magdalena Tequisistlán,16.398916944444444,-95.60290944444444,5996,0.0,8.739159439626418,8.48,19.395866454689983,17.276099629040804,51.608247422680414,24.216144096064042,38.85923949299533,126.75116744496331,0.0,1.667778519012675,0,0,0,0,0
20053,Oaxaca,Magdalena Tlacotepec,Magdalena Tlacotepec,16.50396611111111,-95.20330583333333,1297,0.0,8.481110254433307,8.23,32.779097387173394,25.41567695961995,41.07468123861567,29.452582883577488,85.58211256746338,285.27370855821124,0.0,0.0,0,0,0,0,0
20054,Oaxaca,Magdalena Zahuatlán,Magdalena Zahuatlán,17.388425555555553,-97.22902111111111,404,0.0,11.633663366336634,7.95,26.153846153846153,10.76923076923077,45.98765432098765,9.900990099009901,51.98019801980198,173.26732673267327,0.0,0.0,0,0,0,0,0
20055,Oaxaca,Mariscala de Juárez,Mariscala de Juárez,17.86050555555556,-98.14162055555556,3739,0.0,10.912008558438085,6.85,28.25278810408922,5.5762081784386615,46.00069856793573,6.953730944102701,31.02433805830436,98.9569403583846,0.0,8.023535704733886,0,0,0,0,0
20056,Oaxaca,Mártires de Tacubaya,Mártires de Tacubaya,16.537985833333334,-98.2509125,1446,0.0,9.820193637621024,6.97,12.652068126520682,7.542579075425791,44.52423698384201,8.644536652835408,39.41908713692946,131.3969571230982,0.0,0.0,0,0,0,0,0
20057,Oaxaca,Matías Romero Avendaño,Matías Romero Avendaño,16.877889444444445,-95.04214944444445,38183,45.89738889034387,9.347091637639787,8.29,24.52448045086298,22.375836562169777,61.476725521669344,23.88497498886939,34.32155671372077,102.40159233166592,0.7672634271099744,3.4046565225362073,0,0,0,0,0
20058,Oaxaca,Mazatlán Villa de Flores,Mazatlán Villa de Flores,18.032564444444443,-96.91372111111112,12722,0.0,8.11979248545826,5.21,3.176372248537197,5.182502089718585,38.26176927056389,1.9022166326049363,2.1223078132369126,7.074359377456375,0.0,0.0,0,0,0,0,0
20059,Oaxaca,Miahuatlán de Porfirio Díaz,Miahuatlán de Porfirio Díaz,16.328477499999998,-96.59652416666667,50375,57.826302729528535,11.847146401985112,7.96,28.982843137254903,30.124080882352942,61.96201878418825,26.30074441687345,30.01488833746898,85.16129032258064,1.8648018648018647,3.3746898263027294,1,0,0,0,0
20060,Oaxaca,Mixistlán de la Reforma,Mixistlán de la Reforma,17.146838055555556,-96.11202805555556,2487,0.0,8.363490148773623,6.26,6.491499227202473,1.3910355486862442,51.95876288659794,2.9754724567752313,4.8250904704463204,16.083634901487738,0.0,0.0,0,0,0,0,0
20061,Oaxaca,Monjas,Santa María Velató,16.504146111111112,-96.64462305555556,2893,0.0,9.989630141721397,5.62,33.58302122347066,12.60923845193508,33.96751740139211,3.2492222606291046,15.554787417905288,51.84929139301763,0.0,0.0,0,0,0,0,0
20062,Oaxaca,Natividad,Natividad,17.29687555555556,-96.43329361111111,498,0.0,10.240963855421686,8.71,18.70967741935484,48.38709677419355,51.81598062953995,22.89156626506024,6.024096385542169,20.080321285140563,0.0,0.0,0,0,0,0,0
20063,Oaxaca,Nazareno Etla,Nazareno Etla,17.17799,-96.82400166666666,4293,0.0,11.437223386908922,10.72,43.224092116917625,52.25863596102746,56.10432852386238,42.115071045888655,32.84416491963662,109.48054973212206,0.0,0.0,0,0,0,0,0
20064,Oaxaca,Nejapa de Madero,El Camarón,16.55429527777778,-96.02694444444444,8494,0.0,9.948198728514246,7.46,22.18487394957983,12.647058823529411,60.577777777777776,11.502236873086884,6.357428773251707,21.191429244172358,0.0,1.177301624676242,0,0,0,0,0
20065,Oaxaca,Ixpantepec Nieves,Ixpantepec Nieves,17.50668611111111,-98.04486166666666,1079,0.0,6.487488415199259,4.58,29.799426934097422,1.4326647564469914,35.59322033898305,2.6876737720111215,27.803521779425395,92.67840593141798,0.0,0.0,0,0,0,0,0
20066,Oaxaca,Santiago Niltepec,Santiago Niltepec,16.562093333333333,-94.61300416666666,5342,0.0,7.562710595282666,7.17,16.80045871559633,12.614678899082568,54.85966133147762,12.1115687008611,37.43916136278548,121.67727442905279,0.0,3.7439161362785476,0,0,0,0,0
20067,Oaxaca,Oaxaca de Juárez,Oaxaca de Juárez,17.059993055555555,-96.72545027777778,270955,95.55571958443284,11.202229152442287,11.32,42.509996511284655,63.075973485763356,65.41206510755016,44.71812662619254,69.734826816261,157.40621136351055,4.5017584994138335,15.057850934657047,24,16,6,3,1
20068,Oaxaca,Ocotlán de Morelos,Ocotlán de Morelos,16.791640555555556,-96.67506444444444,23751,70.08125973643214,11.923708475432614,8.83,31.370927732760045,39.854473292541755,63.243558477361894,19.17813986779504,34.798534798534796,100.20630710285883,1.2605042016806722,3.7893141341417205,1,0,0,0,0
20069,Oaxaca,La Pe,La Pe,16.62995861111111,-96.7996575,3052,0.0,14.121887287024903,6.2,16.153846153846153,5.641025641025641,34.11658382286489,0.5897771952817824,9.82961992136304,32.765399737876805,0.0,0.0,0,0,0,0,0
20070,Oaxaca,Pinotepa de Don Luis,Pinotepa de Don Luis,16.428441666666668,-97.97743527777779,6416,0.0,8.946384039900249,7.2,10.204081632653061,20.888355342136855,55.764462809917354,10.58291770573566,17.768079800498754,59.22693266832918,0.0,1.5586034912718205,0,0,0,0,0
20071,Oaxaca,Pluma Hidalgo,Pluma Hidalgo,15.925846111111111,-96.41944333333333,3255,0.0,11.490015360983103,6.45,12.427409988385598,13.937282229965156,52.02265372168285,4.301075268817204,45.00768049155146,116.74347158218126,2.6315789473684212,6.1443932411674345,0,0,0,0,0
20072,Oaxaca,San José del Progreso,San José del Progreso,16.685128055555555,-96.68552861111111,8059,0.0,13.202630599329941,6.92,22.582181991424488,23.963792282039066,51.527158659402346,12.110683707656037,5.956073954584936,19.853579848616455,0.0,0.0,0,0,0,0,0
20073,Oaxaca,Putla Villa de Guerrero,Putla Villa de Guerrero,17.026205277777777,-97.92815277777778,34652,0.0,10.717996075262612,8.2,20.781300032020493,24.847902657700928,60.69972826086956,13.805840932702298,24.28431259378968,74.45457693639617,0.3875968992248062,2.597252683827773,0,0,0,0,0
20074,Oaxaca,Santa Catarina Quioquitani,Santa Catarina Quioquitani,16.31565416666667,-96.28496472222223,456,0.0,10.74561403508772,6.81,6.25,3.125,34.56090651558074,3.508771929824561,0.0,0.0,0.0,0.0,0,0,0,0,0
20075,Oaxaca,Reforma de Pineda,Reforma de Pineda,16.39931888888889,-94.45843388888889,2660,0.0,6.954887218045113,7.5,18.219037871033777,6.345957011258956,51.30748422001803,18.30827067669173,85.71428571428571,285.7142857142857,0.0,7.518796992481203,0,0,0,0,0
20076,Oaxaca,La Reforma,La Reforma,16.623314722222222,-97.84449777777778,3411,0.0,13.866901201993551,7.23,23.059866962305986,34.811529933481154,42.90591805766313,4.16300205218411,16.710642040457344,55.702140134857814,0.0,2.9316915860451482,0,0,0,0,0
20077,Oaxaca,Reyes Etla,Reyes Etla,17.20555611111111,-96.81009277777777,4370,0.0,11.075514874141877,9.34,34.83870967741935,44.423963133640555,59.84095427435388,24.71395881006865,7.551487414187643,25.17162471395881,0.0,0.0,0,0,0,0,0
20078,Oaxaca,Rojas de Cuauhtémoc,Rojas de Cuauhtémoc,17.00828361111111,-96.6186461111111,1301,0.0,9.531129900076865,9.2,43.386243386243386,39.94708994708995,59.64585274930103,22.3674096848578,27.671022290545736,92.23674096848578,0.0,0.0,0,0,0,0,0
20079,Oaxaca,Salina Cruz,Salina Cruz,16.175885,-95.19215861111111,84438,90.78850754399677,9.970629337502073,9.99,34.0838023764853,52.19668542839275,58.10217273934424,32.97567445936664,44.62445818233497,125.06217579762667,1.5151515151515151,4.61877353798053,4,2,1,0,0
20080,Oaxaca,San Agustín Amatengo,San Agustín Amatengo,16.509943333333332,-96.789325,1593,0.0,7.846829880728186,5.7,26.078799249530956,21.951219512195124,49.14728682170543,3.389830508474576,34.52605147520402,94.16195856873823,0.0,0.0,0,0,0,0,0
20081,Oaxaca,San Agustín Atenango,San Agustín Atenango,17.611699166666668,-98.0151825,1871,0.0,8.070550507749866,5.24,29.491525423728813,5.762711864406779,37.450722733245726,9.086050240513094,8.017103153393908,26.723677177979692,0.0,0.0,0,0,0,0,0
20082,Oaxaca,San Agustín Chayuco,San Agustín Chayuco,16.402382222222222,-97.80751833333333,4163,0.0,10.497237569060774,7.01,14.054514480408859,8.943781942078365,40.53970223325062,5.861157818880615,16.574585635359117,55.248618784530386,0.0,0.0,0,0,0,0,0
20083,Oaxaca,San Agustín de las Juntas,San Agustín de las Juntas,17.01166,-96.71144138888889,11391,0.0,13.580897199543498,10.26,33.924389427902305,60.287721646035465,60.988703724415615,34.58871038539198,39.28540075498201,92.17803529101923,2.857142857142857,5.267316302343955,0,1,1,0,0
20084,Oaxaca,San Agustín Etla,San Agustín Etla,17.189083055555557,-96.76442416666667,4168,0.0,9.836852207293665,10.68,48.37635303913405,65.02914238134888,56.138841078600116,46.23320537428023,35.98848368522073,107.96545105566219,0.0,7.197696737044146,0,0,0,0,0
20085,Oaxaca,San Agustín Loxicha,San Agustín Loxicha,16.01660861111111,-96.61676444444444,26194,0.0,11.937848362220356,5.93,5.731550997985717,3.2228529573338216,35.609756097560975,2.5845613499274642,2.977781171260594,9.925937237535313,0.0,0.7635336336565626,0,0,0,0,0
20086,Oaxaca,San Agustín Tlacotepec,San Agustín Tlacotepec,17.203684444444445,-97.5179,1032,0.0,7.848837209302325,8.47,18.541033434650455,12.462006079027356,59.2814371257485,16.569767441860463,37.7906976744186,125.96899224806202,0.0,0.0,0,0,0,0,0
20087,Oaxaca,San Agustín Yatareni,San Agustín Yatareni,17.081211944444444,-96.66811722222222,5521,0.0,12.479623256656403,8.24,38.515406162464984,43.13725490196079,61.69085464178761,12.099257380909256,56.602064843325486,153.95761637384533,1.1764705882352942,16.301394674877738,0,0,0,0,0
20088,Oaxaca,San Andrés Cabecera Nueva,San Andrés Cabecera Nueva,16.888415555555554,-97.68099000000001,2881,0.0,10.656022214508852,6.63,17.142857142857142,12.173913043478262,34.56284153005465,1.7007983339118362,12.49566122874002,41.652204095800066,0.0,0.0,0,0,0,0,0
20089,Oaxaca,San Andrés Dinicuiti,San Andrés Dinicuiti,17.688114722222224,-97.72675111111111,2308,0.0,9.228769497400346,6.94,17.857142857142858,11.2012987012987,42.74973147153598,9.748700173310226,1.2998266897746966,4.332755632582322,0.0,0.0,0,0,0,0,0
20090,Oaxaca,San Andrés Huaxpaltepec,San Andrés Huaxpaltepec,16.32904611111111,-97.91634888888889,6234,0.0,9.752967597048444,7.93,18.516452872281093,18.851087562744006,54.23092955398082,15.896695540583895,37.69650304780237,120.30798845043311,0.0,3.208213025344883,0,0,0,0,0
20091,Oaxaca,San Andrés Huayápam,San Andrés Huayápam,17.102543333333333,-96.66623916666667,6279,0.0,10.479375696767,12.02,65.13513513513513,69.78378378378379,63.30907698199923,40.81860168816691,68.88039496735149,199.07628603280776,0.8,1.5926102882624622,0,0,0,0,0
20092,Oaxaca,San Andrés Ixtlahuaca,San Andrés Ixtlahuaca,17.070874444444446,-96.82517694444444,1776,0.0,9.00900900900901,8.11,39.27125506072875,38.46153846153846,50.45806906272023,29.11036036036036,8.445945945945946,28.153153153153152,0.0,0.0,0,0,0,0,0
20093,Oaxaca,San Andrés Lagunas,San Isidro Lagunas,17.589786944444445,-97.5138063888889,518,0.0,7.142857142857143,7.01,19.337016574585636,1.1049723756906078,66.4319248826291,15.637065637065637,0.0,0.0,0.0,0.0,0,0,0,0,0
20094,Oaxaca,San Andrés Nuxiño,San Andrés Nuxiño,17.23835805555556,-97.10527111111111,1850,0.0,8.81081081081081,7.35,8.858603066439523,4.429301533219761,42.64099037138927,13.027027027027026,16.216216216216218,54.054054054054056,0.0,0.0,0,0,0,0,0
20095,Oaxaca,San Andrés Paxtlán,San Andrés Paxtlán,16.215635833333334,-96.50758,4562,0.0,13.305567733450241,5.8,11.758989310009719,8.843537414965986,45.10650546919977,8.263919333625603,4.603244191144235,15.344147303814117,0.0,0.0,0,0,0,0,0
20096,Oaxaca,San Andrés Sinaxtla,San Andrés Sinaxtla,17.468501944444444,-97.2838111111111,756,0.0,7.671957671957672,9.35,45.37444933920705,56.82819383259912,53.064516129032256,22.354497354497354,54.232804232804234,158.73015873015873,0.0,0.0,0,0,0,0,0
20097,Oaxaca,San Andrés Solaga,Santo Domingo Yojovi,17.299828611111113,-96.21021305555556,1771,0.0,9.824957651044608,6.38,4.761904761904762,9.904761904761905,45.847400405131665,3.5008469791078487,5.081874647092039,16.93958215697346,0.0,0.0,0,0,0,0,0
20098,Oaxaca,San Andrés Teotilálpam,San Andrés Teotilálpam,17.954130833333334,-96.65658833333335,4233,0.0,9.803921568627452,6.23,4.464285714285714,24.285714285714285,41.417226634086745,3.6853295535081503,11.339475549255846,37.79825183085282,0.0,0.0,0,0,0,0,0
20099,Oaxaca,San Andrés Tepetlapa,San Andrés Tepetlapa,17.66583333333333,-98.39168666666667,381,0.0,11.023622047244094,4.86,11.403508771929825,3.508771929824561,29.25170068027211,2.099737532808399,7.874015748031496,26.246719160104988,0.0,0.0,0,0,0,0,0
20100,Oaxaca,San Andrés Yaá,San Andrés Yaá,17.292578333333335,-96.15361611111112,393,0.0,7.124681933842239,5.18,6.4935064935064934,12.987012987012987,55.72289156626506,8.396946564885496,15.267175572519085,50.89058524173028,0.0,0.0,0,0,0,0,0
20101,Oaxaca,San Andrés Zabache,San Andrés Zabache,16.600148611111113,-96.85773555555555,748,0.0,12.967914438502675,5.53,30.28846153846154,25.96153846153846,38.06343906510851,3.0748663101604277,8.02139037433155,26.737967914438503,0.0,0.0,0,0,0,0,0
20102,Oaxaca,San Andrés Zautla,San Andrés Zautla,17.186387777777778,-96.86349,5326,0.0,10.852422080360496,9.47,31.25,31.882022471910112,52.50291036088475,26.661659782200527,12.955313556139693,43.18437852046564,0.0,3.755163349605708,0,0,0,0,0
20103,Oaxaca,San Antonino Castillo Velasco,San Antonino Castillo Velasco,16.803227500000002,-96.68464,6064,0.0,10.784960422163588,7.31,40.57324840764331,33.75796178343949,72.32069249793899,6.315963060686016,45.349604221635886,148.4168865435356,0.0,0.0,0,0,0,0,0
20104,Oaxaca,San Antonino el Alto,San Antonino el Alto,16.815700555555555,-97.02937444444444,2705,0.0,12.975970425138632,7.17,10.74964639321075,22.48939179632249,42.302158273381295,3.3271719038817005,17.744916820702404,59.14972273567468,0.0,0.0,0,0,0,0,0
20105,Oaxaca,San Antonino Monte Verde,San Miguel Monteverde,17.530522777777776,-97.79193138888888,7678,0.0,11.21385777546236,6.77,24.43864229765013,22.767624020887727,45.22560335781742,2.5006512112529307,2.344360510549622,7.814535035165408,0.0,0.0,0,0,0,0,0
20106,Oaxaca,San Antonio Acutla,Laguna Seca,17.734714722222222,-97.496405,249,0.0,8.032128514056225,6.6,33.734939759036145,14.457831325301205,47.66355140186916,25.70281124497992,0.0,0.0,0.0,0.0,0,0,0,0,0
20107,Oaxaca,San Antonio de la Cal,San Antonio de la Cal,17.031313333333333,-96.69928416666667,26282,92.91149836389924,13.03173274484438,9.8,34.80849694238815,52.36562600579337,67.23969046919385,32.596453846739216,24.04687618902671,75.71722091165056,0.0,1.1414656418841793,0,0,0,0,0
20108,Oaxaca,San Antonio Huitepec,San Antonio Huitepec,16.92733138888889,-97.14742194444445,2936,0.0,7.425068119891008,7.51,8.819875776397515,10.93167701863354,29.55665024630542,20.40190735694823,6.130790190735695,20.435967302452315,0.0,0.0,0,0,0,0,0
20109,Oaxaca,San Antonio Nanahuatípam,San Antonio Nanahuatípam,18.130299444444447,-97.12364472222221,1232,0.0,10.470779220779221,9.0,19.469026548672566,20.64896755162242,48.4167517875383,20.77922077922078,14.61038961038961,48.701298701298704,0.0,0.0,0,0,0,0,0
20110,Oaxaca,San Antonio Sinicahua,Santa Cruz,17.14681472222222,-97.57862277777778,1668,0.0,8.81294964028777,6.44,12.557077625570777,3.4246575342465753,62.01163757273483,4.856115107913669,8.992805755395683,29.976019184652277,0.0,0.0,0,0,0,0,0
20111,Oaxaca,San Antonio Tepetlapa,San Antonio Tepetlapa,16.542360833333333,-98.0662261111111,4873,0.0,12.333264929201723,6.74,4.977777777777778,2.2222222222222223,31.803005008347245,5.520213420890622,16.006566796634516,53.35522265544839,0.0,0.0,0,0,0,0,0
20112,Oaxaca,San Baltazar Chichicápam,San Baltazar Chichicápam,16.762097222222224,-96.48968055555555,2576,0.0,7.375776397515528,7.07,14.908256880733944,19.839449541284402,33.861475780896335,14.790372670807454,18.633540372670808,62.11180124223603,0.0,0.0,0,0,0,0,0
20113,Oaxaca,San Baltazar Loxicha,San Baltazar Loxicha,16.0733,-96.79032083333333,3169,0.0,11.04449353108236,6.46,10.599078341013826,20.046082949308754,45.90717299578059,1.8933417481855475,24.613442726412117,82.0448090880404,0.0,3.155569580309246,0,0,0,0,0
20114,Oaxaca,San Baltazar Yatzachi el Bajo,Santa María Yohueche,17.246111111111112,-96.19840111111111,674,0.0,8.011869436201781,6.4,18.51851851851852,12.757201646090534,43.31550802139037,26.26112759643917,0.0,0.0,0.0,0.0,0,0,0,0,0
20115,Oaxaca,San Bartolo Coyotepec,San Bartolo Coyotepec,16.95828138888889,-96.70765027777779,10391,0.0,11.413723414493312,10.69,41.99788955328878,53.04256067534295,62.290273377918574,39.418727745164084,44.79838321624483,130.88249446636513,0.7352941176470589,2.88711384852276,0,0,0,0,0
20116,Oaxaca,San Bartolomé Ayautla,San Bartolomé Ayautla,18.031800277777776,-96.6715088888889,4131,0.0,8.932461873638344,4.79,2.3008849557522124,9.11504424778761,31.53446033810143,1.597676107480029,10.893246187363834,36.31082062454612,0.0,0.0,0,0,0,0,0
20117,Oaxaca,San Bartolomé Loxicha,San Bartolomé Loxicha,15.970389722222222,-96.71101555555556,2213,0.0,9.399005874378672,6.18,5.636070853462158,2.4154589371980677,41.85493460166469,6.552191595119747,9.489380930863081,31.631269769543607,0.0,0.0,0,0,0,0,0
20118,Oaxaca,San Bartolomé Quialana,San Bartolomé Quialana,16.901887499999997,-96.50120611111112,2389,0.0,7.492674759313521,5.17,34.92537313432836,20.0,47.913446676970636,1.2557555462536627,30.138133110087903,100.46044370029301,0.0,4.185851820845542,0,0,0,0,0
20119,Oaxaca,San Bartolomé Yucuañe,San Bartolomé Yucuañe,17.242546944444445,-97.44792944444445,735,0.0,8.571428571428571,7.64,13.761467889908257,30.73394495412844,66.92913385826772,17.41496598639456,8.16326530612245,27.210884353741495,0.0,0.0,0,0,0,0,0
20120,Oaxaca,San Bartolomé Zoogocho,San Bartolomé Zoogocho,17.24078861111111,-96.24305055555556,449,0.0,9.799554565701559,7.21,6.086956521739131,40.869565217391305,18.823529411764707,3.56347438752784,46.770601336302896,155.90200445434297,0.0,0.0,0,0,0,0,0
20121,Oaxaca,San Bartolo Soyaltepec,San Pedro Añañé (Añañe),17.520232222222223,-97.36790749999999,596,0.0,8.89261744966443,7.08,24.271844660194176,2.4271844660194173,60.3921568627451,19.966442953020135,0.0,0.0,0.0,0.0,0,0,0,0,0
20122,Oaxaca,San Bartolo Yautepec,San Bartolo Yautepec,16.43074138888889,-95.97311222222223,653,0.0,6.584992343032159,7.65,10.83743842364532,7.8817733990147785,45.63106796116505,5.51301684532925,9.188361408882082,30.627871362940276,0.0,0.0,0,0,0,0,0
20123,Oaxaca,San Bernardo Mixtepec,San Bernardo Mixtepec,16.824660555555557,-96.8986663888889,2829,0.0,10.745846588900672,6.92,24.50592885375494,15.151515151515152,41.15128449096099,4.135737009544009,19.088016967126194,63.62672322375398,0.0,0.0,0,0,0,0,0
20124,Oaxaca,San Blas Atempa,San Blas Atempa,16.326321944444445,-95.22754583333334,19696,0.0,12.261372867587328,6.21,9.405065776556057,18.947575103082663,74.51882574039271,8.46872461413485,69.35418359057677,229.48822095857028,0.0,0.0,0,0,0,0,0
20125,Oaxaca,San Carlos Yautepec,Santiago Quiavicuzas,16.862751666666668,-95.71841388888889,11662,0.0,10.478477105127766,6.55,10.786974219810041,6.919945725915875,60.151996370235935,3.670039444349168,0.7717372663351054,2.5724575544503514,0.0,0.8574858514834506,0,0,0,0,0
20126,Oaxaca,San Cristóbal Amatlán,San Cristóbal Amatlán,16.318408055555555,-96.41001611111112,5396,0.0,12.212750185322461,5.99,4.703328509406657,2.7496382054992763,54.98264749628161,12.638991845811713,15.011119347664938,50.03706449221646,0.0,0.0,0,0,0,0,0
20127,Oaxaca,San Cristóbal Amoltepec,San Cristóbal Amoltepec,17.28453277777778,-97.5698525,1252,0.0,9.744408945686901,6.64,10.379746835443038,7.341772151898734,37.59162303664922,4.63258785942492,0.0,0.0,0.0,0.0,0,0,0,0,0
20128,Oaxaca,San Cristóbal Lachirioag,San Cristóbal Lachirioag,17.335971666666666,-96.16504722222223,1342,0.0,5.141579731743666,6.49,15.560165975103734,33.19502074688797,45.11210762331839,7.004470938897168,17.883755588673623,59.61251862891207,0.0,14.903129657228018,0,0,0,0,0
20129,Oaxaca,San Cristóbal Suchixtlahuaca,San Cristóbal Suchixtlahuaca,17.727553888888888,-97.36665583333333,356,0.0,6.46067415730337,8.22,31.858407079646017,7.079646017699115,58.57142857142857,14.325842696629213,58.98876404494382,196.62921348314606,0.0,0.0,0,0,0,0,0
20130,Oaxaca,San Dionisio del Mar,San Dionisio del Mar,16.320539166666666,-94.75700333333333,5180,0.0,9.362934362934363,6.46,8.209876543209877,3.950617283950617,44.188376753507015,7.644787644787645,18.53281853281853,61.77606177606177,0.0,0.0,0,0,0,0,0
20131,Oaxaca,San Dionisio Ocotepec,San Dionisio Ocotepec,16.797754444444447,-96.39603722222223,11411,0.0,11.52396810095522,5.98,22.73864855202002,12.334644261708974,57.43879472693032,4.0136710191920075,14.722636052931382,49.07545350977127,0.0,0.0,0,0,0,0,0
20132,Oaxaca,San Dionisio Ocotlán,San Dionisio Ocotlán,16.746444166666667,-96.68083527777779,1380,0.0,12.246376811594203,8.58,30.913978494623656,16.397849462365592,38.6952636282395,44.34782608695652,8.695652173913043,28.985507246376812,0.0,0.0,0,0,0,0,0
20133,Oaxaca,San Esteban Atatlahuca,San Esteban Atatlahuca,17.066549444444444,-97.67776944444445,3934,0.0,8.032536858159634,6.9,14.987510407993339,4.579517069109076,35.690571049136786,4.168784951703101,8.38840874428063,27.961362480935435,0.0,0.0,0,0,0,0,0
20134,Oaxaca,San Felipe Jalapa de Díaz,San Felipe Jalapa de Díaz,18.0712825,-96.536115,28500,0.0,11.343859649122807,5.79,5.130799248446308,7.197571903454256,65.85950611364181,4.375438596491228,6.526315789473684,20.0,0.0,1.0526315789473684,0,0,0,0,0
20135,Oaxaca,San Felipe Tejalápam,San Felipe Tejalápam,17.111400833333335,-96.8532575,8231,0.0,12.100595310411858,7.84,20.470127326150834,26.297747306562194,59.587206554277614,9.585712550115417,6.925039484874256,23.083464949580854,0.0,0.0,0,0,0,0,0
20136,Oaxaca,San Felipe Usila,San Felipe Usila,17.879395,-96.52836305555556,12191,0.0,8.342219670248545,6.57,5.6907781967775115,4.559478916695235,58.108255877528705,5.9880239520958085,11.155770650479862,34.451644655893695,0.0,2.460831761135264,0,0,0,0,0
20137,Oaxaca,San Francisco Cahuacuá,San Sebastián Yutanino,16.78993416666667,-97.46087194444445,3450,0.0,11.130434782608695,7.01,9.75609756097561,5.210643015521065,29.767795964979065,3.4782608695652173,6.956521739130435,23.18840579710145,0.0,0.0,0,0,0,0,0
20138,Oaxaca,San Francisco Cajonos,San Francisco Cajonos,17.172094166666668,-96.25146444444445,451,0.0,6.873614190687362,6.8,15.757575757575758,16.363636363636363,45.78005115089514,14.19068736141907,26.607538802660756,88.69179600886918,0.0,0.0,0,0,0,0,0
20139,Oaxaca,San Francisco Chapulapa,San Alejo el Progreso,17.88680111111111,-96.7236188888889,2195,0.0,9.521640091116174,5.52,6.794425087108014,17.59581881533101,34.683855125844076,2.050113895216401,8.200455580865604,27.33485193621868,0.0,0.0,0,0,0,0,0
20140,Oaxaca,San Francisco Chindúa,San Francisco Chindúa,17.428580833333335,-97.31279083333332,812,0.0,9.236453201970443,7.99,24.279835390946502,6.172839506172839,44.086021505376344,7.758620689655173,0.0,0.0,0.0,0.0,0,0,0,0,0
20141,Oaxaca,San Francisco del Mar,San Francisco del Mar,16.339357777777778,-94.51497444444445,8710,0.0,10.355912743972446,7.2,10.993485342019545,9.77198697068404,61.19819959646128,8.243398392652123,57.4052812858783,183.69690011481057,0.0,1.148105625717566,0,0,0,0,0
20142,Oaxaca,San Francisco Huehuetlán,San Francisco Huehuetlán,18.19759416666667,-96.9478213888889,842,0.0,7.363420427553444,4.79,8.098591549295774,4.225352112676056,38.849929873772794,3.5629453681710213,17.81472684085511,59.38242280285036,0.0,0.0,0,0,0,0,0
20143,Oaxaca,San Francisco Ixhuatán,San Francisco Ixhuatán,16.35235666666667,-94.48382833333334,9461,0.0,8.920832892928866,7.78,14.210352786020442,20.50774810418727,55.39196179864704,16.034245851389915,46.82380298065743,154.31772539900643,0.0,4.227882887644013,0,0,0,0,0
20144,Oaxaca,San Francisco Jaltepetongo,San Francisco Jaltepetongo,17.385714166666666,-97.26285361111111,1075,0.0,6.511627906976744,6.67,17.663817663817664,7.122507122507122,40.35294117647059,14.418604651162791,5.5813953488372094,18.6046511627907,0.0,0.0,0,0,0,0,0
20145,Oaxaca,San Francisco Lachigoló,San Francisco Lachigoló,17.011406944444445,-96.59851638888888,5215,0.0,10.431447746883988,10.41,52.67737617135207,50.870147255689425,59.397590361445786,34.189837008628956,35.47459252157239,105.46500479386386,0.0,7.6701821668264625,0,0,0,0,0
20146,Oaxaca,San Francisco Logueche,San Francisco Logueche,16.352279444444445,-96.3779786111111,2803,0.0,13.985016054227613,6.32,9.745127436281859,15.892053973013493,38.56607310215558,4.174099179450589,4.281127363539065,14.270424545130217,0.0,0.0,0,0,0,0,0
20147,Oaxaca,San Francisco Nuxaño,San Francisco Nuxaño,17.380833055555556,-97.34395083333332,376,0.0,6.914893617021277,6.77,12.396694214876034,19.834710743801654,50.16393442622951,4.25531914893617,7.9787234042553195,26.595744680851062,0.0,0.0,0,0,0,0,0
20148,Oaxaca,San Francisco Ozolotepec,San Francisco Ozolotepec,16.100539166666668,-96.22068194444445,2182,0.0,12.23648029330889,6.06,1.9920318725099602,7.569721115537849,42.252604166666664,4.2621448212648945,2.749770852428964,9.165902841429881,0.0,0.0,0,0,0,0,0
20149,Oaxaca,San Francisco Sola,San Francisco Sola,16.51496638888889,-96.97440027777778,2019,0.0,12.63001485884101,6.4,19.26782273603083,10.982658959537572,48.04054054054054,4.70529965329371,16.344725111441306,54.48241703813769,0.0,0.0,0,0,0,0,0
20150,Oaxaca,San Francisco Telixtlahuaca,San Francisco Telixtlahuaca,17.29659555555556,-96.90441333333334,13856,0.0,12.543302540415704,9.46,25.30936947554508,24.454920447849144,59.219693450998605,23.852482678983833,33.99249422632794,113.30831408775981,0.0,2.886836027713626,0,0,0,0,0
20151,Oaxaca,San Francisco Teopan,San Francisco Teopan,17.851128333333335,-97.4925311111111,312,0.0,10.256410256410257,5.82,22.77227722772277,3.9603960396039604,46.00760456273764,1.6025641025641026,0.0,0.0,0.0,0.0,0,0,0,0,0
20152,Oaxaca,San Francisco Tlapancingo,San Francisco Tlapancingo,17.484123888888888,-98.26890861111112,2472,0.0,13.754045307443366,5.25,16.409266409266408,11.003861003861005,34.42253521126761,1.051779935275081,3.6407766990291264,12.135922330097088,0.0,4.0453074433656955,0,0,0,0,0
20153,Oaxaca,San Gabriel Mixtepec,San Gabriel Mixtepec,16.094422777777776,-97.07949916666666,4910,0.0,10.488798370672098,7.7,16.614420062695924,17.711598746081506,52.227722772277225,10.14256619144603,67.61710794297352,221.9959266802444,0.0,8.146639511201629,1,0,0,0,0
20154,Oaxaca,San Ildefonso Amatlán,San Ildefonso Amatlán,16.334094722222222,-96.4915563888889,2329,0.0,9.27436668097896,5.73,19.94047619047619,14.43452380952381,44.6378439079169,1.2022327179046801,7.728638900815801,25.762129669386002,0.0,0.0,0,0,0,0,0
20155,Oaxaca,San Ildefonso Sola,San Ildefonso Sola,16.51981222222222,-96.9836675,1060,0.0,12.735849056603774,6.57,12.692307692307692,5.384615384615385,45.21739130434783,4.245283018867925,14.150943396226415,47.16981132075472,0.0,0.0,0,0,0,0,0
20156,Oaxaca,San Ildefonso Villa Alta,San Ildefonso Villa Alta,17.339010555555554,-96.15301444444445,3677,0.0,10.552080500407941,6.99,14.025500910746812,22.040072859744992,46.37925227349276,20.152298069078054,19.581180310035354,51.67255915148219,0.0,5.4392167527875985,0,0,0,0,0
20157,Oaxaca,San Jacinto Amilpas,San Jacinto Amilpas,17.100806666666667,-96.76256166666667,16827,100.0,12.1114874903429,11.77,53.45872518286311,70.40752351097179,64.96484031643715,47.98835205324776,30.843287573542522,90.92529862720627,1.3071895424836601,3.565697985380638,0,0,0,0,0
20158,Oaxaca,San Jacinto Tlacotepec,Cuajinicuil,16.496005833333335,-97.37958111111111,2233,0.0,11.285266457680251,6.12,22.818791946308725,20.13422818791946,22.52519264967398,2.239140170174653,12.091356918943125,40.304523063143755,0.0,4.478280340349306,0,0,0,0,0
20159,Oaxaca,San Jerónimo Coatlán,San Cristóbal Honduras,16.32487111111111,-97.04110833333333,5537,0.0,13.83420624887123,6.79,15.664556962025317,9.49367088607595,44.947394176657696,1.4809463608452231,4.876286797905003,16.25428932635001,0.0,0.0,0,0,0,0,0
20160,Oaxaca,San Jerónimo Silacayoapilla,San Jerónimo Silacayoapilla,17.809630277777778,-97.84593249999999,1429,0.0,9.447165850244927,6.38,23.059866962305986,14.19068736141907,49.64726631393298,10.776766969909028,10.496850944716584,34.98950314905528,0.0,0.0,0,0,0,0,0
20161,Oaxaca,San Jerónimo Sosola,San Mateo Sosola,17.40133361111111,-97.11812083333332,2730,0.0,10.915750915750916,7.43,10.45510455104551,17.097170971709716,59.33966530981456,5.970695970695971,1.098901098901099,3.663003663003663,0.0,0.0,0,0,0,0,0
20162,Oaxaca,San Jerónimo Taviche,San Jerónimo Taviche,16.713679444444445,-96.59426333333333,2046,0.0,13.391984359726296,7.05,10.9979633401222,8.75763747454175,47.54204398447607,2.0039100684261975,8.79765395894428,29.325513196480937,0.0,0.0,0,0,0,0,0
20163,Oaxaca,San Jerónimo Tecóatl,San Jerónimo Tecóatl,18.16691388888889,-96.9132,1577,0.0,7.67279644895371,6.44,11.45374449339207,12.334801762114537,43.245469522240526,7.038681039949271,17.121116043119848,57.07038681039949,0.0,0.0,0,0,0,0,0
20164,Oaxaca,San Jorge Nuchita,San Jorge Nuchita,17.655954166666664,-98.10613,2881,0.0,10.274210343630683,5.28,21.262886597938145,2.3195876288659796,32.391799544419136,5.171815341895175,9.371745921555016,31.23915307185005,0.0,0.0,0,0,0,0,0
20165,Oaxaca,San José Ayuquila,San José Ayuquila,17.94178777777778,-97.96927388888889,1629,0.0,10.558624923265807,6.63,14.847161572052402,7.641921397379913,41.9016921837228,29.465930018416206,7.366482504604051,24.554941682013506,0.0,0.0,0,0,0,0,0
20166,Oaxaca,San José Chiltepec,San José Chiltepec,17.9453525,-96.17053666666668,11310,0.0,10.468611847922192,7.88,17.39832149774048,11.362169141381537,51.37472283813747,25.667550839964633,15.340406719717064,41.55614500442087,2.127659574468085,1.7683465959328029,0,0,0,0,0
20167,Oaxaca,San José del Peñasco,San José del Peñasco,16.316059444444445,-96.50138083333333,2149,0.0,11.354118194509073,6.37,32.85968028419183,28.063943161634104,48.45105328376704,2.3266635644485807,5.583992554676594,18.613308515588646,0.0,0.0,0,0,0,0,0
20168,Oaxaca,San José Estancia Grande,San José Estancia Grande,16.365203333333334,-98.25128555555555,938,0.0,8.102345415778252,6.58,22.99270072992701,27.37226277372263,57.163531114327064,8.742004264392325,9.594882729211088,31.982942430703623,0.0,0.0,0,0,0,0,0
20169,Oaxaca,San José Independencia,Cerro Clarín,18.275308055555556,-96.67471555555557,4251,0.0,7.198306280875088,5.63,1.113967437874893,3.770351328191945,37.16927000318776,5.363443895553988,6.351446718419195,21.171489061397317,0.0,0.0,0,0,0,0,0
20170,Oaxaca,San José Lachiguiri,San José Lachiguiri,16.378775833333332,-96.3364325,3700,0.0,14.91891891891892,5.64,6.7114093959731544,14.317673378076062,27.03790674270379,6.324324324324325,7.297297297297297,24.324324324324323,0.0,0.0,0,0,0,0,0
20171,Oaxaca,San José Tenango,San José Tenango,18.150761944444444,-96.71720861111112,18102,0.0,8.275328692962104,5.07,3.985956216439488,8.529533250722842,46.19989391528377,6.131919124958568,4.971826317533974,16.572754391779913,0.0,1.1048502927853276,0,0,0,0,0
20172,Oaxaca,San Juan Achiutla,San Juan Achiutla,17.34424472222222,-97.50887305555555,408,0.0,5.882352941176471,7.94,29.655172413793103,14.482758620689655,49.447513812154696,19.852941176470587,0.0,0.0,0.0,0.0,0,0,0,0,0
20173,Oaxaca,San Juan Atepec,San Juan Atepec,17.426392777777778,-96.5391325,1457,0.0,7.618393960192176,7.39,13.305613305613306,19.95841995841996,35.684298908480265,5.9025394646533975,12.354152367879204,41.18050789293068,0.0,6.863417982155113,0,0,0,0,0
20174,Oaxaca,Ánimas Trujano,Ánimas Trujano,16.988882222222223,-96.71319611111112,4564,0.0,10.21034180543383,10.72,43.40704340704341,51.105651105651106,58.48394928513623,46.71340929009641,31.113058720420682,96.40666082383873,0.0,4.382120946538125,0,0,0,0,0
20175,Oaxaca,San Juan Bautista Atatlahuca,San Juan Bautista Atatlahuca,17.53109583333333,-96.82994083333332,1424,0.0,10.74438202247191,6.18,9.367088607594937,12.405063291139241,40.12291483757682,2.3876404494382024,10.53370786516854,35.1123595505618,0.0,0.0,0,0,0,0,0
20176,Oaxaca,San Juan Bautista Coixtlahuaca,San Juan Bautista Coixtlahuaca,17.724643333333333,-97.32382305555555,2725,0.0,8.036697247706423,7.42,24.07185628742515,22.275449101796408,46.71232876712329,10.642201834862385,29.724770642201836,99.08256880733946,0.0,11.009174311926605,0,0,0,0,0
20177,Oaxaca,San Juan Bautista Cuicatlán,San Juan Bautista Cuicatlán,17.801548055555557,-96.95956666666667,10365,0.0,9.068982151471298,7.71,16.49616368286445,13.970588235294118,56.512707722385144,15.48480463096961,29.52243125904486,93.58417752050168,0.0,2.894356005788712,0,0,0,0,0
20178,Oaxaca,San Juan Bautista Guelache,San Miguel [Fraccionamiento],17.212805833333334,-96.78746222222222,6692,0.0,11.23729826658697,10.37,42.64129826524902,47.565752658086176,57.81162920304663,37.313209802749554,0.4482964734010759,1.4943215780035863,0.0,0.0,0,0,0,0,0
20179,Oaxaca,San Juan Bautista Jayacatlán,San Juan Bautista Jayacatlán,17.423504444444447,-96.82257055555556,1447,0.0,9.467864547339323,6.59,17.6039119804401,28.850855745721272,46.666666666666664,2.9716655148583278,12.439530062197651,41.4651002073255,0.0,0.0,0,0,0,0,0
20180,Oaxaca,San Juan Bautista Lo de Soto,San Juan Bautista Lo de Soto,16.511514722222223,-98.3468025,2344,0.0,7.252559726962457,7.6,31.424766977363515,12.916111850865512,39.52195664257921,9.76962457337884,14.078498293515358,46.9283276450512,0.0,0.0,0,0,0,0,0
20181,Oaxaca,San Juan Bautista Suchitepec,San Juan Bautista Suchitepec,17.972717777777778,-97.65982000000001,453,0.0,7.947019867549669,6.18,8.695652173913043,3.1055900621118013,45.0402144772118,21.192052980132452,13.245033112582782,44.150110375275936,0.0,0.0,0,0,0,0,0
20182,Oaxaca,San Juan Bautista Tlacoatzintepec,San Juan Bautista Tlacoatzintepec,17.85944138888889,-96.5870875,2181,0.0,6.2356717102246675,5.8,5.311355311355311,1.8315018315018314,36.74588665447897,3.9889958734525446,1.375515818431912,4.5850527281063735,0.0,0.0,0,0,0,0,0
20183,Oaxaca,San Juan Bautista Tlachichilco,San Juan Bautista Tlachichilco,17.62254777777778,-98.34399305555556,1475,0.0,11.457627118644067,6.14,26.470588235294116,6.684491978609626,50.09025270758123,2.711864406779661,4.067796610169491,13.559322033898304,0.0,6.779661016949152,0,0,0,0,0
20184,Oaxaca,San Juan Bautista Tuxtepec,San Juan Bautista Tuxtepec,18.081164722222223,-96.11848166666665,159452,64.97817525023204,10.62890399618694,9.09,26.571204643182444,40.89474464614798,63.81775594059796,45.235556781978275,27.84850613350726,79.08336050974587,1.3481363996827915,2.696736321902516,2,1,1,1,1
20185,Oaxaca,San Juan Cacahuatepec,San Juan Cacahuatepec,16.61373388888889,-98.15609194444446,8939,0.0,10.649960845732185,8.55,20.426956885726245,20.426956885726245,48.30249162173976,16.400044747734647,22.82134466942611,76.07114889808703,0.0,4.474773464593355,0,0,0,0,0
20186,Oaxaca,San Juan Cieneguilla,San Juan Cieneguilla,17.851658611111112,-98.28076444444444,524,0.0,8.396946564885496,6.38,24.41860465116279,11.046511627906977,32.35294117647059,6.870229007633588,28.625954198473284,95.41984732824427,0.0,0.0,0,0,0,0,0
20187,Oaxaca,San Juan Coatzóspam,San Juan Coatzóspam,18.049699722222226,-96.76332472222222,1808,0.0,8.904867256637168,5.58,5.555555555555555,13.601532567049809,58.882907133243606,2.9867256637168142,3.3185840707964602,11.061946902654867,0.0,0.0,0,0,0,0,0
20188,Oaxaca,San Juan Colorado,San Juan Colorado,16.459665833333332,-97.95398916666667,9609,0.0,9.959413050265375,6.66,6.581494386372436,6.116918312040263,49.36336924583741,4.81839941721303,6.868560724320949,22.895202414403165,0.0,0.0,0,0,0,0,0
20189,Oaxaca,San Juan Comaltepec,San Juan Lealao,17.321066388888887,-95.93140722222223,3116,0.0,12.901155327342748,5.84,6.025824964131994,24.103299856527975,35.223367697594504,2.5353016688061616,4.813863928112966,16.046213093709884,0.0,0.0,0,0,0,0,0
20190,Oaxaca,San Juan Cotzocón,María Lombardo de Caso,17.449036111111113,-95.43241944444445,22444,0.0,9.463553733737301,6.76,19.880006486135883,22.7663369547592,59.285340161787815,4.990197825699519,10.114061664587418,32.97094991980039,0.0,0.8911067545891997,0,0,0,0,0
20191,Oaxaca,San Juan Chicomezúchil,San Juan Chicomezúchil,17.28897527777778,-96.49491694444444,296,0.0,6.418918918918919,7.85,15.217391304347826,26.08695652173913,63.41463414634146,11.14864864864865,40.54054054054054,135.13513513513513,0.0,0.0,0,0,0,0,0
20192,Oaxaca,San Juan Chilateca,San Juan Chilateca,16.828517777777776,-96.67201055555556,1522,0.0,10.38107752956636,9.85,35.92017738359202,50.33259423503326,52.64773599386032,38.107752956636006,21.681997371879106,72.27332457293035,0.0,0.0,0,0,0,0,0
20193,Oaxaca,San Juan del Estado,San Juan del Estado,17.27352833333333,-96.79927277777777,2807,0.0,9.690060562878518,8.09,36.79890560875513,27.49658002735978,53.766816143497756,18.026362664766655,12.82508015675098,42.75026718916993,0.0,0.0,0,0,0,0,0
20194,Oaxaca,San Juan del Río,San Juan del Río,16.882526944444447,-96.16047027777779,1372,0.0,8.892128279883382,6.05,26.41083521444695,11.963882618510159,48.96373056994819,3.6443148688046647,15.306122448979592,51.02040816326531,0.0,0.0,0,0,0,0,0
20195,Oaxaca,San Juan Diuxi,San Juan Diuxi,17.281509444444442,-97.3742425,1056,0.0,5.303030303030303,4.14,7.672634271099744,3.0690537084398977,32.138728323699425,3.3143939393939394,22.727272727272727,75.75757575757575,0.0,0.0,0,0,0,0,0
20196,Oaxaca,San Juan Evangelista Analco,San Juan Evangelista Analco,17.40582722222222,-96.53795,407,0.0,8.845208845208845,7.55,28.14814814814815,44.44444444444444,33.13609467455621,9.090909090909092,29.484029484029485,98.28009828009829,0.0,0.0,0,0,0,0,0
20197,Oaxaca,San Juan Guelavía,San Juan Guelavía,16.95676333333333,-96.54583194444444,3288,0.0,8.059610705596107,6.81,22.289766970618036,9.321175278622087,52.17554388597149,8.576642335766424,68.43065693430657,228.1021897810219,0.0,0.0,0,0,0,0,0
20198,Oaxaca,San Juan Guichicovi,San Juan Guichicovi,16.96282888888889,-95.09509416666666,29802,0.0,8.881954231259646,5.78,9.546854377474704,7.08315002199736,61.470962272149215,9.126904234615127,6.291524058788001,18.45513723911147,1.8181818181818181,0.6710958996040535,0,0,0,0,0
20199,Oaxaca,San Juan Ihualtepec,San Juan Ihualtepec,17.739841666666667,-98.28884611111111,494,0.0,8.097165991902834,4.54,15.972222222222221,3.4722222222222223,35.94132029339853,3.2388663967611335,12.145748987854251,40.48582995951417,0.0,20.242914979757085,0,0,0,0,0
20200,Oaxaca,San Juan Juquila Mixes,San Juan Juquila Mixes,16.935633055555556,-95.91881805555556,3703,0.0,10.423980556305699,5.53,9.048507462686567,13.712686567164178,42.144553783508655,4.13178503915744,6.481231433972455,21.604104779908184,0.0,0.0,0,0,0,0,0
20201,Oaxaca,San Juan Juquila Vijanos,San Felipe el Porvenir,17.328454999999998,-96.26039777777778,1880,0.0,11.96808510638298,6.56,4.448398576512456,7.6512455516014235,49.226441631504926,2.234042553191489,0.0,0.0,0.0,0.0,0,0,0,0,0
20202,Oaxaca,San Juan Lachao,San Juan Lachao,16.158538333333333,-97.12510833333333,4577,0.0,10.771247542058116,6.51,10.714285714285714,23.44322344322344,48.31869130566495,3.277255844439589,60.301507537688444,201.00502512562815,0.0,0.0,0,0,0,0,0
20203,Oaxaca,San Juan Lachigalla,San Juan Lachigalla,16.59177972222222,-96.54884305555555,3538,0.0,13.058224985867723,5.95,28.038507821901323,17.087845968712394,36.8361153262519,1.3284341435839457,3.391746749576032,11.305822498586773,0.0,0.0,0,0,0,0,0
20204,Oaxaca,San Juan Lajarcia,San Juan Lajarcia,16.508443888888888,-95.92559055555556,634,0.0,7.255520504731861,6.98,24.200913242009133,19.17808219178082,40.077071290944126,3.943217665615142,18.92744479495268,63.09148264984227,0.0,0.0,0,0,0,0,0
20205,Oaxaca,San Juan Lalana,San José Río Manzo,17.669793055555555,-95.8801675,16989,0.0,9.88286538348343,5.6,7.144446917427109,7.188960605386156,59.99073859689743,2.8665607157572546,0.8829242450997704,2.9430808169992346,0.0,0.0,0,0,0,0,0
20206,Oaxaca,San Juan de los Cués,San Juan de los Cués,18.046927222222223,-97.0596636111111,2421,0.0,7.765386204047914,7.53,18.14404432132964,24.099722991689752,51.568314726209465,8.261049153242462,18.587360594795538,61.95786864931846,0.0,0.0,0,0,0,0,0
20207,Oaxaca,San Juan Mazatlán,San Juan Mazatlán,17.03112361111111,-95.44646694444445,19032,0.0,10.802858343841951,6.15,13.735609368797142,6.986899563318778,59.263725351113635,3.1578394283312314,2.2068095838587642,7.3560319461958805,0.0,0.0,0,0,0,0,0
20208,Oaxaca,San Juan Mixtepec,San Juan Mixtepec Distrito 08,17.305726111111113,-97.83144694444444,6941,0.0,8.384958939634059,5.7,33.761232349165596,3.936670945656825,43.046588727970686,5.028093934591557,19.881861403256014,66.27287134418671,0.0,2.8814291888776835,0,0,0,0,0
20209,Oaxaca,San Juan Mixtepec,San Juan Mixtepec Distrito 26,16.277539444444443,-96.29947777777778,607,0.0,9.060955518945635,5.03,2.0,1.0,20.46783625730994,1.9769357495881383,9.884678747940692,32.948929159802304,0.0,0.0,0,0,0,0,0
20210,Oaxaca,San Juan Ñumí,Sabinillo,17.453201666666665,-97.7887875,5773,0.0,8.435821929672613,6.31,19.833234067897557,10.303752233472306,42.08995300962184,7.205958773601247,6.23592586177031,20.786419539234366,0.0,0.0,0,0,0,0,0
20211,Oaxaca,San Juan Ozolotepec,San Andrés Lovene,16.040070833333335,-96.20338055555555,3411,0.0,12.137203166226913,5.72,2.8833551769331587,1.3106159895150722,43.825561312607945,5.980650835532102,4.397537379067722,14.65845793022574,0.0,0.0,0,0,0,0,0
20212,Oaxaca,San Juan Petlapa,San Juan Petlapa,17.469302222222222,-96.03683416666667,3117,0.0,9.84921398780879,5.05,2.3923444976076556,12.679425837320574,36.26323055683387,3.6252807186397176,1.9249278152069298,6.416426050689766,0.0,0.0,0,0,0,0,0
20213,Oaxaca,San Juan Quiahije,San Juan Quiahije,16.301878333333335,-97.3168461111111,4203,0.0,9.136331192005711,5.45,25.534308211473565,5.961754780652418,34.376110913615356,6.804663335712586,14.275517487508923,47.585058291696406,0.0,2.3792529145848205,0,0,0,0,0
20214,Oaxaca,San Juan Quiotepec,San Juan Quiotepec,17.600763333333333,-96.58816166666666,2033,0.0,8.903098868666994,6.08,17.915904936014627,13.711151736745887,31.65735567970205,2.557796360059026,26.561731431382192,88.53910477127398,0.0,0.0,0,0,0,0,0
20215,Oaxaca,San Juan Sayultepec,San Juan Sayultepec,17.45348222222222,-97.28474055555556,879,0.0,7.622298065984073,9.11,34.74576271186441,4.237288135593221,42.433234421364986,24.459613196814562,6.825938566552901,22.753128555176335,0.0,0.0,0,0,0,0,0
20216,Oaxaca,San Juan Tabaá,San Juan Tabaá,17.305185833333333,-96.20710222222222,1241,0.0,9.6696212731668,7.44,2.719033232628399,13.897280966767372,46.32885211995863,2.17566478646253,12.087026591458502,40.290088638195,0.0,0.0,0,0,0,0,0
20217,Oaxaca,San Juan Tamazola,Llano de la Canoa,17.093712777777778,-97.21905277777778,3325,0.0,7.879699248120301,6.72,11.288604898828542,6.922257720979766,47.48895138609883,4.06015037593985,1.8045112781954886,6.015037593984962,0.0,0.0,0,0,0,0,0
20218,Oaxaca,San Juan Teita,San Juan Teita,17.095261666666666,-97.41431305555557,544,0.0,5.147058823529412,6.29,1.2048192771084338,4.819277108433735,22.444444444444443,4.779411764705882,5.514705882352941,18.38235294117647,0.0,0.0,0,0,0,0,0
20219,Oaxaca,San Juan Teitipac,San Juan Teitipac,16.93439888888889,-96.60850944444444,2668,0.0,9.782608695652174,5.88,23.576158940397352,35.89403973509934,51.0377358490566,2.9610194902548725,31.484257871064468,104.94752623688156,0.0,0.0,0,0,0,0,0
20220,Oaxaca,San Juan Tepeuxila,San Pedro Cuyaltepec,17.770176944444444,-96.79008305555556,2692,0.0,8.952451708766716,6.57,4.311377245508982,4.910179640718563,38.002839564600094,1.300148588410104,3.3432392273402676,11.144130757800891,0.0,0.0,0,0,0,0,0
20221,Oaxaca,San Juan Teposcolula,San Juan Teposcolula,17.550609166666668,-97.42457888888889,1494,0.0,10.441767068273093,7.83,27.378190255220417,5.568445475638051,52.68817204301075,8.099062918340026,4.016064257028113,13.386880856760374,0.0,0.0,0,0,0,0,0
20222,Oaxaca,San Juan Yaeé,San Juan Yaeé,17.429087222222222,-96.28384555555556,1426,0.0,8.76577840112202,6.56,4.148471615720524,6.550218340611353,52.85839929639402,2.1037868162692845,4.207573632538569,14.025245441795231,0.0,0.0,0,0,0,0,0
20223,Oaxaca,San Juan Yatzona,San Juan Yatzona,17.402424444444442,-96.16924444444444,440,0.0,9.545454545454545,6.48,3.7593984962406015,24.81203007518797,46.3768115942029,2.0454545454545454,20.454545454545453,68.18181818181819,0.0,0.0,0,0,0,0,0
20224,Oaxaca,San Juan Yucuita,San Juan Yucuita,17.512253333333334,-97.27035833333333,643,0.0,10.419906687402799,8.73,32.8125,8.333333333333334,46.950092421441774,16.640746500777606,4.665629860031104,15.552099533437014,0.0,0.0,0,0,0,0,0
20225,Oaxaca,San Lorenzo,San Lorenzo,16.39426222222222,-97.87483611111111,5903,0.0,10.33372861256988,6.3,4.987834549878346,5.413625304136253,48.015960984260694,3.6591563611722853,4.573945451465357,15.246484838217855,0.0,0.0,0,0,0,0,0
20226,Oaxaca,San Lorenzo Albarradas,San Lorenzo Albarradas,16.907225555555556,-96.25964833333333,2971,0.0,10.400538539212386,6.28,24.37869822485207,19.763313609467456,46.90786705931847,3.2985526758667114,14.13665432514305,47.12218108381016,0.0,3.365870077415012,0,0,0,0,0
20227,Oaxaca,San Lorenzo Cacaotepec,San Lorenzo Cacaotepec,17.129358611111112,-96.80199555555555,18339,0.0,11.2983259719723,10.42,46.13531419393696,50.27102991367195,64.69365866738168,40.231201265063525,29.445444135449044,92.69862042641365,0.0,1.635858007524947,0,0,0,0,0
20228,Oaxaca,San Lorenzo Cuaunecuiltitla,San Lorenzo Cuaunecuiltitla,18.206452777777777,-96.91305722222222,833,0.0,7.563025210084033,5.5,1.5,3.5,43.327841845140036,0.9603841536614646,14.40576230492197,48.019207683073226,0.0,0.0,0,0,0,0,0
20229,Oaxaca,San Lorenzo Texmelúcan,El Arador,16.54090805555556,-97.18170027777778,9148,0.0,12.297770004372541,5.44,6.075334143377885,1.5795868772782502,19.13560411311054,7.138172278093572,3.935286401399213,13.117621337997376,0.0,0.0,0,0,0,0,0
20230,Oaxaca,San Lorenzo Victoria,San Lorenzo Victoria,17.668356111111112,-98.1202736111111,932,0.0,7.832618025751073,6.02,18.81533101045296,3.1358885017421603,29.594594594594593,1.7167381974248928,9.656652360515022,32.18884120171674,0.0,0.0,0,0,0,0,0
20231,Oaxaca,San Lucas Camotlán,San Lucas Camotlán,16.94316277777778,-95.71314416666667,3187,0.0,15.092563539378727,5.91,2.369077306733167,0.6234413965087282,31.589701675521045,1.5061186068402888,3.7652965171007216,12.550988390335739,0.0,3.1377470975839348,0,0,0,0,0
20232,Oaxaca,San Lucas Ojitlán,San Lucas Ojitlán,18.057503055555557,-96.39776277777779,22185,0.0,10.457516339869281,6.91,5.83441378032969,12.761622522689388,64.81170544495083,9.105251295920667,6.986702727067839,22.537750732476898,0.0,0.0,0,0,0,0,0
20233,Oaxaca,San Lucas Quiaviní,San Lucas Quiaviní,16.894801944444445,-96.46809416666667,1720,0.0,12.209302325581396,5.12,24.54954954954955,7.207207207207207,45.46079779917469,0.872093023255814,10.465116279069768,34.883720930232556,0.0,0.0,0,0,0,0,0
20234,Oaxaca,San Lucas Zoquiápam,San Isidro Zoquiápam,18.09809611111111,-96.92848694444444,7163,0.0,9.255898366606171,5.64,2.9022403258655802,1.8839103869653768,48.85870590454631,3.6576853273767975,1.6752757224626553,5.584252408208851,0.0,0.0,0,0,0,0,0
20235,Oaxaca,San Luis Amatlán,San Esteban Amatlán,16.503832222222222,-96.54975444444445,3829,0.0,9.219117262992949,5.65,27.38095238095238,15.2014652014652,40.887533875338754,5.458344215199791,3.1339775398276313,10.446591799425438,0.0,2.6116479498563594,0,0,0,0,0
20236,Oaxaca,San Marcial Ozolotepec,San Marcial Ozolotepec,16.089256944444443,-96.40589166666668,1372,0.0,9.475218658892128,5.24,5.865102639296188,7.9178885630498534,42.034943473792396,21.720116618075803,4.373177842565598,14.577259475218659,0.0,0.0,0,0,0,0,0
20237,Oaxaca,San Marcos Arteaga,San Marcos Arteaga,17.719602777777776,-97.86113833333333,1568,0.0,9.821428571428571,6.43,34.075723830734965,16.92650334075724,41.40687450039968,6.377551020408164,51.65816326530612,172.19387755102042,0.0,0.0,0,0,0,0,0
20238,Oaxaca,San Martín de los Cansecos,San Martín de los Cansecos,16.656476388888887,-96.72900527777777,994,0.0,9.959758551307846,7.47,21.03174603174603,36.904761904761905,59.244791666666664,15.29175050301811,48.2897384305835,160.96579476861166,0.0,0.0,0,0,0,0,0
20239,Oaxaca,San Martín Huamelúlpam,Totonundoo,17.413965555555553,-97.58322194444445,1000,0.0,7.6,8.2,27.325581395348838,13.953488372093023,51.07913669064748,14.9,12.0,40.0,0.0,0.0,0,0,0,0,0
20240,Oaxaca,San Martín Itunyoso,San Martín Itunyoso,17.229018888888888,-97.88147694444444,2749,0.0,12.586395052746454,5.96,10.855263157894736,5.592105263157895,22.07070707070707,4.001455074572572,1.0913059294288832,3.6376864314296107,0.0,0.0,0,0,0,0,0
20241,Oaxaca,San Martín Lachilá,San Martín Lachilá,16.610864444444445,-96.84937166666666,1034,0.0,8.317214700193423,6.63,19.814241486068113,13.93188854489164,44.07814407814408,7.640232108317215,37.71760154738878,125.72533849129594,0.0,0.0,0,0,0,0,0
20242,Oaxaca,San Martín Peras,San Martín Peras,17.360510555555557,-98.23844444444444,12436,0.0,11.145062721132197,3.48,31.649395509499136,4.015544041450777,25.831319756069497,8.941781923448055,6.995818591186877,23.319395303956256,0.0,0.8041170794467675,0,0,0,0,0
20243,Oaxaca,San Martín Tilcajete,San Martín Tilcajete,16.858948055555558,-96.6955713888889,1975,0.0,12.151898734177216,8.51,36.134453781512605,43.0672268907563,50.760456273764255,10.329113924050633,20.50632911392405,30.379746835443036,16.666666666666668,0.0,0,0,0,0,0
20244,Oaxaca,San Martín Toxpalan,San Martín Toxpalan,18.10072416666667,-97.05902722222221,3934,0.0,9.9644128113879,7.66,18.07802093244529,30.16175071360609,52.462311557788944,10.39654295882054,19.827147941026944,66.09049313675648,0.0,5.083884087442806,0,0,0,0,0
20245,Oaxaca,San Martín Zacatepec,San Martín Zacatepec,17.80794638888889,-98.06086444444445,1324,0.0,9.592145015105741,6.13,32.5,1.6666666666666667,37.5,4.305135951661631,6.7975830815709966,22.658610271903324,0.0,0.0,0,0,0,0,0
20246,Oaxaca,San Mateo Cajonos,San Mateo Cajonos,17.16177638888889,-96.20897555555555,611,0.0,8.51063829787234,5.96,8.88888888888889,17.77777777777778,35.30655391120507,8.8379705400982,29.459901800327334,98.19967266775778,0.0,0.0,0,0,0,0,0
20247,Oaxaca,Capulálpam de Méndez,Capulálpam de Méndez,17.306420833333334,-96.44597972222222,1619,0.0,11.05620753551575,10.31,36.0381861575179,54.41527446300716,56.47940074906367,34.40395305744286,29.64793082149475,98.82643607164917,0.0,24.706609017912292,0,0,0,0,0
20248,Oaxaca,San Mateo del Mar,San Mateo del Mar,16.209700277777777,-94.98189194444444,15571,0.0,11.27737460664055,6.59,2.9253271747498077,9.85373364126251,41.35351426583159,5.1698670605613,16.183931667844067,53.94643889281356,0.0,0.0,0,0,0,0,0
20249,Oaxaca,San Mateo Yoloxochitlán,San Mateo Yoloxochitlán,18.143674999999998,-96.868415,3831,0.0,10.72826938136257,6.97,5.424769703172979,3.0706243602865917,44.134078212290504,6.108065779169929,7.047768206734534,23.492560689115113,0.0,5.220569042025581,0,0,0,0,0
20250,Oaxaca,San Mateo Etlatongo,San Mateo Etlatongo,17.41483611111111,-97.27174,1239,0.0,11.138014527845037,7.93,23.097112860892388,35.43307086614173,52.16952573158426,13.155770782889427,23.405972558514932,64.5682001614205,0.0,0.0,0,0,0,0,0
20251,Oaxaca,San Mateo Nejápam,San Mateo Nejápam,17.655588055555555,-98.4169938888889,1217,0.0,12.65406737880033,5.05,13.245033112582782,1.3245033112582782,39.954597048808175,0.0,4.930156121610517,16.433853738701725,0.0,0.0,0,0,0,0,0
20252,Oaxaca,San Mateo Peñasco,San Pedro el Alto,17.149316388888888,-97.46080888888889,2384,0.0,8.808724832214764,6.95,7.817589576547231,9.93485342019544,55.00276395798784,4.991610738255034,19.71476510067114,58.7248322147651,0.0,4.194630872483222,0,0,0,0,0
20253,Oaxaca,San Mateo Piñas,San Mateo Piñas,15.999508333333333,-96.33518916666667,2021,0.0,8.114794656110837,5.48,6.71875,2.03125,46.149068322981364,4.403760514596734,14.844136566056408,49.48045522018803,0.0,0.0,0,0,0,0,0
20254,Oaxaca,San Mateo Río Hondo,San Mateo Río Hondo,16.14423,-96.44844833333333,3207,0.0,10.00935453695042,6.66,22.393364928909953,26.421800947867297,45.925331192292255,8.606173994387278,14.967259120673527,49.89086373557842,0.0,6.236357966947303,0,0,0,0,0
20255,Oaxaca,San Mateo Sindihui,San Mateo Sindihui,17.0042325,-97.35123333333333,1977,0.0,9.914011127971674,6.1,13.69047619047619,17.857142857142858,29.5364238410596,3.0854830551340413,30.349013657056144,101.16337885685383,0.0,0.0,0,0,0,0,0
20256,Oaxaca,San Mateo Tlapiltepec,San Mateo Tlapiltepec,17.81058861111111,-97.43118277777778,229,0.0,10.91703056768559,7.08,29.41176470588235,14.705882352941176,60.317460317460316,7.423580786026201,0.0,0.0,0.0,0.0,0,0,0,0,0
20257,Oaxaca,San Melchor Betaza,San Melchor Betaza,17.252395833333335,-96.15435527777778,1052,0.0,9.980988593155894,5.16,4.545454545454546,13.030303030303031,47.387173396674584,1.0456273764258555,2.8517110266159698,9.505703422053232,0.0,0.0,0,0,0,0,0
20258,Oaxaca,San Miguel Achiutla,San Miguel Achiutla,17.306252222222223,-97.48937388888889,698,0.0,6.590257879656161,6.91,17.92828685258964,9.163346613545817,43.373493975903614,10.315186246418339,12.893982808022923,42.97994269340974,0.0,0.0,0,0,0,0,0
20259,Oaxaca,San Miguel Ahuehuetitlán,San Miguel Ahuehuetitlán,17.67134777777778,-98.3208525,2142,0.0,10.084033613445378,4.03,16.50853889943074,12.333965844402277,43.36829117828501,0.5602240896358543,11.204481792717086,37.34827264239029,0.0,0.0,0,0,0,0,0
20260,Oaxaca,San Miguel Aloápam,San Miguel Aloápam,17.412912777777777,-96.69146472222222,2191,0.0,12.688270196257417,5.86,31.643356643356643,4.545454545454546,31.209439528023598,1.0497489730716567,8.215426745778183,27.38475581926061,0.0,0.0,0,0,0,0,0
20261,Oaxaca,San Miguel Amatitlán,San Lorenzo Vista Hermosa,17.958820833333334,-98.06904222222222,6932,0.0,12.305251009809579,6.04,15.729627289955781,2.969046114971573,43.04093567251462,2.4379688401615693,1.298326601269475,4.327755337564916,0.0,0.0,0,0,0,0,0
20262,Oaxaca,San Miguel Amatlán,Cuajimoloyas,17.11940166666667,-96.45173833333334,991,0.0,9.687184661957618,7.1,36.206896551724135,22.06896551724138,47.77070063694268,5.449041372351161,54.4904137235116,181.63471241170535,0.0,40.36326942482341,0,0,0,0,0
20263,Oaxaca,San Miguel Coatlán,San Miguel Coatlán,16.196313333333332,-96.69411416666667,3184,0.0,9.547738693467336,5.37,12.5,12.847222222222221,47.71186440677966,2.135678391959799,13.190954773869347,43.969849246231156,0.0,0.0,0,0,0,0,0
20264,Oaxaca,San Miguel Chicahua,El Fortín Alto,17.60898777777778,-97.1962338888889,2169,0.0,7.791609036422314,6.51,14.94435612082671,16.534181240063592,35.43689320388349,2.1668971876440755,4.149377593360996,13.831258644536653,0.0,0.0,0,0,0,0,0
20265,Oaxaca,San Miguel Chimalapa,San Miguel Chimalapa,16.71446361111111,-94.7478825,6711,0.0,8.717031738936075,6.31,4.893722194760257,6.1789421651013345,59.79209979209979,20.876173446580243,6.258381761287438,20.861272537624796,0.0,0.0,0,0,0,0,0
20266,Oaxaca,San Miguel del Puerto,Barra Copalita,15.817677777777778,-96.06261666666667,8551,0.0,10.642030171909719,6.34,10.588235294117647,23.613445378151262,57.02466907340553,13.074494211203367,27.83300198807157,88.87849374342183,0.0,4.677815460180096,0,0,0,0,0
20267,Oaxaca,San Miguel del Río,San Miguel del Río,17.321657777777776,-96.56922083333333,245,0.0,8.16326530612245,7.1,11.842105263157896,11.842105263157896,34.285714285714285,1.2244897959183674,0.0,0.0,0.0,0.0,0,0,0,0,0
20268,Oaxaca,San Miguel Ejutla,San Miguel Ejutla,16.58038611111111,-96.73927555555555,1149,0.0,10.269799825935596,7.22,38.762214983713356,68.72964169381108,63.097949886104786,9.834638816362054,10.443864229765014,34.81288076588338,0.0,0.0,0,0,0,0,0
20269,Oaxaca,San Miguel el Grande,San Miguel el Grande,17.046741111111114,-97.62216944444444,4313,0.0,11.685601669371668,9.04,34.47228549734245,19.893697798025816,57.02552068055148,16.021330860190123,21.330860190122884,67.23858103408301,0.0,4.637143519591931,0,0,0,0,0
20270,Oaxaca,San Miguel Huautla,San Miguel Huautla,17.74582138888889,-97.13751944444445,1311,0.0,6.483600305110603,6.12,7.712082262210797,0.5141388174807198,53.06748466257669,3.2799389778794814,4.576659038901602,15.255530129672007,0.0,0.0,0,0,0,0,0
20271,Oaxaca,San Miguel Mixtepec,San Miguel Mixtepec,16.77810138888889,-96.95732416666667,3194,0.0,13.27489041953663,5.86,11.396468699839486,2.889245585874799,37.089810017271155,14.151534126487164,6.574827802128992,21.916092673763305,0.0,0.0,0,0,0,0,0
20272,Oaxaca,San Miguel Panixtlahuaca,San Miguel Panixtlahuaca,16.26003111111111,-97.37964333333332,6252,0.0,10.412667946257198,5.55,13.029315960912053,24.022801302931597,34.50574712643678,2.2552783109404992,53.42290467050544,172.7447216890595,0.0,1.599488163787588,0,0,0,0,0
20273,Oaxaca,San Miguel Peras,San Miguel Peras,16.93792277777778,-97.00996666666667,3818,0.0,10.03143006809848,6.54,17.82857142857143,30.742857142857144,36.507936507936506,4.033525405971713,7.85751702462022,26.191723415400734,0.0,0.0,0,0,0,0,0
20274,Oaxaca,San Miguel Piedras,San Miguel Piedras,16.999683333333333,-97.23269972222222,1328,0.0,7.454819277108434,6.83,4.5584045584045585,9.116809116809117,48.929961089494164,2.4849397590361444,4.518072289156627,15.060240963855422,0.0,0.0,0,0,0,0,0
20275,Oaxaca,San Miguel Quetzaltepec,San Miguel Quetzaltepec,16.975486666666665,-95.76168027777777,7286,0.0,10.966236618171836,5.13,6.920077972709552,9.113060428849902,41.276367536646404,2.4567664013175956,6.999725500960746,23.332418336535824,0.0,1.372495196266813,0,0,0,0,0
20276,Oaxaca,San Miguel Santa Flor,San Miguel Santa Flor,17.921083333333335,-96.79930055555555,691,0.0,7.380607814761215,3.63,3.1963470319634704,6.8493150684931505,47.183098591549296,0.8683068017366136,8.683068017366136,28.94356005788712,0.0,0.0,0,0,0,0,0
20277,Oaxaca,Villa Sola de Vega,Villa Sola de Vega,16.514758055555557,-96.9780138888889,12350,0.0,11.376518218623481,6.47,18.96926420366346,9.313877677739832,67.44733183616725,4.48582995951417,14.979757085020243,48.582995951417004,0.0,4.8582995951417,0,0,0,0,0
20278,Oaxaca,San Miguel Soyaltepec,Temascal,18.240371666666668,-96.4035813888889,38682,0.0,9.461765162090895,7.0,15.87179733230976,14.403608099030803,58.59399194797151,18.37805697740551,10.15976423142547,33.86588077141823,0.0,0.7755545214828602,0,0,0,0,0
20279,Oaxaca,San Miguel Suchixtepec,San Miguel Suchixtepec,16.094004444444444,-96.46640916666666,2932,0.0,12.824010914051842,6.98,24.06015037593985,44.3609022556391,42.01284796573876,6.412005457025921,13.30150068212824,44.33833560709413,0.0,0.0,0,0,0,0,0
20280,Oaxaca,Villa Talea de Castro,Villa Talea de Castro,17.36000277777778,-96.2499211111111,2011,0.0,7.3097961213326705,7.29,10.155148095909732,23.97743300423131,62.93833131801693,9.597215315763302,31.327697662854302,104.425658876181,0.0,9.945300845350571,0,0,0,0,0
20281,Oaxaca,San Miguel Tecomatlán,San Miguel Tecomatlán,17.394043611111112,-97.26799111111112,305,0.0,5.573770491803279,7.41,37.60683760683761,16.23931623931624,49.42528735632184,14.754098360655737,19.672131147540984,65.57377049180327,0.0,0.0,0,0,0,0,0
20282,Oaxaca,San Miguel Tenango,San Miguel Tenango,16.267321388888888,-95.59252166666666,653,0.0,6.584992343032159,6.96,18.58407079646018,12.389380530973451,38.3587786259542,5.206738131699847,4.594180704441041,15.313935681470138,0.0,0.0,0,0,0,0,0
20283,Oaxaca,San Miguel Tequixtepec,San Miguel Tequixtepec,17.802861111111113,-97.34165527777778,1044,0.0,7.471264367816092,6.76,22.0125786163522,6.289308176100629,34.49131513647643,8.42911877394636,11.494252873563218,38.31417624521073,0.0,0.0,0,0,0,0,0
20284,Oaxaca,San Miguel Tilquiápam,San Miguel Tilquiápam,16.78194222222222,-96.58155638888888,3141,0.0,11.3658070678128,4.32,6.386066763425254,44.70246734397678,43.22282836760386,1.3689907672715695,6.685768863419293,22.285896211397645,0.0,0.0,0,0,0,0,0
20285,Oaxaca,San Miguel Tlacamama,San Miguel Tlacamama,16.41672861111111,-98.06321694444445,3668,0.0,10.714285714285714,7.54,18.235294117647058,8.627450980392156,43.37736522670475,13.794983642311887,37.6226826608506,125.40894220283533,0.0,0.0,0,0,0,0,0
20286,Oaxaca,San Miguel Tlacotepec,San Miguel Tlacotepec,17.453624166666668,-98.00723888888889,3100,0.0,9.870967741935484,6.08,25.629791894852136,8.543263964950713,38.3611903791276,5.870967741935484,27.096774193548388,90.3225806451613,0.0,6.451612903225806,0,0,0,0,0
20287,Oaxaca,San Miguel Tulancingo,San Miguel Tulancingo,17.75124027777778,-97.44151083333334,307,0.0,6.840390879478828,6.92,33.00970873786408,20.388349514563107,62.78195488721804,18.566775244299674,29.315960912052116,97.71986970684038,0.0,0.0,0,0,0,0,0
20288,Oaxaca,San Miguel Yotao,San Miguel Yotao,17.370464444444444,-96.33723527777778,585,0.0,12.307692307692308,6.76,1.1235955056179776,1.1235955056179776,56.53104925053533,0.3418803418803419,0.0,0.0,0.0,0.0,0,0,0,0,0
20289,Oaxaca,San Nicolás,San Nicolás,16.415955555555556,-96.74082388888888,1214,0.0,9.637561779242175,5.54,16.0427807486631,1.3368983957219251,45.09594882729211,4.530477759472817,7.413509060955519,24.71169686985173,0.0,0.0,0,0,0,0,0
20290,Oaxaca,San Nicolás Hidalgo,San Nicolás Hidalgo,17.782919444444442,-98.14258333333333,1043,0.0,10.06711409395973,6.61,40.89219330855018,2.6022304832713754,36.385836385836384,5.273250239693192,28.763183125599234,95.87727708533077,0.0,0.0,0,0,0,0,0
20291,Oaxaca,San Pablo Coatlán,San Francisco Coatlán,16.186645555555558,-96.77152611111111,4308,0.0,10.770659238625813,6.65,10.617059891107077,6.170598911070781,38.51784080512351,4.178272980501393,9.052924791086351,30.176415970287838,0.0,0.0,0,0,0,0,0
20292,Oaxaca,San Pablo Cuatro Venados,Río Jalapilla,17.01136111111111,-96.88963111111111,1510,0.0,10.728476821192054,7.21,19.130434782608695,34.492753623188406,37.643932683790965,1.6556291390728477,3.9735099337748343,13.245033112582782,0.0,0.0,0,0,0,0,0
20293,Oaxaca,San Pablo Etla,Hacienda Blanca,17.13422222222222,-96.77763333333333,17116,0.0,11.632390745501285,11.55,52.02930112848941,60.28509206097802,64.84090096531999,51.25029212432811,11.33442393082496,33.88642206122926,0.0,2.3369946249123625,0,0,0,0,0
20294,Oaxaca,San Pablo Huitzo,San Pablo Huitzo,17.27736722222222,-96.88449555555556,7035,0.0,10.476190476190476,9.81,33.158171308460325,34.68208092485549,61.04651162790697,34.22885572139303,31.414356787491116,102.34541577825159,0.0,1.4214641080312722,1,0,0,0,0
20295,Oaxaca,San Pablo Huixtepec,San Pablo Huixtepec,16.82673638888889,-96.781005,10020,0.0,11.487025948103792,9.09,42.299107142857146,44.010416666666664,61.13950878942775,20.93812375249501,45.00998003992016,141.71656686626747,0.0,0.0,0,0,0,0,0
20296,Oaxaca,San Pablo Macuiltianguis,San Juan Luvina,17.504369166666667,-96.55077722222222,955,0.0,8.06282722513089,6.89,12.091503267973856,9.477124183006536,27.66497461928934,10.99476439790576,3.141361256544503,10.471204188481675,0.0,10.471204188481675,0,0,0,0,0
20297,Oaxaca,San Pablo Tijaltepec,El Porvenir,17.03863,-97.5082513888889,2751,0.0,11.414031261359506,6.76,21.05263157894737,12.006578947368421,28.034682080924856,3.707742639040349,3.271537622682661,10.905125408942203,0.0,0.0,0,0,0,0,0
20298,Oaxaca,San Pablo Villa de Mitla,San Pablo Villa de Mitla,16.921859722222223,-96.36215472222221,13587,0.0,9.994848016486348,7.39,24.42663719259464,22.437137330754354,70.55158512002932,8.007654375505998,36.137484360050045,115.55163023478325,0.0,8.83197173769044,0,0,0,0,0
20299,Oaxaca,San Pablo Yaganiza,San Pablo Yaganiza,17.1460825,-96.22957472222222,1125,0.0,9.511111111111111,6.63,16.71826625386997,33.126934984520126,53.959276018099544,1.511111111111111,50.666666666666664,168.88888888888889,0.0,8.88888888888889,0,0,0,0,0
20300,Oaxaca,San Pedro Amuzgos,San Pedro Amuzgos,16.653904166666667,-98.08992694444444,6632,0.0,10.871531966224367,6.85,11.287758346581876,15.262321144674086,60.27105517909003,8.59469240048251,20.355850422195417,67.85283474065139,0.0,3.0156815440289506,0,0,0,0,0
20301,Oaxaca,San Pedro Apóstol,San Pedro Apóstol,16.735146111111113,-96.72603333333333,1594,0.0,9.096612296110415,7.76,38.1057268722467,26.87224669603524,51.463790446841294,10.853199498117942,24.466750313676286,81.55583437892095,0.0,0.0,0,0,0,0,0
20302,Oaxaca,San Pedro Atoyac,San Pedro Atoyac,16.489084444444444,-97.98697722222222,4559,0.0,12.107918403158587,6.04,6.440071556350627,3.1305903398926653,31.649421789409615,11.033121298530379,21.715288440447466,72.38429480149155,0.0,0.0,0,0,0,0,0
20303,Oaxaca,San Pedro Cajonos,San Pedro Cajonos,17.168670555555558,-96.26063916666666,1081,0.0,7.86308973172988,7.09,13.573407202216066,23.822714681440445,50.63001145475372,5.272895467160037,41.628122109158184,138.7604070305273,0.0,9.250693802035153,0,0,0,0,0
20304,Oaxaca,San Pedro Coxcaltepec Cántaros,Yododeñe,17.53631166666667,-97.14822722222223,716,0.0,8.798882681564246,6.45,11.688311688311689,0.4329004329004329,47.72727272727273,2.9329608938547485,0.0,0.0,0.0,0.0,0,0,0,0,0
20305,Oaxaca,San Pedro Comitancillo,San Pedro Comitancillo,16.490303611111113,-95.15987777777778,4333,0.0,10.270020770828525,10.75,29.07949790794979,39.818688981868895,51.40083217753121,37.01823217170551,48.46526655896607,161.55088852988692,0.0,0.0,0,0,0,0,0
20306,Oaxaca,San Pedro el Alto,San Pedro el Alto,16.033615555555556,-96.47372250000001,4654,0.0,11.237645036527718,5.34,6.206206206206206,7.907907907907908,43.50688210652304,1.2677266867211001,5.156854318865492,17.189514396218307,0.0,0.0,0,0,0,0,0
20307,Oaxaca,San Pedro Huamelula,El Coyul,15.914358611111112,-95.81031,9735,0.0,9.296353364149974,7.55,13.120567375886525,21.792392005157964,59.984429739198134,21.129943502824858,10.785824345146379,35.952747817154595,0.0,0.0,0,0,0,0,0
20308,Oaxaca,San Pedro Huilotepec,San Pedro Huilotepec,16.24365722222222,-95.15293444444445,3307,0.0,10.039310553371635,8.22,14.384349827387801,28.423475258918298,55.43735224586288,25.703054127608105,53.52283035984276,178.4094345328092,0.0,0.0,0,0,0,0,0
20309,Oaxaca,San Pedro Ixcatlán,San Pedro Ixcatlán,18.14566027777778,-96.51062222222222,10368,0.0,8.59375,6.1,4.195804195804196,4.685314685314685,35.938119793732646,5.835262345679013,19.09722222222222,63.657407407407405,0.0,0.9645061728395061,0,0,0,0,0
20310,Oaxaca,San Pedro Ixtlahuaca,San Pedro Ixtlahuaca,17.06327611111111,-96.82009416666666,14552,0.0,11.75096206706982,8.31,26.639676113360323,18.083670715249664,64.48307410795974,19.255085211654755,7.352941176470588,23.364485981308412,0.0,0.0,0,0,0,0,0
20311,Oaxaca,San Pedro Jaltepetongo,San Pedro Jaltepetongo,17.68784972222222,-97.03494027777778,483,0.0,4.761904761904762,5.66,3.1055900621118013,23.60248447204969,24.281984334203656,3.1055900621118013,6.211180124223603,20.70393374741201,0.0,0.0,0,0,0,0,0
20312,Oaxaca,San Pedro Jicayán,San Pedro Jicayán,16.452186388888887,-98.01519861111112,11279,0.0,10.080680911428319,6.84,5.759940542549238,17.094017094017094,47.650433296716706,5.585601560422023,9.043354907349942,30.14451635783314,0.0,0.8866034222892101,0,0,0,0,0
20313,Oaxaca,San Pedro Jocotipac,San Pedro Jocotipac,17.76856,-97.08019555555555,730,0.0,8.082191780821917,5.84,6.666666666666667,17.037037037037038,53.858520900321544,7.123287671232877,4.109589041095891,13.698630136986301,0.0,0.0,0,0,0,0,0
20314,Oaxaca,San Pedro Juchatengo,San Pedro Juchatengo,16.34095222222222,-97.08732138888888,1755,0.0,10.085470085470085,7.13,16.430020283975658,11.359026369168356,42.51412429378531,6.60968660968661,193.73219373219374,626.7806267806268,0.0,11.396011396011396,0,0,0,0,0
20315,Oaxaca,San Pedro Mártir,San Pedro Mártir,16.744489444444444,-96.71221805555555,1899,0.0,8.162190626645604,6.64,27.4949083503055,7.739307535641548,52.617079889807165,5.687203791469194,6.3191153238546605,21.063717746182203,0.0,0.0,0,0,0,0,0
20316,Oaxaca,San Pedro Mártir Quiechapa,San Pedro Mártir Quiechapa,16.41522694444444,-96.24753861111111,738,0.0,14.498644986449865,8.16,11.009174311926605,30.73394495412844,37.055016181229774,3.252032520325203,20.32520325203252,67.75067750677506,0.0,0.0,0,0,0,0,0
20317,Oaxaca,San Pedro Mártir Yucuxaco,San Pedro Mártir Yucuxaco,17.432628333333334,-97.61007583333333,1257,0.0,8.989657915672236,7.39,25.290023201856147,15.31322505800464,44.051130776794494,10.501193317422434,2.386634844868735,7.955449482895784,0.0,0.0,0,0,0,0,0
20318,Oaxaca,San Pedro Mixtepec,Puerto Escondido,15.862501666666667,-97.07129638888888,49780,60.07030936118923,11.257533145841704,8.7,30.06540645439517,39.5313735355423,68.61500348378107,24.023704298915227,84.82322217758136,229.00763358778627,1.1403508771929824,31.137002812374448,1,1,1,0,0
20319,Oaxaca,San Pedro Mixtepec,San Pedro Mixtepec Distrito 26,16.27179861111111,-96.28279777777777,972,0.0,9.670781893004115,6.77,2.803738317757009,4.984423676012461,23.017902813299234,0.411522633744856,15.432098765432098,51.440329218106996,0.0,0.0,0,0,0,0,0
20320,Oaxaca,San Pedro Molinos,San Pedro Molinos,17.104639444444445,-97.54112444444445,706,0.0,8.073654390934845,7.53,20.79646017699115,17.699115044247787,49.290780141843975,12.606232294617564,8.498583569405099,28.328611898016998,0.0,0.0,0,0,0,0,0
20321,Oaxaca,San Pedro Nopala,San Pedro Nopala,17.806293888888888,-97.54130666666667,751,0.0,8.788282290279627,6.2,14.925373134328359,2.487562189054726,59.72461273666093,1.8641810918774966,0.0,0.0,0.0,0.0,0,0,0,0,0
20322,Oaxaca,San Pedro Ocopetatillo,San Pedro Ocopetatillo,18.18493611111111,-96.91315333333334,786,0.0,7.888040712468193,4.91,4.8979591836734695,3.673469387755102,51.42857142857143,2.2900763358778624,15.267175572519085,50.89058524173028,0.0,0.0,0,0,0,0,0
20323,Oaxaca,San Pedro Ocotepec,San Pedro Ocotepec,16.95541861111111,-95.8467511111111,2404,0.0,13.311148086522463,6.77,7.553956834532374,5.575539568345324,44.337090713902306,1.2063227953410982,4.9916805324459235,16.638935108153078,0.0,0.0,0,0,0,0,0
20324,Oaxaca,San Pedro Pochutla,San Pedro Pochutla,15.746340833333333,-96.46523027777778,48204,0.0,12.148369429922829,7.79,18.912120735733374,28.99701304826285,64.96771908796208,18.380217409343622,45.23483528337897,136.08829142809725,0.4573170731707317,16.803584764749814,0,0,0,0,0
20325,Oaxaca,San Pedro Quiatoni,San Pedro Quiatoni,16.78319972222222,-96.03155111111111,11930,0.0,12.221290863369656,5.66,13.037934332164488,3.7615556263946446,44.966887417218544,2.78290025146689,8.717518860016764,27.661357921207042,0.0,0.8382229673093042,0,0,0,0,0
20326,Oaxaca,San Pedro Sochiápam,San Pedro Sochiápam,17.825140555555556,-96.66440027777779,5052,0.0,9.877276326207443,5.81,8.257638315441783,2.3121387283236996,38.49569802941993,1.9596199524940618,7.1258907363420425,23.752969121140143,0.0,0.0,0,0,0,0,0
20327,Oaxaca,San Pedro Tapanatepec,San Pedro Tapanatepec,16.367248611111112,-94.19384833333334,15479,0.0,9.244783254732218,7.15,21.57894736842105,15.964912280701755,64.37290969899665,13.973770915433814,34.23993798048969,109.82621616383487,0.0,1.2920731313392337,0,0,0,0,0
20328,Oaxaca,San Pedro Taviche,San Pedro Taviche,16.63784861111111,-96.53759777777778,1441,0.0,14.226231783483692,6.21,9.749303621169917,10.027855153203342,52.51661918328585,0.4857737682165163,2.081887578070784,6.939625260235947,0.0,0.0,0,0,0,0,0
20329,Oaxaca,San Pedro Teozacoalco,San Pedro Teozacoalco,17.01712611111111,-97.28609805555556,1153,0.0,8.065915004336514,6.88,9.455587392550143,10.02865329512894,42.070484581497794,7.545533391153513,20.815264527320036,69.38421509106678,0.0,0.0,0,0,0,0,0
20330,Oaxaca,San Pedro Teutila,Santo Domingo del Río,18.036381111111112,-96.54761694444444,4296,0.0,11.80167597765363,6.43,6.228668941979522,34.215017064846414,45.36333231985406,3.3054003724394785,12.33705772811918,37.243947858473,0.0,0.0,0,0,0,0,0
20331,Oaxaca,San Pedro Tidaá,San Pedro Tidaá,17.340764166666666,-97.37727277777778,982,0.0,7.128309572301426,6.09,11.782477341389727,12.084592145015106,55.29715762273902,13.238289205702648,27.4949083503055,91.64969450101833,0.0,0.0,0,0,0,0,0
20332,Oaxaca,San Pedro Topiltepec,Santa María Tiltepec,17.466413055555556,-97.35568055555555,373,0.0,8.579088471849866,6.74,18.3206106870229,24.427480916030536,48.58044164037855,13.941018766756033,8.04289544235925,26.80965147453083,0.0,0.0,0,0,0,0,0
20333,Oaxaca,San Pedro Totolápam,San Pedro Totolápam,16.666444444444444,-96.30190694444444,3294,0.0,10.564663023679417,7.72,32.309322033898304,28.389830508474578,49.56356736242884,18.427443837279903,25.500910746812387,85.00303582270796,0.0,0.0,0,0,0,0,0
20334,Oaxaca,Villa de Tututepec,Río Grande o Piedra Parada,16.013719444444444,-97.43777361111111,50541,30.416889258225996,11.050434300864644,7.17,23.860571736785328,21.237864077669904,53.54015254629035,9.471518173364199,44.93381610969312,140.8757246591876,0.2808988764044944,7.320789062345423,0,0,0,0,0
20335,Oaxaca,San Pedro Yaneri,San Pedro Yaneri,17.419355833333334,-96.35457055555555,867,0.0,12.57208765859285,6.82,8.333333333333334,1.9841269841269842,42.44186046511628,1.1534025374855825,3.4602076124567476,11.534025374855824,0.0,0.0,0,0,0,0,0
20336,Oaxaca,San Pedro Yólox,San Pedro Yólox,17.58843583333333,-96.55157555555556,1697,0.0,7.896287566293459,5.79,19.10569105691057,26.6260162601626,34.487734487734485,1.5910430170889807,8.839127872716558,29.463759575721863,0.0,0.0,0,0,0,0,0
20337,Oaxaca,San Pedro y San Pablo Ayutla,San Pedro y San Pablo Ayutla,17.027150833333334,-96.07708166666666,5616,0.0,7.211538461538462,5.34,14.722395508421709,10.230817217716782,50.55658627087198,11.645299145299145,37.03703703703704,117.52136752136752,0.0,12.464387464387464,0,0,0,0,0
20338,Oaxaca,Villa de Etla,Villa de Etla,17.207528055555557,-96.80057944444444,10361,0.0,11.108966315992665,10.22,44.84555266096018,53.10755489393375,61.77318596828448,35.305472444744716,54.09709487501206,160.2161953479394,0.6024096385542169,4.825789016504198,0,0,0,0,0
20339,Oaxaca,San Pedro y San Pablo Teposcolula,San Pedro y San Pablo Teposcolula,17.512069722222222,-97.48818861111111,4353,0.0,10.084998851366873,9.24,35.56280587275693,21.451876019575856,52.944589498114304,24.351022283482656,35.14817367332874,117.1605789110958,0.0,6.891798759476223,0,0,0,0,0
20340,Oaxaca,San Pedro y San Pablo Tequixtepec,San Pedro y San Pablo Tequixtepec,18.06065611111111,-97.71784611111111,1747,0.0,7.784773898111047,6.93,19.52,3.2,40.973630831643,20.892959358900974,15.455065827132227,51.51688609044076,0.0,0.0,0,0,0,0,0
20341,Oaxaca,San Pedro Yucunama,San Pedro Yucunama,17.561004166666667,-97.48259111111112,241,0.0,12.033195020746888,7.64,34.24657534246575,1.36986301369863,50.753768844221106,4.564315352697095,0.0,0.0,0.0,0.0,0,0,0,0,0
20342,Oaxaca,San Raymundo Jalpan,San Raymundo Jalpan,16.970396388888886,-96.75549777777778,4105,0.0,11.473812423873325,11.07,45.23625096824167,54.221533694810226,64.34037343128253,43.556638246041416,39.95127892813642,129.11084043848965,0.0,0.0,0,0,0,0,0
20343,Oaxaca,San Sebastián Abasolo,San Sebastián Abasolo,16.994675,-96.58885916666667,1999,0.0,9.504752376188094,7.54,24.295774647887324,18.661971830985916,57.53920386007238,11.85592796398199,21.010505252626313,70.03501750875438,0.0,0.0,0,0,0,0,0
20344,Oaxaca,San Sebastián Coatlán,San Sebastián Coatlán,16.20125861111111,-96.82753916666667,2809,0.0,9.647561409754362,6.57,10.272277227722773,13.985148514851485,42.556247008137866,1.8867924528301887,10.67995728017088,35.5998576005696,0.0,0.0,0,0,0,0,0
20345,Oaxaca,San Sebastián Ixcapa,San Sebastián Ixcapa,16.543667222222226,-98.14448722222222,4188,0.0,9.789875835721109,7.53,20.493827160493826,10.699588477366255,44.300278035217794,13.347659980897804,13.61031518624642,45.36771728748806,0.0,2.387774594078319,0,0,0,0,0
20346,Oaxaca,San Sebastián Nicananduta,San Sebastián Nicananduta,17.517896944444445,-97.68326833333334,1542,0.0,7.587548638132295,6.26,21.11801242236025,7.6604554865424435,40.833333333333336,8.171206225680933,29.182879377431906,97.27626459143968,0.0,0.0,0,0,0,0,0
20347,Oaxaca,San Sebastián Río Hondo,San Sebastián Río Hondo,16.182830555555558,-96.46406055555556,4202,0.0,12.946216087577344,7.2,22.189349112426036,24.65483234714004,48.60767326732673,1.7848643503093764,5.7115659209900045,19.03855306996668,0.0,0.0,0,0,0,0,0
20348,Oaxaca,San Sebastián Tecomaxtlahuaca,San Sebastián Tecomaxtlahuaca,17.345856388888887,-98.03117388888889,8192,0.0,10.64453125,6.34,30.461270670147954,9.573542210617928,66.16436228056548,7.421875,13.916015625,46.38671875,0.0,0.0,0,0,0,0,0
20349,Oaxaca,San Sebastián Teitipac,San Sebastián Teitipac,16.95142472222222,-96.61401888888888,2189,0.0,10.370031978072179,7.11,21.316614420062695,41.53605015673981,47.25523486134691,11.740520785746916,17.816354499771585,59.38784833257195,0.0,0.0,0,0,0,0,0
20350,Oaxaca,San Sebastián Tutla,El Rosario,17.04786527777778,-96.68762444444445,16878,0.0,11.837895485247067,12.58,52.52384737678855,76.13275039745628,65.2060216269701,55.30868586325394,36.17134731603271,101.31532172058301,0.5847953216374269,5.332385353714895,0,0,0,0,0
20351,Oaxaca,San Simón Almolongas,San Simón Almolongas,16.407407499999998,-96.71967222222223,2802,0.0,9.778729478943612,5.55,27.56563245823389,5.966587112171838,44.15941365093907,2.1413276231263385,6.423982869379015,21.41327623126338,0.0,0.0,0,0,0,0,0
20352,Oaxaca,San Simón Zahuatlán,San Simón Zahuatlán,17.828853333333335,-98.00452833333334,4940,0.0,15.607287449392713,4.08,21.140939597315437,0.33557046979865773,25.17067379044227,0.20242914979757085,2.42914979757085,8.097165991902834,0.0,0.0,0,0,0,0,0
20353,Oaxaca,Santa Ana,Santa Ana,16.340638055555555,-96.71761000000001,2406,0.0,11.845386533665835,6.52,32.58064516129032,31.29032258064516,43.353557639271926,2.57689110556941,12.468827930174564,41.562759767248544,0.0,0.0,0,0,0,0,0
20354,Oaxaca,Santa Ana Ateixtlahuaca,Santa Ana Ateixtlahuaca,18.210578333333334,-96.90638305555557,477,0.0,10.69182389937107,5.1,2.816901408450704,13.380281690140846,44.15584415584416,0.20964360587002095,12.578616352201259,41.928721174004195,0.0,0.0,0,0,0,0,0
20355,Oaxaca,Santa Ana Cuauhtémoc,Santa Ana Cuauhtémoc,17.98384111111111,-96.79469833333333,681,0.0,7.782672540381792,5.55,6.437768240343348,8.15450643776824,43.73831775700935,3.2305433186490453,13.215859030837004,44.052863436123346,0.0,0.0,0,0,0,0,0
20356,Oaxaca,Santa Ana del Valle,Santa Ana del Valle,16.994826944444444,-96.47167472222222,2179,0.0,9.086737035337311,6.69,25.45757071547421,19.800332778702163,47.56446991404012,4.130335016062414,23.405231757687012,78.01743919229004,0.0,0.0,0,0,0,0,0
20357,Oaxaca,Santa Ana Tavela,Santa Ana Tavela,16.65464972222222,-95.9115675,848,0.0,7.665094339622642,6.97,8.921933085501859,2.6022304832713754,37.72290809327846,4.481132075471698,17.68867924528302,58.9622641509434,0.0,0.0,0,0,0,0,0
20358,Oaxaca,Santa Ana Tlapacoyan,Santa Ana Tlapacoyan,16.744003333333335,-96.83708388888888,1958,0.0,7.814096016343207,6.49,21.463414634146343,6.016260162601626,47.230864965774735,6.588355464759959,13.789581205311542,45.96527068437181,0.0,0.0,0,0,0,0,0
20359,Oaxaca,Santa Ana Yareni,Santa Ana Yareni,17.397787777777776,-96.61077944444443,637,0.0,8.791208791208792,5.41,17.521367521367523,9.82905982905983,31.89189189189189,4.552590266875981,4.7095761381475665,15.698587127158556,0.0,0.0,0,0,0,0,0
20360,Oaxaca,Santa Ana Zegache,Santa Ana Zegache,16.837875277777776,-96.72593888888889,3981,0.0,9.419743782969103,7.09,17.079419299743808,19.55593509820666,45.7007874015748,11.680482290881688,21.10022607385079,70.33408691283597,0.0,2.5119316754584275,0,0,0,0,0
20361,Oaxaca,Santa Catalina Quierí,Santa Catalina Quierí,16.32220111111111,-96.26585805555555,825,0.0,9.93939393939394,5.74,5.158730158730159,1.5873015873015872,40.54054054054054,1.8181818181818181,3.6363636363636362,12.121212121212121,0.0,0.0,0,0,0,0,0
20362,Oaxaca,Santa Catarina Cuixtla,Santa Catarina Cuixtla,16.304395555555555,-96.6447438888889,1495,0.0,8.494983277591974,6.72,25.74712643678161,36.0919540229885,52.05811138014528,8.62876254180602,41.47157190635451,127.09030100334448,0.0,0.0,0,0,0,0,0
20363,Oaxaca,Santa Catarina Ixtepeji,Santa Catarina Ixtepeji,17.26554888888889,-96.56169916666667,2675,0.0,11.77570093457944,7.68,35.62176165803109,14.119170984455959,49.28670041417395,8.63551401869159,90.2803738317757,216.82242990654206,5.172413793103448,22.429906542056074,0,0,0,0,0
20364,Oaxaca,Santa Catarina Juquila,Santa Catarina Juquila,16.237009444444446,-97.29247277777777,18654,0.0,11.724027018333869,6.79,16.366190587684383,17.115429641770078,61.373514923210664,5.210678674815053,37.686287123405165,115.79285944033451,0.0,29.48429291304814,0,0,0,0,0
20365,Oaxaca,Santa Catarina Lachatao,Benito Juárez,17.111654166666668,-96.49320722222222,1059,0.0,5.665722379603399,7.54,20.91152815013405,15.817694369973191,50.057273768613975,5.949008498583569,16.997167138810198,56.657223796033996,0.0,37.771482530689326,0,0,0,0,0
20366,Oaxaca,Santa Catarina Loxicha,Santa Catarina Loxicha,16.069504444444444,-96.75486555555555,3676,0.0,8.188248095756256,5.91,7.357859531772576,5.574136008918618,34.894259818731115,2.4755168661588685,12.241566920565832,40.80522306855278,0.0,0.0,0,0,0,0,0
20367,Oaxaca,Santa Catarina Mechoacán,Santa Catarina Mechoacán,16.33443361111111,-97.83602583333332,4582,0.0,11.850720209515496,6.38,8.616187989556137,12.793733681462141,48.75,11.981667394151026,37.9746835443038,126.58227848101266,0.0,0.0,0,0,0,0,0
20368,Oaxaca,Santa Catarina Minas,Santa Catarina Minas,16.77918972222222,-96.6154561111111,2067,0.0,11.756168359941945,7.32,22.141560798548095,41.92377495462795,48.51851851851852,7.256894049346879,17.41654571843251,58.055152394775035,0.0,0.0,0,0,0,0,0
20369,Oaxaca,Santa Catarina Quiané,Santa Catarina Quiané,16.88030611111111,-96.7407475,2193,0.0,8.98312813497492,7.93,33.181126331811264,29.984779299847794,53.78393991912189,20.702234382124942,32.375740994072046,100.31919744642043,0.0,0.0,0,0,0,0,0
20370,Oaxaca,Santa Catarina Tayata,Santa Catarina Tayata,17.34780472222222,-97.55837888888888,662,0.0,7.2507552870090635,9.03,26.442307692307693,14.903846153846153,37.29433272394881,41.389728096676734,18.12688821752266,60.42296072507553,0.0,0.0,0,0,0,0,0
20371,Oaxaca,Santa Catarina Ticuá,Santa Catarina Ticuá,17.071235833333333,-97.5348586111111,986,0.0,6.896551724137931,7.05,15.0997150997151,10.826210826210826,45.81772784019975,10.446247464503042,27.383367139959432,91.27789046653145,0.0,0.0,0,0,0,0,0
20372,Oaxaca,Santa Catarina Yosonotú,Santa Catarina Yosonotú,17.02054972222222,-97.66212777777778,1316,0.0,7.674772036474164,5.57,13.347921225382931,4.3763676148796495,35.49862763037511,52.0516717325228,15.957446808510639,53.191489361702125,0.0,0.0,0,0,0,0,0
20373,Oaxaca,Santa Catarina Zapoquila,Santa Catarina Zapoquila,18.0645575,-97.60165527777777,403,0.0,7.94044665012407,6.8,19.68503937007874,1.5748031496062993,41.33738601823708,0.9925558312655087,0.0,0.0,0.0,0.0,0,0,0,0,0
20374,Oaxaca,Santa Cruz Acatepec,Santa Cruz Acatepec,18.163761666666666,-96.87531916666666,1645,0.0,13.373860182370821,6.33,4.739336492890995,2.6066350710900474,48.607594936708864,2.917933130699088,3.6474164133738602,12.158054711246201,0.0,0.0,0,0,0,0,0
20375,Oaxaca,Santa Cruz Amilpas,Santa Cruz Amilpas,17.0587,-96.68401722222222,13200,0.0,12.674242424242424,10.7,39.84331281477336,56.51930609960828,64.51002648505487,41.04545454545455,25.265151515151516,77.27272727272727,0.9803921568627451,2.272727272727273,0,0,0,0,0
20376,Oaxaca,Santa Cruz de Bravo,Santa Cruz de Bravo,17.581373888888887,-98.22398916666667,365,0.0,11.506849315068493,5.99,29.0,4.0,42.2680412371134,3.287671232876712,8.219178082191782,27.397260273972602,0.0,0.0,0,0,0,0,0
20377,Oaxaca,Santa Cruz Itundujia,Zaragoza,16.668821944444446,-97.79291194444444,10860,0.0,10.67219152854512,7.18,18.069472277889112,20.607882431529728,39.819168173598555,6.777163904235727,10.773480662983426,35.91160220994475,0.0,0.0,0,0,0,0,0
20378,Oaxaca,Santa Cruz Mixtepec,Santa Cruz Mixtepec,16.79244277777778,-96.88240722222221,3720,0.0,11.370967741935484,7.36,20.330237358101137,11.764705882352942,45.362973254602295,5.376344086021505,11.290322580645162,37.634408602150536,0.0,0.0,0,0,0,0,0
20379,Oaxaca,Santa Cruz Nundaco,Ojo de Agua,17.134448888888887,-97.70989888888889,2951,0.0,10.708234496780753,7.19,14.303959131545339,8.173690932311622,28.74493927125506,8.370044052863436,3.049813622500847,10.166045408336156,0.0,0.0,0,0,0,0,0
20380,Oaxaca,Santa Cruz Papalutla,Santa Cruz Papalutla,16.95948861111111,-96.58491138888888,2242,0.0,10.035682426404996,7.28,24.96124031007752,24.496124031007753,61.06145251396648,8.474576271186441,37.46654772524532,124.88849241748439,0.0,0.0,0,0,0,0,0
20381,Oaxaca,Santa Cruz Tacache de Mina,Santa Cruz Tacache de Mina,17.827661388888888,-98.1507875,2940,0.0,10.34013605442177,7.04,30.847029077117572,2.275600505689001,41.50691038787338,6.9727891156462585,23.46938775510204,78.2312925170068,0.0,0.0,0,0,0,0,0
20382,Oaxaca,Santa Cruz Tacahua,Santa Cruz Tacahua,16.91890111111111,-97.49216583333333,1182,0.0,10.490693739424703,7.02,17.94871794871795,28.774928774928775,24.293193717277486,1.607445008460237,12.690355329949238,42.30118443316413,0.0,0.0,0,0,0,0,0
20383,Oaxaca,Santa Cruz Tayata,La Estancia,17.396840833333332,-97.55450555555555,595,0.0,10.588235294117647,7.79,6.779661016949152,4.519774011299435,42.48927038626609,5.042016806722689,0.0,0.0,0.0,0.0,0,0,0,0,0
20384,Oaxaca,Santa Cruz Xitla,Santa Cruz Xitla,16.322436666666665,-96.6731288888889,4794,0.0,11.18064246975386,5.46,24.53825857519789,10.11433597185576,48.08381582575131,3.358364622444723,6.88360450563204,22.9453483521068,0.0,0.0,0,0,0,0,0
20385,Oaxaca,Santa Cruz Xoxocotlán,Santa Cruz Xoxocotlán,17.027281388888888,-96.73435805555556,100402,81.52028844046932,12.413099340650584,10.87,41.2301760512149,59.046268005237884,67.19963283633928,39.70638035098902,27.245473197745063,75.7953028824127,1.7082785808147174,0.6971972669867134,2,3,2,0,0
20386,Oaxaca,Santa Cruz Zenzontepec,Quinicuena,16.532389166666665,-97.52343944444445,19079,0.0,12.836102521096494,5.8,7.525195968645017,12.78835386338186,25.247738043946576,16.185334661145763,1.8868913465066304,6.289637821688768,0.0,0.5241364851407306,0,0,0,0,0
20387,Oaxaca,Santa Gertrudis,Santa Gertrudis,16.786594722222222,-96.79721138888888,2891,0.0,9.75441023867174,7.34,32.93556085918854,23.50835322195704,43.61929150661545,10.619162919405051,45.658941542718786,152.19647180906261,0.0,3.459010722933241,0,0,0,0,0
20388,Oaxaca,Santa Inés del Monte,Santa Inés del Monte,16.925766666666668,-96.86168694444444,2809,0.0,12.744749021003916,6.38,20.684292379471227,13.530326594090202,45.00484966052376,1.7087931648273407,5.33997864008544,17.7999288002848,0.0,0.0,0,0,0,0,0
20389,Oaxaca,Santa Inés Yatzeche,Santa Inés Yatzeche,16.808673333333335,-96.75632416666667,908,0.0,12.995594713656388,5.07,23.80952380952381,5.194805194805195,68.66059817945384,0.11013215859030837,6.607929515418502,22.026431718061673,0.0,0.0,0,0,0,0,0
20390,Oaxaca,Santa Lucía del Camino,Santa Lucía del Camino,17.064118055555557,-96.69467722222223,50362,91.13021722727453,11.860132639688654,11.45,43.9491787168328,70.86199634985259,65.01453488372093,43.6281323219888,44.10071085342123,115.56332155196378,1.7182130584192439,2.382748897978635,2,4,2,1,1
20391,Oaxaca,Santa Lucía Miahuatlán,Santa Lucía Miahuatlán,16.186473055555556,-96.61821111111111,3375,0.0,10.251851851851852,4.59,3.5322777101096223,5.237515225334957,29.608482871125613,0.8592592592592593,0.0,0.0,0.0,0.0,0,0,0,0,0
20392,Oaxaca,Santa Lucía Monteverde,San Sebastián Nopalera,16.942811666666667,-97.77765416666666,6726,0.0,9.6045197740113,6.56,10.117145899893504,8.466453674121405,32.418952618453865,2.304490038655962,4.014272970561998,13.380909901873327,0.0,1.486767766874814,0,0,0,0,0
20393,Oaxaca,Santa Lucía Ocotlán,Santa Lucía Ocotlán,16.74219,-96.68039611111112,4173,0.0,11.238916846393481,5.96,20.35053554040896,34.56669912366115,51.58536585365854,2.7318475916606757,14.378145219266715,47.927150730889046,0.0,0.0,0,0,0,0,0
20394,Oaxaca,Santa María Alotepec,Santa María Alotepec,17.092095555555556,-95.85457166666666,2796,0.0,10.515021459227468,7.37,8.933002481389579,6.327543424317618,44.41993824437583,16.988555078683834,9.656652360515022,32.18884120171674,0.0,0.0,0,0,0,0,0
20395,Oaxaca,Santa María Apazco,Santa María Apazco,17.63458333333333,-97.10038694444444,1629,0.0,7.673419275629221,4.88,4.752475247524752,1.188118811881188,51.4792899408284,4.849600982197667,0.0,0.0,0.0,0.0,0,0,0,0,0
20396,Oaxaca,Santa María la Asunción,Santa María la Asunción,18.10822416666667,-96.81936527777778,3259,0.0,8.959803620742559,3.97,3.0851063829787235,6.382978723404255,45.725806451612904,1.1660018410555386,10.125805461798098,33.752684872660325,0.0,0.0,0,0,0,0,0
20397,Oaxaca,Heroica Ciudad de Tlaxiaco,Heroica Ciudad de Tlaxiaco,17.26746972222222,-97.68049166666667,40123,47.14253669964858,10.926401315953443,9.56,35.065180426979026,27.611940298507463,69.64147286821705,29.970341200807518,37.31027091693044,110.65972135682776,0.9009009009009009,3.9877377065523514,1,0,0,0,0
20398,Oaxaca,Ayoquezco de Aldama,Ayoquezco de Aldama,16.685665555555556,-96.84311444444444,4874,0.0,10.320065654493229,6.28,28.240405503258508,16.07530774800869,49.80881978078001,3.610997127615921,41.03405826836274,133.3606893721789,0.0,4.1034058268362745,0,0,0,0,0
20399,Oaxaca,Santa María Atzompa,Santa María Atzompa,17.102865555555557,-96.77926111111111,41921,68.19016721929343,11.967748860952744,10.43,39.36994016191482,51.48715241112284,66.89341026419677,37.181842036210966,16.101715130841345,50.094224851506404,0.0,0.7156317835929487,0,0,0,0,0
20400,Oaxaca,Santa María Camotlán,Santa María Camotlán,17.899560555555556,-97.69338,1713,0.0,8.172796263864566,6.94,21.50943396226415,6.415094339622642,51.06071689831748,5.779334500875657,12.259194395796847,40.863981319322825,0.0,5.837711617046118,0,0,0,0,0
20401,Oaxaca,Santa María Colotepec,Brisas de Zicatela,15.837860555555556,-97.04180777777778,27046,0.0,10.71138061081121,8.12,26.869257950530034,26.07773851590106,61.32475508115221,13.787621089994824,93.1376173925904,187.82814464246098,6.692913385826771,44.368853065148265,0,0,0,0,0
20402,Oaxaca,Santa María Cortijo,Santa María Cortijo,16.450802499999998,-98.28571638888889,1067,0.0,8.622305529522025,7.08,30.67484662576687,13.496932515337424,46.2962962962963,7.591377694470478,44.98594189315839,149.9531396438613,0.0,0.0,0,0,0,0,0
20403,Oaxaca,Santa María Coyotepec,Santa María Coyotepec,16.967160555555555,-96.70673638888888,3751,0.0,11.356971474273527,9.71,34.476367006487486,31.69601482854495,58.7958291288261,34.89736070381232,42.122100773127165,122.63396427619301,0.0,10.663822980538523,0,0,0,0,0
20404,Oaxaca,Santa María Chachoápam,Santa María Chachoápam,17.525155555555553,-97.28350499999999,761,0.0,7.884362680683312,8.22,40.08097165991903,4.4534412955465585,50.542635658914726,18.134034165571617,15.768725361366624,52.562417871222074,0.0,0.0,0,0,0,0,0
20405,Oaxaca,Villa de Chilapa de Díaz,Villa de Chilapa de Díaz,17.58832888888889,-97.63191222222221,1815,0.0,8.37465564738292,6.66,28.622540250447226,19.141323792486585,37.577426015141086,11.460055096418733,11.570247933884298,38.56749311294766,0.0,0.0,0,0,0,0,0
20406,Oaxaca,Santa María Chilchotla,Santa María Chilchotla,18.23424027777778,-96.83054055555556,21469,0.0,9.315757603987144,5.24,4.7729296527159395,6.838824577025823,42.54933799650262,2.906516372443989,5.729190926452094,19.097303088173646,0.0,0.46578788019935724,0,0,0,0,0
20407,Oaxaca,Santa María Chimalapa,Santa María Chimalapa,16.90992,-94.68302222222222,9578,0.0,7.6111923157235335,5.83,8.440575321725966,11.127933383800151,46.398841838581255,2.902484861140113,4.385049070787221,14.616830235957403,0.0,0.0,0,0,0,0,0
20408,Oaxaca,Santa María del Rosario,Santa María del Rosario,17.35176138888889,-97.59382027777777,499,0.0,6.813627254509018,7.77,22.22222222222222,6.25,64.57286432160804,8.41683366733467,0.0,0.0,0.0,0.0,0,0,0,0,0
20409,Oaxaca,Santa María del Tule,Santa María del Tule,17.046701666666667,-96.63659222222223,8939,0.0,9.64313681619868,11.3,52.934317916828604,62.18422075398367,61.78508354843092,50.02796733415371,73.55408882425327,195.77133907595928,1.7142857142857142,3.356080098445016,0,0,0,0,0
20410,Oaxaca,Santa María Ecatepec,Santa María Zapotitlán,16.12774888888889,-95.85198194444443,3418,0.0,10.064365125804564,7.42,15.37598204264871,13.580246913580247,43.972445464982776,10.122878876535985,2.633118782913985,8.777062609713283,0.0,0.0,0,0,0,0,0
20411,Oaxaca,Santa María Guelacé,Santa María Guelacé,17.000876666666667,-96.60283,908,0.0,11.233480176211454,8.36,21.91235059760956,23.50597609561753,61.111111111111114,11.894273127753303,29.73568281938326,99.11894273127753,0.0,0.0,0,0,0,0,0
20412,Oaxaca,Santa María Guienagati,Santa María Guienagati,16.737982777777777,-95.35448583333333,3178,0.0,10.572687224669604,6.34,10.222222222222221,26.0,42.60127931769723,3.775959723096287,48.14348646947766,160.4782882315922,0.0,0.0,0,0,0,0,0
20413,Oaxaca,Santa María Huatulco,Crucecita,15.764758888888888,-96.135075,50862,37.85144115449648,12.836695371790334,9.17,26.855636123928807,45.748187211601845,70.05062217899803,33.88777476308442,65.9628013054933,137.62730525736305,5.714285714285714,31.457669773111558,11,3,1,0,0
20414,Oaxaca,Santa María Huazolotitlán,Santa María Huazolotitlán,16.302222222222223,-97.91286111111111,11995,0.0,9.228845352230096,7.03,18.56504745951982,20.54718034617532,49.78006651646819,8.103376406836182,13.42225927469779,43.35139641517299,0.0,0.0,0,0,0,0,0
20415,Oaxaca,Santa María Ipalapa,Santa María Ipalapa,16.63621861111111,-98.03382388888889,4878,0.0,10.96760967609676,6.27,20.975232198142415,5.108359133126935,40.543508097721656,2.6035260352603524,10.45510455104551,34.85034850348504,0.0,0.0,0,0,0,0,0
20416,Oaxaca,Santa María Ixcatlán,Santa María Ixcatlán,17.851593055555558,-97.19048194444444,461,0.0,7.592190889370933,6.01,6.748466257668712,16.56441717791411,63.5,0.8676789587852495,6.507592190889371,21.691973969631235,0.0,0.0,0,0,0,0,0
20417,Oaxaca,Santa María Jacatepec,La Joya de Santa María Jacatepec,17.8715075,-96.02261277777778,9682,0.0,9.935963643875233,6.98,16.310160427807485,14.094728800611154,48.40439796192008,10.751910762239207,4.647800041313778,15.49266680437926,0.0,0.0,0,0,0,0,0
20418,Oaxaca,Santa María Jalapa del Marqués,Santa María Jalapa del Marqués,16.440065277777776,-95.44337805555556,11735,0.0,9.56114188325522,8.66,25.33999444907022,37.135720233139054,59.447443632899336,23.689816787388153,48.48743076267576,155.94375798892202,0.0,3.4086067319982956,0,0,0,0,0
20419,Oaxaca,Santa María Jaltianguis,Santa María Jaltianguis,17.36561277777778,-96.52827138888888,592,0.0,8.108108108108109,8.14,28.977272727272727,43.18181818181818,45.22821576763486,8.783783783783784,25.33783783783784,84.45945945945945,0.0,0.0,0,0,0,0,0
20420,Oaxaca,Santa María Lachixío,Santa María Lachixío,16.72775611111111,-97.01921083333333,1679,0.0,12.32876712328767,6.62,12.718204488778055,5.486284289276808,37.76722090261283,4.050029779630733,12.507444907683144,41.69148302561048,0.0,0.0,0,0,0,0,0
20421,Oaxaca,Santa María Mixtequilla,Santa María Mixtequilla,16.373708333333333,-95.26047333333334,4690,0.0,9.040511727078892,8.66,22.642762284196547,30.810092961487385,55.691164765189704,29.33901918976546,64.81876332622602,208.955223880597,0.0,0.0,0,0,0,0,0
20422,Oaxaca,Santa María Nativitas,San José Monte Verde,17.64328888888889,-97.34267027777777,603,0.0,8.7893864013267,7.82,25.0,4.081632653061225,41.633466135458164,11.940298507462687,0.0,0.0,0.0,0.0,0,0,0,0,0
20423,Oaxaca,Santa María Nduayaco,San José de Gracia,17.43363666666667,-97.49427222222222,453,0.0,6.401766004415011,6.32,15.172413793103448,6.206896551724138,39.898989898989896,10.596026490066226,6.622516556291391,22.075055187637968,0.0,0.0,0,0,0,0,0
20424,Oaxaca,Santa María Ozolotepec,Santa María Ozolotepec,16.130840833333334,-96.37006666666666,3793,0.0,11.073029264434485,6.03,6.701030927835052,7.835051546391752,43.67977528089887,5.958344318481413,4.745583970471922,15.818613234906406,0.0,0.0,0,0,0,0,0
20425,Oaxaca,Santa María Pápalo,Santa María Pápalo,17.78416,-96.79735638888889,2058,0.0,8.066083576287658,6.27,3.1545741324921135,2.8391167192429023,45.49330085261876,1.5063168124392614,4.373177842565598,14.577259475218659,0.0,0.0,0,0,0,0,0
20426,Oaxaca,Santa María Peñoles,El Manzanito,16.968875277777776,-97.03096777777778,8967,0.0,12.679826028772165,6.62,6.498829039812646,4.976580796252928,36.65491338341254,3.055648488903758,2.34192037470726,7.8064012490242,0.0,0.0,0,0,0,0,0
20427,Oaxaca,Santa María Petapa,Rincón Viejo,16.888665555555555,-95.04091166666666,16706,0.0,9.062612235125105,7.8,16.15057680631451,20.319773325237808,62.91624621594349,22.045971507242907,18.91535975098767,61.055908056985515,0.0,0.0,0,0,0,0,0
20428,Oaxaca,Santa María Quiegolani,Santa María Quiegolani,16.277213333333332,-96.05200305555556,2224,0.0,12.23021582733813,6.74,12.665406427221171,4.158790170132325,37.083595223130104,2.4280575539568345,5.39568345323741,17.985611510791365,0.0,0.0,0,0,0,0,0
20429,Oaxaca,Santa María Sola,Santa Rosa Matagallinas,16.58860333333333,-97.01979333333333,1516,0.0,8.70712401055409,6.24,19.362186788154897,12.984054669703873,42.06672091131001,2.242744063324538,19.788918205804748,65.96306068601584,0.0,0.0,0,0,0,0,0
20430,Oaxaca,Santa María Tataltepec,Santa María Tataltepec,17.14245888888889,-97.39511555555556,317,0.0,10.094637223974763,8.06,16.304347826086957,17.391304347826086,47.252747252747255,11.35646687697161,9.46372239747634,31.545741324921135,0.0,0.0,0,0,0,0,0
20431,Oaxaca,Santa María Tecomavaca,Santa María Tecomavaca,17.95625722222222,-97.02443722222222,1830,0.0,10.710382513661202,8.56,21.604938271604937,46.91358024691358,54.6831955922865,13.825136612021858,19.672131147540984,65.57377049180327,0.0,5.46448087431694,0,0,0,0,0
20432,Oaxaca,Santa María Temaxcalapa,Santa María Temaxcalapa,17.381099444444445,-96.16247777777778,903,0.0,8.970099667774086,6.9,10.033444816053512,27.4247491638796,53.8562091503268,3.875968992248062,23.25581395348837,77.51937984496124,0.0,0.0,0,0,0,0,0
20433,Oaxaca,Santa María Temaxcaltepec,Santa María Temaxcaltepec,16.16310888888889,-97.194655,2694,0.0,11.135857461024498,4.62,6.913183279742765,27.491961414790996,35.9192348565356,0.4825538233110616,10.022271714922049,33.4075723830735,0.0,0.0,0,0,0,0,0
20434,Oaxaca,Santa María Teopoxco,Santa María Teopoxco,18.166659166666665,-96.95513916666667,3985,0.0,6.750313676286073,5.01,6.127886323268206,4.8845470692717585,37.21727210418094,13.023839397741531,3.0112923462986196,10.037641154328734,0.0,0.0,0,0,0,0,0
20435,Oaxaca,Santa María Tepantlali,Santa María Tepantlali,16.997513055555558,-96.01012027777777,3576,0.0,11.325503355704697,5.27,17.011995637949838,11.886586695747,40.75457601793052,2.488814317673378,14.261744966442953,47.53914988814318,0.0,2.796420581655481,0,0,0,0,0
20436,Oaxaca,Santa María Texcatitlán,Santa María Texcatitlán,17.712905,-97.06668944444444,896,0.0,4.464285714285714,5.27,4.09556313993174,11.604095563139932,53.31412103746398,0.8928571428571429,0.0,0.0,0.0,0.0,0,0,0,0,0
20437,Oaxaca,Santa María Tlahuitoltepec,Santa María Tlahuitoltepec,17.097536944444442,-96.06325222222222,9653,0.0,10.535584792292552,6.83,12.295751633986928,12.704248366013072,45.325969827586206,5.894540557339687,11.913394799544184,36.25815808556926,0.0,2.0718947477468146,0,0,0,0,0
20438,Oaxaca,Santa María Tlalixtac,Santa María Tlalixtac,17.951677222222223,-96.73807527777778,1839,0.0,9.189777052746058,5.66,6.808510638297872,11.914893617021276,39.26739926739927,2.011963023382273,16.31321370309951,54.3773790103317,0.0,5.43773790103317,0,0,0,0,0
20439,Oaxaca,Santa María Tonameca,San Francisco Cozoaltepec,15.81243,-96.72196194444444,25347,0.0,11.764705882352942,6.53,17.86488999070344,15.184381778741866,61.486984929918854,5.621967096697834,57.521600189371526,160.17674675504006,0.9852216748768473,21.3042963664339,0,0,0,0,0
20440,Oaxaca,Santa María Totolapilla,Santa María Totolapilla,16.603228333333334,-95.62545472222222,812,0.0,6.280788177339901,6.21,7.4576271186440675,11.525423728813559,37.72189349112426,12.931034482758621,29.55665024630542,98.52216748768473,0.0,0.0,0,0,0,0,0
20441,Oaxaca,Santa María Xadani,Santa María Xadani,16.360300833333334,-95.01985027777778,9234,0.0,10.905349794238683,5.96,8.58292355833706,17.8363880196692,67.33293556085918,10.53714533246697,56.9633961446827,180.8533679878709,0.0,0.0,0,0,0,0,0
20442,Oaxaca,Santa María Yalina,Santa María Yalina,17.240470833333333,-96.26278138888888,250,0.0,12.0,7.14,13.25301204819277,2.4096385542168677,37.12871287128713,2.4,24.0,80.0,0.0,0.0,0,0,0,0,0
20443,Oaxaca,Santa María Yavesía,Santa María Yavesía,17.23421527777778,-96.42951555555555,434,0.0,8.755760368663594,8.35,26.027397260273972,32.87671232876713,29.479768786127167,7.8341013824884795,20.737327188940093,69.12442396313364,0.0,0.0,0,0,0,0,0
20444,Oaxaca,Santa María Yolotepec,Santa María Yolotepec,16.87680472222222,-97.50532805555555,481,0.0,7.276507276507276,7.37,14.838709677419354,10.32258064516129,52.824858757062145,3.95010395010395,24.948024948024948,83.16008316008316,0.0,0.0,0,0,0,0,0
20445,Oaxaca,Santa María Yosoyúa,Buenavista,17.104912222222225,-97.49836166666667,1699,0.0,13.47851677457328,8.1,23.544973544973544,14.814814814814815,56.63976522377109,4.2377869334902885,0.0,0.0,0.0,0.0,0,0,0,0,0
20446,Oaxaca,Santa María Yucuhiti,Guadalupe Buenavista,17.03152611111111,-97.80466222222222,6008,0.0,8.954727030625833,7.37,13.515151515151516,12.606060606060606,41.40592407175636,3.878162450066578,1.9973368841544608,6.657789613848203,0.0,0.0,0,0,0,0,0
20447,Oaxaca,Santa María Zacatepec,Santa María Zacatepec,16.763894444444446,-97.9898775,17100,0.0,11.070175438596491,6.46,23.280898876404493,13.258426966292134,59.33886862729883,3.0058479532163744,17.83625730994152,58.47953216374269,0.0,2.3391812865497075,0,0,0,0,0
20448,Oaxaca,Santa María Zaniza,Santa María Zaniza,16.6550975,-97.3385436111111,2469,0.0,13.85176184690158,6.52,5.357142857142857,5.753968253968254,37.0752427184466,0.28351559335763465,4.860267314702309,16.200891049007694,0.0,0.0,0,0,0,0,0
20449,Oaxaca,Santa María Zoquitlán,Santa María Zoquitlán,16.558359722222225,-96.3528711111111,3294,0.0,8.439587128111718,5.95,21.72647914645975,38.991270611057224,42.52961406190294,3.612629022465088,15.482695810564662,51.608986035215544,0.0,0.0,0,0,0,0,0
20450,Oaxaca,Santiago Amoltepec,Santiago Amoltepec,16.640905555555555,-97.49480277777778,13855,0.0,13.323709852038975,5.7,2.573529411764706,6.4171122994652405,20.879358891054796,13.496932515337424,3.0313966077228436,10.104655359076146,0.0,0.0,0,0,0,0,0
20451,Oaxaca,Santiago Apoala,San Antonio Nduayaco,17.68556277777778,-97.14754222222223,1019,0.0,4.5142296368989205,5.07,4.953560371517028,0.6191950464396285,41.78921568627451,2.060843964671246,14.720314033366044,49.06771344455348,0.0,29.44062806673209,0,0,0,0,0
20452,Oaxaca,Santiago Apóstol,Santiago Apóstol,16.804263055555555,-96.7224138888889,4421,0.0,10.812033476589008,5.68,17.575757575757574,17.056277056277057,52.028169014084504,5.247681520018095,19.67880570006786,65.59601900022619,0.0,0.0,0,0,0,0,0
20453,Oaxaca,Santiago Astata,Santiago Astata,15.98763111111111,-95.67586555555556,3918,0.0,8.856559469116897,7.89,12.958626073380172,20.843091334894613,51.7109050207867,17.968351199591627,46.962736089841755,148.03471158754468,0.0,5.104645227156713,0,0,0,0,0
20454,Oaxaca,Santiago Atitlán,Estancia de Morelos,17.051324722222223,-95.8898788888889,3556,0.0,13.92013498312711,6.53,6.334841628959276,7.239819004524887,53.002144388849175,2.7559055118110236,2.530933633295838,8.43644544431946,0.0,0.0,0,0,0,0,0
20455,Oaxaca,Santiago Ayuquililla,Santiago Ayuquililla,17.935105833333335,-97.95826222222223,2904,0.0,10.330578512396695,6.37,13.63040629095675,5.504587155963303,44.063819802909435,8.849862258953168,12.396694214876034,41.32231404958678,0.0,3.443526170798898,0,0,0,0,0
20456,Oaxaca,Santiago Cacaloxtepec,Santiago Cacaloxtepec,17.720238055555555,-97.7404863888889,1667,0.0,8.998200359928015,6.47,21.45748987854251,17.813765182186234,51.93035579106737,10.917816436712657,5.398920215956808,17.99640071985603,0.0,0.0,0,0,0,0,0
20457,Oaxaca,Santiago Camotlán,San Francisco Yovego,17.5521075,-96.22461305555555,3346,0.0,14.255827854154214,6.44,3.5555555555555554,14.88888888888889,41.52157456472369,3.6760310818888224,3.5863717872086074,11.95457262402869,0.0,0.0,0,0,0,0,0
20458,Oaxaca,Santiago Comaltepec,Santiago Comaltepec,17.564125555555556,-96.54781305555555,1157,0.0,7.951598962834918,7.34,17.008797653958943,11.730205278592376,39.86998916576381,7.173725151253241,7.778738115816767,25.92912705272256,0.0,0.0,0,0,0,0,0
20459,Oaxaca,Villa de Santiago Chazumba,Villa de Santiago Chazumba,18.188768333333332,-97.68053972222222,4877,0.0,8.32478982981341,8.47,27.432517263025737,18.581293157564343,47.972132371236626,24.338732827557926,28.911215911420957,96.37071970473652,0.0,2.0504408447816282,0,0,0,0,0
20460,Oaxaca,Santiago Choápam,San Juan Teotalcingo,17.417635555555556,-95.94840972222222,5242,0.0,10.186951545211752,5.83,6.6139468008626885,10.711718188353702,44.913967611336034,2.3655093475772606,2.8615032430370086,9.538344143456696,0.0,0.0,0,0,0,0,0
20461,Oaxaca,Santiago del Río,Santiago del Río,17.455975277777778,-98.08854027777777,527,0.0,8.159392789373815,4.69,22.340425531914892,5.851063829787234,25.11627906976744,47.817836812144215,5.692599620493358,18.975332068311197,0.0,0.0,0,0,0,0,0
20462,Oaxaca,Santiago Huajolotitlán,Santiago Huajolotitlán,17.82664972222222,-97.73176694444444,4600,0.0,10.608695652173912,8.3,36.97211155378486,11.872509960159363,55.62770562770563,20.32608695652174,13.478260869565217,41.30434782608695,0.0,2.1739130434782608,0,0,0,0,0
20463,Oaxaca,Santiago Huauclilla,Santiago Huauclilla,17.450840833333334,-97.07152722222222,525,0.0,7.0476190476190474,6.42,9.32642487046632,9.844559585492227,37.66233766233766,6.666666666666667,5.714285714285714,19.047619047619047,0.0,0.0,0,0,0,0,0
20464,Oaxaca,Santiago Ihuitlán Plumas,Santiago Ihuitlán Plumas,17.84847444444444,-97.42974305555556,341,0.0,7.038123167155425,6.59,16.52173913043478,0.0,48.07017543859649,3.225806451612903,17.59530791788856,58.651026392961874,0.0,0.0,0,0,0,0,0
20465,Oaxaca,Santiago Ixcuintepec,Santiago Ixcuintepec,16.93480611111111,-95.62310555555555,1636,0.0,9.71882640586797,5.84,4.842615012106537,2.9055690072639226,38.888888888888886,10.02444987775061,14.669926650366747,48.899755501222494,0.0,0.0,0,0,0,0,0
20466,Oaxaca,Santiago Ixtayutla,Santiago Ixtayutla,16.56500638888889,-97.65196888888889,13880,0.0,14.301152737752162,5.04,5.869289340101523,11.326142131979696,32.231738035264485,19.221902017291065,3.2420749279538903,10.806916426512968,0.0,0.7204610951008645,0,0,0,0,0
20467,Oaxaca,Santiago Jamiltepec,Santiago Jamiltepec,16.27945833333333,-97.81968222222221,19112,0.0,9.862913352867308,7.57,22.36103566902046,17.562918703603113,61.12253289473684,18.21892005023022,35.37044788614483,116.1573880284638,0.0,5.7555462536626205,0,0,0,0,0
20468,Oaxaca,Santiago Jocotepec,Río Chiquito,17.618855555555555,-95.93644388888889,14198,0.0,9.930976193830118,5.32,5.983412322274882,8.175355450236967,55.587977823168956,1.5847302436962953,3.380757853218763,11.269192844062545,0.0,0.0,0,0,0,0,0
20469,Oaxaca,Santiago Juxtlahuaca,Santiago Juxtlahuaca,17.335290277777776,-98.01244944444444,34735,0.0,11.204836620123794,6.85,26.4519535374868,12.341605068637804,64.18093878845544,9.477472290197207,23.43457607600403,71.3977256369656,0.0,3.454728659853174,0,0,0,0,0
20470,Oaxaca,Santiago Lachiguiri,Santiago Lachiguiri,16.68645861111111,-95.53265833333333,4394,0.0,8.192990441511151,6.29,6.113843991567112,30.920590302178496,48.92974753018661,3.823395539371871,8.875739644970414,29.585798816568047,0.0,0.0,0,0,0,0,0
20471,Oaxaca,Santiago Lalopa,Santiago Lalopa,17.417959444444445,-96.24859222222223,431,0.0,11.136890951276103,7.45,5.511811023622047,23.62204724409449,51.5406162464986,5.104408352668213,13.921113689095128,46.403712296983755,0.0,0.0,0,0,0,0,0
20472,Oaxaca,Santiago Laollaga,Santiago Laollaga,16.584886666666666,-95.20457916666668,3361,0.0,8.68789050877715,8.7,22.808586762075134,26.207513416815743,51.19651921682379,28.26539720321333,67.24189229396013,214.22195775066945,0.0,0.0,0,0,0,0,0
20473,Oaxaca,Santiago Laxopa,Santiago Laxopa,17.2197575,-96.31339638888889,1291,0.0,7.745933384972889,6.96,6.4,10.933333333333334,31.0546875,1.0844306738962044,0.0,0.0,0.0,0.0,0,0,0,0,0
20474,Oaxaca,Santiago Llano Grande,Santiago Llano Grande,16.48942638888889,-98.28966861111111,3440,0.0,8.226744186046512,7.52,23.149905123339657,8.823529411764707,46.15384615384615,15.494186046511627,13.081395348837209,43.604651162790695,0.0,0.0,0,0,0,0,0
20475,Oaxaca,Santiago Matatlán,San Pablo Guilá,16.802816944444444,-96.43968361111112,10175,0.0,10.054054054054054,6.58,38.39180134016555,21.04848245959795,61.14991269643303,5.788697788697789,33.31695331695332,106.14250614250614,0.0,0.0,0,0,0,0,0
20476,Oaxaca,Santiago Miltepec,Santiago Miltepec,17.984733333333335,-97.68928861111111,421,0.0,10.688836104513063,7.3,18.181818181818183,10.48951048951049,44.24778761061947,53.681710213776725,28.50356294536817,95.01187648456057,0.0,0.0,0,0,0,0,0
20477,Oaxaca,Santiago Minas,Santiago Minas,16.426183333333334,-97.22815333333334,1327,0.0,9.419743782969103,5.29,31.372549019607842,5.042016806722689,35.418671799807505,20.572720422004522,6.782215523737754,22.607385079125848,0.0,0.0,0,0,0,0,0
20478,Oaxaca,Santiago Nacaltepec,Santiago Nacaltepec,17.505474166666666,-96.91649555555556,1599,0.0,6.566604127579738,6.07,9.397163120567376,7.9787234042553195,29.947328818660647,5.128205128205129,5.628517823639775,18.76172607879925,0.0,0.0,0,0,0,0,0
20479,Oaxaca,Santiago Nejapilla,Santiago Nejapilla,17.42028388888889,-97.37261638888889,174,0.0,4.597701149425287,5.88,4.411764705882353,7.352941176470588,49.044585987261144,13.218390804597702,0.0,0.0,0.0,0.0,0,0,0,0,0
20480,Oaxaca,Santiago Nundiche,Ignacio Allende las Huertas,17.340702777777775,-97.7058325,1351,0.0,10.362694300518134,7.61,5.721393034825871,3.2338308457711444,47.766636280765724,4.1450777202072535,2.220577350111029,7.401924500370097,0.0,7.401924500370097,0,0,0,0,0
20481,Oaxaca,Santiago Nuyoó,Santiago Nuyoó,17.0151725,-97.76653916666666,1898,0.0,5.47945205479452,7.23,7.931034482758621,5.517241379310345,59.550561797752806,11.275026343519494,17.38672286617492,57.955742887249734,0.0,0.0,0,0,0,0,0
20482,Oaxaca,Santiago Pinotepa Nacional,Santiago Pinotepa Nacional,16.339009166666667,-98.0503475,55840,60.39756446991404,11.38968481375358,8.32,23.98868094411216,23.71856711042511,64.38097458615061,19.65795128939828,31.17836676217765,96.1676217765043,0.37243947858473,3.7607449856733526,2,0,0,0,0
20483,Oaxaca,Santiago Suchilquitongo,Santiago Suchilquitongo,17.247125833333335,-96.8736861111111,10886,0.0,11.032518831526732,8.74,24.77288609364081,20.894479385045422,61.695537455546635,25.059709718905015,16.71872129340437,54.19805254455264,0.0,0.9186110600771633,0,0,0,0,0
20484,Oaxaca,Santiago Tamazola,Santiago Tamazola,17.66930888888889,-98.22080027777778,4458,0.0,11.507402422611037,6.62,22.71517302573203,6.921029281277728,41.63400663249924,1.8393898609241812,15.477792732166892,51.592642440556304,0.0,8.972633467922835,0,0,0,0,0
20485,Oaxaca,Santiago Tapextla,Santiago Tapextla,16.34097,-98.44747416666667,3134,0.0,8.934269304403319,5.54,19.37888198757764,4.099378881987578,37.40909090909091,3.8289725590299937,7.657945118059987,25.526483726866623,0.0,0.0,0,0,0,0,0
20486,Oaxaca,Villa Tejúpam de la Unión,Villa Tejúpam de la Unión,17.6670875,-97.47352083333334,2419,0.0,10.293509714758164,7.89,33.381294964028775,30.79136690647482,54.83870967741935,11.409673418768087,35.13848697809012,103.34849111202976,0.0,0.0,0,0,0,0,0
20487,Oaxaca,Santiago Tenango,Santiago Tenango,17.324920555555554,-97.0041036111111,1966,0.0,9.35910478128179,8.32,12.585034013605442,2.5510204081632653,42.091503267973856,5.239064089521872,4.577822990844354,15.25940996948118,0.0,0.0,0,0,0,0,0
20488,Oaxaca,Santiago Tepetlapa,Santiago Tepetlapa,17.782595833333332,-97.40153611111111,130,0.0,8.461538461538462,6.35,21.951219512195124,7.317073170731708,45.794392523364486,10.0,0.0,0.0,0.0,0.0,0,0,0,0,0
20489,Oaxaca,Santiago Tetepec,Santiago Tetepec,16.322270833333334,-97.7482538888889,4909,0.0,10.470564269708698,6.58,12.88888888888889,21.925925925925927,41.3412335039052,3.911183540435934,8.555713994703606,28.51904664901202,0.0,0.0,0,0,0,0,0
20490,Oaxaca,Santiago Texcalcingo,Santiago Texcalcingo,18.208195555555555,-96.96876916666668,2974,0.0,10.221923335574983,5.12,6.692913385826771,6.561679790026247,35.61887800534283,3.0262273032952254,6.052454606590451,20.174848688634835,0.0,0.0,0,0,0,0,0
20491,Oaxaca,Santiago Textitlán,Santiago Sochiltepec,16.66613333333333,-97.25665083333334,4930,0.0,13.711967545638945,7.97,18.694690265486727,11.283185840707965,34.907539118065436,2.5152129817444218,2.4340770791075053,8.113590263691684,0.0,0.0,0,0,0,0,0
20492,Oaxaca,Santiago Tilantongo,Santiago Tilantongo,17.28307722222222,-97.33980361111111,2764,0.0,6.25904486251809,6.24,9.823399558498897,8.388520971302428,42.86363636363637,6.439942112879884,19.536903039073806,65.12301013024602,0.0,0.0,0,0,0,0,0
20493,Oaxaca,Santiago Tillo,Santiago Tillo,17.460285,-97.31972333333333,545,0.0,8.990825688073395,8.31,35.42857142857143,34.285714285714285,57.11060948081264,16.3302752293578,11.009174311926605,36.69724770642202,0.0,0.0,0,0,0,0,0
20494,Oaxaca,Santiago Tlazoyaltepec,Santiago Huaxolotipac,16.974140555555554,-97.08599305555555,6300,0.0,12.666666666666666,6.29,21.52777777777778,13.040123456790123,31.25133689839572,6.238095238095238,1.9047619047619047,6.349206349206349,0.0,0.0,0,0,0,0,0
20495,Oaxaca,Santiago Xanica,San Felipe Lachilló,16.010141666666666,-96.15471194444444,3029,0.0,10.267414988445031,5.39,3.0902348578491967,8.65265760197775,45.02283105022831,1.2215252558600198,2.971277649389237,9.904258831297458,0.0,0.0,0,0,0,0,0
20496,Oaxaca,Santiago Xiacuí,Trinidad Ixtlán,17.26640638888889,-96.41758222222222,1893,0.0,8.293713681986265,8.65,22.3463687150838,36.6852886405959,46.567357512953365,14.263074484944532,6.3391442155309035,21.130480718436345,0.0,0.0,0,0,0,0,0
20497,Oaxaca,Santiago Yaitepec,Santiago Yaitepec,16.22557111111111,-97.26935972222222,4233,0.0,10.748877864398771,3.99,13.731656184486374,9.538784067085954,43.10344827586207,1.0630758327427356,16.06425702811245,49.61020552799433,0.0,0.0,0,0,0,0,0
20498,Oaxaca,Santiago Yaveo,Francisco Villa,17.474853333333332,-95.45423805555556,7593,0.0,10.325299618069275,6.46,20.325982742090126,9.683604985618409,52.49476622470342,1.9228236533649414,1.9755037534571316,6.585012511523772,0.0,0.0,0,0,0,0,0
20499,Oaxaca,Santiago Yolomécatl,Santiago Yolomécatl,17.470932777777776,-97.56975027777777,1922,0.0,9.729448491155047,9.31,35.0,24.444444444444443,52.020525978191145,29.39646201873049,51.50884495317378,171.6961498439126,0.0,5.202913631633715,0,0,0,0,0
20500,Oaxaca,Santiago Yosondúa,Santiago Yosondúa,16.873377222222224,-97.57660888888888,7991,0.0,8.334376173194844,6.71,16.83948569058482,13.56283699709664,68.2331750450303,5.080715805280941,18.771117507195594,62.57039169065198,0.0,2.5028156676260793,0,0,0,0,0
20501,Oaxaca,Santiago Yucuyachi,Santa Rosa de Juárez,17.61419888888889,-98.23386444444445,998,0.0,8.41683366733467,5.58,28.134556574923547,4.587155963302752,31.03864734299517,4.408817635270541,6.012024048096192,20.04008016032064,0.0,0.0,0,0,0,0,0
20502,Oaxaca,Santiago Zacatepec,Santiago Zacatepec,17.159395277777776,-95.91496222222223,5089,0.0,8.74435056003144,5.19,4.417952314165498,12.762973352033661,44.561495917829866,2.96718412261741,7.074081351935547,23.58027117311849,0.0,1.9650225977598743,0,0,0,0,0
20503,Oaxaca,Santiago Zoochila,Santiago Zoochila,17.220566111111108,-96.24213861111112,425,0.0,7.294117647058823,6.82,20.967741935483872,23.387096774193548,50.700280112044815,2.823529411764706,35.294117647058826,117.6470588235294,0.0,0.0,0,0,0,0,0
20504,Oaxaca,Nuevo Zoquiápam,Nuevo Zoquiápam,17.29132166666667,-96.61998416666665,1590,0.0,11.132075471698114,7.34,40.84158415841584,21.534653465346533,47.35973597359736,2.3270440251572326,16.9811320754717,56.60377358490566,0.0,0.0,0,0,0,0,0
20505,Oaxaca,Santo Domingo Ingenio,Santo Domingo Ingenio,16.58849222222222,-94.76863,7681,0.0,8.410363233953912,8.02,21.56,28.12,50.087121812133695,38.49759145944538,34.76109881525843,109.36076031766697,0.0,2.6038276266111184,0,0,0,0,0
20506,Oaxaca,Santo Domingo Albarradas,Santo Domingo Albarradas,17.06804361111111,-96.20009388888889,798,0.0,9.398496240601503,6.51,15.517241379310345,14.224137931034482,47.38461538461539,3.1328320802005014,11.278195488721805,37.59398496240601,0.0,0.0,0,0,0,0,0
20507,Oaxaca,Santo Domingo Armenta,Santo Domingo Armenta,16.33297222222222,-98.37815222222221,3155,0.0,8.367670364500793,6.13,20.70437566702241,3.4151547491995733,49.487617421007684,6.7828843106180665,23.771790808240887,79.23930269413628,0.0,0.0,0,0,0,0,0
20508,Oaxaca,Santo Domingo Chihuitán,Santo Domingo Chihuitán,16.59188611111111,-95.16236944444445,1618,0.0,8.838071693448702,8.55,26.373626373626372,30.76923076923077,47.78694673668417,24.351050679851667,29.66625463535229,98.8875154511743,0.0,0.0,0,0,0,0,0
20509,Oaxaca,Santo Domingo de Morelos,Santo Domingo de Morelos,15.833004444444445,-96.66807638888889,11384,0.0,12.034434293745608,5.69,13.067953357458785,9.650180940892641,31.73923986911654,3.645467322557976,8.872101194659171,28.109627547434997,0.0,0.0,0,0,0,0,0
20510,Oaxaca,Santo Domingo Ixcatlán,Santo Domingo Ixcatlán,16.913926666666665,-97.53193361111111,760,0.0,7.368421052631579,7.73,23.181818181818183,25.90909090909091,49.915682967959526,15.394736842105264,15.789473684210526,52.63157894736842,0.0,0.0,0,0,0,0,0
20511,Oaxaca,Santo Domingo Nuxaá,Llano de Ayuca,17.177278611111113,-97.09946583333333,3335,0.0,8.905547226386807,7.06,11.03825136612022,6.557377049180328,35.42420587052674,1.7991004497751124,3.598200899550225,11.994002998500749,0.0,0.0,0,0,0,0,0
20512,Oaxaca,Santo Domingo Ozolotepec,Santo Domingo Ozolotepec,16.150868055555556,-96.31039944444444,1101,0.0,12.079927338782925,5.55,13.108614232209737,1.8726591760299625,37.135614702154626,0.6357856494096276,8.174386920980927,27.247956403269754,0.0,0.0,0,0,0,0,0
20513,Oaxaca,Santo Domingo Petapa,Santo Domingo Petapa,16.820669166666665,-95.1404225,9027,0.0,9.947933975850226,6.86,9.857527916827108,16.711590296495956,60.968868199010764,15.287470920571618,24.92522432701894,83.08408109006314,0.0,0.0,0,0,0,0,0
20514,Oaxaca,Santo Domingo Roayaga,Santo Domingo Roayaga,17.337630555555556,-96.11457277777777,941,0.0,13.071200850159405,5.75,3.6437246963562755,4.048582995951417,42.49649368863955,1.1689691817215728,0.0,0.0,0.0,0.0,0,0,0,0,0
20515,Oaxaca,Santo Domingo Tehuantepec,Santo Domingo Tehuantepec,16.332058333333332,-95.23204916666667,67739,66.62926822067051,10.060674057780599,9.17,27.059973253780477,37.77903507869561,62.51383253412025,26.67444160675534,52.74657139904634,168.44063242740518,0.175284837861525,2.214381670824783,1,0,0,0,0
20516,Oaxaca,Santo Domingo Teojomulco,Santo Domingo Teojomulco,16.589402777777778,-97.22618750000001,5260,0.0,11.653992395437262,6.44,17.41444866920152,4.562737642585551,34.036458333333336,2.7756653992395437,15.779467680608365,49.42965779467681,0.0,3.802281368821293,0,0,0,0,0
20517,Oaxaca,Santo Domingo Tepuxtepec,Santo Domingo Tepuxtepec,16.95688722222222,-96.05540638888888,6029,0.0,11.411511030021563,5.31,18.169398907103826,12.09016393442623,30.2547065337763,4.11345165035661,12.439873942610715,41.46624647536905,0.0,0.0,0,0,0,0,0
20518,Oaxaca,Santo Domingo Tlatayápam,Santo Domingo Tlatayápam,17.407467777777775,-97.34702305555555,113,0.0,7.964601769911504,7.4,33.333333333333336,0.0,47.474747474747474,15.044247787610619,0.0,0.0,0.0,0.0,0,0,0,0,0
20519,Oaxaca,Santo Domingo Tomaltepec,Santo Domingo Tomaltepec,17.060419722222225,-96.62435749999999,3386,0.0,10.307147076196102,8.31,35.917030567685586,36.353711790393014,57.505438723712835,17.513290017720024,27.170702894270526,85.64678086237448,0.0,0.0,0,0,0,0,0
20520,Oaxaca,Santo Domingo Tonalá,Santo Domingo Tonalá,17.674611666666667,-97.96393222222223,7393,0.0,11.551467604490734,6.47,37.19512195121951,14.634146341463415,63.857677902621724,9.630731773299066,14.608413363992966,48.69471121330989,0.0,2.7052617340727716,0,0,0,0,0
20521,Oaxaca,Santo Domingo Tonaltepec,Vista Hermosa,17.59452611111111,-97.36663888888889,250,0.0,7.6,7.17,12.658227848101266,3.7974683544303796,48.309178743961354,5.6,0.0,0.0,0.0,0.0,0,0,0,0,0
20522,Oaxaca,Santo Domingo Xagacía,Santo Domingo Xagacía,17.1555425,-96.26796138888889,1205,0.0,7.800829875518672,6.1,6.571428571428571,10.857142857142858,54.13870246085011,3.6514522821576763,29.04564315352697,82.98755186721992,0.0,0.0,0,0,0,0,0
20523,Oaxaca,Santo Domingo Yanhuitlán,Santo Domingo Yanhuitlán,17.528042777777777,-97.34230944444444,1633,0.0,6.0012247397428045,8.78,32.818532818532816,29.536679536679536,49.357520786092216,19.779546846295162,21.432945499081445,61.2369871402327,0.0,18.37109614206981,0,0,0,0,0
20524,Oaxaca,Santo Domingo Yodohino,Santo Domingo Yodohino,17.61688638888889,-97.68302222222222,327,0.0,9.480122324159021,6.35,10.588235294117647,1.1764705882352942,38.4083044982699,0.6116207951070336,0.0,0.0,0.0,0.0,0,0,0,0,0
20525,Oaxaca,Santo Domingo Zanatepec,Santo Domingo Zanatepec,16.48280361111111,-94.35390333333332,12483,0.0,8.996234879436033,7.43,18.407960199004975,15.841843414506416,58.30158411870864,11.335416165985741,40.37490987743331,130.57758551630218,0.0,2.403268445085316,0,0,0,0,0
20526,Oaxaca,Santos Reyes Nopala,Santos Reyes Nopala,16.106764444444448,-97.14444694444445,16688,0.0,11.583173537871524,6.73,9.786000891662951,22.135532768613466,63.56288136936366,11.301534036433365,27.145254074784276,90.48418024928093,0.0,2.9961649089165867,0,0,0,0,0
20527,Oaxaca,Santos Reyes Pápalo,Santos Reyes Pápalo,17.804656666666666,-96.86087777777777,2490,0.0,10.0,5.79,2.6101141924959217,0.3262642740619902,35.52060737527115,0.8433734939759037,4.819277108433735,16.06425702811245,0.0,4.016064257028113,0,0,0,0,0
20528,Oaxaca,Santos Reyes Tepejillo,Santos Reyes Tepejillo,17.437755833333334,-97.9383225,904,0.0,5.530973451327434,4.68,27.874564459930312,1.0452961672473868,39.83516483516483,43.36283185840708,23.23008849557522,77.43362831858407,0.0,0.0,0,0,0,0,0
20529,Oaxaca,Santos Reyes Yucuná,Santos Reyes Yucuná,17.777740833333333,-98.00452666666666,1474,0.0,15.128900949796472,5.65,16.929133858267715,1.5748031496062993,49.39422180801491,0.8141112618724559,0.0,0.0,0.0,0.0,0,0,0,0,0
20530,Oaxaca,Santo Tomás Jalieza,Santo Domingo Jalieza,16.869513055555554,-96.62923527777777,3923,0.0,13.561050216670916,7.63,28.335056876938985,44.570837642192345,54.84084880636605,7.213866938567423,9.176650522559266,30.588835075197554,0.0,0.0,0,0,0,0,0
20531,Oaxaca,Santo Tomás Mazaltepec,Santo Tomás Mazaltepec,17.173526666666667,-96.87153333333333,2612,0.0,11.0260336906585,8.42,23.564064801178205,27.098674521354933,64.62058965683906,13.284839203675345,18.376722817764165,61.25574272588055,0.0,0.0,0,0,0,0,0
20532,Oaxaca,Santo Tomás Ocotepec,Diecinueve de Abril,17.134724444444444,-97.7808111111111,4066,0.0,8.903098868666994,6.43,15.289648622981955,5.698005698005698,21.761491481838636,12.96114117068372,5.164781111657649,17.21593703885883,0.0,0.0,0,0,0,0,0
20533,Oaxaca,Santo Tomás Tamazulapan,Santo Tomás Tamazulapan,16.272034444444444,-96.58582888888888,2726,0.0,11.335289801907557,7.24,35.120643431635386,37.66756032171582,53.04307116104869,9.611151870873075,21.27659574468085,58.694057226705795,0.0,3.668378576669112,0,0,0,0,0
20534,Oaxaca,San Vicente Coatlán,San Vicente Coatlán,16.386885555555555,-96.84495416666667,3512,0.0,10.791571753986332,5.23,26.47754137115839,2.955082742316785,30.424971793907485,0.39863325740318906,9.39635535307517,31.321184510250568,0.0,0.0,0,0,0,0,0
20535,Oaxaca,San Vicente Lachixío,Ejido el Rincón,16.63472722222222,-97.04015444444444,3227,0.0,12.116516888751162,6.44,14.94413407821229,2.2346368715083798,37.29593972373378,3.2228075612023552,9.916330957545709,27.889680818097304,0.0,0.0,0,0,0,0,0
20536,Oaxaca,San Vicente Nuñú,San Vicente Nuñú,17.456760833333334,-97.44228361111111,449,0.0,8.68596881959911,7.18,19.867549668874172,6.622516556291391,61.394101876675606,9.57683741648107,0.0,0.0,0.0,0.0,0,0,0,0,0
20537,Oaxaca,Silacayoápam,Silacayoápam,17.50144722222222,-98.14258527777778,6710,0.0,9.493293591654247,6.52,29.818181818181817,6.753246753246753,49.14004914004914,9.865871833084947,19.523099850968702,62.59314456035767,0.0,5.961251862891207,0,0,0,0,0
20538,Oaxaca,Sitio de Xitlapehua,Sitio de Xitlapehua,16.351036111111114,-96.53260305555555,713,0.0,12.622720897615709,6.65,30.541871921182267,3.9408866995073892,53.80434782608695,4.207573632538569,0.0,0.0,0.0,0.0,0,0,0,0,0
20539,Oaxaca,Soledad Etla,Soledad Etla,17.17168416666667,-96.82075694444444,6348,0.0,11.846250787649653,9.68,36.90832834032355,35.53025763930497,62.16741114779569,29.615626969124133,19.376181474480152,64.5872715816005,0.0,3.15059861373661,0,0,0,0,0
20540,Oaxaca,Villa de Tamazulápam del Progreso,Villa de Tamazulápam del Progreso,17.67306277777778,-97.57284805555555,8326,0.0,12.995435983665626,9.69,39.3640841916704,32.870577698163906,61.91776665149446,34.54239730963248,39.87509007926976,124.90992073024262,0.0,8.407398510689406,0,0,0,0,0
20541,Oaxaca,Tanetze de Zaragoza,Tanetze de Zaragoza,17.376733055555555,-96.30223611111111,1558,0.0,8.664955070603337,7.27,8.41683366733467,9.819639278557114,54.860587792012055,12.195121951219512,7.702182284980744,25.673940949935815,0.0,0.0,0,0,0,0,0
20542,Oaxaca,Taniche,Taniche,16.566964444444444,-96.75358138888889,887,0.0,10.372040586245772,6.25,21.2,8.8,50.842696629213485,1.8038331454340473,6.764374295377678,22.547914317925592,0.0,0.0,0,0,0,0,0
20543,Oaxaca,Tataltepec de Valdés,Santa Cruz Tepenixtlahuaca,16.293125000000003,-97.49246972222222,6386,0.0,13.279047917319136,6.32,7.664009809932557,3.004291845493562,50.010541851149064,3.178828687754463,17.85155026620733,59.50516755402443,0.0,0.0,0,0,0,0,0
20544,Oaxaca,Teococuilco de Marcos Pérez,Teococuilco de Marcos Pérez,17.35198916666667,-96.61494444444443,1032,0.0,8.333333333333334,6.83,25.33783783783784,21.283783783783782,48.96214896214896,3.488372093023256,20.348837209302324,67.82945736434108,0.0,9.689922480620154,0,0,0,0,0
20545,Oaxaca,Teotitlán de Flores Magón,Teotitlán de Flores Magón,18.132334444444446,-97.07070416666666,10099,0.0,11.060501039706901,9.49,22.920517560073936,39.00184842883549,59.765373211293024,26.59669274185563,35.9441528864244,114.86285770868403,0.0,5.94118229527676,0,0,0,0,0
20546,Oaxaca,Teotitlán del Valle,Teotitlán del Valle,17.029579444444444,-96.51894861111111,6392,0.0,9.77784730913642,7.53,39.256198347107436,47.52066115702479,68.85890949971895,8.96433041301627,36.68648310387985,100.12515644555694,1.5625,1.5644555694618272,0,0,0,0,0
20547,Oaxaca,Teotongo,Teotongo,17.726323333333333,-97.5367125,1005,0.0,7.7611940298507465,7.48,31.5625,8.4375,55.99505562422744,9.751243781094526,23.880597014925375,79.60199004975124,0.0,0.0,0,0,0,0,0
20548,Oaxaca,Tepelmeme Villa de Morelos,Tepelmeme Villa de Morelos,17.874806111111113,-97.36219805555555,1960,0.0,9.948979591836734,6.92,26.289517470881865,25.79034941763727,59.19463087248322,6.224489795918367,62.244897959183675,198.9795918367347,0.0,15.306122448979592,0,0,0,0,0
20549,Oaxaca,"Heroica Villa Tezoatlán de Segura y Luna, Cuna de la Independencia de Oaxaca",Yucuquimi de Ocampo,17.583567777777777,-97.88206666666666,11465,0.0,10.588748364587875,6.19,23.07459066100667,7.580351728320194,63.30234617087207,7.919755778456171,9.856083733100741,31.39991277802006,0.0,0.8722197993894462,0,0,0,0,0
20550,Oaxaca,San Jerónimo Tlacochahuaya,Macuilxóchitl de Artigas Carranza,17.015523055555555,-96.5410111111111,5764,0.0,9.559333795975018,8.53,29.942418426103647,40.81893793985925,62.79464854533871,21.478140180430255,33.13671061762665,107.56419153365718,0.0,1.7349063150589867,0,0,0,0,0
20551,Oaxaca,Tlacolula de Matamoros,Tlacolula de Matamoros,16.955623888888887,-96.479215,30254,50.56521451708865,10.064784821841739,9.19,31.701771182383915,39.03781713738631,64.08358911827776,34.41197858134461,36.408408805447216,108.41541614331989,0.3048780487804878,1.6526740265749984,0,0,0,0,0
20552,Oaxaca,Tlacotepec Plumas,Tlacotepec Plumas,17.850777222222224,-97.43282916666666,410,0.0,8.048780487804878,6.95,11.594202898550725,5.072463768115942,53.00859598853868,6.585365853658536,14.634146341463415,48.78048780487805,0.0,0.0,0,0,0,0,0
20553,Oaxaca,Tlalixtac de Cabrera,Tlalixtac de Cabrera,17.074484444444444,-96.64841694444445,12067,0.0,11.56045413110135,9.69,44.83643361128929,54.36177036561899,66.61824219155339,26.06281594431093,57.429352780309934,162.4264523079473,2.0408163265306123,2.486119167978785,0,0,0,0,0
20554,Oaxaca,Totontepec Villa de Morelos,Totontepec Villa de Morelos,17.258633888888887,-96.02735472222223,5904,0.0,8.739837398373984,5.96,8.36627140974967,8.563899868247693,46.25028493275587,3.0149051490514904,5.08130081300813,16.937669376693766,0.0,1.6937669376693767,0,0,0,0,0
20555,Oaxaca,Trinidad Zaachila,Trinidad Zaachila,16.921227222222225,-96.76534333333333,3419,0.0,11.611582334015795,7.9,25.414364640883978,36.13259668508287,51.54714233709501,13.922199473530272,7.0195963732085405,23.398654577361803,0.0,0.0,0,0,0,0,0
20556,Oaxaca,La Trinidad Vista Hermosa,La Trinidad Vista Hermosa,17.772630277777775,-97.50575138888888,306,0.0,6.5359477124183005,7.51,37.362637362637365,58.24175824175824,42.67782426778243,6.5359477124183005,0.0,0.0,0.0,0.0,0,0,0,0,0
20557,Oaxaca,Unión Hidalgo,Unión Hidalgo,16.472823888888886,-94.82893888888889,14542,0.0,9.881721908953377,9.25,21.073605250820442,36.45100796999531,55.292537564005706,31.329940860954476,47.03617109063403,153.34892036858753,0.0,1.3753266400770183,0,0,0,0,0
20558,Oaxaca,Valerio Trujano,Valerio Trujano,17.771714444444445,-96.98022083333333,1376,0.0,9.375,7.86,13.625866050808314,17.551963048498845,48.24868651488617,15.915697674418604,4.3604651162790695,14.534883720930232,0.0,0.0,0,0,0,0,0
20559,Oaxaca,San Juan Bautista Valle Nacional,San Juan Bautista Valle Nacional,17.774953333333332,-96.30404472222222,23067,0.0,10.426149911128451,7.56,16.509042641446822,23.278579724572754,58.62643773962327,8.926171587115793,14.978107252785364,45.95309316339359,0.9433962264150944,2.1675987341223393,0,0,0,0,0
20560,Oaxaca,Villa Díaz Ordaz,San Miguel del Valle,17.018867222222223,-96.41911388888889,6467,0.0,9.355187876913561,6.24,18.14516129032258,21.025345622119815,62.33295150820924,4.020411319004175,17.627957321787537,58.75985773929179,0.0,1.5463120457708366,0,0,0,0,0
20561,Oaxaca,Yaxe,Yaxe,16.725126666666664,-96.47247861111111,2954,0.0,12.830060934326337,7.28,9.420289855072463,15.942028985507246,49.163449163449165,6.939742721733243,11.17129316181449,37.23764387271496,0.0,0.0,0,0,0,0,0
20562,Oaxaca,Magdalena Yodocono de Porfirio Díaz,Magdalena Yodocono de Porfirio Díaz,17.38509388888889,-97.3549761111111,1682,0.0,10.344827586206897,7.99,24.312896405919663,21.56448202959831,55.446293494704996,9.750297265160523,23.18668252080856,77.28894173602853,0.0,5.945303210463734,0,0,0,0,0
20563,Oaxaca,Yogana,Yogana,16.46121388888889,-96.78855444444444,1245,0.0,9.076305220883533,4.43,28.496042216358838,13.192612137203167,31.6147859922179,0.8835341365461847,2.4096385542168677,8.032128514056225,0.0,0.0,0,0,0,0,0
20564,Oaxaca,Yutanduchi de Guerrero,Yutanduchi de Guerrero,17.03945527777778,-97.29749888888888,1195,0.0,6.108786610878661,6.29,7.712082262210797,12.853470437017995,51.54419595314164,3.096234309623431,12.552301255230125,41.84100418410042,0.0,0.0,0,0,0,0,0
20565,Oaxaca,Villa de Zaachila,Villa de Zaachila,16.950717777777776,-96.75058833333334,46464,70.37276170798899,12.157799586776859,9.15,29.302168021680217,29.649390243902438,66.7036349017107,23.846418732782368,28.850292699724516,86.30337465564739,0.7481296758104738,0.43044077134986225,1,0,0,0,0
20566,Oaxaca,San Mateo Yucutindoo,San Mateo Yucutindoo,16.7368175,-97.48313138888889,3144,0.0,10.687022900763358,6.25,14.794215795328142,15.350389321468299,37.82426778242678,3.3396946564885495,11.450381679389313,38.16793893129771,0.0,0.0,0,0,0,0,0
20567,Oaxaca,Zapotitlán Lagunas,Zapotitlán Lagunas,17.755475833333332,-98.38957472222224,3382,0.0,10.467179183914844,5.25,34.518348623853214,14.908256880733944,40.95427435387674,2.4541691306918985,21.289178001182734,70.96392667060911,0.0,0.0,0,0,0,0,0
20568,Oaxaca,Zapotitlán Palmas,Zapotitlán Palmas,17.88986277777778,-97.81814805555555,1695,0.0,9.616519174041297,6.31,36.68032786885246,20.69672131147541,50.27068832173241,7.1386430678466075,5.3097345132743365,17.699115044247787,0.0,0.0,0,0,0,0,0
20569,Oaxaca,Santa Inés de Zaragoza,Santa Inés de Zaragoza,17.228501388888887,-97.15922388888889,1454,0.0,6.121045392022008,6.49,12.31732776617954,5.845511482254698,38.07017543859649,5.15818431911967,28.88583218707015,96.28610729023384,0.0,0.0,0,0,0,0,0
20570,Oaxaca,Zimatlán de Álvarez,Zimatlán de Álvarez,16.86668611111111,-96.78563305555555,22093,0.0,11.03969583125877,8.65,30.25238744884038,26.05729877216917,65.77416940173893,17.856334585615354,38.247408681482824,115.42117412755171,0.7843137254901961,3.6210564432173085,0,0,0,0,0
21001,Puebla,Acajete,Acajete,19.10494027777778,-97.952715,72894,0.0,12.940708425933547,7.54,31.36739787206095,22.527256009457506,59.563292563967885,9.875984305978545,13.080637638214393,41.430021675309355,0.33112582781456956,0.6859275111806185,0,0,0,0,0
21002,Puebla,Acateno,San José Acateno,20.129905277777777,-97.21040361111112,9170,0.0,10.774263904034896,7.18,23.745691306013022,7.506702412868632,57.7354874041621,15.616139585605234,18.3206106870229,61.06870229007634,0.0,1.0905125408942202,0,0,0,0,0
21003,Puebla,Acatlán,Acatlán de Osorio,18.202301388888888,-98.04860583333333,37955,50.95771308128047,11.200105387959425,8.72,29.868084268556803,22.62256349675133,60.71952259164535,16.846265314187853,32.051113160321435,98.27427216440522,0.8042895442359249,2.8981688842049795,1,0,0,0,0
21004,Puebla,Acatzingo,Acatzingo de Hidalgo,18.979454999999998,-97.78545972222221,63743,49.57250207865962,13.566979903675698,7.72,34.86578674180632,19.00489396411093,63.12278150793311,4.930737492744301,17.900004706399134,51.299750560845894,0.6116207951070336,1.8825596536090237,0,0,0,0,0
21005,Puebla,Acteopan,Acteopan,18.76502027777778,-98.71529138888889,3070,0.0,12.247557003257329,6.33,20.352941176470587,2.4705882352941178,67.0364500792393,0.9771986970684039,3.9087947882736156,13.029315960912053,0.0,0.0,0,0,0,0,0
21006,Puebla,Ahuacatlán,Tlacotepec (San Mateo),20.061779444444443,-97.84948861111111,14542,0.0,11.532113877045798,6.06,8.37222069722756,9.11336810321164,61.09403254972875,5.707605556319626,7.839361848439005,26.131206161463346,0.0,2.0629899601155275,0,0,0,0,0
21007,Puebla,Ahuatlán,Ahuatlán,18.57301111111111,-98.25523,3162,0.0,7.7798861480075905,6.13,25.982256020278832,4.309252217997465,36.37894736842105,1.0120177103099304,9.487666034155598,31.625553447185325,0.0,0.0,0,0,0,0,0
21008,Puebla,Ahuazotepec,Ahuazotepec,20.04604666666667,-98.16234750000001,11439,0.0,10.770172217851211,8.44,45.13153399385036,28.629996583532627,53.669197147458014,14.074656875601015,13.113034356150013,43.71011452050004,0.0,0.8742022904100009,0,0,0,0,0
21009,Puebla,Ahuehuetitla,Ahuehuetitla,18.2107675,-98.22135527777777,2207,0.0,9.379247847757137,7.24,37.27714748784441,5.510534846029174,41.16597263533611,6.9777979157227,14.952424105120073,49.84141368373358,0.0,0.0,0,0,0,0,0
21010,Puebla,Ajalpan,Ciudad de Ajalpan,18.377536666666668,-97.25830444444445,74768,42.391129895142306,13.959180398031243,6.63,16.545746388443018,18.683788121990368,73.6793343990699,8.593248448534132,17.82179542050075,56.173764177188104,0.23809523809523808,0.5349882302589343,0,0,0,0,0
21011,Puebla,Albino Zertuche,Acaxtlahuacán de Albino Zertuche,18.017277222222223,-98.54015888888888,1885,0.0,9.708222811671087,6.52,20.743639921722114,28.180039138943247,28.37370242214533,1.0079575596816976,26.52519893899204,79.57559681697613,0.0,0.0,0,0,0,0,0
21012,Puebla,Aljojuca,Aljojuca,19.10040638888889,-97.53133527777777,6591,0.0,10.650887573964496,7.57,30.89097303634232,15.59202813599062,50.84033613445378,8.906084054013048,9.558488848429677,31.86162949476559,0.0,1.5172204521316948,0,0,0,0,0
21013,Puebla,Altepexi,Altepexi,18.366766944444446,-97.29917972222222,22629,94.15793892792435,12.183481373458836,6.92,27.14346349745331,34.52886247877759,70.41587356520736,13.20871448141765,37.47403773918423,113.12917053338636,0.78125,1.7676432895841618,0,0,0,0,0
21014,Puebla,Amixtlán,Amixtlán,20.049436944444444,-97.79891694444444,4812,0.0,10.972568578553616,6.18,6.65680473372781,7.914201183431953,41.332982086406744,7.29426433915212,13.71571072319202,45.7190357439734,0.0,0.0,0,0,0,0,0
21015,Puebla,Amozoc,Amozoc de Mota,19.04461277777778,-98.04491694444444,125876,75.72690584384632,12.946073914010613,9.27,34.149121418394806,44.30900744024062,61.72206615129083,36.05770758524262,21.096158123867934,63.63405255966189,0.8739076154806492,1.0327624010931393,2,4,2,0,0
21016,Puebla,Aquixtla,El Terrero,19.786841944444447,-97.95361,9021,0.0,11.074160292650483,7.21,35.327177840224806,21.67804094741068,60.255109436150164,5.143553929719543,3.9906883937479214,13.302294645826406,0.0,2.217049107637734,0,0,0,0,0
21017,Puebla,Atempan,Atempan,19.8399,-97.45927861111112,29742,0.0,12.985004370923274,7.7,23.493714781100998,14.029764484901026,65.24212634261788,10.113644005110618,15.752135027906665,49.425055477103086,0.6802721088435374,1.0086746015735324,0,0,0,0,0
21018,Puebla,Atexcal,San Martín Atexcal,18.398350833333332,-97.73681694444444,3859,0.0,9.587976159626846,7.2,21.299638989169676,17.870036101083034,41.69491525423729,15.651723244363826,6.219227779217414,20.730759264058047,0.0,2.591344908007256,0,0,0,0,0
21019,Puebla,Atlixco,Atlixco,18.90884833333333,-98.4341675,141793,62.98900509898232,12.199473880939115,9.39,38.62880259760998,46.272589359380405,66.34025725941068,28.39914523283942,33.77106063063762,87.94510307278921,2.6463512429831595,5.218875402876024,9,4,4,0,0
21020,Puebla,Atoyatempan,Atoyatempan,18.822566944444443,-97.91374972222222,7704,0.0,13.14901349948079,7.86,30.983606557377048,21.74863387978142,62.07608882768118,2.9335410176531673,20.37902388369678,63.60332294911734,0.0,1.2980269989615785,0,0,0,0,0
21021,Puebla,Atzala,Atzala,18.54482,-98.55427583333334,1512,0.0,12.367724867724867,8.17,32.83582089552239,39.0547263681592,50.809889173060526,28.43915343915344,19.841269841269842,66.13756613756614,0.0,0.0,0,0,0,0,0
21022,Puebla,Atzitzihuacán,San Juan Amecac,18.834315277777776,-98.65829472222222,12857,0.0,11.962355137279303,6.75,27.46370095767686,14.025332097621254,59.2792976725194,4.837831531461461,14.700163335148169,49.0005444504939,0.0,0.0,0,0,0,0,0
21023,Puebla,Atzitzintla,Atzitzintla,18.897381944444444,-97.32738777777777,9051,0.0,12.473759805546349,6.5,32.77270543008169,9.514656415185007,57.13193701268919,2.441719147055574,11.600928074245939,38.669760247486465,0.0,1.1048502927853276,0,0,0,0,0
21024,Puebla,Axutla,Axutla,18.18855388888889,-98.38940333333333,976,0.0,9.938524590163935,6.15,35.333333333333336,3.3333333333333335,46.592317224287484,26.12704918032787,6.147540983606557,20.491803278688526,0.0,0.0,0,0,0,0,0
21025,Puebla,Ayotoxco de Guerrero,Ayotoxco de Guerrero,20.097159444444443,-97.41052361111112,8208,0.0,10.53849902534113,7.79,17.38567730802416,9.1458153580673,61.864139020537124,8.223684210526315,26.193957115009745,85.28265107212475,0.0,3.654970760233918,0,0,0,0,0
21026,Puebla,Calpan,San Andrés Calpan,19.107938055555557,-98.45923916666666,15271,0.0,12.553205422041778,7.48,34.93340732519423,37.12541620421754,62.45852687458527,6.024490865038308,16.076222906162005,49.76753323292515,1.3157894736842106,1.3096719271822408,0,0,0,0,0
21027,Puebla,Caltepec,San Luis Atolotitlán (Atolotitlán),18.18811388888889,-97.4237663888889,4128,0.0,8.042635658914728,6.65,14.779116465863455,19.116465863453815,53.881002718212024,6.395348837209302,2.9069767441860463,9.689922480620154,0.0,0.0,0,0,0,0,0
21028,Puebla,Camocuautla,Camocuautla,20.038487777777778,-97.75772694444444,2758,0.0,13.052936910804931,6.07,2.4861878453038675,3.314917127071823,44.62264150943396,1.704133430021755,8.701957940536621,29.0065264684554,0.0,0.0,0,0,0,0,0
21029,Puebla,Caxhuacan,Caxhuacan,20.063958055555556,-97.60661722222221,3811,0.0,10.75833114668066,7.71,9.548793284365162,15.84470094438615,47.273936170212764,22.251377591183417,20.46706901075833,68.22356336919444,0.0,2.623983206507478,0,0,0,0,0
21030,Puebla,Coatepec,Coatepec,20.062145,-97.73226611111112,772,0.0,11.528497409326425,6.63,9.821428571428571,29.017857142857142,44.46280991735537,4.7927461139896375,27.202072538860104,90.67357512953367,0.0,0.0,0,0,0,0,0
21031,Puebla,Coatzingo,Coatzingo,18.615143333333336,-98.1742163888889,2820,0.0,9.25531914893617,5.81,32.233502538071065,9.137055837563452,41.39685476410731,0.8156028368794326,38.297872340425535,127.65957446808511,0.0,0.0,0,0,0,0,0
21032,Puebla,Cohetzala,Santa Mónica,18.209176666666664,-98.80349305555555,1382,0.0,7.88712011577424,6.57,23.444976076555022,17.22488038277512,36.230558096980786,3.979739507959479,8.683068017366136,28.94356005788712,0.0,0.0,0,0,0,0,0
21033,Puebla,Cohuecan,Cohuecan,18.783205,-98.7204888888889,5403,0.0,10.08698870997594,7.85,35.58692421991085,8.395245170876672,50.692588092345076,3.3870072182121045,2.77623542476402,9.254118082546734,0.0,0.0,0,0,0,0,0
21034,Puebla,Coronango,Santa María Coronango,19.13110222222222,-98.30807361111111,46836,69.90349303954223,12.853360662738064,9.8,49.45240851215386,47.92983705814264,62.94825113097208,25.286104705781877,22.7068921342557,62.34520454351354,1.7123287671232876,0.6405329233922623,3,3,3,1,1
21035,Puebla,Coxcatlán,Coxcatlán,18.266533055555556,-97.14711305555556,20653,0.0,11.489856195225876,8.35,22.026947861745754,26.479203280609255,57.48488214241639,23.570425604028472,21.159153633854647,69.72352684839974,0.0,1.452573476008328,0,0,0,0,0
21036,Puebla,Coyomeapan,Tlixco (Sección Tercera),18.27414361111111,-96.99855277777777,14806,0.0,10.522761042820479,5.38,8.376214979988564,5.4030874785591765,38.245845921450154,1.1616912062677294,2.6340672700256653,8.780224233418885,0.0,2.0262055923274347,0,0,0,0,0
21037,Puebla,Coyotepec,San Vicente Coyotepec,18.40441583333333,-97.83077999999999,2334,0.0,8.868894601542417,7.63,31.770833333333332,19.791666666666668,44.380554103502355,27.59211653813196,10.282776349614396,34.27592116538132,0.0,0.0,0,0,0,0,0
21038,Puebla,Cuapiaxtla de Madero,Cuapiaxtla de Madero,18.916873333333335,-97.82529749999999,10542,0.0,13.39404287611459,7.72,38.985200845665965,20.29598308668076,61.96430897485997,3.3959400493265037,31.113640675393665,95.80724720166951,0.0,2.8457598178713717,0,0,0,0,0
21039,Puebla,Cuautempan,San Esteban Cuautempan,19.912638333333334,-97.79624111111112,9837,0.0,10.978956999085087,7.13,12.242042672263029,6.3658621895767755,64.37934724451578,5.062519060689235,10.673985971332723,35.57995323777575,0.0,2.033140185015757,0,0,0,0,0
21040,Puebla,Cuautinchán,San Jerónimo Almoloya,18.940606111111112,-98.01162583333333,12340,0.0,13.33063209076175,7.63,32.36101578586136,12.69732326698696,64.30594900849859,9.294975688816855,10.85899513776337,34.84602917341977,0.0,0.0,0,0,0,0,0
21041,Puebla,Cuautlancingo,San Juan Cuautlancingo,19.089346944444443,-98.27331,137435,84.86484519954888,11.519627460253938,11.32,48.61708069255239,62.361283116000095,64.68161500031734,58.795066758831446,20.173172772583403,60.028377050969546,1.0909090909090908,0.43657001491614217,6,3,3,0,0
21042,Puebla,Cuayuca de Andrade,San Pedro Cuayuca,18.486664722222223,-98.18386444444445,3315,0.0,9.321266968325792,6.62,24.105263157894736,8.421052631578947,26.926070038910506,4.6455505279034695,16.289592760180994,54.29864253393665,0.0,3.0165912518853695,0,0,0,0,0
21043,Puebla,Cuetzalan del Progreso,Ciudad de Cuetzalan,20.018520277777778,-97.52077055555556,49864,0.0,11.405021658912242,7.47,9.55207344096233,10.224754669199113,70.72672515385622,7.382079255575165,12.263356329215465,35.69709610139579,0.5617977528089888,8.222364832343976,0,0,0,0,0
21044,Puebla,Cuyoaco,San Andrés Payuca,19.525262777777776,-97.61762777777777,17139,0.0,11.400898535503822,7.93,32.91940589237887,21.207694180667154,55.707692307692305,9.9188984188109,12.077717486434448,40.25905828811483,0.0,0.0,0,0,0,0,0
21045,Puebla,Chalchicomula de Sesma,Ciudad Serdán,18.98826,-97.44849583333334,47410,53.71862476270829,11.634676228643746,8.36,27.304540798907478,25.597473540457493,58.70969492997503,14.165787808479223,18.118540392322295,54.41889896646277,0.0,4.8512971946846655,2,0,0,0,0
21046,Puebla,Chapulco,Chapulco,18.620488055555555,-97.41116722222223,8193,0.0,13.023312583913096,7.55,26.096033402922757,31.941544885177453,61.01583113456464,17.649212742585135,17.39289637495423,48.82216526302942,2.5,1.2205541315757353,0,0,0,0,0
21047,Puebla,Chiautla,Ciudad de Chiautla de Tapia,18.299651111111114,-98.6027811111111,21699,0.0,11.281625881377021,8.24,29.302086897023607,25.196715703044816,54.70237039664243,20.46638093921379,34.172081662749434,105.07396654223697,0.43859649122807015,2.3042536522420387,0,0,0,0,0
21048,Puebla,Chiautzingo,San Lorenzo Chiautzingo,19.202914444444446,-98.46825916666667,22039,0.0,13.004219792186579,8.53,38.696781930841496,32.78033180091945,66.20302729238502,15.30014973456146,19.283996551567675,63.52375334634058,0.0,0.45374109533100415,0,0,0,0,0
21049,Puebla,Chiconcuautla,Chiconcuautla,20.0947675,-97.93962555555557,17382,0.0,13.675066160395811,5.59,8.357843137254902,1.6911764705882353,74.12482179629336,3.3080197905879647,2.5888850535036245,8.629616845012082,0.0,0.5753077896674721,0,0,0,0,0
21050,Puebla,Chichiquila,Chichiquila,19.2002575,-97.06770999999999,26928,0.0,14.100564468211527,5.78,13.933345885897195,7.776313311993975,63.01446333417914,3.3682412358882945,2.5623885918003566,8.541295306001189,0.0,0.37136066547831253,0,0,0,0,0
21051,Puebla,Chietla,Atencingo,18.51189111111111,-98.6073286111111,37030,0.0,10.799351876856603,7.86,31.766312298839363,33.69745440358919,54.800636854492595,35.962732919254655,24.4936537942209,80.74534161490683,0.0,1.080205238995409,0,0,0,0,0
21052,Puebla,Chigmecatitlán,Chigmecatitlán,18.645566111111112,-98.0756211111111,1215,0.0,9.465020576131687,6.35,7.792207792207792,20.25974025974026,50.767754318618046,1.5637860082304527,24.691358024691358,82.3045267489712,0.0,16.46090534979424,0,0,0,0,0
21053,Puebla,Chignahuapan,Ciudad de Chignahuapan,19.83822333333333,-98.03097527777777,66464,34.4607607125662,11.320414058738566,8.02,45.21282798833819,23.393586005830905,64.10454105134136,12.185544053923929,19.717441020702935,54.31511795859413,1.9390581717451523,10.231102551757342,4,0,0,0,0
21054,Puebla,Chignautla,Chignautla,19.813911944444445,-97.38958972222223,35223,0.0,13.44292081878318,7.4,16.05095541401274,15.681528662420382,66.63092594010875,15.620475257644152,12.57700934048775,37.1916077562956,1.5267175572519085,1.135621610879255,0,0,0,0,0
21055,Puebla,Chila,Chila,17.97001583333333,-97.86166027777777,5082,0.0,10.999606454151909,7.31,27.680448493342677,16.608269096005607,38.0746761493523,5.6080283353010625,14.167650531286895,47.22550177095631,0.0,0.0,0,0,0,0,0
21056,Puebla,Chila de la Sal,Chila de la Sal,18.1091,-98.48432222222222,1317,0.0,9.41533788914199,6.1,21.830985915492956,21.12676056338028,41.52542372881356,2.809415337889142,13.66742596810934,45.558086560364465,0.0,0.0,0,0,0,0,0
21057,Puebla,Honey,Chila de Juárez,20.278689999999997,-98.21298694444445,6687,0.0,10.094212651413189,6.64,37.55199049316696,16.93404634581105,54.74689977637731,6.3855241513384176,6.280843427545984,20.936144758486616,0.0,1.4954389113204725,0,0,0,0,0
21058,Puebla,Chilchotla,Rafael J. García,19.255201944444444,-97.18389333333333,21002,0.0,11.636986953623465,5.67,22.063565177337633,10.732381391064026,52.66351090072671,3.556804113893915,16.141319874297686,51.423673935815636,0.0,3.33301590324731,0,0,0,0,0
21059,Puebla,Chinantla,Chinantla,18.200502222222223,-98.26316388888888,2846,0.0,10.50597329585383,7.4,30.83645443196005,19.350811485642947,47.732478240952815,6.9571328179901615,26.001405481377372,80.81517919887561,0.0,7.027406886858749,0,0,0,0,0
21060,Puebla,Domingo Arenas,Domingo Arenas,19.14202861111111,-98.45750916666667,7982,0.0,14.607867702330243,7.44,31.34087237479806,32.364028002154015,62.69133725820017,7.567025808068153,11.150087697318968,35.07892758707091,0.0,0.0,0,0,0,0,0
21061,Puebla,Eloxochitlán,Eloxochitlán,18.498946944444445,-96.95483722222222,14461,0.0,13.588271903741097,5.57,4.1246290801186944,5.8753709198813056,45.27536778574123,0.864393887006431,3.457575548025724,10.372726644077174,0.0,0.6915151096051448,0,0,0,0,0
21062,Puebla,Epatlán,San Juan Epatlán,18.641786666666665,-98.37078888888888,4943,0.0,10.560388428080113,7.54,29.044394281414597,25.959367945823928,50.48671402262563,15.253894396115719,19.62371029739025,58.66882460044507,0.0,2.0230629172567265,0,0,0,0,0
21063,Puebla,Esperanza,Esperanza,18.858356944444445,-97.37512638888889,14766,0.0,11.783827712312068,7.91,30.421849648458625,19.064359113034072,57.39650249821556,13.625897331707979,26.00568874441284,73.1409995936611,1.8518518518518519,1.3544629554381689,0,0,0,0,0
21064,Puebla,Francisco Z. Mena,Metlaltoyuca,20.733694166666666,-97.8521375,17824,0.0,8.791517055655296,7.42,26.319921491658487,17.134445534838076,63.32836138930322,5.133527827648115,11.613554757630162,38.71184919210054,0.0,1.1220825852782765,0,0,0,0,0
21065,Puebla,General Felipe Ángeles,Santa Úrsula Chiconquiac,19.013256666666667,-97.6759213888889,22694,0.0,12.14858552921477,6.81,27.601809954751133,13.461538461538462,64.77649006622516,4.807438089362827,13.902353044857671,42.30193002555742,1.0416666666666667,0.0,0,0,0,0,0
21066,Puebla,Guadalupe,Guadalupe,18.09146722222222,-98.12042138888889,6451,0.0,11.207564718648271,6.42,31.98707592891761,6.515885837372106,43.208895949166006,2.433731204464424,14.416369555107735,48.05456518369245,0.0,0.0,0,0,0,0,0
21067,Puebla,Guadalupe Victoria,Guadalupe Victoria,19.289786388888892,-97.34269555555555,18784,0.0,12.627768313458262,7.45,32.74941251869259,20.700704977568897,61.405473507384336,7.059199318568995,23.344335604770016,70.27257240204429,0.7575757575757576,2.6618398637137988,0,0,0,0,0
21068,Puebla,Hermenegildo Galeana,Bienvenido,20.12173361111111,-97.74462083333333,7011,0.0,8.087291399229782,5.58,4.3086172344689375,13.226452905811623,55.710565476190474,4.364569961489089,4.7068891741549,15.689630580516331,0.0,1.426330052774212,0,0,0,0,0
21069,Puebla,Huaquechula,Cacaloxúchitl,18.786795555555557,-98.48634611111112,29233,0.0,12.499572401053603,6.99,30.729957223678763,23.14060990754795,63.45774268795981,6.249786200526802,9.44138473642801,31.471282454760033,0.0,0.34207915711695686,0,0,0,0,0
21070,Puebla,Huatlatlauca,Tepetzitzintla,18.686382777777776,-98.07573472222222,6111,0.0,9.900180003272787,5.91,25.042301184433164,13.931190073322053,55.76571079926784,5.972835869743086,8.263786614302079,18.000327278677794,9.090909090909092,1.6363933889707085,0,0,0,0,0
21071,Puebla,Huauchinango,Huauchinango,20.17469777777778,-98.05134,103946,56.71887326111635,11.580051180420604,9.1,29.664551223934723,32.59836808703536,62.98745041291385,19.868008388971198,27.60086968233506,82.5428587920651,0.6993006993006993,3.8481519250380005,7,0,0,0,0
21072,Puebla,Huehuetla,Cinco de Mayo,20.131570833333335,-97.6310675,17082,0.0,10.285680833626039,5.89,4.640489546149923,5.5328913819479855,46.031025349981086,4.817937009717832,11.415525114155251,35.12469265893923,0.0,1.1708230886313078,0,0,0,0,0
21073,Puebla,Huehuetlán el Chico,Huehuetlán el Chico,18.373166944444446,-98.68794805555557,9760,0.0,10.061475409836065,7.39,22.38689547581903,19.110764430577223,46.895161290322584,7.899590163934426,30.942622950819672,96.31147540983606,0.0,0.0,0,0,0,0,0
21074,Puebla,Huejotzingo,Huejotzingo,19.158994166666666,-98.40813111111112,90794,52.29200167411943,12.588937594995263,9.78,38.261716157011996,44.13417710315529,67.25057229386756,29.1450976936802,22.303235896645152,68.8371478291517,0.32,1.4318126748463555,3,2,2,0,0
21075,Puebla,Hueyapan,Hueyapan,19.882558055555556,-97.44586277777778,13080,0.0,12.31651376146789,7.95,8.548828719196836,6.662610282932765,66.64618535586277,7.821100917431193,17.2782874617737,55.04587155963303,0.0,2.293577981651376,0,0,0,0,0
21076,Puebla,Hueytamalco,Hueytamalco,19.93947888888889,-97.28904083333333,27600,0.0,11.235507246376812,7.17,20.62904717853839,13.26813796749042,64.2499768368387,10.003623188405797,9.420289855072463,30.797101449275363,0.0,1.8115942028985508,0,0,0,0,0
21077,Puebla,Hueytlalpan,Hueytlalpan,20.02573333333333,-97.69867833333333,5951,0.0,12.586119979835322,5.74,3.3379694019471486,25.938803894297635,43.966623876765084,1.8316249369853805,3.528818685935137,11.762728953117124,0.0,0.0,0,0,0,0,0
21078,Puebla,Huitzilan de Serdán,Huitzilan,19.96621222222222,-97.69365916666668,15928,0.0,14.339527875439478,5.69,4.028556858745538,18.91891891891892,57.01649940466066,1.6197890507282773,6.4038171772978405,21.346057257659467,0.0,0.0,0,0,0,0,0
21079,Puebla,Huitziltepec,Santa Clara Huitziltepec,18.769415555555554,-97.88083333333333,5782,0.0,10.636457973019716,8.4,37.484116899618805,25.47649301143583,57.5580085604866,7.454168107921134,12.279488066413005,38.049117952265654,0.0,0.0,0,0,0,0,0
21080,Puebla,Atlequizayan,Atlequizayan,20.0140075,-97.62408611111111,2633,0.0,10.482339536650208,6.05,2.511078286558346,3.2496307237813884,40.103920642418515,2.886441321686289,9.115077857956704,30.38359285985568,0.0,0.0,0,0,0,0,0
21081,Puebla,Ixcamilpa de Guerrero,Ixcamilpa,18.02704333333333,-98.69657305555556,4065,0.0,10.92250922509225,6.25,18.982742960944595,16.167120799273388,29.932192444300938,2.902829028290283,8.85608856088561,29.52029520295203,0.0,4.920049200492005,0,0,0,0,0
21082,Puebla,Ixcaquixtla,San Juan Ixcaquixtla,18.460095555555554,-97.8323475,8804,0.0,11.222171740118128,9.15,35.10726072607261,27.64026402640264,62.12809614539059,18.661971830985916,27.9418446160836,87.4602453430259,0.0,5.679236710586097,0,0,0,0,0
21083,Puebla,Ixtacamaxtitlán,La Unión Ejido Mexcaltepec,19.60834861111111,-97.711285,25319,0.0,10.186026304356412,7.03,31.06131341425459,7.936507936507937,64.48482345653521,6.5444922785260085,1.658833287254631,5.52944429084877,0.0,0.39496030648919783,0,0,0,0,0
21084,Puebla,Ixtepec,Ixtepec,20.024936666666665,-97.64677944444445,6950,0.0,11.553956834532373,5.8,4.844290657439446,11.707035755478662,51.03796521413877,4.618705035971223,15.53956834532374,51.798561151079134,0.0,1.4388489208633093,0,0,0,0,0
21085,Puebla,Izúcar de Matamoros,Izúcar de Matamoros,18.602231111111113,-98.4654063888889,82809,59.87030395246894,11.574828822954027,8.89,32.996539792387544,37.97923875432526,61.18509487636375,27.30500307937543,36.79551739545219,108.56307889239092,0.6674082313681868,3.622794623772778,1,1,1,0,0
21086,Puebla,Jalpan,Apapantilla,20.404957222222222,-97.84500638888889,12050,0.0,9.493775933609959,7.06,13.120674089678001,20.373156786036713,54.88387236813545,4.340248962655601,0.0,0.0,0.0,0.0,0,0,0,0,0
21087,Puebla,Jolalpan,Jolalpan,18.320516666666666,-98.8442975,13308,0.0,11.09107303877367,6.16,16.406480117820323,7.2459499263622975,47.660243806527724,1.2774271115118725,12.097986173730087,39.074241058010216,0.0,0.0,0,0,0,0,0
21088,Puebla,Jonotla,Jonotla,20.030380277777777,-97.57490472222221,4457,0.0,9.468252187570114,7.19,9.527498063516655,10.224632068164214,48.18234275822274,7.202153915189589,8.077181960960287,26.923939869867624,0.0,13.461969934933812,0,0,0,0,0
21089,Puebla,Jopala,Chicontla,20.244568333333333,-97.83076361111111,12131,0.0,10.180529222652709,6.18,5.426599749058971,5.395232120451694,52.15694775634078,5.102629626576539,16.569120435248536,55.23040145082846,0.0,0.824334350012365,0,0,0,0,0
21090,Puebla,Juan C. Bonilla,Santa María Zacatepec,19.12244138888889,-98.36590666666666,23783,0.0,11.928688559054788,9.5,41.939890710382514,44.006147540983605,63.89591814280999,26.729176302400873,16.629525291174367,50.876676617752175,0.8264462809917356,0.42046840179960476,0,0,0,0,0
21091,Puebla,Juan Galindo,Nuevo Necaxa,20.212083055555556,-98.00214194444445,9828,0.0,10.083435083435084,9.6,36.97359029264811,43.96859386152748,56.14550095724314,37.61701261701262,35.61253561253561,111.92511192511192,0.0,6.105006105006105,0,0,0,0,0
21092,Puebla,Juan N. Méndez,Atenayuca,18.540004444444445,-97.77229,5293,0.0,10.598904213111657,6.38,24.779959377115777,13.270142180094787,48.767605633802816,3.2495749102588323,5.667863215567731,18.89287738522577,0.0,0.0,0,0,0,0,0
21093,Puebla,Lafragua,González Ortega,19.341545,-97.26911138888889,7650,0.0,9.751633986928105,6.39,34.55012853470437,7.969151670951157,48.0,4.666666666666667,0.7843137254901961,2.6143790849673203,0.0,0.0,0,0,0,0,0
21094,Puebla,Libres,Ciudad de Libres,19.4647325,-97.68772611111112,37257,48.60831521593258,11.938696083957376,8.65,34.31721987079528,27.13299175762976,62.319356446216275,11.76154816544542,24.59940413881955,73.27482083903696,0.3663003663003663,4.562900931368602,4,0,0,0,0
21095,Puebla,La Magdalena Tlatlauquitepec,La Magdalena Tlatlauquitepec,18.75852,-98.10070055555555,650,0.0,9.076923076923077,8.89,42.01183431952663,17.159763313609467,44.4,2.923076923076923,27.692307692307693,92.3076923076923,0.0,0.0,0,0,0,0,0
21096,Puebla,Mazapiltepec de Juárez,Mazapiltepec de Juárez,19.119264166666667,-97.7035013888889,3176,0.0,11.712846347607053,8.0,30.4798962386511,36.4461738002594,50.86490939044481,8.154911838790932,7.5566750629722925,25.188916876574307,0.0,0.0,0,0,0,0,0
21097,Puebla,Mixtla,San Francisco Mixtla,18.903080555555555,-97.89548722222223,2668,0.0,11.431784107946028,9.42,48.792270531400966,37.84219001610306,49.21875,14.055472263868065,17.991004497751124,59.97001499250375,0.0,3.7481259370314843,0,0,0,0,0
21098,Puebla,Molcaxac,Molcaxac,18.73790138888889,-97.91185944444445,6668,0.0,11.127774445110978,7.71,30.98745226404801,21.76759410801964,51.778425655976676,7.0935812837432515,13.04739052189562,43.49130173965207,0.0,1.4997000599880024,0,0,0,0,0
21099,Puebla,Cañada Morelos,San José Ixtapa,18.71515527777778,-97.45742944444444,20659,0.0,12.319086112590155,6.73,34.43645990922844,12.613464447806354,61.25065070275898,7.6286364296432545,9.971441018442325,32.43138583668135,0.0,0.9681010697516821,0,0,0,0,0
21100,Puebla,Naupan,Naupan,20.228471944444443,-98.10973305555555,9310,0.0,9.645542427497315,6.27,8.29103214890017,7.233502538071066,73.24586423274387,3.64124597207304,4.511278195488722,15.037593984962406,0.0,0.0,0,0,0,0,0
21101,Puebla,Nauzontla,Nauzontla,19.959037777777777,-97.60311972222222,3317,0.0,9.737714802532409,7.09,10.040567951318458,7.302231237322515,43.73343430518743,7.627374133252939,11.75761230027133,39.19204100090443,0.0,3.014772384684956,0,0,0,0,0
21102,Puebla,Nealtican,San Buenaventura Nealtican,19.05094666666667,-98.42773027777778,14075,0.0,13.591474245115453,7.75,38.38802166294998,37.40044600191143,65.11273903529636,1.8898756660746003,39.253996447602134,120.78152753108348,0.5882352941176471,0.0,1,0,0,0,0
21103,Puebla,Nicolás Bravo,Azumbilla,18.642162222222222,-97.39799527777778,6644,0.0,12.22155328115593,7.18,27.566539923954373,26.425855513307983,56.40821207893163,13.56110776640578,12.642986152919928,42.14328717639976,0.0,0.0,0,0,0,0,0
21104,Puebla,Nopalucan,Santa María Ixtiyucan,19.18915888888889,-97.80954027777777,32772,0.0,13.596973025753693,7.72,25.79529737206086,29.64038727524205,58.45892679695263,17.313560356401805,9.947516172342244,31.12413035518125,0.0,1.2205541315757353,0,0,0,0,0
21105,Puebla,Ocotepec,Guadalupe Victoria,19.559691944444445,-97.65881444444445,5077,0.0,9.74985227496553,7.54,34.4903988183161,23.042836041358935,47.08141321044547,7.2877683671459526,7.681701792397085,25.605672641323615,0.0,1.9696671262556629,0,0,0,0,0
21106,Puebla,Ocoyucan,Lomas de Angelópolis,18.964751666666665,-98.29087333333334,42669,0.0,13.546134195786168,9.48,53.4195589466828,46.31990322880804,61.12226925810339,17.03344348355949,11.940753240057184,36.09177623098737,0.6493506493506493,0.2343621833180998,0,1,1,0,0
21107,Puebla,Olintla,Olintla,20.10177777777778,-97.6847375,11993,0.0,9.947469357124989,5.21,2.951763858891289,4.607631389488841,39.458199178416784,2.4180772117068288,6.503793879763196,21.679312932543983,0.0,2.5014591845243057,0,0,0,0,0
21108,Puebla,Oriental,Oriental,19.3758025,-97.61935083333333,19903,0.0,12.339848264080793,8.26,27.823691460055098,25.725789362152998,59.071589852570064,21.981610812440337,17.68577601366628,54.76561322413706,0.0,3.5170577299904537,0,0,0,0,0
21109,Puebla,Pahuatlán,Ciudad de Pahuatlán de Valle,20.27572611111111,-98.14991027777778,20274,0.0,10.61458025056723,6.85,11.285500747384155,9.678624813153961,68.59993348852677,5.9189109203906485,12.429712932820362,41.43237644273454,0.0,5.9189109203906485,0,0,0,0,0
21110,Puebla,Palmar de Bravo,San Miguel Xaltepec,18.873691666666666,-97.61546972222222,50226,0.0,13.59455262214789,6.84,27.889634601043998,13.845389013174248,67.34151828061903,6.8490423286743916,13.538804603193565,42.80651455421495,0.0,0.9955003384701151,0,0,0,0,0
21111,Puebla,Pantepec,Mecapalapa,20.527254444444445,-97.85727694444444,18528,0.0,8.608592400690846,6.78,14.291180409412664,13.392003061029271,58.51567322861651,10.92940414507772,7.9879101899827285,24.8272884283247,0.0,1.6191709844559585,0,0,0,0,0
21112,Puebla,Petlalcingo,Petlalcingo,18.08220138888889,-97.91784805555557,9350,0.0,10.427807486631016,6.72,20.967117988394584,9.671179883945841,52.2273845312927,3.871657754010695,15.294117647058824,49.19786096256684,0.0,1.0695187165775402,0,0,0,0,0
21113,Puebla,Piaxtla,Piaxtla,18.198756111111113,-98.26014472222222,4627,0.0,9.29327858223471,6.63,35.07779349363508,18.599717114568598,44.93773687060097,5.403068943159715,18.15431164901664,60.514372163388806,0.0,2.161227577263886,0,0,0,0,0
21114,Puebla,Puebla,Heroica Puebla de Zaragoza,19.043989722222225,-98.19749472222223,1692181,93.046606716421,12.712410788207645,11.16,45.132734098394295,63.86563067278883,62.21473407620067,49.162235009139096,32.89955388932981,80.62967259412557,3.5913221929053063,1.908779261792917,172,100,8,14,1
21115,Puebla,Quecholac,Palmarito Tochapan,18.902716666666667,-97.63485277777778,57992,29.950682852807283,13.367361015312456,6.57,31.80099354934381,13.976421739452807,68.23979591836735,5.374879293695682,15.398675679404056,48.45495930473169,0.0,0.6897503103876397,1,0,0,0,0
21116,Puebla,Quimixtlán,Quimixtlán,19.253261666666667,-97.1356775,22855,0.0,11.835484576679063,5.87,25.730994152046783,12.969924812030076,63.17487369894698,3.1196674688252024,1.1813607525705534,3.9378691752351784,0.0,0.0,0,0,0,0,0
21117,Puebla,Rafael Lara Grajales,Ciudad de Rafael Lara Grajales,19.225384166666664,-97.80455083333334,15952,0.0,13.20210631895687,8.65,27.70142818647265,42.01023982753975,53.23119550158911,30.046389167502507,34.03961885656971,100.92778335005015,0.0,4.388164493480441,2,0,0,0,0
21118,Puebla,Los Reyes de Juárez,Los Reyes de Juárez,18.946788333333334,-97.8131036111111,30021,63.89860431031611,12.824356283934579,7.34,43.956381508216865,27.768391952081092,65.08781508781509,3.221078578328503,18.15395889543986,58.292528563339,0.0,0.33310016321908,0,0,0,0,0
21119,Puebla,San Andrés Cholula,San Bernardino Tlaxcalancingo,19.029456944444444,-98.27570805555555,154448,95.00414378949549,14.784263959390863,12.07,63.97964649169791,72.45357971790752,62.073894703952504,36.181756966746086,53.296255050243445,103.46524396560655,7.69712140175219,1.5539210608101108,69,26,7,2,1
21120,Puebla,San Antonio Cañada,San Antonio Cañada,18.497338333333335,-97.29000138888888,5938,0.0,13.35466487032671,6.2,11.65821868211441,6.7342505430847215,49.84134179510426,8.992926911417985,2.526103065005052,8.42034355001684,0.0,0.0,0,0,0,0,0
21121,Puebla,San Diego la Mesa Tochimiltzingo,Tochimiltzingo,18.809586666666668,-98.33140305555555,1270,0.0,11.5748031496063,6.03,30.494505494505493,11.813186813186814,43.17048853439681,1.2598425196850394,7.086614173228346,23.62204724409449,0.0,0.0,0,0,0,0,0
21122,Puebla,San Felipe Teotlalcingo,San Felipe Teotlalcingo,19.235724722222223,-98.49545472222222,11063,0.0,12.266112266112266,8.49,36.76414736042537,41.43562476262818,54.42240373395566,12.573443008225617,25.12880773750339,82.25616921269095,0.0,0.0,0,0,0,0,0
21123,Puebla,San Felipe Tepatlán,Jojupango (San Miguel Jojupango),20.095983333333333,-97.77175805555555,3793,0.0,8.410229369891907,5.42,3.075489282385834,9.599254426840634,43.596824301001035,3.4010018455048776,2.372791985235961,7.909306617453203,0.0,0.0,0,0,0,0,0
21124,Puebla,San Gabriel Chilac,San Gabriel Chilac,18.326273333333333,-97.34798166666666,15954,0.0,11.87163093894948,7.38,23.517329910141207,29.293966623876766,61.52051488334674,8.555848063181648,45.16108812836906,144.79127491538173,0.4329004329004329,1.8804061677322301,0,0,0,0,0
21125,Puebla,San Gregorio Atzompa,San Gregorio Atzompa,19.02668583333333,-98.34576555555554,9671,0.0,12.118705407920586,9.69,57.200321802091715,52.091713596138376,63.77077063980113,22.37617619687726,37.276393340916144,88.92565401716472,3.488372093023256,2.0680384655154587,2,0,0,0,0
21126,Puebla,San Jerónimo Tecuanipan,San Jerónimo Tecuanipan,19.014411944444443,-98.40095694444445,6597,0.0,12.217674700621494,7.86,36.351165980795614,20.781893004115226,64.0097600650671,7.503410641200546,9.39821130817038,28.800970137941487,0.0,0.0,0,0,0,0,0
21127,Puebla,San Jerónimo Xayacatlán,San Jerónimo Xayacatlán,18.22126944444444,-97.91433722222223,3606,0.0,8.12534664448142,7.21,23.50907519446845,17.718236819360413,46.58322056833559,12.174154187465335,23.29450915141431,77.6483638380477,0.0,0.0,0,0,0,0,0
21128,Puebla,San José Chiapa,San José Chiapa,19.242070555555557,-97.76883333333333,10443,0.0,11.548405630565929,7.68,27.846584099081102,18.977227327207352,56.51051748612724,17.552427463372595,10.054582016661879,33.51527338887293,0.0,1.9151584793641674,0,0,0,0,0
21129,Puebla,San José Miahuatlán,San José Miahuatlán,18.290238333333335,-97.287655,14018,0.0,11.870452275645599,6.7,18.011894647408667,21.806853582554517,57.31528895391368,8.603224425738336,16.942502496789842,49.935796832643746,1.4285714285714286,0.713368526180625,0,0,0,0,0
21130,Puebla,San Juan Atenco,San Juan Atenco,19.089983888888888,-97.54084361111111,3604,0.0,11.293007769145394,7.47,32.572614107883815,18.568464730290458,48.02101576182137,6.32630410654828,15.815760266370699,52.71920088790233,0.0,5.549389567147614,0,0,0,0,0
21131,Puebla,San Juan Atzompa,San Juan Atzompa,18.746093611111114,-98.024315,975,0.0,11.076923076923077,8.22,44.32234432234432,9.89010989010989,46.03174603174603,4.717948717948718,46.15384615384615,153.84615384615384,0.0,0.0,0,0,0,0,0
21132,Puebla,San Martín Texmelucan,San Martín Texmelucan de Labastida,19.282908055555556,-98.43551555555555,155738,81.77387663897058,12.084398155877178,9.73,36.58383796199624,44.35424932136145,63.343299103080724,31.106730534615828,35.05567042083499,102.35138501842839,1.066499372647428,2.1189433535810145,3,3,3,0,0
21133,Puebla,San Martín Totoltepec,San Martín Totoltepec,18.649203333333332,-98.34640083333333,692,0.0,12.283236994219653,7.7,25.257731958762886,25.77319587628866,46.69117647058823,9.248554913294798,43.35260115606936,144.50867052023122,0.0,0.0,0,0,0,0,0
21134,Puebla,San Matías Tlalancaleca,San Matías Tlalancaleca,19.324427222222223,-98.49816333333334,20974,0.0,12.258033756078955,8.35,32.56310679611651,24.368932038834952,61.17193712153649,10.374749690092495,22.361018403737962,72.94745875846286,0.0,1.9071231047964146,0,0,0,0,0
21135,Puebla,San Miguel Ixitlán,San Miguel Ixitlán,17.999518055555555,-97.77342416666667,526,0.0,7.414448669201521,6.59,20.555555555555557,0.5555555555555556,49.327354260089685,3.041825095057034,0.0,0.0,0.0,0.0,0,0,0,0,0
21136,Puebla,San Miguel Xoxtla,San Miguel Xoxtla,19.16830277777778,-98.30969888888889,12461,0.0,12.767835647219325,10.0,37.41209563994374,49.472573839662445,54.92628368073208,47.676751464569456,32.01990209453495,98.7079688628521,0.0,2.4075114356793197,0,0,0,0,0
21137,Puebla,San Nicolás Buenos Aires,Emilio Portes Gil,19.30675388888889,-97.51129277777778,10464,0.0,11.343654434250764,6.62,26.704545454545453,17.288961038961038,54.634397528321315,7.607033639143731,20.642201834862384,68.80733944954129,0.0,1.9113149847094801,0,0,0,0,0
21138,Puebla,San Nicolás de los Ranchos,San Nicolás de los Ranchos,19.072589166666667,-98.48569694444444,11780,0.0,12.308998302207131,7.66,35.966578047854156,24.192935814660082,65.77377602701182,4.745331069609508,20.62818336162988,68.76061120543294,0.0,0.0,0,0,0,0,0
21139,Puebla,San Pablo Anicano,San Pablo Anicano,18.124454444444446,-98.08403249999999,3759,0.0,9.949454642192073,7.62,27.734375,15.72265625,46.542827657378744,6.70391061452514,18.089917531258312,55.865921787709496,0.0,2.6602819898909282,0,0,0,0,0
21140,Puebla,San Pedro Cholula,Cholula de Rivadavia,19.062484166666668,-98.30750583333334,138433,88.5215230472503,12.229742908121619,10.94,54.817893470414525,64.22673083233074,63.9123057688873,37.81179343075712,39.538982757001584,96.2198319764796,3.978978978978979,3.1061957770184856,11,9,6,1,1
21141,Puebla,San Pedro Yeloixtlahuaca,San Pedro Yeloixtlahuaca,18.117105000000002,-98.07809916666666,3488,0.0,10.493119266055047,7.62,31.513409961685824,12.452107279693486,49.908391352143646,9.51834862385321,27.236238532110093,86.0091743119266,0.0,0.0,0,0,0,0,0
21142,Puebla,San Salvador el Seco,San Salvador el Seco,19.13474527777778,-97.64274972222223,30639,64.12741930219654,11.566957146120957,7.45,22.858679575097486,25.050423557886244,60.938357031348886,11.230784294526584,24.478605698619408,75.06772414243285,0.0,2.937432683834329,0,0,0,0,0
21143,Puebla,San Salvador el Verde,San Lucas el Grande,19.30514972222222,-98.47933388888889,34880,0.0,12.66915137614679,9.04,33.459581015504796,34.34726003077287,58.16141338568095,19.928325688073393,26.333142201834864,80.84862385321101,0.3546099290780142,2.293577981651376,1,0,0,0,0
21144,Puebla,San Salvador Huixcolotla,San Salvador Huixcolotla,18.920609722222224,-97.77178944444444,16790,0.0,13.00774270399047,7.5,38.55555555555556,31.72222222222222,70.32196365954734,2.3168552709946395,41.84038117927338,119.11852293031566,0.5,2.9779630732578917,0,0,0,0,0
21145,Puebla,San Sebastián Tlacotepec,Tlacotepec de Porfirio Díaz,18.40464611111111,-96.85061027777778,13189,0.0,10.106907271210858,5.91,4.176829268292683,10.945121951219512,46.26926610186792,2.873606793540071,3.1844719084085225,10.61490636136174,0.0,1.5164151944802486,0,0,0,0,0
21146,Puebla,Santa Catarina Tlaltempan,Santa Catarina Tlaltempan,18.614262500000002,-98.0799,749,0.0,8.811748998664887,5.66,13.28125,16.796875,46.01910828025478,8.277703604806408,24.03204272363151,80.10680907877169,0.0,0.0,0,0,0,0,0
21147,Puebla,Santa Inés Ahuatempan,Santa Inés Ahuatempan,18.412717777777775,-98.01769555555555,6341,0.0,11.133890553540452,7.12,20.473307649972483,12.217941662080353,50.80072977903912,6.560479419649898,19.31871944488251,55.19634127109289,2.857142857142857,1.5770383220312254,0,0,0,0,0
21148,Puebla,Santa Isabel Cholula,San Pablo Ahuatempa,18.98178944444444,-98.35752083333333,11498,0.0,12.88050095668812,7.4,40.68382635420669,22.935074913561277,60.517302468406754,6.366324578187511,12.654374673856323,31.309793007479563,2.7777777777777777,2.6091494172899634,0,0,0,0,0
21149,Puebla,Santiago Miahuatlán,Santiago Miahuatlán,18.55315527777778,-97.44185333333334,30309,54.19512356065855,13.652710416048038,7.59,20.987321284057188,24.656056110062046,65.49763033175356,26.965587779207496,13.527335114982348,42.89155036457818,0.0,0.0,0,0,0,0,0
21150,Puebla,Huehuetlán el Grande,Santo Domingo Huehuetlán,18.738305555555556,-98.16791055555557,6105,0.0,10.4013104013104,6.43,20.560747663551403,3.3294392523364484,47.84668389319552,2.407862407862408,8.353808353808354,27.846027846027845,0.0,8.19000819000819,0,0,0,0,0
21151,Puebla,Santo Tomás Hueyotlipan,Santo Tomás Hueyotlipan,18.891089166666667,-97.86723111111111,9315,0.0,12.163177670424048,8.87,44.45430346051464,25.820763087843833,55.8753667737879,8.126677402039721,25.657541599570585,83.73590982286635,0.0,1.0735373054213635,0,0,0,0,0
21152,Puebla,Soltepec,Soltepec,19.119228055555556,-97.70844472222223,12631,0.0,11.360937376296414,7.4,38.89641164522681,16.553825321597834,55.60690080098583,10.735492043385323,10.450478980286597,34.83492993428865,0.0,0.7917029530520149,0,0,0,0,0
21153,Puebla,Tecali de Herrera,Tecali de Herrera,18.9010325,-97.96913611111111,23625,0.0,11.691005291005292,8.77,35.52522057599467,23.1729648743133,60.151085930122754,13.591534391534392,18.201058201058203,57.142857142857146,0.0,1.2698412698412698,0,0,0,0,0
21154,Puebla,Tecamachalco,Tecamachalco,18.884691666666665,-97.72841611111112,80771,38.77010313107427,12.672865261046663,8.74,34.3328335832084,34.34782608695652,63.486460427187005,15.702417947035446,24.259944782161913,64.87476940981293,1.3358778625954197,2.4761362370157607,0,0,0,0,0
21155,Puebla,Tecomatlán,Tecomatlán,18.110960277777778,-98.31437249999999,6830,0.0,20.219619326500734,8.54,27.335824879871865,22.63747997864389,47.62684124386252,16.339677891654464,21.888726207906295,57.10102489019034,2.5641025641025643,5.856515373352855,0,0,0,0,0
21156,Puebla,Tehuacán,Tehuacán,18.462184444444443,-97.39199888888889,327312,89.76908882045265,13.057877499144547,9.47,32.69834575190965,51.862786447349926,67.5486489728479,36.7282592755536,30.327332942269148,81.97071906926725,2.1244875139768915,2.6885662609375762,19,5,4,1,1
21157,Puebla,Tehuitzingo,Tehuitzingo,18.331714166666668,-98.27612611111111,12672,0.0,10.929608585858587,7.11,30.29325513196481,16.56891495601173,48.889571180022514,6.849747474747475,30.460858585858585,100.2209595959596,0.0,3.9457070707070705,1,0,0,0,0
21158,Puebla,Tenampulco,El Chacal,20.220608055555555,-97.46027694444444,6743,0.0,8.987097730980276,7.59,11.951807228915662,6.024096385542169,57.37138702054172,9.639626279104256,16.01660981758861,53.388699391962035,0.0,0.0,0,0,0,0,0
21159,Puebla,Teopantlán,Teopantlán,18.713259444444443,-98.26237055555555,3836,0.0,8.706986444212722,4.79,16.623600344530576,9.21619293712317,38.44951547358549,1.0427528675703859,37.53910323253389,112.09593326381648,0.0,2.6068821689259645,0,0,0,0,0
21160,Puebla,Teotlalco,Teotlalco,18.469622777777776,-98.77826861111112,3689,0.0,10.192464082407156,7.48,34.817012858555884,14.342235410484669,41.672547635850385,5.58416915153158,9.758742206560044,32.52914068853348,0.0,0.0,0,0,0,0,0
21161,Puebla,Tepanco de López,San Bartolo Teontepec,18.48919027777778,-97.52451388888889,22218,0.0,13.079485102169413,8.08,35.0232891436761,30.956646363310643,62.31170505832014,27.22567287784679,20.388873886038347,63.46205779098029,0.0,0.9001710324961743,0,0,0,0,0
21162,Puebla,Tepango de Rodríguez,Tepango de Rodríguez,20.0028125,-97.79626999999999,4155,0.0,11.335740072202166,5.92,8.61244019138756,3.444976076555024,44.545740333228544,2.2382671480144403,7.9422382671480145,26.47412755716005,0.0,2.406738868832732,0,0,0,0,0
21163,Puebla,Tepatlaxco de Hidalgo,Tepatlaxco de Hidalgo,19.077302222222222,-97.96661694444445,18854,97.45412114140235,12.336904635621089,7.59,20.60546875,21.97265625,56.63157894736842,11.0798769491885,18.881934867932536,62.0557971783176,0.0,0.5303914288745094,0,0,0,0,0
21164,Puebla,Tepeaca,Tepeaca,18.966132777777776,-97.90543444444445,84270,34.55915509671295,12.847988608045569,8.64,39.902008291606094,28.503741991062295,64.8568576815222,13.0687077251691,30.437878248487007,88.4063130414145,1.342281879194631,2.729322416043669,4,0,0,0,0
21165,Puebla,Tepemaxalco,San Felipe Tepemaxalco,18.735603333333334,-98.629055,1216,0.0,12.417763157894736,6.0,32.95454545454545,1.1363636363636365,34.87064116985377,0.24671052631578946,7.401315789473684,24.67105263157895,0.0,0.0,0,0,0,0,0
21166,Puebla,Tepeojuma,Tepeojuma,18.72244861111111,-98.45028861111112,8918,0.0,12.312177618300067,7.17,34.66135458167331,27.755644090305445,60.29262639432131,13.938102713612917,37.90087463556851,124.46736936532855,0.0,1.121327651939897,0,0,0,0,0
21167,Puebla,Tepetzintla,Tlamanca de Hernández,19.953408333333332,-97.81225722222221,10373,0.0,10.34416273016485,5.62,6.625097427903351,11.457521434138737,42.377260981912144,15.925961631157813,0.8676371348693724,2.892123782897908,0.0,0.9640412609659693,0,0,0,0,0
21168,Puebla,Tepexco,Calmeca (San Juan Calmeca),18.63601472222222,-98.63456194444446,7523,0.0,13.438787717665825,6.73,18.736017897091724,10.738255033557047,47.40121039515842,3.6022863219460324,25.122956267446497,83.74318755815499,0.0,1.3292569453675396,0,0,0,0,0
21169,Puebla,Tepexi de Rodríguez,Tepexi de Rodríguez,18.581016944444443,-97.92619027777778,22331,0.0,10.760825757915006,7.94,29.249466250615864,26.244046641484644,63.274107296877695,15.718060095830907,11.777349872374726,38.51148627468542,0.0,2.2390398996910124,0,0,0,0,0
21170,Puebla,Tepeyahualco,San José Alchichica,19.434391666666667,-97.3884638888889,19200,0.0,11.338541666666666,7.3,28.492686029255882,25.10069959720161,56.73390171206765,8.885416666666666,13.072916666666666,40.104166666666664,0.0,1.5625,1,0,0,0,0
21171,Puebla,Tepeyahualco de Cuauhtémoc,Tepeyahualco de Cuauhtémoc,18.81314916666667,-97.8780286111111,3851,0.0,11.010127239678006,8.59,38.98139079333986,35.84720861900098,57.25345001682935,9.374188522461699,25.44793560114256,80.49857179953258,0.0,7.790184367696702,0,0,0,0,0
21172,Puebla,Tetela de Ocampo,Ciudad de Tetela de Ocampo,19.816758055555557,-97.80597222222222,27216,0.0,10.133744855967079,7.56,23.95698367452708,16.377299818605856,65.1970070089032,8.531746031746032,15.24838330393886,49.6031746031746,0.0,2.9394473838918285,1,0,0,0,0
21173,Puebla,Teteles de Avila Castillo,Teteles de Ávila Castillo,19.85829,-97.4571525,6653,0.0,16.879603186532393,10.66,35.84045584045584,35.66951566951567,56.11917782387328,30.151811212986622,20.141289643769728,64.63249661806704,0.0,7.515406583496167,0,0,0,0,0
21174,Puebla,Teziutlán,Teziutlán,19.817990555555554,-97.3608775,103583,60.67501423978838,12.479847079153915,9.58,26.988616276603267,38.05062575125504,65.38191076624636,39.68122182211367,28.378208779432917,80.51514244615429,1.5587529976019185,2.510064392805769,7,4,3,0,0
21175,Puebla,Tianguismanalco,Tianguismanalco,18.977758888888886,-98.44821916666668,14432,0.0,13.012749445676276,7.78,31.98775055679287,28.062360801781736,71.1737004165912,13.774944567627495,7.206208425720621,22.865853658536587,0.0,1.3858093126385809,0,0,0,0,0
21176,Puebla,Tilapa,Tilapa,18.59158111111111,-98.55641,9664,0.0,11.1341059602649,7.97,31.058282208588956,32.82208588957055,58.46174460672652,24.906870860927153,7.6572847682119205,23.799668874172184,0.0,1.0347682119205297,0,0,0,0,0
21177,Puebla,Tlacotepec de Benito Juárez,San Marcos Tlacoyalco,18.671558055555558,-97.6049861111111,54757,0.0,11.978377193783443,6.89,30.208809632677944,16.346593507087334,68.47203762396482,9.047245101082966,15.121354347389374,46.752013441203864,0.0,1.4610004200376208,2,0,0,0,0
21178,Puebla,Tlacuilotepec,Tlacuilotepec,20.32626527777778,-98.06890916666666,15977,0.0,8.881517180947613,6.42,8.209626630679262,18.26360773729195,62.41495204524961,3.993240282906678,4.944607873818614,14.395693809851661,0.0,0.6258997308631157,0,0,0,0,0
21179,Puebla,Tlachichuca,Tlachichuca,19.115634722222225,-97.41911305555556,31639,0.0,12.516198362780113,7.52,25.894707751830868,13.099350559624154,59.320339830084954,5.891463067732861,9.4819684566516,30.026233446063404,0.0,0.94819684566516,0,0,0,0,0
21180,Puebla,Tlahuapan,Santa Rita Tlahuapan,19.330503611111112,-98.58239888888889,41547,0.0,12.511131971020772,8.1,29.617706237424546,18.812877263581488,58.568130790880055,12.034563265699088,14.898789322935471,47.65687053216839,0.0,0.7220737959419453,0,0,0,0,0
21181,Puebla,Tlaltenango,Tlaltenango,19.170023333333333,-98.34431638888888,7425,0.0,12.121212121212121,8.64,29.18577981651376,29.472477064220183,50.74199892723047,23.13804713804714,14.141414141414142,47.138047138047135,0.0,0.0,0,0,0,0,0
21182,Puebla,Tlanepantla,Tlanepantla,18.86536388888889,-97.88739694444445,5390,0.0,13.506493506493506,8.24,36.096256684491976,33.065953654188945,51.67583791895948,3.1725417439703154,9.461966604823747,31.539888682745826,0.0,0.0,0,0,0,0,0
21183,Puebla,Tlaola,Xaltepuxtla,20.17499,-97.97141222222223,20433,0.0,11.755493564332207,5.97,8.769476628046345,3.9552536955653217,68.54090150250417,4.64444770714041,5.285567464395831,17.61855821465277,0.0,0.0,0,0,0,0,0
21184,Puebla,Tlapacoya,Tlamaya Grande,20.146927777777776,-97.80349694444445,6422,0.0,10.884459669884771,6.11,9.272300469483568,19.366197183098592,60.05515485787017,3.270009342883837,5.138586110246029,17.128620367486764,0.0,3.114294612270321,0,0,0,0,0
21185,Puebla,Tlapanalá,Tlapanalá,18.696144166666667,-98.53779444444444,10344,0.0,12.238979118329466,6.71,29.783889980353635,17.406679764243616,58.802083333333336,9.677107501933488,18.223124516627998,55.104408352668216,1.7543859649122806,1.9334880123743232,0,0,0,0,0
21186,Puebla,Tlatlauquitepec,Ciudad de Tlatlauquitepec,19.851329722222225,-97.49666972222222,55576,0.0,11.035338995249749,8.57,26.872307906071974,17.55592608031124,65.29376135675348,16.861594933064634,15.474305455592342,43.18410824816468,1.6666666666666667,3.778609471714409,0,0,0,0,0
21187,Puebla,Tlaxco,Tlaxco,20.423815,-98.02864361111111,4934,0.0,8.492095662748277,6.54,9.79706088173548,21.06368089573128,63.303941908713696,4.681799756789623,7.701661937576003,22.29428455614106,0.0,2.026753141467369,0,0,0,0,0
21188,Puebla,Tochimilco,Tochimilco,18.892924444444443,-98.5721661111111,19315,0.0,12.14082319440849,6.9,28.619316991410013,12.005028284098051,67.1299513551077,3.437742687030805,10.768832513590473,34.170333937354386,0.0,0.5177323323841574,0,0,0,0,0
21189,Puebla,Tochtepec,Tochtepec,18.840114166666666,-97.82574888888888,22454,0.0,12.082479736349871,8.3,36.699321778447626,25.584024114544086,61.26290941280614,7.388438585552685,19.10572726462991,63.68575754876637,0.0,1.3360648436804132,0,2,1,0,0
21190,Puebla,Totoltepec de Guerrero,Totoltepec de Guerrero,18.22254111111111,-97.85513444444445,1187,0.0,9.519797809604043,8.08,12.322274881516588,12.559241706161137,41.34020618556701,13.395113732097725,30.32855939342881,101.09519797809604,0.0,0.0,0,0,0,0,0
21191,Puebla,Tulcingo,Tulcingo de Valle,18.045135833333337,-98.44130972222223,9871,0.0,10.809441799209807,6.49,32.246506628448586,31.709064851307776,59.58256760304542,3.920575422956134,42.19430655455374,129.67277884712794,0.78125,11.143754432175058,0,0,0,0,0
21192,Puebla,Tuzamapan de Galeana,Tetelilla de Miguel Islas,20.077939999999998,-97.54907555555555,5924,0.0,9.75692099932478,7.64,12.606060606060606,23.696969696969695,58.34548864346739,13.571910871033086,8.102633355840648,27.00877785280216,0.0,1.688048615800135,0,0,0,0,0
21193,Puebla,Tzicatlacoyan,San Antonio Juárez,18.799863611111114,-97.98693972222222,6476,0.0,10.731933292155652,7.13,23.714285714285715,7.142857142857143,52.61359067149176,4.045707226683137,1.3897467572575664,4.632489190858554,0.0,0.0,0,0,0,0,0
21194,Puebla,Venustiano Carranza,Ciudad de Lázaro Cárdenas,20.4631175,-97.70282194444445,28395,0.0,9.804543053354465,8.17,25.8646998982706,25.356052899287896,62.64965923742862,12.047895756295123,33.40376826906145,102.83500616305687,0.3424657534246575,2.4652227504842403,0,0,0,0,0
21195,Puebla,Vicente Guerrero,Santa María del Monte,18.537871666666668,-97.20245611111112,26559,0.0,12.052411611882977,5.42,19.872760756738657,6.261510128913444,43.161476053389165,1.972965849617832,7.492751986144056,23.720772619451033,0.0,1.1295606009262398,0,0,0,0,0
21196,Puebla,Xayacatlán de Bravo,Xayacatlán de Bravo,18.23557638888889,-97.97553972222222,1570,0.0,9.490445859872612,7.81,26.970954356846473,18.87966804979253,40.031771247021446,14.713375796178344,17.197452229299362,57.32484076433121,0.0,0.0,0,0,0,0,0
21197,Puebla,Xicotepec,Xicotepec de Juárez,20.27605861111111,-97.95814361111111,80591,51.43874626198955,11.95046593292055,8.6,20.41584344717283,25.3786809671653,62.86180385062669,17.999528483329403,26.789591889913265,82.88766735739723,0.5988023952095808,3.2261666935513893,1,0,0,0,0
21198,Puebla,Xicotlán,Xicotlán,18.058743055555556,-98.52494944444445,1312,0.0,11.128048780487806,6.54,18.67816091954023,6.896551724137931,31.386138613861387,38.109756097560975,9.146341463414634,30.48780487804878,0.0,0.0,0,0,0,0,0
21199,Puebla,Xiutetelco,San Juan Xiutetelco,19.79606138888889,-97.32651777777778,42943,0.0,12.986982744568381,6.79,20.600121236613457,19.96362901596282,64.4454916745209,8.627715809328645,13.494632419719162,40.51882728267704,0.5747126436781609,0.6986004703909834,0,0,0,0,0
21200,Puebla,Xochiapulco,Cinco de Mayo,19.82121861111111,-97.65869944444445,3443,0.0,9.119953528899217,7.23,16.519174041297934,8.849557522123893,44.74354310658421,15.742085390647691,11.327330816148708,37.757769387162355,0.0,2.904443799012489,0,0,0,0,0
21201,Puebla,Xochiltepec,Ayotla,18.67050638888889,-98.37227194444444,3375,0.0,11.022222222222222,6.52,31.422018348623855,17.889908256880734,41.426344505066254,4.562962962962963,15.703703703703704,47.407407407407405,0.0,0.0,0,0,0,0,0
21202,Puebla,Xochitlán de Vicente Suárez,Zoatecpan,19.933569444444444,-97.62046694444444,13025,0.0,12.107485604606525,6.41,7.855251544571933,12.444836716681376,64.60822028750759,3.163147792706334,5.297504798464491,17.65834932821497,0.0,3.071017274472169,0,0,0,0,0
21203,Puebla,Xochitlán Todos Santos,Xochitlán,18.70549361111111,-97.77507694444445,7178,0.0,12.482585678461968,7.0,23.882978723404257,16.170212765957448,50.32413409890721,7.27222067428253,13.37419894120925,44.58066313736417,0.0,2.7862914460852606,0,0,0,0,0
21204,Puebla,Yaonáhuac,Yaonáhuac,19.870895277777777,-97.46644611111111,7926,0.0,11.380267474135756,9.3,20.83124687030546,16.124186279419128,60.61782306323791,23.353520060560182,12.490537471612415,41.63512490537472,0.0,0.0,0,0,0,0,0
21205,Puebla,Yehualtepec,Yehualtepec,18.793291111111113,-97.66286972222223,26392,0.0,12.3370718399515,7.39,33.700980392156865,17.371323529411764,61.84490728717603,5.558502576538345,15.19399818126705,48.120642618975445,0.0,0.0,0,0,0,0,0
21206,Puebla,Zacapala,Zacapala,18.590619999999998,-98.06532861111111,4647,0.0,9.984936518183774,6.4,28.49462365591398,19.431643625192013,44.509006391632774,2.001291155584248,16.785022595222724,55.95007531740908,0.0,0.0,0,0,0,0,0
21207,Puebla,Zacapoaxtla,Zacapoaxtla,19.873036388888888,-97.5895536111111,57887,0.0,11.97159984106967,8.29,22.231991883665877,17.23368278660805,64.8719913458938,15.278041701936532,19.47760291602605,59.59887366766286,0.2898550724637681,1.727503584569938,1,0,0,0,0
21208,Puebla,Zacatlán,Zacatlán,19.932365,-97.96024444444444,87361,44.874715261959,11.521159327388652,9.01,36.07130373995106,27.018524991261796,66.56866988016534,15.395886036103066,23.74629411293369,62.270349469442884,2.7573529411764706,9.958677212943991,3,1,1,0,0
21209,Puebla,Zapotitlán,Zapotitlán Salinas,18.329708888888888,-97.47542083333333,8595,0.0,11.6695753344968,7.91,29.237472766884533,41.00217864923747,64.14289914730962,9.331006399069226,24.25828970331588,72.13496218731821,1.6129032258064515,8.144269924374637,0,0,0,0,0
21210,Puebla,Zapotitlán de Méndez,Tuxtla,20.000757222222223,-97.65534027777778,5675,0.0,10.94273127753304,7.48,6.936813186813187,14.423076923076923,52.87458379578246,5.726872246696035,26.255506607929515,84.58149779735683,0.0,5.286343612334802,0,0,0,0,0
21211,Puebla,Zaragoza,Zaragoza,19.771435,-97.55564749999999,16752,0.0,11.765759312320917,9.85,36.35952003622368,30.337333031469324,59.050467863169196,25.334288443170966,36.83142311365807,115.80706781279846,0.0,4.178605539637058,0,0,0,0,0
21212,Puebla,Zautla,San Miguel Tenextatiloyan,19.710176944444445,-97.59505222222222,20717,0.0,10.98131968914418,6.99,24.150650359153563,10.017472335468842,63.63927291346646,7.163199304918666,10.957184920596612,35.71945745040305,0.0,1.4480861128541778,0,0,0,0,0
21213,Puebla,Zihuateutla,La Unión,20.265290277777776,-97.8804461111111,11967,0.0,10.930057658561044,6.57,8.097038437303087,4.158790170132325,60.984007107952024,4.997075290381884,7.019303083479569,23.397676944931895,0.0,0.0,0,0,0,0,0
21214,Puebla,Zinacatepec,San Sebastián Zinacatepec,18.333268333333333,-97.24541305555556,18359,97.59790838280952,12.41897706846778,7.24,22.19196732471069,28.27320172452916,66.93207782316694,11.378615392995261,35.40497848466692,117.10877498774443,0.0,2.1787679067487336,0,0,0,0,0
21215,Puebla,Zongozotla,Zongozotla,19.978638333333333,-97.72674166666667,4539,0.0,10.905485789821547,6.74,5.0,6.293103448275862,47.31211553891415,15.069398545935227,18.506278916060808,61.68759638686935,0.0,0.0,0,0,0,0,0
21216,Puebla,Zoquiapan,Zoquiapan,20.009838333333335,-97.5956425,2452,0.0,8.31973898858075,6.5,7.162162162162162,5.135135135135135,51.72591447707367,6.892332789559544,4.893964110929853,16.31321370309951,0.0,0.0,0,0,0,0,0
21217,Puebla,Zoquitlán,Zoquitlán,18.335726944444442,-97.01725888888889,20335,0.0,10.336857634620113,5.03,8.705782673162465,7.7949586951916965,43.755047106325705,1.111384312761249,6.638800098352594,22.129333661175313,0.0,1.4752889107450209,0,0,0,0,0
22001,Querétaro,Amealco de Bonfil,Amealco de Bonfil,20.18644388888889,-100.14419500000001,66841,0.0,12.610523481096932,7.24,40.1880621422731,11.248685901179769,66.82640253438666,13.719124489460063,7.749734444427821,24.087012462410797,0.0,1.1968701844676173,1,0,0,0,0
22002,Querétaro,Pinal de Amoles,Pinal de Amoles,21.135302499999998,-99.62754027777777,27365,0.0,11.986113648821487,7.23,25.624816230520434,11.687738900323435,52.25710754017305,3.2596382240087705,5.444911383153664,17.540654120226566,0.0,8.770327060113283,0,0,0,0,0
22003,Querétaro,Arroyo Seco,Purísima de Arista,21.31221777777778,-99.51157361111112,13142,0.0,10.485466443463704,7.59,51.982147545287475,30.034129692832764,49.89198743126473,5.227514837924212,19.403439354740527,60.87353523055852,0.0,3.8045959519099073,0,0,0,0,0
22004,Querétaro,Cadereyta de Montes,Cadereyta de Montes,20.695023333333335,-99.81563305555555,69075,22.45674990951864,11.71480275063337,8.02,46.172497402147556,26.307585729130587,59.97311471685253,16.661599710459644,12.500904813608397,34.31053203040174,1.2658227848101267,1.737242128121607,0,0,0,0,0
22005,Querétaro,Colón,Colón,20.78832638888889,-100.04543055555555,67121,0.0,13.00338195199714,7.97,40.468227424749166,29.52434039390561,61.93714499105722,37.42345912605593,12.335930632737892,30.69084191236722,2.912621359223301,0.4469540084325323,1,3,2,0,0
22006,Querétaro,Corregidora,El Pueblito,20.552435833333334,-100.44588305555556,212567,81.35787775148542,11.375707424012194,12.22,76.58804151905028,82.91845360183977,65.60187743151874,59.88370725465383,26.36110026485767,60.54561620571396,4.428904428904429,0.47043990835830585,62,15,5,0,0
22007,Querétaro,Ezequiel Montes,Ezequiel Montes,20.665294999999997,-99.89840555555556,45141,37.205644536009395,12.099864867858487,8.28,49.21248963802155,40.2321083172147,63.108139266774266,18.8719789105248,50.09858000487362,103.67515119292882,6.196581196581197,20.159057176402825,6,0,0,0,0
22008,Querétaro,Huimilpan,El Vegil,20.42797666666667,-100.34996777777778,36808,0.0,11.75287980873723,7.73,55.90106007067138,32.963149924280664,57.75650289017341,18.202564659856552,9.766898500326016,18.74592479895675,7.246376811594203,0.2716800695500978,1,0,0,0,0
22009,Querétaro,Jalpan de Serra,Jalpan de Serra,21.21680222222222,-99.47291083333333,27343,0.0,12.697948286581575,8.58,47.43928194297782,26.663146779303062,59.047664351631624,14.095015177559157,26.643016494166698,75.70493362103646,0.4830917874396135,6.217313389167246,2,0,0,0,0
22010,Querétaro,Landa de Matamoros,Landa de Matamoros,21.183455833333333,-99.32191472222222,18794,0.0,10.833244652548686,6.98,49.55140186915888,24.05607476635514,49.87988194110783,3.330850271363201,5.427264020432053,18.09088006810684,0.0,2.6604235394274767,0,0,0,0,0
22011,Querétaro,El Marqués,Saldarriaga,20.628744444444443,-100.29008194444444,231668,17.496589947683756,12.51187043527807,10.59,58.523772385479056,65.72538517003399,69.36569391431966,58.143981905140116,19.301327762142375,45.021323618281336,4.314477468839885,0.4316521919298306,26,10,4,0,0
22012,Querétaro,Pedro Escobedo,Pedro Escobedo,20.50249361111111,-100.14473027777778,77404,0.0,12.370161748746835,8.72,46.99559563758389,32.31438758389262,63.119687494760846,51.8422820526071,19.727662653092864,52.193685080874374,1.4851485148514851,0.516769159216578,1,0,0,0,0
22013,Querétaro,Peñamiller,Agua Fría,21.155976944444443,-99.79758916666667,19141,0.0,12.261637323023875,7.39,40.64489628260423,18.340521667693572,51.06849315068493,6.0968601431482154,6.582728175121467,21.94242725040489,0.0,1.567316232171778,0,0,0,0,0
22014,Querétaro,Querétaro,Santiago de Querétaro,20.59339111111111,-100.38995722222222,1049777,88.8842106466421,12.505989367265618,11.43,62.860352173329275,80.44838731861633,66.83651404815714,62.24226669092579,38.44292645009369,70.89124642662203,6.960494490728299,1.609865714337426,193,107,8,7,1
22015,Querétaro,San Joaquín,San Joaquín,20.916061388888888,-99.56635916666666,8359,0.0,10.707022371097022,7.4,45.64643799472295,41.072999120492526,47.60230179028133,5.897834669218806,20.576623998085896,64.6010288311999,0.0,3.5889460461777722,0,0,0,0,0
22016,Querétaro,San Juan del Río,San Juan del Río,20.386441388888887,-99.99963166666667,297804,59.676498636687214,11.97767659265826,10.0,54.31059194496202,51.65305049925947,63.36203438213919,54.44923506735974,27.45933567044096,71.69144806651354,2.2950819672131146,1.2424279056023424,19,10,6,3,1
22017,Querétaro,Tequisquiapan,Tequisquiapan,20.5188175,-99.88384,72201,48.41345687732857,11.91534743286104,9.28,49.920827615327774,48.62767866568141,64.03227492942038,37.61443747316519,33.81532111743605,79.36178169277434,3.6649214659685865,7.202116314178474,4,2,2,0,0
22018,Querétaro,Tolimán,Tolimán,20.908149166666664,-99.93080083333334,27916,0.0,12.082676601232269,8.25,33.41383719278306,25.301889472936498,55.42630160306427,15.303052013182404,15.224244161054592,46.568276257343456,0.0,1.432870038687491,0,0,0,0,0
23001,Quintana Roo,Cozumel,Cozumel,20.503784166666666,-86.95758833333333,88626,95.36591970753503,11.149098458691581,10.15,40.94196039828872,70.16999204936963,67.86910048611014,58.39595603998826,64.62550493083293,88.57445896238124,12.611464968152866,8.236860514973033,13,7,5,0,0
23002,Quintana Roo,Felipe Carrillo Puerto,Felipe Carrillo Puerto,19.57851,-88.04658666666667,83990,36.61626384093344,12.425288724848196,8.52,21.810642065045197,27.97968502469481,60.76710522184193,18.839147517561614,15.079176092391952,39.647577092511014,2.1021021021021022,1.7859268960590546,0,2,1,0,0
23003,Quintana Roo,Isla Mujeres,Isla Mujeres,21.256569166666665,-86.74609166666667,22686,0.0,11.60627699903024,8.92,27.05778040490616,51.884143638244424,67.7967991970111,30.82517852419995,100.63475271092304,110.20012342413824,15.6,29.533633077669048,0,3,2,0,0
23004,Quintana Roo,Othón P. Blanco,Chetumal,18.493889444444445,-88.29789888888888,233648,72.34301170992262,11.777545709785661,10.19,46.402272695150735,57.389792658968524,64.46143213628139,50.38605081147709,28.502276929398068,62.44436074779155,4.729266620973269,4.66513730055468,5,11,5,3,1
23005,Quintana Roo,Benito Juárez,Cancún,21.16141611111111,-86.8248111111111,911503,99.67997911142366,12.361780487831636,10.56,40.6290824342543,61.246181018836246,68.69736187701876,58.874847367479866,30.89073760591024,47.196772802722535,10.785681078568107,2.841460752186224,108,105,8,19,1
23006,Quintana Roo,José María Morelos,José María Morelos,19.74939277777778,-88.71051527777779,39165,0.0,12.651602195838121,8.15,22.9714176098216,19.614425474774603,66.64637651753407,11.814119749776586,13.187795225328738,37.78884207838632,0.6756756756756757,1.5319800842589046,1,0,0,0,0
23007,Quintana Roo,Lázaro Cárdenas,Kantunilkín,21.10139888888889,-87.4872225,29171,0.0,11.775393370127867,8.28,22.432739674118984,20.689655172413794,62.32812290052403,10.746974735182201,38.51427787871516,74.38894792773645,6.912442396313364,43.53638887936649,1,1,1,0,0
23008,Quintana Roo,Solidaridad,Playa del Carmen,20.6281425,-87.07549999999999,333800,98.20850808867586,11.973337327741163,10.7,34.328250408529925,52.48774410227242,73.83232875853366,52.712702216896346,32.6018573996405,48.23247453565009,12.111801242236025,6.980227681246255,27,39,7,6,1
23009,Quintana Roo,Tulum,Tulum,20.210776666666668,-87.46320472222223,46721,71.43254639241455,13.625564521307336,9.28,31.714448723434604,44.708315504207675,72.84023336699204,22.98538130605081,95.56730378202522,145.54482994798911,10.882352941176471,58.21793197919565,3,9,5,0,0
23010,Quintana Roo,Bacalar,Bacalar,18.676146666666668,-88.38935277777779,41754,0.0,12.564065718254538,7.86,28.563763190842426,18.538722947594348,61.512038320937855,11.507879484600277,32.09273363031087,58.67701298079226,8.16326530612245,31.37423959381137,0,0,0,0,0
23011,Quintana Roo,Puerto Morelos,Puerto Morelos,20.8484525,-86.87617722222221,26921,71.33836038780134,11.496601166375692,10.36,42.595349902645744,52.319321956247855,69.83736059479554,42.89588053935589,51.33538872998774,92.49284944838602,8.835341365461847,10.400802347609673,2,0,0,0,0
24001,San Luis Potosí,Ahualulco,Ahualulco del Sonido 13,22.400099444444443,-101.16684222222223,18974,0.0,12.522399072414883,7.68,53.77937751429177,17.107770484861316,57.58516066749414,14.514598924844524,17.47127648360915,51.649625803731425,1.0204081632653061,0.0,1,0,0,0,0
24002,San Luis Potosí,Alaquines,Alaquines,22.127894166666668,-99.60038916666666,7785,0.0,10.751445086705202,6.84,37.872535534158644,12.196240256762954,48.44853061894599,8.387925497752088,1.5414258188824663,5.138086062941555,0.0,0.0,0,0,0,0,0
24003,San Luis Potosí,Aquismón,Tampate,21.63785777777778,-99.02681805555555,48359,0.0,11.933662813540396,6.96,12.726691699288967,8.931852680354718,60.22281370907994,8.57751400980169,5.190347194937861,15.922579044231684,0.0,2.2746541491759547,0,0,0,0,0
24004,San Luis Potosí,Armadillo de los Infante,La Concordia,22.353012777777778,-100.58443638888889,4013,0.0,11.039122850735112,6.33,44.377682403433475,10.042918454935622,39.1661594643944,14.079242461998504,9.22003488661849,22.4271118863693,0.0,0.0,0,0,0,0,0
24005,San Luis Potosí,Cárdenas,Cárdenas,22.000904444444444,-99.642505,18317,83.75279794726211,10.629469891357756,8.58,43.06779011872845,29.56721562619686,58.993399339933994,31.637276846645193,34.39427853906207,109.1881858382923,0.0,1.6378227875743845,0,0,0,0,0
24006,San Luis Potosí,Catorce,Real de Catorce,23.690449444444443,-100.88625333333334,9579,0.0,9.426871280927028,7.37,41.27105666156202,10.796324655436447,47.62097864287645,18.290009395552772,21.296586282492953,55.32936632216307,0.0,53.24146570623238,0,0,0,0,0
24007,San Luis Potosí,Cedral,Cedral,23.819331666666667,-100.72660611111111,19840,0.0,12.026209677419354,8.94,52.99783762531944,34.362099469235304,55.53963394776265,40.82157258064516,22.22782258064516,61.49193548387097,1.639344262295082,1.5120967741935485,0,0,0,0,0
24008,San Luis Potosí,Cerritos,Cerritos,22.42766611111111,-100.27959666666666,22075,71.08493771234428,10.477916194790486,8.33,48.728813559322035,32.893910860012554,55.44409377817854,27.882219705549264,38.68629671574179,121.40430351075878,0.0,3.1710079275198186,1,0,0,0,0
24009,San Luis Potosí,Cerro de San Pedro,Portezuelo,22.170315833333333,-100.82459944444444,5050,0.0,12.217821782178218,9.37,63.756419662509174,42.84666177549523,56.040684693624414,58.01980198019802,11.287128712871286,27.722772277227723,0.0,1.9801980198019802,0,0,0,0,0
24010,San Luis Potosí,Ciudad del Maíz,Ciudad del Maíz,22.39984611111111,-99.6005736111111,30320,0.0,10.369393139841689,7.61,51.62935323383085,18.208955223880597,56.87090759290577,9.198548812664908,18.00791556728232,56.72823218997362,0.0,1.3192612137203166,0,0,0,0,0
24011,San Luis Potosí,Ciudad Fernández,Ciudad Fernández,21.943511944444445,-100.01102222222222,48106,75.40639421278011,12.121149129006776,8.64,49.02359006405249,38.01749726605218,60.901456362283405,25.15694507961585,39.42335675383528,117.03321830956638,0.5328596802841918,1.8708684987319668,1,1,1,0,0
24012,San Luis Potosí,Tancanhuitz,Tancanhuitz,21.59731888888889,-98.96638777777778,20300,0.0,10.714285714285714,8.52,16.842914824072295,9.767352432224572,59.456911182349614,16.561576354679804,8.374384236453203,27.0935960591133,0.0,2.4630541871921183,0,0,0,0,0
24013,San Luis Potosí,Ciudad Valles,Ciudad Valles,21.986536666666666,-99.0187211111111,179371,76.01618990806763,10.831739801863177,9.91,45.74198751008008,46.231457344860566,60.43149207218931,57.68658255793857,35.646787942309516,93.54912444040563,2.7413587604290823,4.181277910030049,8,5,5,0,0
24014,San Luis Potosí,Coxcatlán,Coxcatlán,21.54114277777778,-98.90346944444445,15660,0.0,9.687100893997446,7.89,15.265539414146225,4.8344844010478685,53.28525641025641,9.406130268199234,4.980842911877395,16.602809706257982,0.0,0.6385696040868455,0,0,0,0,0
24015,San Luis Potosí,Charcas,Charcas,23.129818333333333,-101.11335222222222,21814,0.0,10.763729714862015,8.15,47.133122818680405,20.57503739405019,55.3839005691718,49.54616301457779,22.050059594755663,62.80370404327496,1.4598540145985401,3.667369579169341,0,0,0,0,0
24016,San Luis Potosí,Ebano,Ebano,22.212339166666666,-98.37780333333333,40899,59.79119293870266,10.445243159979462,8.46,44.53144948506256,26.40224699974466,57.85318430911174,23.80742805447566,40.86896990146458,127.87598718795081,0.19120458891013384,1.7115332893224773,2,0,0,0,0
24017,San Luis Potosí,Guadalcázar,Entronque de Matehuala (El Huizache),22.921768611111112,-100.46406555555556,25119,0.0,10.032246506628448,6.43,43.37941628264209,11.981566820276498,56.48047300451221,12.639834388311636,0.8360205422190374,2.7867351407301246,0.0,1.1943150603129105,0,0,0,0,0
24018,San Luis Potosí,Huehuetlán,Huichihuayán,21.483088888888886,-98.96750333333334,15334,0.0,11.236467979653058,8.29,17.85274562915538,10.859394237872445,55.59735808042806,14.92761184296335,1.7607930089996087,5.8693100299986956,0.0,0.6521455588887439,0,0,0,0,0
24019,San Luis Potosí,Lagunillas,San Rafael,21.59006972222222,-99.70641305555556,5453,0.0,8.674124335228315,6.38,45.22700814901048,10.186263096623982,44.43944169293111,5.7032825967357414,3.851091142490372,12.836970474967908,0.0,0.0,0,0,0,0,0
24020,San Luis Potosí,Matehuala,Matehuala,23.646359444444442,-100.64419777777779,102199,84.82079081008621,11.761367528058004,9.71,58.55486890700991,54.331370899915896,61.321732691595706,53.485846241156956,25.621581424475778,59.39392753353751,3.7891268533772653,2.837601150696191,3,2,2,0,0
24021,San Luis Potosí,Mexquitic de Carmona,San Marcos (San Marcos Carmona),22.192094444444443,-101.05333472222222,58469,0.0,12.317638406677043,8.6,53.86280025968405,23.7610906730145,61.308972152345646,31.392703825959057,4.044878482614719,9.919786553558296,1.7241379310344827,0.0,1,0,0,0,0
24022,San Luis Potosí,Moctezuma,Moctezuma,22.749893611111112,-101.08555944444444,19036,0.0,10.994956923723471,7.07,58.06638363566191,13.353917406406794,48.917808219178085,12.260979197310359,12.450094557680185,41.50031519226728,0.0,1.0506408909434755,0,0,0,0,0
24023,San Luis Potosí,Rayón,Rayón,21.84372361111111,-99.64531527777778,15301,0.0,10.48951048951049,7.18,44.07158836689038,24.697986577181208,53.968648917641204,14.992484151362657,13.071041108424286,42.48088360237893,0.0,1.3071041108424286,1,0,0,0,0
24024,San Luis Potosí,Rioverde,Rioverde,21.932378055555557,-99.9929225,97943,59.37943497748691,11.259610181432057,8.63,49.187456240557175,42.9340015477024,60.96347655746578,27.37306392493593,33.647121284828934,93.01328323616798,1.4270032930845225,3.063006034121887,10,2,2,0,0
24025,San Luis Potosí,Salinas,Salinas de Hidalgo,22.628015,-101.71573500000001,31107,59.748609637702124,11.839778827916547,7.95,56.33048578350121,24.28917506056356,56.509256085018855,17.05082457324718,18.082746648664287,45.005947214453336,3.5714285714285716,1.6073552576590477,0,1,1,0,0
24026,San Luis Potosí,San Antonio,Tocoy,21.638167222222222,-98.87116555555555,9382,0.0,11.372841611596675,8.21,11.914715719063546,4.724080267558528,51.6115815350997,9.710083137923684,6.395224898742272,21.317416329140908,0.0,0.0,0,0,0,0,0
24027,San Luis Potosí,San Ciro de Acosta,San Ciro de Acosta,21.650006944444442,-99.818685,10215,0.0,10.73910915320607,7.5,49.76897689768977,31.94719471947195,56.083743842364534,10.073421439060205,29.955947136563875,94.95839451786588,0.0,1.9579050416054822,0,0,0,0,0
24028,San Luis Potosí,San Luis Potosí,San Luis Potosí,22.151654999999998,-100.97695805555556,911908,92.76604657487378,12.619365111392815,11.38,62.370625163887645,68.31222717527109,64.71152251707703,66.25778039012708,34.740346613912806,73.03368322243033,4.984984984984985,1.5352425902612983,66,75,8,4,1
24029,San Luis Potosí,San Martín Chalchicuautla,San Martín Chalchicuautla,21.369703333333334,-98.65723833333334,18468,0.0,8.40372536278969,7.26,16.878920357346512,6.253563961224102,48.89318575810108,7.586094866796621,7.743123240199264,24.907948884557072,0.0,0.5414771496642842,0,0,0,0,0
24030,San Luis Potosí,San Nicolás Tolentino,Santa Catarina,22.047320555555558,-100.45800611111112,4779,0.0,9.771918811466834,6.41,46.715328467153284,21.49966821499668,43.740610916374564,11.11111111111111,3.766478342749529,12.554927809165097,0.0,0.0,0,0,0,0,0
24031,San Luis Potosí,Santa Catarina,San Diego (Pueblo Viejo),21.49694388888889,-99.48722194444444,12163,0.0,12.570911781632821,5.75,24.915254237288135,10.508474576271187,29.636563876651984,8.460083860889583,0.49329935048918855,1.644331168297295,0.0,0.0,0,0,0,0,0
24032,San Luis Potosí,Santa María del Río,Santa María del Río,21.80043861111111,-100.73710888888888,39880,0.0,12.169007021063189,7.87,38.845401174168295,16.164383561643834,59.35201684756196,26.82296890672016,21.56469408224674,62.688064192577734,0.8,1.5045135406218655,3,0,0,0,0
24033,San Luis Potosí,Santo Domingo,Jesús María,23.153898055555555,-102.1924338888889,10785,0.0,9.290681502086231,6.63,61.12066002062564,17.97868683396356,35.39748953974895,6.165971256374594,1.5762633286972647,3.7088548910523875,0.0,0.0,0,0,0,0,0
24034,San Luis Potosí,San Vicente Tancuayalab,San Vicente Tancuayalab,21.714944444444445,-98.58571777777777,14945,0.0,10.277684844429576,8.36,30.016822879115598,17.92838260033646,54.665662398527076,20.43492806958849,16.995650719304116,55.53696888591502,0.0,2.0073603211776514,0,0,0,0,0
24035,San Luis Potosí,Soledad de Graciano Sánchez,Soledad de Graciano Sánchez,22.18788138888889,-100.93727416666667,332072,93.41106747934182,12.723445517839505,10.68,58.676353654950056,62.89171849641095,65.19426291090447,69.54847141583753,20.576862849020696,55.5903538991544,1.408450704225352,0.3613674142956949,4,11,8,0,0
24036,San Luis Potosí,Tamasopo,Tamasopo,21.92390166666667,-99.39215972222223,29184,0.0,11.105400219298245,7.27,36.79189028026237,21.299940369707812,57.406599162011176,34.30646929824562,20.439281798245613,62.70559210526316,0.546448087431694,10.964912280701755,1,0,0,0,0
24037,San Luis Potosí,Tamazunchale,Tamazunchale,21.26273777777778,-98.7915175,95037,25.524795605921906,10.941001925565832,8.43,15.53120143943731,16.508546659033286,58.505214210934206,18.81372518071909,14.483832612561423,44.50898071277503,0.2364066193853428,1.1574439428854024,2,0,0,0,0
24038,San Luis Potosí,Tampacán,Tampacán,21.402307777777775,-98.72767583333334,14348,0.0,9.395037635907444,8.43,19.64702828964443,6.851803789255126,52.856770153926426,16.824644549763033,8.15444661276833,27.181488709227768,0.0,0.0,0,0,0,0,0
24039,San Luis Potosí,Tampamolón Corona,Tampamolón Corona,21.560351666666666,-98.81511444444445,13603,0.0,10.556494890832905,8.04,21.094414516586333,8.02381627445421,55.95810925559015,15.173123575681835,6.836727192531059,22.789090641770198,0.0,2.2053958685584063,0,0,0,0,0
24040,San Luis Potosí,Tamuín,Tamuín,22.004146666666667,-98.77516083333333,36968,44.855009738151914,10.457693140012983,8.51,39.05420773313116,26.62054586808188,58.059660645867545,40.05626487773209,22.69530404674313,67.08504652672582,0.8064516129032258,2.705042198658299,0,0,0,0,0
24041,San Luis Potosí,Tanlajás,Tanlajás,21.665663888888886,-98.88807027777779,18208,0.0,10.753514938488577,8.07,13.100524828421477,6.903512313282196,57.297335007674064,14.076230228471001,11.588312829525483,36.79701230228471,0.0,0.0,0,0,0,0,0
24042,San Luis Potosí,Tanquián de Escobedo,Tanquián de Escobedo,21.598088055555554,-98.6620625,13448,0.0,8.811719214753124,8.64,37.604758042714245,19.464720194647203,57.22846441947566,20.754015466983937,26.546698393813205,84.77096966091612,0.0,1.48720999405116,0,0,0,0,0
24043,San Luis Potosí,Tierra Nueva,Tierra Nueva,21.667455833333335,-100.57391833333332,7966,0.0,10.708009038413257,6.93,36.63457129756992,11.875286565795507,50.273136246786635,6.502636203866432,27.115239769018327,84.10745669093647,0.0,1.2553351744915893,0,0,0,0,0
24044,San Luis Potosí,Vanegas,Vanegas,23.883888888888887,-100.95055555555555,7557,0.0,10.41418552335583,7.29,40.802845528455286,18.140243902439025,44.438678429337486,46.46023554320497,8.33664152441445,27.7888050813815,0.0,2.646552864893476,0,0,0,0,0
24045,San Luis Potosí,Venado,Venado,22.93134388888889,-101.09462944444444,14188,0.0,10.107132788271779,7.67,54.3079628234112,20.62295905551369,58.46408647140865,23.900479278263322,18.11389906963631,55.680857062306174,0.0,4.22892585283338,0,0,0,0,0
24046,San Luis Potosí,Villa de Arriaga,Villa de Arriaga,21.91013583333333,-101.38337027777779,18206,0.0,11.611556629682521,7.24,50.796726959517656,13.006029285099052,60.24700326916091,12.649675931011755,10.271339118971767,29.66055146654949,0.0,0.5492694716027683,0,0,0,0,0
24047,San Luis Potosí,Villa de Guadalupe,Villa de Guadalupe,23.374424722222223,-100.75789722222223,9277,0.0,10.768567424814057,6.49,48.90131841789852,31.60207750699161,47.61256971840566,12.19144119866336,2.587043225180554,8.623477417268514,0.0,0.0,0,0,0,0,0
24048,San Luis Potosí,Villa de la Paz,Villa de la Paz,23.675351388888892,-100.71317083333334,5298,0.0,11.494903737259342,8.82,53.30827067669173,44.43609022556391,49.80750721847931,62.72178180445451,10.381275953189883,28.312570781426952,0.0,5.662514156285391,0,0,0,0,0
24049,San Luis Potosí,Villa de Ramos,Dulce Grande,23.002819722222224,-102.17427,38389,0.0,10.940634035791502,6.64,49.77960328591465,22.019635343618514,45.40752131972599,4.001146161660892,8.648310714006616,28.393550235744616,0.0,0.5209825731329287,0,0,0,0,0
24050,San Luis Potosí,Villa de Reyes,Villa de Reyes,21.803124444444446,-100.93248583333333,52912,0.0,12.79293921983671,7.92,49.06141939733246,15.87353861353532,57.789159197609905,51.85780163289991,14.212276988206835,38.554581191412154,1.9607843137254901,1.3229513153915935,2,0,0,0,0
24051,San Luis Potosí,Villa Hidalgo,Villa Hidalgo,22.44869277777778,-100.67886361111111,15458,0.0,10.687022900763358,7.53,50.33175355450237,18.862559241706162,53.94683359076498,32.65622978393065,13.164704360201837,36.87411049294864,1.7543859649122806,0.0,0,0,0,0,0
24052,San Luis Potosí,Villa Juárez,Villa Juárez,22.323209444444444,-100.2666488888889,10304,0.0,9.569099378881987,6.62,46.999325691166554,22.218476062036412,53.7518573551263,7.3563664596273295,15.236801242236025,47.55434782608695,0.0,0.0,0,0,0,0,0
24053,San Luis Potosí,Axtla de Terrazas,Axtla de Terrazas,21.43638888888889,-98.875,32544,0.0,10.220009832841692,8.76,22.2065396377323,12.408844977652317,60.104904685481664,15.606563421828909,16.039823008849556,48.85693215339233,0.0,3.072763028515241,0,0,0,0,0
24054,San Luis Potosí,Xilitla,Xilitla,21.385192777777778,-98.98957305555555,49741,0.0,11.029130898051909,8.18,14.690823158723907,8.782985427333596,58.81669000872024,7.223417301622404,11.047224623549988,28.94996079692809,2.0833333333333335,8.242697171347581,0,0,0,0,0
24055,San Luis Potosí,Zaragoza,Villa de Zaragoza,22.035605,-100.73096666666667,27386,0.0,13.017600233696049,7.53,40.01551590380139,19.006982156710627,54.54589348655304,57.89089315708756,4.527860950850799,12.049952530490032,0.0,0.0,0,0,0,0,0
24056,San Luis Potosí,Villa de Arista,Villa de Arista,22.644771666666667,-100.84902,17258,0.0,11.710511067331092,7.31,50.99953509995351,14.388656438865643,55.59494451294698,5.272916908100591,18.571097462046588,52.729169081005914,1.098901098901099,3.4766485108355547,0,0,0,0,0
24057,San Luis Potosí,Matlapa,Matlapa,21.337504444444445,-98.82680333333333,28996,0.0,10.180714581321562,7.86,13.720060916516683,9.802021320780838,57.492874873586466,9.470271761622293,9.759966891985101,31.383639122637604,0.0,2.4141260863567386,0,0,0,0,0
24058,San Luis Potosí,El Naranjo,El Naranjo,22.52203611111111,-99.32250944444444,20959,0.0,10.348776182069756,8.26,54.76959700731168,19.129399761945248,55.41538461538462,47.10625506942125,27.076673505415336,81.11074001622215,0.5882352941176471,9.542440001908489,0,0,0,0,0
25001,Sinaloa,Ahome,Los Mochis,25.783416944444447,-108.99434277777777,459310,64.8818880494655,12.173477607715922,10.66,60.652297305371334,54.649877516878774,59.650172686312025,65.75254185626265,30.319392131675773,61.20049639676907,6.652436855211668,1.2845354989005247,23,11,5,2,1
25002,Sinaloa,Angostura,La Reforma,25.080774722222223,-108.0538725,44093,0.0,10.4982650307305,9.15,62.86773222145008,34.85445139371477,54.44905990380411,50.56131358719071,20.218628807293676,53.976821717732975,2.100840336134454,0.4535867371238065,0,0,0,0,0
25003,Sinaloa,Badiraguato,Badiraguato,25.362651666666668,-107.55101833333333,26542,0.0,9.678999321829552,7.13,45.324137931034485,10.386206896551725,56.38150059547439,9.51322432371336,7.911988546454675,24.489488358073995,0.0,0.37676135935498456,0,0,0,0,0
25004,Sinaloa,Concordia,Heroica Ciudad Concordia,23.287625555555557,-106.06861083333332,24899,0.0,9.920077111530583,8.84,35.753880266075384,37.389135254988915,57.73975732345027,34.1780794409414,14.538736495441585,35.744407405919915,2.247191011235955,2.0081127756134785,0,0,0,0,0
25005,Sinaloa,Cosalá,Cosalá,24.411345833333332,-106.69153472222223,17012,0.0,10.50434987067952,7.9,53.641590800191665,30.402491614758027,57.269032358918246,22.495885257465318,15.430284505055255,41.14742534681401,1.4285714285714286,5.87820362097343,1,0,0,0,0
25006,Sinaloa,Culiacán,Culiacán Rosales,24.808808055555556,-107.39375611111112,1003530,83.3711996651819,12.425238906659493,11.06,64.93516640799525,62.46008942809349,62.75075549723647,66.21306787041743,32.568533078233834,58.67288471694917,7.659646739130435,0.9964824170677509,103,55,8,4,1
25007,Sinaloa,Choix,Choix,26.70701083333333,-108.32235194444443,29334,0.0,9.937274152860162,7.29,43.089530332681015,26.675636007827787,54.526640246587405,16.881434512851982,10.363400831799277,31.703824913070157,0.0,2.727210745210336,0,0,0,0,0
25008,Sinaloa,Elota,La Cruz,23.91540388888889,-106.89271166666667,55339,35.67465982399393,13.865447514411175,7.97,51.38534900929047,22.527337005672944,57.11290664530871,42.20712336688411,16.99524747465621,41.742713095646835,3.0303030303030303,1.6263394712589674,0,0,0,0,0
25009,Sinaloa,Escuinapa,Escuinapa de Hidalgo,22.83505138888889,-105.77787583333333,59988,56.55131026205241,11.60898846435954,9.16,36.917209988928526,44.05215893713864,64.15030034507733,30.97286123891445,25.471761018870442,69.34720277388811,0.9615384615384616,2.8339001133560044,0,0,0,0,0
25010,Sinaloa,El Fuerte,El Fuerte,26.42159888888889,-108.61996638888888,96593,0.0,11.501868665431243,8.9,44.458281444582816,25.193403524661306,58.43718554067652,48.491091486960755,14.980381601151223,41.82497696520452,0.9900990099009901,2.1740705848249875,0,0,0,0,0
25011,Sinaloa,Guasave,Guasave,25.56554722222222,-108.4718175,289370,43.34485261084425,11.816014099595673,9.61,58.900557167432666,40.730993401288934,56.84405047948684,59.474029788851645,22.963679718008088,54.42858623907109,4.190476190476191,0.8293879807858451,10,3,3,0,0
25012,Sinaloa,Mazatlán,Mazatlán,23.20031583333333,-106.4222213888889,501441,91.51804499432635,12.03451652337962,10.83,50.09876769315298,63.14002773344497,62.51081259548588,62.81915519472879,40.39857131746307,72.77027606438244,8.111811455193203,3.6295396666806266,52,34,8,3,1
25013,Sinaloa,Mocorito,Pericos,25.086016666666666,-107.70424361111111,40358,0.0,9.497497398285347,7.93,55.99378613963925,23.931992750496246,54.38155393389342,28.54948213489271,14.879329996531046,36.176222805887306,3.4246575342465753,1.4866940879131771,0,0,0,0,0
25014,Sinaloa,Rosario,El Rosario,22.990874166666668,-105.85375666666665,52345,32.662145381602826,10.705893590600821,9.01,37.19281663516068,33.98595733189306,63.15712900096993,33.45687267169739,13.554303180819563,37.06180150921769,0.5154639175257731,2.101442353615436,0,0,0,0,0
25015,Sinaloa,Salvador Alvarado,Guamúchil,25.457,-108.0807,79492,82.03970210838827,10.938207618376692,10.49,66.58196227065208,52.140580584029635,58.327227375477435,61.22502893372918,28.889699592411816,62.64781361646455,4.618473895582329,1.1321894027071906,3,1,1,0,0
25016,Sinaloa,San Ignacio,San Ignacio,23.940275833333335,-106.42549694444445,19505,0.0,9.500128172263523,8.04,42.718096611391495,9.444844989185292,54.754119381932426,25.947193027428863,20.276852089207896,56.908485003845165,0.9009009009009009,3.076134324532171,1,0,0,0,0
25017,Sinaloa,Sinaloa,Estación Naranjo,25.801375555555556,-108.47782833333333,78670,0.0,10.818609380958433,7.84,53.134045077105576,19.492289442467378,54.5466312860009,28.055167153934157,7.0166518367865764,21.482140587263252,0.0,0.6355662895640015,0,0,0,0,0
25018,Sinaloa,Navolato,Licenciado Benito Juárez (Campo Gobierno),24.65737,-107.54077833333334,149122,43.1136921446869,12.834457692359276,8.6,48.02379940501488,29.815660858478537,62.09927128665835,62.392537653733186,17.666742667077962,44.19200386260914,2.276176024279211,0.8047102372554016,0,0,0,0,0
26001,Sonora,Aconchi,Aconchi,29.8258725,-110.22855194444445,2563,0.0,9.676160749122122,8.78,64.0506329113924,32.151898734177216,48.933143669985775,44.28404213811939,16.387046429964887,54.62348809988295,0.0,11.705033164260632,0,0,0,0,0
26002,Sonora,Agua Prieta,Agua Prieta,31.327815277777777,-109.5463513888889,91929,99.0209835851581,12.43568406052497,9.64,74.9926122931442,69.20065011820331,60.33750589802659,55.150170240076584,24.312240968573573,48.95082074209444,6.666666666666667,2.1755920329819753,2,2,1,0,0
26003,Sonora,Alamos,Álamos,27.02405,-108.93492583333334,24976,0.0,10.073670723894939,8.2,51.030421982335625,19.75325949810739,55.52056780126956,30.817584881486226,14.033472133247917,32.43113388853299,3.7037037037037037,8.00768737988469,0,0,0,0,0
26004,Sonora,Altar,Altar,30.713338888888888,-111.83357194444444,9492,0.0,11.662452591656132,8.73,65.47842401500938,47.84240150093809,56.07960741548528,26.991150442477878,26.548672566371682,72.69279393173198,0.0,16.85630004214075,0,0,0,0,0
26005,Sonora,Arivechi,Arivechi,28.928644722222224,-109.18709194444445,1177,0.0,6.542056074766355,8.18,68.35443037974683,62.53164556962025,48.3837330552659,37.46813933729822,7.646559048428207,25.48853016142736,0.0,8.496176720475786,0,0,0,0,0
26006,Sonora,Arizpe,Arizpe,30.336231666666666,-110.16680861111112,2788,0.0,7.6757532281205165,8.13,68.59504132231405,15.082644628099173,48.98488120950324,31.27690100430416,20.444763271162124,68.14921090387375,0.0,7.173601147776184,0,0,0,0,0
26007,Sonora,Atil,Atil,30.843988888888887,-111.58389166666666,626,0.0,8.466453674121405,9.07,65.96858638743456,18.32460732984293,40.49429657794677,29.712460063897762,9.584664536741213,31.94888178913738,0.0,0.0,0,0,0,0,0
26008,Sonora,Bacadéhuachi,Bacadéhuachi,29.809073611111113,-109.14074527777778,979,0.0,6.230847803881511,7.64,47.39884393063584,51.15606936416185,41.33811230585424,18.896833503575078,24.514811031664966,81.71603677221655,0.0,20.42900919305414,0,0,0,0,0
26009,Sonora,Bacanora,Bacanora,28.9840625,-109.4004013888889,759,0.0,5.4018445322793145,7.23,60.53639846743295,32.56704980842912,46.09120521172638,27.272727272727273,11.857707509881424,39.52569169960474,0.0,26.350461133069828,0,0,0,0,0
26010,Sonora,Bacerac,Bacerac,30.35527777777778,-108.92979916666667,1221,0.0,8.19000819000819,8.1,65.26315789473684,31.31578947368421,48.18181818181818,19.082719082719084,19.656019656019655,65.52006552006551,0.0,0.0,0,0,0,0,0
26011,Sonora,Bacoachi,Bacoachi,30.633038333333335,-109.9690075,1475,0.0,8.610169491525424,8.11,74.03100775193798,10.65891472868217,43.7956204379562,22.983050847457626,22.372881355932204,74.57627118644068,0.0,20.338983050847457,0,0,0,0,0
26012,Sonora,Bácum,Francisco Javier Mina (Campo 60),27.46125333333333,-110.11127583333332,23151,0.0,11.895814435661526,8.75,46.31480324797002,30.88694565896315,57.17434546529756,56.43816681784804,14.211049198738715,46.65025268886873,0.0,0.0,0,0,0,0,0
26013,Sonora,Banámichi,Banámichi,30.007775555555554,-110.21555277777779,1825,0.0,10.41095890410959,9.35,70.4424778761062,66.3716814159292,51.9674355495251,48.87671232876713,36.16438356164384,93.15068493150685,0.0,32.87671232876713,0,0,0,0,0
26014,Sonora,Baviácora,Baviácora,29.715235,-110.16505222222223,3191,0.0,7.771858351613914,8.68,68.75,44.90384615384615,43.88327721661055,38.4832340958947,13.162018176120338,43.87339392040113,0.0,6.267627702914447,0,0,0,0,0
26015,Sonora,Bavispe,Bavispe,30.48012333333333,-108.94102305555556,1169,0.0,7.8699743370402055,7.72,75.71059431524547,26.873385012919897,38.56209150326797,10.350727117194182,7.698887938408896,25.66295979469632,0.0,8.554319931565441,0,0,0,0,0
26016,Sonora,Benjamín Hill,Benjamín Hill,30.167163055555555,-111.11792166666666,4988,0.0,10.425020048115478,9.11,57.22618276085548,47.4400518470512,49.48271511481201,59.52285485164395,22.052927024859663,70.16840417000802,0.0,6.014434643143544,0,0,0,0,0
26017,Sonora,Caborca,Heroica Caborca,30.714073888888887,-112.14835472222222,89122,75.85556877089832,11.163349116940823,9.51,70.14221613810936,56.88265267320709,61.773765418955556,56.37440811471915,21.59960503579363,52.17566930724176,3.870967741935484,2.4685262898049865,1,1,1,0,0
26018,Sonora,Cajeme,Ciudad Obregón,27.49648888888889,-109.93271611111112,436484,84.44020857580118,11.72963957441739,10.8,58.73427609229114,58.73648683502701,60.37262849932442,73.82561560103005,26.131542049651305,55.71796446146938,5.592105263157895,0.9622345836273495,20,15,7,1,1
26019,Sonora,Cananea,Heroica Ciudad de Cananea,30.982652777777776,-110.30167138888889,39451,96.60845098983549,10.78299662872931,10.52,80.43665861235762,74.66344494304452,55.64571094738892,63.21512762667613,24.486071328990395,41.063597880915566,8.641975308641975,3.041747991178931,1,2,1,0,0
26020,Sonora,Carbó,Carbó,29.68468861111111,-110.95443138888889,4946,0.0,10.351799433885969,8.3,51.748750892219846,29.1220556745182,56.785345717234264,34.89688637282653,20.016174686615447,66.72058228871816,0.0,4.043671653861707,0,0,0,0,0
26021,Sonora,La Colorada,Tecoripa,28.623738055555556,-109.95380944444445,1848,0.0,8.008658008658008,7.57,60.26392961876833,11.87683284457478,50.714285714285715,47.83549783549783,8.116883116883116,27.056277056277057,0.0,5.411255411255412,0,0,0,0,0
26022,Sonora,Cucurpe,Cucurpe,30.329191944444442,-110.70588666666667,863,0.0,9.269988412514484,7.72,71.74603174603175,18.41269841269841,50.13623978201635,26.535341830822713,13.904982618771726,46.349942062572424,0.0,11.587485515643106,0,0,0,0,0
26023,Sonora,Cumpas,Cumpas,29.993563611111114,-109.78249694444445,5829,0.0,8.509178246697546,9.54,72.81031703385277,39.333691563675444,53.78725165562914,62.84096757591354,18.528049408131753,61.760164693772516,0.0,5.14668039114771,0,0,0,0,0
26024,Sonora,Divisaderos,Divisaderos,29.615069444444448,-109.47067111111112,753,0.0,9.428950863213812,8.52,69.83471074380165,54.54545454545455,48.44006568144499,24.701195219123505,11.952191235059761,39.8406374501992,0.0,0.0,0,0,0,0,0
26025,Sonora,Empalme,Empalme,27.957605833333332,-110.81599333333332,51431,75.60809628434212,11.819719624351073,9.59,54.385727801054195,50.155426408974186,59.534408523680945,68.98368688145283,16.070074468705645,48.219945169255894,0.4032258064516129,1.1666115766755458,0,0,0,0,0
26026,Sonora,Etchojoa,Etchojoa,26.910833333333333,-109.62527777777777,61309,0.0,12.360338612601739,9.41,34.68323461241308,22.785217615245944,57.90551915782641,44.30507755794419,12.861080754864702,39.47218189825311,0.4132231404958678,0.16310818966220295,0,0,0,0,0
26027,Sonora,Fronteras,Esqueda,30.723524166666664,-109.58900333333332,9041,0.0,9.534343546067912,9.59,75.78791249536522,48.53540971449759,50.549291702804275,68.68709213582568,13.71529698042252,42.030748810972234,0.0,4.424289348523393,0,0,0,0,0
26028,Sonora,Granados,Granados,29.862293333333334,-109.31052222222222,1009,0.0,5.153617443012884,8.97,62.865497076023395,15.2046783625731,50.23809523809524,33.3994053518335,14.866204162537166,49.554013875123886,0.0,9.910802775024777,0,0,0,0,0
26029,Sonora,Guaymas,Heroica Guaymas,27.923248611111113,-110.88944472222222,156863,74.74866603341769,11.329631589348667,10.11,55.165385758566515,59.68324062672498,60.249545883603425,66.50197943428341,23.39302448633521,42.96743017792596,9.050445103857566,1.9124968921925503,9,4,4,1,1
26030,Sonora,Hermosillo,Hermosillo,29.074891666666666,-110.95846361111111,936263,95.59675005847716,12.517422989053289,11.3,68.58876323819781,70.3008436546401,63.122478037913496,69.00753313972676,23.148410222341372,41.505431700280795,8.594956253216676,0.897183804123414,73,55,7,8,1
26031,Sonora,Huachinera,Huachinera,30.211482222222223,-108.95881611111112,1186,0.0,10.286677908937605,7.86,66.32911392405063,33.164556962025316,48.83720930232558,18.381112984822934,17.706576728499158,59.02192242833052,0.0,16.863406408094434,0,0,0,0,0
26032,Sonora,Huásabas,Huásabas,29.904188055555554,-109.30146944444444,888,0.0,7.207207207207207,8.99,68.22742474916387,51.83946488294314,47.44429882044561,43.58108108108108,22.52252252252252,56.306306306306304,0.0,11.26126126126126,0,0,0,0,0
26033,Sonora,Huatabampo,Huatabampo,26.826896944444446,-109.64415333333334,77682,39.03607013207693,11.240699261090086,9.59,44.26558417319895,30.82306830907055,55.19135169257476,49.603511753044465,17.899899590638757,47.75881156509874,1.8867924528301887,1.0298396024819134,2,1,1,0,0
26034,Sonora,Huépac,Huépac,29.911269166666667,-110.21371527777778,943,0.0,3.499469777306469,9.23,73.47560975609755,60.97560975609756,39.64421855146124,61.717921527041355,6.362672322375397,21.208907741251327,0.0,42.417815482502654,0,0,0,0,0
26035,Sonora,Imuris,Imuris,30.77732972222222,-110.8615386111111,12536,0.0,11.255583918315253,8.93,64.41873589164786,49.32279909706546,58.053007135575946,41.225271218889596,14.079451180599872,38.28972559029994,2.0833333333333335,1.595405232929164,0,0,0,0,0
26036,Sonora,Magdalena,Magdalena de Kino,30.630355555555557,-110.96940444444445,33049,92.07237737904323,11.389149444763836,10.01,73.03325223033252,61.67883211678832,59.472823399642465,55.0243577717934,20.363702381312596,45.689733426124846,3.9735099337748343,3.6309721928046232,0,0,0,0,0
26037,Sonora,Mazatán,Mazatán,29.003356944444445,-110.14022083333334,1101,0.0,7.901907356948229,8.51,70.8955223880597,26.119402985074625,47.62407602956706,27.338782924613987,50.86285195277021,154.40508628519527,0.0,9.082652134423252,0,0,0,0,0
26038,Sonora,Moctezuma,Moctezuma,29.802179722222224,-109.68033666666668,5173,0.0,12.275275468780205,10.35,68.7536231884058,51.53623188405797,52.12866603595081,58.72801082543978,27.45022230813841,85.05702687028803,0.0,17.398028223468007,0,0,0,0,0
26039,Sonora,Naco,Naco,31.331547222222223,-109.94813194444446,5774,0.0,10.980256321440942,9.37,68.94519740718916,46.611667648791986,53.08195981034093,36.47384828541739,20.60962937305161,57.1527537235885,0.0,5.195704883962591,0,0,0,0,0
26040,Sonora,Nácori Chico,Nácori Chico,29.686324722222224,-108.97859416666667,1531,0.0,6.596995427824951,7.11,64.7410358565737,16.53386454183267,40.876494023904385,17.766165904637493,21.55453951665578,71.84846505551927,0.0,13.063357282821686,0,0,0,0,0
26041,Sonora,Nacozari de García,Nacozari de García,30.3737225,-109.68647027777779,14369,0.0,9.269956155612778,10.1,71.84622467771639,72.07642725598527,55.393378426486294,84.57791078015171,23.41847031804579,54.28352703737212,3.8461538461538463,5.567541234602269,0,0,0,0,0
26042,Sonora,Navojoa,Navojoa,27.0815975,-109.44554611111111,164387,73.56177799947685,11.855560354529251,10.31,54.546229592054225,46.28287650795004,58.9404518067786,68.27486358410337,20.001581633584163,42.33911440685699,4.597701149425287,1.581633584164198,6,5,5,1,1
26043,Sonora,Nogales,Heroica Nogales,31.325903055555557,-110.94574472222223,264782,98.62339585017108,12.758797803476067,10.59,64.42226703080732,70.89384619311366,64.86440120659337,69.39557824927677,20.007024646690486,34.55672968706332,9.726775956284152,1.4351428722496242,23,15,7,2,1
26044,Sonora,Onavas,Ónavas,28.460539166666667,-109.52951833333333,365,0.0,7.671232876712328,7.12,57.5,72.5,53.15614617940199,23.835616438356166,8.219178082191782,27.397260273972602,0.0,54.794520547945204,0,0,0,0,0
26045,Sonora,Opodepe,Querobabi,30.049759166666668,-111.02148972222223,2438,0.0,7.957342083675144,7.81,57.48792270531401,33.69565217391305,51.4186162269786,30.762920426579164,13.535684987694832,45.118949958982775,0.0,4.1017227235438884,0,0,0,0,0
26046,Sonora,Oquitoa,Oquitoa,30.74205388888889,-111.73481805555555,496,0.0,10.685483870967742,9.85,73.71794871794872,28.846153846153847,49.285714285714285,29.637096774193548,0.0,0.0,0.0,0.0,0,0,0,0,0
26047,Sonora,Pitiquito,Pitiquito,30.675995833333335,-112.05392527777778,9122,0.0,10.502082876562158,9.24,65.67919075144509,48.98843930635838,59.934809181040336,58.55075641306731,16.772637579478186,50.42753782065336,0.0,6.5775049331287,0,0,0,0,0
26048,Sonora,Puerto Peñasco,Puerto Peñasco,31.306780833333335,-113.54013083333334,62689,99.38107163936257,10.831246311155066,9.83,75.62056737588652,69.71214017521902,65.14831798076533,49.64985882690743,49.21916125636076,90.28697219607906,7.950530035335689,9.730574741980252,12,2,2,0,0
26049,Sonora,Quiriego,Quiriego,27.520487777777777,-109.25122944444445,3090,0.0,8.83495145631068,7.23,32.368703108252944,6.323687031082529,43.51738241308794,32.07119741100323,5.825242718446602,19.41747572815534,0.0,3.236245954692557,0,0,0,0,0
26050,Sonora,Rayón,Rayón,29.71447861111111,-110.57350444444444,1496,0.0,5.949197860962567,7.75,60.18518518518518,26.48148148148148,45.40367705835332,18.91711229946524,24.06417112299465,80.21390374331551,0.0,13.368983957219251,0,0,0,0,0
26051,Sonora,Rosario,Rosario,27.840659166666665,-109.37077,4830,0.0,8.55072463768116,7.21,50.86206896551724,17.90450928381963,51.301405517959395,50.45548654244306,10.559006211180124,35.196687370600415,0.0,4.140786749482402,0,0,0,0,0
26052,Sonora,Sahuaripa,Sahuaripa,29.056330555555558,-109.23337055555555,5257,0.0,7.456724367509986,8.42,69.3012600229095,35.79610538373425,50.334178382115695,36.73197641240251,19.022256039566294,57.066768118698874,0.0,7.608902415826517,0,0,0,0,0
26053,Sonora,San Felipe de Jesús,San Felipe de Jesús,29.85862416666667,-110.24105805555556,369,0.0,10.02710027100271,9.5,73.80952380952381,20.634920634920636,51.56794425087108,51.21951219512195,8.130081300813009,27.100271002710027,0.0,0.0,0,0,0,0,0
26054,Sonora,San Javier,San Javier,28.595282777777776,-109.73946055555555,537,0.0,8.752327746741155,8.77,66.66666666666667,36.53846153846154,46.11528822055138,34.07821229050279,11.1731843575419,37.243947858473,0.0,0.0,0,0,0,0,0
26055,Sonora,San Luis Río Colorado,San Luis Río Colorado,32.47983111111111,-114.77962444444444,199021,88.77706372694338,11.99722642334226,9.46,79.11277893185016,65.1963412182537,62.32780768481818,48.15572226046498,25.477210947588446,54.567105983790654,5.432780847145488,3.416724868229986,9,10,6,0,0
26056,Sonora,San Miguel de Horcasitas,Pesqueira,29.380089166666668,-110.8965938888889,10729,0.0,14.57731382235064,6.73,31.70556552962298,22.72890484739677,65.5534941249227,20.05778730543387,14.63323702115761,45.67061235902693,0.0,0.9320533134495294,0,0,0,0,0
26057,Sonora,San Pedro de la Cueva,San Pedro de la Cueva,29.286481944444446,-109.7361088888889,1458,0.0,6.104252400548697,7.7,60.88495575221239,31.150442477876105,45.17437145174372,28.257887517146777,15.775034293552812,41.1522633744856,0.0,6.858710562414266,0,0,0,0,0
26058,Sonora,Santa Ana,Santa Ana,30.543890555555556,-111.12108583333332,16203,0.0,10.510399308769982,9.86,70.23905996758509,58.44813614262561,55.39007639478355,49.80559155711905,30.488181201012157,60.482626674072705,6.122448979591836,6.788866259334691,0,1,1,0,0
26059,Sonora,Santa Cruz,Santa Cruz,31.231535555555553,-110.59597777777778,1835,0.0,9.863760217983652,8.5,72.15189873417721,26.220614828209765,48.89992902767921,41.36239782016349,3.2697547683923704,10.899182561307901,0.0,0.0,0,0,0,0,0
26060,Sonora,Sáric,Sásabe,31.47186194444444,-111.54578666666667,2058,0.0,9.329446064139942,7.82,69.60629921259843,7.244094488188976,47.25609756097561,7.968901846452867,4.373177842565598,14.577259475218659,0.0,4.859086491739553,0,0,0,0,0
26061,Sonora,Soyopa,La Estrella,28.94241,-109.64375972222223,1368,0.0,6.652046783625731,7.4,63.59832635983263,48.32635983263598,51.52329749103943,31.28654970760234,4.385964912280702,14.619883040935672,0.0,7.309941520467836,0,0,0,0,0
26062,Sonora,Suaqui Grande,Suaqui Grande,28.3955475,-109.88820277777778,1114,0.0,8.797127468581687,7.6,53.69318181818182,21.875,50.64377682403433,34.20107719928187,16.15798922800718,53.85996409335727,0.0,17.953321364452425,0,0,0,0,0
26063,Sonora,Tepache,Tepache,29.53439861111111,-109.53237305555555,1178,0.0,6.621392190152801,8.19,73.86934673366834,51.256281407035175,38.17468105986261,29.37181663837012,15.280135823429541,50.93378607809847,0.0,0.0,0,0,0,0,0
26064,Sonora,Trincheras,Trincheras,30.398620833333332,-111.5314825,1381,0.0,7.168718320057929,7.73,59.87525987525988,13.513513513513514,49.909909909909906,23.171614771904416,26.068066618392468,86.89355539464157,0.0,7.24112961622013,0,0,0,0,0
26065,Sonora,Tubutama,La Sangre (La Sangre Nueva),30.64217222222222,-111.42092166666667,1473,0.0,9.300746775288527,7.7,64.8870636550308,5.95482546201232,44.32565789473684,11.065852002715546,0.0,0.0,0.0,0.0,0,0,0,0,0
26066,Sonora,Ures,Heroica Ciudad de Ures,29.42807666666667,-110.3895825,8548,0.0,7.475432849789424,9.07,64.7758152173913,39.130434782608695,55.87952138632925,44.981282171268134,20.53111839026673,53.813757604117924,2.1739130434782608,9.358914365933552,0,0,0,0,0
26067,Sonora,Villa Hidalgo,Villa Hidalgo,30.16310611111111,-109.31986944444444,1429,0.0,6.508047585724283,8.08,68.62348178137651,33.80566801619433,44.472573839662445,53.6039188243527,20.99370188943317,69.97900629811056,0.0,6.997900629811057,0,0,0,0,0
26068,Sonora,Villa Pesqueira,Villa Pesqueira (Mátape),29.118317222222224,-109.96890944444445,1043,0.0,7.094918504314477,8.35,69.39313984168865,23.218997361477573,55.48245614035088,35.66634707574305,11.505273250239693,38.350910834132314,0.0,0.0,0,0,0,0,0
26069,Sonora,Yécora,Yécora,28.372694722222224,-108.92590555555556,4793,0.0,8.42895889839349,7.09,47.34077478660539,19.63230466185161,43.74668786433492,17.06655539328187,22.324222824953058,70.93678280826205,0.0,14.604631754642186,0,0,0,0,0
26070,Sonora,General Plutarco Elías Calles,Sonoyta,31.866395833333335,-112.85727694444444,13627,0.0,9.906802671167535,8.93,74.70056220972867,47.71449523343926,60.93144848954299,27.944521905041462,25.24400088060468,68.2468628458208,0.0,5.136860644309092,0,1,1,0,0
26071,Sonora,Benito Juárez,Villa Juárez,27.12781,-109.84257333333333,21692,0.0,11.695555965332842,8.97,47.36050785165386,32.4423655195456,58.06863712908658,49.17481099022681,19.315876820947814,56.70293195648165,1.6260162601626016,2.304997234003319,0,0,0,0,0
26072,Sonora,San Ignacio Río Muerto,San Ignacio Río Muerto,27.411414999999998,-110.24151416666666,14279,0.0,11.89158904685202,8.55,43.70540265035678,20.948012232415902,56.742912655656625,49.247146158694584,13.691434974437986,39.21843266335178,1.7857142857142858,0.0,1,0,0,0,0
27001,Tabasco,Balancán,Balancán,17.800395,-91.5338461111111,58524,0.0,10.250495523204156,8.27,23.658565222496183,20.54127040037572,67.18337657729582,12.089057480691682,16.63420135329096,45.62230879639122,1.1235955056179776,2.0504408447816282,0,0,0,0,0
27002,Tabasco,Cárdenas,Cárdenas,17.989430000000002,-93.37685555555555,243229,33.077470202977445,10.96908674541276,8.84,25.085849351112696,28.212103643580253,59.95899538698104,31.303010742962392,21.73671724999897,59.77905595138738,1.7881705639614855,1.726767778513253,2,5,5,0,0
27003,Tabasco,Centla,Frontera,18.53011083333333,-92.65218722222222,107731,21.371750006961783,11.381125210013831,9.32,12.597014925373134,18.89025460930641,63.4421053914697,15.22774317513065,11.35234983430953,32.581151200675755,0.5698005698005698,1.8564758518903566,0,0,0,0,0
27004,Tabasco,Centro,Villahermosa,17.9878375,-92.91941611111112,683607,55.72880324513939,11.337800812455109,10.96,38.06403626832896,54.65649318450905,63.25566705168929,41.24036178681611,30.37344556155803,69.22105829811574,4.712595097210482,2.033332016787423,75,59,8,6,1
27005,Tabasco,Comalcalco,Comalcalco,18.266048055555554,-93.22501722222222,214877,20.02773679826133,11.31391447200026,9.14,25.12131968379718,23.991288989488485,63.397331636848136,19.0727718648343,17.973072967325493,46.72440512479232,2.3904382470119523,1.3030710592571564,5,2,2,0,0
27006,Tabasco,Cunduacán,Cunduacán,18.065363333333334,-93.17430027777779,137257,15.301951813022287,11.190686085226982,8.86,23.684140535652546,20.218622835713717,61.83465673796588,22.953291999679433,10.997617607845138,31.619516673102282,1.152073732718894,0.5099922044048755,3,1,1,0,0
27007,Tabasco,Emiliano Zapata,Emiliano Zapata,17.744582222222224,-91.76508138888889,32181,69.8207016562568,10.31043162114291,9.62,25.97225141896153,31.20664284212739,62.85064145317588,22.376557596097076,31.24514465057021,90.42602778036729,1.0309278350515463,3.107423635064168,1,0,0,0,0
27008,Tabasco,Huimanguillo,Huimanguillo,17.835174444444444,-93.39076916666667,190885,14.239987426984834,11.394294994368337,8.45,22.76800402562465,19.564922874450833,61.68526232791164,22.406160777431438,14.857112921392462,45.94389291982083,0.22805017103762829,1.1001388270424601,0,1,1,0,0
27009,Tabasco,Jalapa,Jalapa,17.719729166666664,-92.81217138888888,37749,0.0,10.670481337253968,9.08,25.513196480938415,19.827830858007758,64.86941592102222,22.411189700389414,7.947230390209012,25.166229568995206,0.0,1.0596307186945348,0,0,0,0,0
27010,Tabasco,Jalpa de Méndez,Jalpa de Méndez,18.1768475,-93.06259666666666,91185,18.291385644568734,11.789219718155397,9.73,25.64448757436395,23.779587359183157,58.28812793128779,24.477710149695675,15.364369139661129,44.634534188737184,0.9828009828009828,0.3290014805066623,0,1,1,0,0
27011,Tabasco,Jonuta,Jonuta,18.09070611111111,-92.13872916666668,30798,0.0,11.150074680174038,8.27,11.355775881946046,8.38136961032972,69.10008410428932,7.328397947918696,12.338463536593284,40.587051107214755,0.0,1.9481784531463082,1,0,0,0,0
27012,Tabasco,Macuspana,Macuspana,17.75643138888889,-92.59407055555555,158601,19.820177678577057,11.07370067023537,9.33,20.658862721510204,20.46684865590154,59.0582977859029,15.275439625223044,14.757157899382728,41.676912503704266,1.361573373676248,1.3871287066285838,0,1,1,0,0
27013,Tabasco,Nacajuca,Pomoca,18.05102527777778,-92.93134694444444,150300,21.01929474384564,11.062541583499668,10.53,30.06641750184493,43.90458733068298,64.46189102020031,36.46573519627412,13.253493013972056,39.18829008649368,0.6791171477079796,0.3992015968063872,2,1,1,0,0
27014,Tabasco,Paraíso,Paraíso,18.39577,-93.21423694444445,96741,26.41589398497018,11.11214479899939,10.04,35.5450058400211,36.969217437172674,59.18353965589593,20.07938722981983,20.399830475186324,48.790068326769415,3.6016949152542375,5.478545807878769,4,1,1,0,0
27015,Tabasco,Tacotalpa,Tacotalpa,17.5917925,-92.82628388888888,47905,0.0,11.355808370733744,8.66,12.079905992949472,17.18762240501371,58.751080380293864,14.994259471871413,11.83592526876109,34.23442229412379,1.2195121951219512,2.7137042062415198,0,0,0,0,0
27016,Tabasco,Teapa,Teapa,17.548284444444445,-92.95299444444444,58718,49.50441091317824,11.793657822132907,8.68,20.877149573178276,33.70035877768155,61.39696312364425,22.621683299839912,18.34190537824858,50.06982526652815,2.0408163265306123,2.213971865526755,0,0,0,0,0
27017,Tabasco,Tenosique,Tenosique de Pino Suárez,17.477494166666666,-91.42594777777778,62310,56.084095650778366,10.635532017332691,8.74,21.41478745106688,26.10685339361526,66.44679886218411,23.432835820895523,18.793131118600545,50.07221954742417,1.9230769230769231,3.6912213127908844,0,0,0,0,0
28001,Tamaulipas,Abasolo,Abasolo,24.060836666666667,-98.37427888888888,9822,0.0,8.0024434941967,7.91,62.982171799027554,22.820097244732576,52.93213828425096,20.616982284667074,14.050091631032377,46.83363877010792,0.0,2.036245163917736,0,0,0,0,0
28002,Tamaulipas,Aldama,Aldama,22.919306111111112,-98.07371305555556,28725,0.0,8.957354221061793,8.1,55.95809690091663,22.261021388040156,58.618412362963944,25.577023498694516,19.982593559617058,56.7449956483899,1.2269938650306749,2.088772845953003,0,0,0,0,0
28003,Tamaulipas,Altamira,Miramar,22.336469444444443,-97.86633055555555,269790,89.56744134326699,11.557878349827643,9.76,35.29651694559118,52.362000346080634,62.169101455250804,54.318544052781796,15.221097890952223,41.25430890692761,2.4258760107816713,1.1861077134067237,3,4,3,0,0
28004,Tamaulipas,Antiguo Morelos,Antiguo Morelos,22.54942,-99.08361722222222,8850,0.0,9.389830508474576,7.86,49.730700179533216,44.23698384201077,53.882881617750314,39.80790960451977,13.44632768361582,42.93785310734463,0.0,0.0,0,0,0,0,0
28005,Tamaulipas,Burgos,Burgos,24.946639722222223,-98.79901,4256,0.0,7.495300751879699,7.0,73.78435517970402,7.399577167019028,47.57760371337395,7.542293233082707,15.507518796992482,51.69172932330827,0.0,7.048872180451128,0,0,0,0,0
28006,Tamaulipas,Bustamante,Bustamante,23.43547722222222,-99.75780805555556,7542,0.0,9.466984884645983,6.48,45.924347362813,13.21257325519446,46.563424395336696,6.695836648103951,1.988862370723946,6.629541235746486,0.0,1.3259082471492973,0,0,0,0,0
28007,Tamaulipas,Camargo,Ciudad Camargo,26.316723888888887,-98.8359886111111,16546,0.0,9.277166686812523,8.1,68.74509188000629,26.841526621642846,58.42613214550854,19.243321648736856,23.056932189048712,65.27257343164511,0.9259259259259259,3.6262540795358396,0,0,0,0,0
28008,Tamaulipas,Casas,Casas,23.727133888888886,-98.73784194444444,4143,0.0,9.341057204923969,6.26,57.35660847880299,18.952618453865338,40.29662354054907,11.803041274438812,4.344677769732078,14.48225923244026,0.0,0.0,0,0,0,0,0
28009,Tamaulipas,Ciudad Madero,Ciudad Madero,22.246278611111112,-97.83699999999999,205933,100.0,10.989496583840376,11.74,53.569850869042,72.58214389080993,56.538150444863845,49.20095370824492,22.274234823947594,51.181695017311455,4.174573055028463,2.8650094933789143,8,6,4,1,1
28010,Tamaulipas,Cruillas,Cruillas,24.755170833333334,-98.53454222222221,1671,0.0,8.557749850388989,7.23,71.52899824253076,4.21792618629174,45.24517087667162,23.638539796529024,8.976660682226212,29.922202274087372,0.0,0.0,0,0,0,0,0
28011,Tamaulipas,Gómez Farías,Loma Alta (Loma Alta de Gómez Farías),22.886455277777777,-99.02777527777778,8288,0.0,10.328185328185327,8.35,47.006907137375286,11.550268610897929,52.817940395396874,46.5492277992278,16.590250965250966,48.262548262548265,2.5,8.445945945945946,0,0,0,0,0
28012,Tamaulipas,González,Estación Manuel (Úrsulo Galván),22.728992499999997,-98.32147111111111,41470,0.0,10.393055220641427,7.65,49.582353418214254,21.133728002595085,56.79662478442966,28.717144924041477,22.47407764649144,70.89462261876055,0.0,2.6525198938992043,0,0,0,0,0
28013,Tamaulipas,Güémez,Güémez,23.919140833333334,-99.00832972222223,15032,0.0,10.278073443320915,7.96,51.70380078636959,23.503713411970292,52.926788124156545,25.525545502927088,5.721128259712613,17.961681745609365,0.0,0.0,0,0,0,0,0
28014,Tamaulipas,Guerrero,Nueva Ciudad Guerrero,26.56635111111111,-99.22763,3803,0.0,7.494083618196161,8.18,72.99843014128729,34.90319204604919,62.50770178681454,32.8161977386274,30.76518537996319,89.40310281356824,0.0,0.0,0,0,0,0,0
28015,Tamaulipas,Gustavo Díaz Ordaz,Ciudad Gustavo Díaz Ordaz,26.233966666666667,-98.59028194444444,15677,0.0,11.009759520316386,8.71,72.15574934090448,52.66680186574731,57.706495589414594,32.47432544491931,23.601454359890287,76.54525738342795,0.0,4.465140014033297,0,0,0,0,0
28016,Tamaulipas,Hidalgo,Estación Santa Engracia,24.01659111111111,-99.20176472222222,17012,0.0,8.511638843169527,7.74,51.741747218675904,28.50629217581616,52.187454729827614,16.50011756407242,17.105572537032682,57.018575123442275,0.0,1.7634610862920292,0,0,0,0,0
28017,Tamaulipas,Jaumave,Jaumave,23.405120277777776,-99.37567499999999,15994,0.0,10.25384519194698,8.5,47.260741077517615,19.913616731075244,53.33869023704299,21.14542953607603,16.693760160060023,52.51969488558209,0.0,5.00187570338877,1,0,0,0,0
28018,Tamaulipas,Jiménez,Santander Jiménez,24.214493333333333,-98.48570444444445,6375,0.0,9.16078431372549,8.69,62.53746253746254,24.025974025974026,48.12957963748554,31.419607843137253,27.92156862745098,87.84313725490196,0.0,4.705882352941177,0,0,0,0,0
28019,Tamaulipas,Llera,Llera de Canales,23.31896,-99.02363027777778,14645,0.0,8.576305906452713,7.85,50.24236037934668,25.142255005268705,53.21681231793591,27.94127688630932,9.14988050529191,29.361556845339706,0.0,1.3656538067599864,0,0,0,0,0
28020,Tamaulipas,Mainero,Magueyes,24.567919166666666,-99.54821944444444,2048,0.0,7.32421875,7.5,52.89855072463768,36.95652173913044,42.797866034380554,11.81640625,5.859375,19.53125,0.0,4.8828125,0,0,0,0,0
28021,Tamaulipas,El Mante,Ciudad Mante,22.74399916666667,-98.97171805555556,106144,74.91238317757009,9.57284443774495,9.68,50.886002886002885,46.16450216450217,55.83667134558983,60.6487413325294,27.274268917696713,73.48507687669581,1.794871794871795,1.8842327404280976,2,2,2,0,0
28022,Tamaulipas,Matamoros,Heroica Matamoros,25.87991527777778,-97.5048225,541979,94.23593903084806,12.370036477428092,9.92,64.03762753503297,56.86621042340378,63.39160750184492,58.3895316977226,23.49445273709867,56.8656719171776,3.4068786502271253,1.3469156554036226,37,19,5,2,1
28023,Tamaulipas,Méndez,Méndez,25.11654805555556,-98.58621722222222,4280,0.0,7.616822429906542,7.14,78.35714285714286,9.857142857142858,47.740610328638496,11.004672897196262,7.710280373831775,25.700934579439252,0.0,0.0,0,0,0,0,0
28024,Tamaulipas,Mier,Mier,26.43047027777778,-99.14869416666667,6385,0.0,7.783868441660141,9.1,59.49027498323273,36.9215291750503,57.92616720955483,26.891151135473766,17.384494909945182,57.948316366483944,0.0,4.698512137823022,0,0,0,0,0
28025,Tamaulipas,Miguel Alemán,Ciudad Miguel Alemán,26.401017777777778,-99.02610916666667,26237,70.86176010976865,9.174067157068263,9.0,76.0439180427077,59.13374254344255,68.99427489519002,29.99199603613218,28.833326980981056,67.84312230819073,2.808988764044944,4.192552502191561,1,2,2,0,0
28026,Tamaulipas,Miquihuana,Miquihuana,23.573950277777776,-99.75419722222222,3704,0.0,8.990280777537796,6.9,45.57213930348259,19.402985074626866,40.3666427030913,13.714902807775378,5.669546436285097,18.898488120950326,0.0,10.799136069114471,0,0,0,0,0
28027,Tamaulipas,Nuevo Laredo,Nuevo Laredo,27.48629138888889,-99.50849277777778,425058,97.88193611224821,12.16186967425622,9.98,72.17114451020815,58.63869122830352,62.250469966878526,59.76102084891944,18.603343543704625,36.230349740506,7.077922077922078,1.6233078779837105,13,15,4,3,1
28028,Tamaulipas,Nuevo Morelos,Nuevo Morelos,22.534470555555558,-99.22133277777777,3810,0.0,10.36745406824147,7.96,60.670194003527335,35.80246913580247,46.45911734519329,35.06561679790026,18.635170603674542,57.74278215223097,0.0,0.0,0,0,0,0,0
28029,Tamaulipas,Ocampo,Ocampo,22.845040277777777,-99.33602388888889,13190,0.0,8.506444275966642,8.2,55.233574818885835,37.12215838121409,53.8980794827914,38.9764973464746,19.711902956785444,60.65200909780136,0.0,1.5163002274450341,0,0,0,0,0
28030,Tamaulipas,Padilla,Nueva Villa de Padilla,24.048798611111113,-98.90029416666667,13618,0.0,9.318548979292114,8.66,55.733722060252674,22.52186588921283,51.823736345121276,24.614480834190044,26.215303275077105,80.04112204435306,0.0,0.0,0,0,0,0,0
28031,Tamaulipas,Palmillas,Palmillas,23.301759166666667,-99.54753944444444,1917,0.0,9.9113197704747,7.65,51.76470588235294,29.57983193277311,41.47312541473126,8.763693270735525,6.259780907668231,20.865936358894107,0.0,0.0,0,0,0,0,0
28032,Tamaulipas,Reynosa,Reynosa,26.09235,-98.27812916666666,704767,98.12562165935692,12.016027992230056,10.12,56.538872469439006,52.92150577918384,65.99316981857443,61.77020206678235,16.579238244696473,34.73488401131154,5.392156862745098,1.1067487552623776,43,33,8,3,1
28033,Tamaulipas,Río Bravo,Ciudad Río Bravo,25.980996388888887,-98.09013833333333,132484,84.02071193502611,11.61498747018508,9.13,70.36322973702475,47.78283334618647,62.227053325160895,51.029558286283624,21.047824642975755,50.72310618640741,2.8273809523809526,0.8302889405513119,7,5,5,0,0
28034,Tamaulipas,San Carlos,San Carlos,24.58177361111111,-98.943635,7411,0.0,6.841182026717043,7.05,52.199661590524535,6.175972927241963,45.42772861356932,12.022669005532316,9.310484415058697,31.034948050195656,0.0,0.0,0,0,0,0,0
28035,Tamaulipas,San Fernando,San Fernando,24.848678055555553,-98.15962083333334,51405,54.88765684271958,9.596342768213209,8.44,67.30410147447041,31.137724550898202,57.59534583063995,23.08530298609085,17.722011477482734,50.967804688259896,0.7633587786259542,1.5562688454430502,0,0,0,0,0
28036,Tamaulipas,San Nicolás,Flechadores,24.522695555555554,-98.67794194444446,926,0.0,8.423326133909287,7.36,51.61290322580645,2.150537634408602,19.398907103825138,3.4557235421166306,0.0,0.0,0.0,0.0,0,0,0,0,0
28037,Tamaulipas,Soto la Marina,Soto la Marina,23.76703861111111,-98.20619,23673,0.0,9.196130612934567,7.88,55.12321660181583,38.5473411154345,58.56222269173885,18.57390275841676,19.832720821188698,56.6045706078655,0.746268656716418,6.7587546994466265,0,0,0,0,0
28038,Tamaulipas,Tampico,Tampico,22.21606027777778,-97.85838666666666,297562,99.93648382521963,11.136838709243788,11.47,46.54119552822568,71.33950742276171,59.142372543150756,59.49986893487744,35.6429920487159,70.30467600029574,6.500956022944551,2.957366868081274,27,24,7,2,1
28039,Tamaulipas,Tula,Ciudad Tula,22.996876944444445,-99.71299777777779,28230,0.0,9.596174282678001,7.71,51.62078723951634,12.696166709544636,55.36546708931568,21.905773999291533,17.5522493800921,53.48919589089621,0.6622516556291391,3.5423308537017357,0,0,0,0,0
28040,Tamaulipas,Valle Hermoso,Valle Hermoso,25.673799722222224,-97.81245416666667,60055,80.21313795687287,10.943301973191241,9.21,77.35672127530476,50.31717138286723,59.61900380577977,38.83273665806344,28.62376155191075,74.59828490550329,2.6785714285714284,1.165598201648489,1,1,1,0,0
28041,Tamaulipas,Victoria,Ciudad Victoria,23.731053055555552,-99.15125027777778,349688,94.9703735901718,11.55515774061449,11.44,66.53582811946642,62.56345177664975,61.347413984539955,58.18529660726133,24.317391503282927,54.53432774358857,4.562139486103828,1.4012491134954588,25,10,5,2,1
28042,Tamaulipas,Villagrán,Villagrán,24.47319111111111,-99.48811055555555,5361,0.0,7.759746315985824,7.07,55.845697329376854,20.652818991097924,51.207056638811515,24.47304607349375,7.834359261331841,26.114530871106137,0.0,1.8653236336504384,0,0,0,0,0
28043,Tamaulipas,Xicoténcatl,Xicoténcatl,22.996771666666667,-98.94567722222223,22229,0.0,10.26137028206397,9.28,54.05904059040591,25.816065852966222,50.5916020031919,63.903009582077466,20.243825633181878,60.73147689954564,0.0,1.3495883755454587,0,0,0,0,0
29001,Tlaxcala,Amaxac de Guerrero,Amaxac de Guerrero,19.350285833333334,-98.16956944444445,11403,0.0,11.540822590546348,10.89,43.17048853439681,52.34297108673978,60.22033158813264,45.51433833201789,26.484258528457424,86.81925808997632,0.0,1.7539244058581076,0,0,0,0,0
29002,Tlaxcala,Apetatitlán de Antonio Carvajal,Apetatitlán,19.332260277777777,-98.19682166666666,16003,0.0,11.741548459663813,11.19,46.57372400756144,56.45085066162571,61.74554587551997,44.854089858151596,34.962194588514656,102.48078485284009,0.6097560975609756,9.373242517028057,2,1,1,1,1
29003,Tlaxcala,Atlangatepec,Zumpango,19.555373055555556,-98.21470000000001,7087,0.0,12.360660364046847,8.41,40.95437860513896,15.469323544834818,57.82337852693294,18.11768025963031,3.2453788627063638,8.46620572879921,0.0,0.0,0,0,0,0,0
29004,Tlaxcala,Atltzayanca,Atlzayanca,19.43136416666667,-97.79653194444444,18111,0.0,11.816023411186572,8.08,34.37706725468578,7.342888643880926,66.45878136200717,12.219093368670974,8.227044337695324,26.50323008116614,0.0,0.0,0,0,0,0,0
29005,Tlaxcala,Apizaco,Ciudad de Apizaco,19.41633472222222,-98.14061166666667,80725,59.00526478786002,11.894704242799628,10.86,45.85527771630892,52.369993361363136,60.97427559904578,41.126045215236914,46.54691855063487,122.6385877980799,1.9191919191919191,6.813254877671105,16,3,3,0,0
29006,Tlaxcala,Calpulalpan,Heroica Ciudad de Calpulalpan,19.588525833333332,-98.57047555555555,51172,73.68091925271634,12.209802235597593,9.42,38.33721833721834,35.01165501165501,61.73637483966701,23.166966309700616,31.335495974360978,92.23794262487297,1.0593220338983051,3.322129289455171,1,1,1,0,0
29007,Tlaxcala,El Carmen Tequexquitla,Villa de El Carmen Tequexquitla,19.32458611111111,-97.65915916666667,17332,0.0,13.247172859450727,8.04,21.811193850588516,17.12707182320442,54.81868423044894,6.946688206785137,26.944380336948996,80.19847680590814,0.0,1.7309023771059313,1,0,0,0,0
29008,Tlaxcala,Cuapiaxtla,Cuapiaxtla,19.296660555555558,-97.76937527777778,16222,0.0,12.217975588706695,8.26,27.53548387096774,13.341935483870968,58.32199183412057,10.769325607200098,15.503637036123783,45.00061644680064,1.36986301369863,2.4657872025644187,0,0,0,0,0
29009,Tlaxcala,Cuaxomulco,Cuaxomulco,19.355807222222225,-98.10312222222221,5928,0.0,12.078272604588394,9.7,40.368178829717294,17.882971729125575,58.737341090282264,24.746963562753038,8.603238866396762,28.677462887989204,0.0,3.3738191632928474,0,0,0,0,0
29010,Tlaxcala,Chiautempan,Santa Ana Chiautempan,19.31398,-98.19296138888889,73215,72.89899610735505,11.654715563750598,10.46,38.31345917330624,43.174161809528904,64.31317295482614,35.1007307245783,30.70409069179813,90.96496619545175,0.9009009009009009,3.4146008331626034,3,1,1,1,1
29011,Tlaxcala,Muñoz de Domingo Arenas,Muñoz,19.47604972222222,-98.20888583333334,4755,0.0,11.798107255520504,9.08,43.96135265700483,53.30112721417069,44.703673907213734,19.03259726603575,17.665615141955836,58.88538380651946,0.0,2.103049421661409,0,0,0,0,0
29012,Tlaxcala,Españita,Españita,19.462299444444444,-98.42380666666668,9416,0.0,11.10875106202209,8.31,31.12474437627812,12.842535787321063,52.59713131875783,10.439677145284621,5.734919286321156,19.11639762107052,0.0,0.0,0,0,0,0,0
29013,Tlaxcala,Huamantla,Huamantla,19.31265972222222,-97.92310277777779,98764,60.62026649386416,12.674658782552347,9.12,30.268039518112467,28.938263370711574,61.86832018628259,23.744481794986026,19.906038637560243,53.86578105382528,1.5037593984962405,2.8350411080960676,2,2,2,0,0
29014,Tlaxcala,Hueyotlipan,Hueyotlipan,19.469988055555554,-98.34849805555555,15190,0.0,11.711652402896643,8.59,38.61693861693862,30.45843045843046,55.9403844525362,11.152073732718893,13.166556945358789,42.79131007241606,0.0,0.0,1,0,0,0,0
29015,Tlaxcala,Ixtacuixtla de Mariano Matamoros,Villa Mariano Matamoros,19.326645833333334,-98.37711499999999,38970,0.0,12.065691557608417,9.66,38.58786508014554,29.81610777854263,63.088154890168205,32.0913523222992,19.964074929432897,65.69155760841673,0.0,1.539645881447267,0,0,0,0,0
29016,Tlaxcala,Ixtenco,Ixtenco,19.251144166666666,-97.89511111111112,7504,0.0,11.473880597014926,9.83,31.522842639593907,43.807106598984774,63.02031302031302,25.46641791044776,26.785714285714285,89.28571428571429,0.0,7.995735607675906,0,0,0,0,0
29017,Tlaxcala,Mazatecochco de José María Morelos,Mazatecochco,19.179725833333336,-98.19067944444444,11592,0.0,12.456866804692892,8.27,34.10083366415244,26.597856292179436,62.525297953676635,9.981021394064872,29.761904761904763,99.2063492063492,0.0,0.862663906142167,0,0,0,0,0
29018,Tlaxcala,Contla de Juan Cuamatzi,Contla,19.334517777777776,-98.1679063888889,38579,78.84341221908292,12.06355789419114,9.9,34.81768312358825,39.01258470474347,64.8231594644536,34.845382202752795,12.079110396848026,38.10363150937038,0.0,0.7776251328442936,0,0,0,0,0
29019,Tlaxcala,Tepetitla de Lardizábal,Tepetitla,19.26753,-98.38200888888888,22274,0.0,12.965789709975757,9.98,33.21039690902705,40.79733052335792,60.904905360086396,26.178504085480828,23.592529406482896,72.28158390949089,0.6211180124223602,3.1426775612822127,0,0,0,0,0
29020,Tlaxcala,Sanctórum de Lázaro Cárdenas,Sanctórum,19.492704722222225,-98.47204111111111,9432,0.0,11.450381679389313,8.78,35.76519916142558,30.18867924528302,51.0449392159541,11.630619168787108,22.15860899067006,72.0949957591179,0.0,0.0,0,0,0,0,0
29021,Tlaxcala,Nanacamilpa de Mariano Arista,Ciudad de Nanacamilpa,19.49316,-98.5363425,18686,0.0,11.703949480894787,8.74,34.07716371220021,31.178310740354537,58.034246575342465,18.232901637589638,28.069142673659425,85.09044204217061,0.6289308176100629,9.097720218345286,0,0,0,0,0
29022,Tlaxcala,Acuamanala de Miguel Hidalgo,Concepción Chimalpa,19.21635861111111,-98.19836388888889,6432,0.0,12.639925373134329,9.63,42.838283828382835,51.55115511551155,61.243543901470005,44.092039800995025,15.08084577114428,45.08706467661692,0.0,1.554726368159204,0,0,0,0,0
29023,Tlaxcala,Natívitas,Santiago Michac,19.22056111111111,-98.33767083333333,26309,0.0,12.417803793378692,9.47,34.26301028357744,33.46837020878778,64.28951055708556,21.004219088524838,22.957923144171197,71.45843627655935,0.0,0.3800980653008476,0,0,0,0,0
29024,Tlaxcala,Panotla,Panotla,19.31512916666667,-98.26723305555555,28357,0.0,12.367316711922982,10.89,45.382310798488994,45.225999739481566,61.422507147188774,38.07525478717777,14.176393835737208,45.491413054977606,0.0,0.3526466128292838,0,0,0,0,0
29025,Tlaxcala,San Pablo del Monte,Ciudad de San Pablo del Monte,19.11973777777778,-98.17041583333334,82688,84.92647058823529,13.450561145510836,8.46,33.3606378331149,36.41328090869375,64.82131007678453,18.58673568111455,38.48805147058823,124.56462848297214,0.0970873786407767,0.8465557275541795,0,0,0,0,0
29026,Tlaxcala,Santa Cruz Tlaxcala,San Miguel Contla,19.362077777777777,-98.13300972222221,24116,0.0,12.041797976447173,10.06,40.07948639559768,42.35707734637725,61.23950127810527,39.05291093050257,16.773096699286782,51.41814562945762,0.8064516129032258,4.561287112290596,0,0,0,0,0
29027,Tlaxcala,Tenancingo,Tenancingo,19.147757777777777,-98.20253,12974,0.0,12.039463542469555,8.34,40.646492434662996,42.1939477303989,47.709885742672625,29.289347926622476,18.57561276398952,59.34946816710344,0.0,6.16617851086789,0,0,0,0,0
29028,Tlaxcala,Teolocholco,Teolocholco,19.244394444444445,-98.1923513888889,25257,75.80868670071663,12.455952805162925,9.67,37.83503371952274,38.82068130727996,60.10711553175211,41.06980243100922,22.01369917250663,70.07958189808765,0.0,4.35522825355347,0,0,0,0,0
29029,Tlaxcala,Tepeyanco,Tepeyanco,19.245567222222224,-98.23603527777777,13328,0.0,11.32202881152461,10.29,46.220036877689,55.53165334972342,62.62854986319464,36.6671668667467,11.629651860744298,37.51500600240096,0.0,1.5006002400960383,0,0,0,0,0
29030,Tlaxcala,Terrenate,Terrenate,19.477437499999997,-97.91910472222223,15475,0.0,11.631663974151857,7.87,30.426716141001855,10.734163795388286,55.646887575991094,14.074313408723748,8.723747980613894,25.848142164781905,0.0,0.0,0,0,0,0,0
29031,Tlaxcala,Tetla de la Solidaridad,Tetla,19.441415555555555,-98.10405222222222,35284,49.540868382269586,12.532592676567283,9.65,41.98023964683624,32.11057389110784,60.212115764875065,37.88402675433624,15.68699693912255,47.330234667271284,0.5988023952095808,2.267316630767487,0,0,0,0,0
29032,Tlaxcala,Tetlatlahuca,Tetlatlahuca,19.231639444444443,-98.29572833333333,13561,0.0,11.746921318486837,9.97,46.609161213563354,35.5145746579417,61.251725724804416,26.443477619644568,44.50261780104712,53.0934296880761,23.61111111111111,3.687043728338618,0,0,0,0,0
29033,Tlaxcala,Tlaxcala,Ocotlán,19.317395555555557,-98.2285263888889,99896,41.58224553535677,11.371826699767759,12.18,54.73228210015595,64.72015248657078,63.75715232186954,49.54853047169056,46.413269800592616,110.41483142468167,3.71713508612874,5.40562184672059,13,10,6,0,0
29034,Tlaxcala,Tlaxco,Tlaxco,19.614889444444447,-98.11920111111111,45438,39.566002024737,12.194638848540869,8.33,35.5320945945946,15.532094594594595,60.67645955383683,15.755535014745368,18.464721158501696,58.98146925480875,0.0,3.7413618557154806,1,0,0,0,0
29035,Tlaxcala,Tocatlán,Tocatlán,19.390451944444443,-98.0319311111111,6294,0.0,12.662853511280584,9.16,39.07103825136612,34.35792349726776,55.7360197368421,26.755640292341912,17.159199237368924,57.197330791229746,0.0,0.0,0,0,0,0,0
29036,Tlaxcala,Totolac,San Juan Totolac,19.325644166666667,-98.25841333333334,22529,0.0,11.90909494429402,11.5,48.49662162162162,52.229729729729726,62.705817782656425,41.74175507124151,14.669980913489281,44.83110657374939,0.9900990099009901,7.101957477029607,0,0,0,0,0
29037,Tlaxcala,Ziltlaltépec de Trinidad Sánchez Santos,Zitlaltépec,19.204729722222222,-97.90875638888889,9207,0.0,12.327576843705875,7.65,26.890380313199106,22.460850111856825,53.00085738782509,6.95123275768437,28.999674160964485,91.23492994460736,0.0,0.0,0,0,0,0,0
29038,Tlaxcala,Tzompantepec,San Andrés Ahuashuatepec,19.37995638888889,-98.1055275,18006,0.0,12.706875485949128,10.21,42.9893658920835,36.84521465143757,65.02648452746027,38.220593135621456,16.216816616683328,52.204820615350435,0.0,1.1107408641563923,0,0,0,0,0
29039,Tlaxcala,Xaloztoc,Xaloztoc,19.404180277777776,-98.04882305555556,25607,0.0,12.719178349670011,9.42,38.92875020857667,32.95511430001669,58.27367147322779,34.45932752762916,23.723981723747414,74.19846135822236,0.5263157894736842,0.781036435349709,0,0,0,0,0
29040,Tlaxcala,Xaltocan,San Simón Tlatlahuquitepec,19.399176666666666,-98.22155833333333,10601,0.0,11.876238090746156,9.24,36.03512326916582,20.837554880108073,54.43577004968063,22.422412979907556,10.329214225073107,27.35590981982832,3.4482758620689653,0.9433072351664937,0,0,0,0,0
29041,Tlaxcala,Papalotla de Xicohténcatl,Papalotla,19.1698525,-98.2045863888889,33499,85.54583718916983,12.26006746470044,9.85,35.92046951730746,44.232842256557674,61.07763880414887,38.79220275232097,30.911370488671302,98.80891966924386,0.3021148036253776,4.776261977969492,0,0,0,0,0
29042,Tlaxcala,Xicohtzinco,Xicohtzinco,19.17503388888889,-98.23372222222223,14197,0.0,11.396773966330915,10.46,42.93971924029727,50.344068263143406,56.4147320649328,53.12389941536944,33.84517855885046,102.83862787912939,0.684931506849315,2.1131224906670423,0,0,0,0,0
29043,Tlaxcala,Yauhquemehcan,Santa Úrsula Zimatepec,19.41978888888889,-98.16411833333333,42242,0.0,12.137209412433123,10.87,47.58031045073462,45.83713787664979,62.06368376093552,41.06576393163203,12.736139387339614,39.29738175275792,0.0,3.5509682306708963,0,0,0,0,0
29044,Tlaxcala,Zacatelco,Zacatelco,19.21615,-98.24022638888889,45717,99.71564188376315,12.53144344554542,10.19,38.20837733192538,45.573741640267514,62.970526548184125,42.69965220815014,38.36647199072555,117.68051271955727,0.7434944237918215,3.0623181748583677,0,0,0,0,0
29045,Tlaxcala,Benito Juárez,Benito Juárez,19.58451361111111,-98.42635750000001,6211,0.0,12.477861857993881,8.48,31.08371187540558,34.26346528228423,54.55882352941177,10.867815166639833,25.277733054258572,78.89228787634842,0.0,0.0,0,0,0,0,0
29046,Tlaxcala,Emiliano Zapata,Emiliano Zapata,19.558805833333334,-97.91720055555557,4951,0.0,12.037972126843062,7.99,30.161290322580644,22.177419354838708,55.463531926262355,6.099777822662088,13.128660876590589,40.395879620278734,0.0,0.0,0,0,0,0,0
29047,Tlaxcala,Lázaro Cárdenas,Lázaro Cárdenas,19.53876388888889,-97.98319055555555,3534,0.0,13.412563667232597,8.68,32.417582417582416,10.87912087912088,48.79674194742688,17.826825127334466,22.637238256932655,70.74136955291455,0.0,0.0,0,0,0,0,0
29048,Tlaxcala,La Magdalena Tlaltelulco,La Magdalena Tlaltelulco,19.277355,-98.19496166666667,19036,100.0,1.2607690691321707,10.95,3.4243606415257912,4.139575205895102,67.18289085545723,3.2622399663794917,22.69384324437907,62.513133011136794,1.680672268907563,2.101281781886951,0,0,0,0,0
29049,Tlaxcala,San Damián Texóloc,San Damián Texóloc,19.278431666666666,-98.28462388888889,5884,0.0,12.151597552685248,10.52,50.70993914807302,35.09127789046653,60.65263157894737,30.472467709041467,14.615907545887152,45.88715159755269,0.0,1.699524133242692,0,0,0,0,0
29050,Tlaxcala,San Francisco Tetlanohcan,San Francisco Tetlanohcan,19.260078333333333,-98.16355027777779,11761,0.0,12.720006802142676,9.59,31.245447924253458,35.906773488710854,59.06572514937534,30.065470623246323,15.474874585494431,50.165802227701725,0.0,2.5508035031034777,0,0,0,0,0
29051,Tlaxcala,San Jerónimo Zacualpan,San Jerónimo Zacualpan,19.241711944444447,-98.26261722222222,4092,0.0,11.779081133919844,10.53,43.93063583815029,42.19653179190752,55.63014952700641,31.524926686217007,18.084066471163247,56.20723362658847,0.0,0.0,0,0,0,0,0
29052,Tlaxcala,San José Teacalco,San José Teacalco,19.335704166666666,-98.06442305555555,6436,0.0,11.963952765692976,8.62,38.098641887062186,20.014295925661187,48.91347293559858,13.331261653200746,14.44996892479801,48.16656308266004,0.0,0.0,0,0,0,0,0
29053,Tlaxcala,San Juan Huactzinco,San Juan Huactzinco,19.237945555555555,-98.25030055555555,7688,0.0,12.799167533818938,10.47,65.63593932322054,44.74912485414236,68.67529880478088,23.439125910509887,16.77939646201873,55.931321540062434,0.0,2.6014568158168574,0,0,0,0,0
29054,Tlaxcala,San Lorenzo Axocomanitla,San Lorenzo Axocomanitla,19.225223611111108,-98.2488738888889,5689,0.0,12.005624890138865,9.99,49.849849849849846,46.92192192192192,52.75419116046157,42.151520478115664,22.14800492177887,73.82668307259624,0.0,3.515556336790297,0,0,0,0,0
29055,Tlaxcala,San Lucas Tecopilco,San Lucas Tecopilco,19.48498916666667,-98.25654222222222,3077,0.0,12.089697757556062,9.22,41.221374045801525,39.44020356234097,43.45528455284553,17.77705557361066,16.574585635359117,55.248618784530386,0.0,0.0,0,0,0,0,0
29056,Tlaxcala,Santa Ana Nopalucan,Santa Ana Nopalucan,19.299835555555557,-98.33418916666666,7952,0.0,11.581991951710261,10.16,51.00635593220339,39.72457627118644,56.928958266964,23.905935613682093,46.27766599597585,145.87525150905432,0.0,0.0,0,0,0,0,0
29057,Tlaxcala,Santa Apolonia Teacalco,Santa Apolonia Teacalco,19.237168333333333,-98.30866916666666,4636,0.0,12.68334771354616,10.5,49.559859154929576,42.605633802816904,50.3663500678426,28.645383951682486,25.884383088869715,86.28127696289906,0.0,0.0,0,0,0,0,0
29058,Tlaxcala,Santa Catarina Ayometla,Santa Catarina Ayometla,19.199918888888888,-98.21441833333334,9463,0.0,12.945154813484097,9.4,36.171171171171174,45.765765765765764,50.263852242744065,38.67695234069534,17.224981506921694,53.89411391736236,0.0,5.283736658564937,0,0,0,0,0
29059,Tlaxcala,Santa Cruz Quilehtla,Santa Cruz Quilehtla,19.213179722222222,-98.22201777777778,7750,0.0,13.27741935483871,8.88,46.10917537746806,38.79210220673635,60.10763538513286,18.219354838709677,25.806451612903224,83.87096774193549,0.0,2.5806451612903225,0,0,0,0,0
29060,Tlaxcala,Santa Isabel Xiloxoxtla,Santa Isabel Xiloxoxtla,19.268064444444445,-98.21355805555555,5443,0.0,13.154510380304979,9.6,44.72199838839646,40.934730056406124,53.554175293305725,30.957192724600404,20.02572110968216,60.62832996509278,0.0,7.3488884806173065,0,0,0,0,0
30001,Veracruz de Ignacio de la Llave,Acajete,Acajete,19.586974444444444,-97.01045361111112,9701,0.0,12.978043500670035,7.25,22.73764258555133,19.011406844106464,60.22457067371202,14.029481496752911,11.905989073291414,31.955468508401196,3.225806451612903,0.0,0,0,0,0,0
30002,Veracruz de Ignacio de la Llave,Acatlán,Acatlán,19.696924166666665,-96.84217472222221,3441,0.0,12.438244696309212,7.61,17.381228273464657,24.10196987253766,50.73446327683616,8.39872130194711,21.50537634408602,66.84103458297007,0.0,0.0,0,0,0,0,0
30003,Veracruz de Ignacio de la Llave,Acayucan,Acayucan,17.9488225,-94.91387083333333,80815,60.0965167357545,10.43741879601559,8.61,21.063677958275616,30.793770725769214,62.77198532008661,28.976056425168593,24.110623027903237,67.06675740889686,1.2915129151291513,3.5884427395904224,6,2,2,0,0
30004,Veracruz de Ignacio de la Llave,Actopan,Actopan,19.50405111111111,-96.61688138888888,41742,0.0,9.67131426381103,7.35,33.420035671819264,32.42419738406659,56.405810284544756,31.929471515499976,10.588855349528053,28.508456710267836,1.680672268907563,0.9582674524459777,1,0,0,0,0
30005,Veracruz de Ignacio de la Llave,Acula,Acula,18.506030555555554,-95.77458388888888,5253,0.0,8.75690081857986,6.95,17.781690140845072,17.253521126760564,54.349338900487126,37.959261374452694,14.277555682467161,47.59185227489054,0.0,0.0,0,0,0,0,0
30006,Veracruz de Ignacio de la Llave,Acultzingo,Acultzingo,18.718762777777776,-97.30283722222222,23100,0.0,13.051948051948052,7.38,21.736227045075125,17.111853088480803,54.36777024331871,17.965367965367964,8.398268398268398,27.272727272727273,0.0,0.0,0,0,0,0,0
30007,Veracruz de Ignacio de la Llave,Camarón de Tejeda,Camarón de Tejeda,19.02117472222222,-96.61497555555555,6538,0.0,9.666564698684613,6.74,30.569948186528496,18.44559585492228,56.86496694995279,28.433771795656163,11.012542061792598,36.708473539308656,0.0,0.0,0,0,0,0,0
30008,Veracruz de Ignacio de la Llave,Alpatláhuac,Ayahualulco,19.10357861111111,-97.13435500000001,10338,0.0,11.491584445734185,6.35,18.304814962196577,19.816951850378036,60.47794117647059,5.039659508609016,5.707100019346102,17.411491584445734,0.0,0.0,0,0,0,0,0
30009,Veracruz de Ignacio de la Llave,Alto Lucero de Gutiérrez Barrios,Alto Lucero,19.62352472222222,-96.73361944444444,28184,0.0,9.207351688901504,6.84,25.4502208630649,35.859100690904974,54.29191858979818,12.212602895259721,13.802157252341754,41.867726369571386,0.0,4.257734885041158,0,0,0,0,0
30010,Veracruz de Ignacio de la Llave,Altotonga,Altotonga,19.76614888888889,-97.24552611111112,64234,33.68932341127751,12.482485910888315,7.05,19.484017718185083,24.003352089069796,69.39648904123818,10.634554908615375,13.380764081327646,42.65653703646044,0.36496350364963503,1.5568079210387022,1,0,0,0,0
30011,Veracruz de Ignacio de la Llave,Alvarado,Alvarado,18.7742775,-95.76392916666667,57035,36.463574997808365,11.506969404751468,9.72,34.17913684667101,45.37518976360876,58.282731658625856,37.566406592443236,26.518804243008677,63.11913737178925,3.611111111111111,2.1039712457263082,0,0,0,0,0
30012,Veracruz de Ignacio de la Llave,Amatitlán,El Corte,18.4569625,-95.73482416666667,7866,0.0,9.204169844902111,6.96,20.20497803806735,19.363103953147878,55.689889678101856,54.67836257309941,5.720823798627002,19.06941266209001,0.0,0.0,0,0,0,0,0
30013,Veracruz de Ignacio de la Llave,Naranjos Amatlán,Naranjos,21.3469025,-97.68625166666666,26843,71.79525388369407,9.317140409045189,9.71,40.936790536503764,44.569243637232645,56.075611631167185,28.759825652870393,27.30693290615803,84.19327198897291,0.0,2.235219610326715,0,1,1,0,0
30014,Veracruz de Ignacio de la Llave,Amatlán de los Reyes,Amatlán de los Reyes,18.84757833333333,-96.9154838888889,46955,0.0,10.901927377276115,8.5,27.26657645466847,40.8660351826793,57.23732357553581,45.967415610691084,18.69875412629113,58.7796826749015,0.7246376811594203,0.21296986476413587,0,0,0,0,0
30015,Veracruz de Ignacio de la Llave,Angel R. Cabada,Ángel R. Cabada,18.595481666666664,-95.44272527777778,33839,0.0,9.054641094594993,7.05,19.667157043030524,28.429569694740714,58.58646937468877,40.74884009574751,13.756316676024705,41.66789798752918,0.7092198581560284,2.9551700700375307,0,0,0,0,0
30016,Veracruz de Ignacio de la Llave,La Antigua,José Cardel,19.36683027777778,-96.37138944444443,28682,70.30541803221533,10.801199358482672,9.29,33.485938521909745,48.223239590146065,60.5643872487173,54.69632522139321,41.78578899658322,105.29251795551217,2.980132450331126,3.8351579387769332,1,0,0,0,0
30017,Veracruz de Ignacio de la Llave,Apazapan,Chahuapan,19.347669444444442,-96.68610333333334,4709,0.0,9.237630070078573,8.17,29.342105263157894,23.092105263157894,50.038749677086024,32.12996389891697,6.158420046719049,16.98874495646634,0.0,4.247186239116585,0,0,0,0,0
30018,Veracruz de Ignacio de la Llave,Aquila,Aquila,18.79573527777778,-97.30812333333333,1978,0.0,10.364004044489382,5.35,19.54732510288066,13.786008230452675,47.346072186836516,2.3255813953488373,3.033367037411527,10.111223458038422,0.0,0.0,0,0,0,0,0
30019,Veracruz de Ignacio de la Llave,Astacinga,Astacinga,18.56683,-97.1020761111111,6909,0.0,10.971196989434072,5.35,17.001180637544273,31.463990554899645,35.46187228766274,1.0421189752496742,8.684324793747287,28.947749312490952,0.0,0.0,0,0,0,0,0
30020,Veracruz de Ignacio de la Llave,Atlahuilco,Atlahuilco,18.697427222222224,-97.09068555555555,11577,0.0,13.630474216118165,5.66,18.58496953283683,13.033175355450236,46.22217095397393,3.0059600932884165,4.405286343612334,14.684287812041116,0.0,0.8637816360024186,0,0,0,0,0
30021,Veracruz de Ignacio de la Llave,Atoyac,General Miguel Alemán (Potrero Nuevo),18.891399166666666,-96.79684777777777,23461,0.0,10.063509654319935,8.2,24.626444882999717,29.038624189455877,58.60854017669331,48.21192617535485,38.361536166403816,123.60939431396787,0.0,1.2787178722134607,0,0,0,0,0
30022,Veracruz de Ignacio de la Llave,Atzacan,Atzacan,18.906967777777776,-97.08390472222221,22651,0.0,13.04578164319456,7.38,13.25044404973357,24.52930728241563,59.67080533090329,29.23932718202287,16.68800494459406,55.62668314864686,0.0,0.0,0,0,0,0,0
30023,Veracruz de Ignacio de la Llave,Atzalan,Plan de Arroyos,19.8944225,-97.11026388888888,49180,0.0,10.949572997153314,6.33,21.71878323760902,18.067077926682266,64.77296505545092,7.645384302562017,5.063033753558357,16.87677917852786,0.0,0.813338755591704,0,0,0,0,0
30024,Veracruz de Ignacio de la Llave,Tlaltetela,Tlaltetela,19.314659722222224,-96.90258555555556,16485,0.0,13.017895056111616,6.29,27.63219466541881,18.320074871314926,58.708460994579305,9.930239611768274,5.095541401273885,16.985138004246284,0.0,0.6066120715802245,0,0,0,0,0
30025,Veracruz de Ignacio de la Llave,Ayahualulco,Los Altos,19.44645,-97.20192194444445,27217,0.0,9.534482125142373,4.72,15.571473061351604,14.403612581750233,52.701235589102,1.392512032920601,4.409009075210347,14.696696917367822,0.0,0.36741742293419555,0,0,0,0,0
30026,Veracruz de Ignacio de la Llave,Banderilla,Banderilla,19.591606666666664,-96.94088444444445,25993,87.56203593275113,12.234063016966106,10.2,37.005389772577885,59.64243459971079,60.89050474526654,44.45427615127149,25.487631285346055,73.0966029315585,0.5263157894736842,3.4624706651790866,0,0,0,0,0
30027,Veracruz de Ignacio de la Llave,Benito Juárez,Benito Juárez,20.886560833333334,-98.20544472222223,16120,0.0,8.734491315136477,6.78,9.856262833675565,9.99315537303217,49.821677779500696,13.635235732009926,4.094292803970223,13.647642679900745,0.0,1.2406947890818858,0,0,0,0,0
30028,Veracruz de Ignacio de la Llave,Boca del Río,Veracruz,19.142849166666664,-96.11595861111111,144550,91.32549290902801,10.349360083016258,11.4,51.51267888526237,72.72365888358858,60.92324251381571,54.46904185402975,62.00276720857835,107.22933241093047,9.096774193548388,5.396056727775856,26,21,7,4,1
30029,Veracruz de Ignacio de la Llave,Calcahualco,Cruz Verde,19.138047222222223,-97.10813527777778,13701,0.0,11.823954455879132,5.52,18.54604200323102,13.344103392568659,45.652838650494346,1.7589956937449822,1.532734836873221,5.109116122910736,0.0,0.0,0,0,0,0,0
30030,Veracruz de Ignacio de la Llave,Camerino Z. Mendoza,Ciudad Mendoza,18.804240833333335,-97.18471722222223,41835,83.29628301661289,11.234612166845942,9.55,30.16021816942219,45.45764445201977,54.221470442415935,39.55778654236883,30.75176287797299,95.13565196605713,0.25125628140703515,2.629377315644795,2,0,0,0,0
30031,Veracruz de Ignacio de la Llave,Carrillo Puerto,El Palmar,18.803852222222222,-96.67189972222222,18888,0.0,11.377594239728928,5.97,31.04199683042789,10.063391442155309,58.053484713767865,12.732952138924185,2.3824650571791612,7.941550190597205,0.0,0.0,0,0,0,0,0
30032,Veracruz de Ignacio de la Llave,Catemaco,Catemaco,18.424614722222223,-95.11233916666666,49451,57.946249823057165,10.272795292309558,7.53,17.126227719170608,33.03746817024373,59.33846665472871,16.535560453782534,19.109825888253017,52.57729874016703,1.5384615384615385,5.864391013326323,1,0,0,0,0
30033,Veracruz de Ignacio de la Llave,Cazones de Herrera,Cazones de Herrera,20.703285,-97.31232055555556,24421,0.0,9.581917202407764,7.58,16.98381141721102,10.494177790400455,59.24220221896588,14.716842062159616,8.066827730232177,26.206953032226362,0.0,0.8189672822570738,0,0,0,0,0
30034,Veracruz de Ignacio de la Llave,Cerro Azul,Cerro Azul,21.191466666666667,-97.74231861111112,25011,85.23449682139858,8.972052296989325,10.1,43.926191696565866,46.450538185545874,53.0185497470489,25.284874655151732,19.511414977409938,62.372556075326855,0.0,2.3989444644356483,1,0,0,0,0
30035,Veracruz de Ignacio de la Llave,Citlaltépetl,Citlaltépec,21.328468055555554,-97.87927499999999,11165,0.0,8.499776085982983,7.2,16.810730253353203,10.312965722801788,54.3859649122807,6.538289296909986,14.509628302731752,43.8871473354232,0.0,0.8956560680698612,0,0,0,0,0
30036,Veracruz de Ignacio de la Llave,Coacoatzintla,Coacoatzintla,19.65310611111111,-96.94514083333334,11018,0.0,12.869849337447812,7.4,22.554820744865992,24.782457361642884,62.86292241789624,14.821201669994554,24.414594300235976,75.33127609366491,0.0,0.0,0,0,0,0,0
30037,Veracruz de Ignacio de la Llave,Coahuitlán,Coahuitlán,20.26060138888889,-97.72866194444444,8176,0.0,11.191291585127201,6.02,4.86568677141409,4.206791687785099,43.56980887593132,2.7886497064579254,6.48238747553816,19.569471624266146,0.0,1.2230919765166341,0,0,0,0,0
30038,Veracruz de Ignacio de la Llave,Coatepec,Coatepec,19.454660555555556,-96.96027416666666,93911,59.33277251866129,10.772965893239343,9.66,35.66625246692493,57.638330531393905,62.81723291035612,45.00963678376335,29.538605701142572,72.72843436871081,3.22108345534407,2.6620949622514933,12,2,2,0,0
30039,Veracruz de Ignacio de la Llave,Coatzacoalcos,Coatzacoalcos,18.137882777777776,-94.4530013888889,310698,88.71476481985722,10.287481734674829,10.34,33.49863549346259,57.48747505193271,61.138703958105836,50.28130210043193,31.32463034844125,74.99243638517146,3.819742489270386,2.4139196261321283,17,17,7,1,1
30040,Veracruz de Ignacio de la Llave,Coatzintla,Coatzintla,20.482363333333332,-97.46078194444445,55016,61.87109204595027,10.387887160098881,9.98,36.417651791793034,53.141053413381194,60.637582388019545,37.796277446561,12.996219281663516,39.07954049730987,0.9302325581395349,0.18176530463865057,1,1,1,0,0
30041,Veracruz de Ignacio de la Llave,Coetzala,Coetzala,18.78563638888889,-96.91669222222222,2355,0.0,13.205944798301486,7.18,9.204368174726989,11.856474258970358,46.53622421998942,24.118895966029726,8.9171974522293,29.723991507431,0.0,0.0,0,0,0,0,0
30042,Veracruz de Ignacio de la Llave,Colipa,Colipa,19.923999722222224,-96.72673,5743,0.0,10.290788786348598,6.82,19.166215484569573,24.85110990795885,53.505132124918106,10.186313773289221,16.193627024203376,53.97875674734459,0.0,1.7412502176562772,0,0,0,0,0
30043,Veracruz de Ignacio de la Llave,Comapa,Boca del Monte,19.15412111111111,-96.83484055555554,19876,0.0,11.70255584624673,5.74,31.499440507273405,13.073480044759417,55.038709677419355,3.572147313342725,5.836184342926142,18.61541557657476,0.0,0.5031193399074261,0,0,0,0,0
30044,Veracruz de Ignacio de la Llave,Córdoba,Córdoba,18.89438388888889,-96.93534916666667,204721,67.93391982258781,10.574879958577771,9.96,31.26554073691349,56.741046920915814,63.76440920037528,49.739401429262266,42.54570854968469,109.17297199603362,2.953020134228188,3.32159377885024,14,11,5,1,1
30045,Veracruz de Ignacio de la Llave,Cosamaloapan de Carpio,Cosamaloapan,18.36477388888889,-95.7963586111111,54737,53.12859674443247,9.244204103257394,8.62,25.457606865460864,37.216881212318725,61.146622734761124,52.522060032519136,38.31960100115096,113.2689040320076,0.8064516129032258,3.4711438332389424,1,0,0,0,0
30046,Veracruz de Ignacio de la Llave,Cosautlán de Carvajal,Cosautlán de Carvajal,19.33264361111111,-96.99136444444444,16167,0.0,11.257499845364013,6.42,24.231545882880862,16.670406102759703,63.9104153750775,7.812210057524587,10.144120739778561,32.78282922001608,0.0,0.6185439475474732,0,0,0,0,0
30047,Veracruz de Ignacio de la Llave,Coscomatepec,Coscomatepec de Bravo,19.072898333333335,-97.04642055555556,59471,27.515932134990162,13.598224344638563,6.38,20.390924956369982,18.596858638743456,60.44610853633478,9.890534882547797,15.309983016932623,42.205444670511675,1.1952191235059761,0.5044475458626894,2,0,0,0,0
30048,Veracruz de Ignacio de la Llave,Cosoleacaque,Minatitlán,18.012785555555556,-94.5709025,130903,53.73979205976945,10.500905250452625,9.54,26.04998648349758,44.056425253741615,59.76574598079793,40.08769852486192,20.224899352956005,62.64180347280047,0.6097560975609756,0.5347471028165894,0,0,0,0,0
30049,Veracruz de Ignacio de la Llave,Cotaxtla,La Tinaja,18.761240555555556,-96.46663777777778,22050,0.0,11.002267573696145,6.95,32.51982916412447,23.856009762050032,61.89435949140201,20.92063492063492,10.249433106575964,32.6530612244898,0.0,0.9070294784580499,0,0,0,0,0
30050,Veracruz de Ignacio de la Llave,Coxquihui,Coxquihui,20.18473722222222,-97.58627055555556,16333,0.0,9.894079471009613,6.85,10.335403726708075,25.51552795031056,58.08852640747486,6.9981020020816755,5.693993754974591,18.979979183248638,0.0,0.6122573930080206,0,0,0,0,0
30051,Veracruz de Ignacio de la Llave,Coyutla,Coyutla,20.24712166666667,-97.65769722222223,23096,0.0,9.417215102182196,6.54,12.991086167051833,15.434136678771871,56.34791397607951,5.113439556633184,12.318150329061309,38.53481122272255,1.1235955056179776,1.7319016279875303,0,0,0,0,0
30052,Veracruz de Ignacio de la Llave,Cuichapa,Cuichapa,18.773509999999998,-96.86922388888888,11869,0.0,10.548487656921392,7.81,24.49160035366932,19.18656056587091,51.021928890781346,47.87260931839245,21.231780267924847,70.77260089308282,0.0,0.0,2,0,0,0,0
30053,Veracruz de Ignacio de la Llave,Cuitláhuac,Cuitláhuac,18.814539444444446,-96.72232277777778,28075,0.0,10.721282279608193,8.03,37.6458902408741,38.96200645641917,59.724293785310735,35.04541406945681,32.48441674087266,97.59572573463936,0.7299270072992701,1.4247551202137132,1,0,0,0,0
30054,Veracruz de Ignacio de la Llave,Chacaltianguis,Chacaltianguis,18.30533638888889,-95.84139027777778,11461,0.0,8.271529534944595,7.22,20.460230115057527,22.18609304652326,54.44862155388471,48.686851060116915,16.054445510862926,50.60640432772009,0.0,1.7450484250937963,0,0,0,0,0
30055,Veracruz de Ignacio de la Llave,Chalma,Chalma,21.208391111111112,-98.39760305555556,13527,0.0,7.717897538256819,7.31,19.26197330541743,8.898194190002616,51.32677676748933,22.192651733569896,3.0309750868633105,8.871146595697494,0.0,0.7392622163081245,0,0,0,0,0
30056,Veracruz de Ignacio de la Llave,Chiconamel,Chiconamel,21.230555555555554,-98.45951305555556,6610,0.0,7.503782148260211,6.45,16.127167630057805,11.84971098265896,48.25038880248834,9.470499243570348,1.361573373676248,4.53857791225416,0.0,1.51285930408472,0,0,0,0,0
30057,Veracruz de Ignacio de la Llave,Chiconquiaco,Chiconquiaco,19.742096111111113,-96.81880833333332,13881,0.0,12.801671349326417,6.09,13.297394429469902,11.440551063192572,62.984903497038026,2.3485339672934225,4.46653699301203,13.68777465600461,0.0,2.161227577263886,1,0,0,0,0
30058,Veracruz de Ignacio de la Llave,Chicontepec,Chicontepec de Tejeda,20.971974999999997,-98.17834416666668,53858,0.0,7.866983549333432,7.63,16.755476613380697,12.354450365107558,52.8178095518201,25.57651602361766,5.291692970403654,17.63897656801218,0.0,1.1140406253481376,0,0,0,0,0
30059,Veracruz de Ignacio de la Llave,Chinameca,Chinameca,18.017777777777777,-94.68305555555555,22638,0.0,9.784433253821009,7.87,18.598420755781163,20.431472081218274,54.18089677206125,29.65809700503578,14.709780015902465,46.82392437494478,0.0,0.0,0,0,0,0,0
30060,Veracruz de Ignacio de la Llave,Chinampa de Gorostiza,Chinampa de Gorostiza,21.359599444444445,-97.73533805555556,16283,0.0,9.758643984523736,7.56,22.188905547226387,23.816663097022918,53.54269801980198,13.271510163974698,18.424123318798745,58.343057176196034,0.0,1.2282748879199166,0,0,0,0,0
30061,Veracruz de Ignacio de la Llave,Las Choapas,Las Choapas,17.90932583333333,-94.09027611111111,81080,57.85520473606315,10.894178589047854,7.52,24.856238577096242,33.82071056033522,59.816796900650075,12.731869758263443,17.31623088307844,53.40404538727183,0.0,2.7133695115934877,1,0,0,0,0
30062,Veracruz de Ignacio de la Llave,Chocamán,Chocamán,19.01087111111111,-97.0332375,20839,0.0,12.279859878113154,7.05,16.38494045332309,24.95197848636189,61.26555631230264,26.133691635875042,12.764528048370844,41.7486443687317,0.0,0.0,0,0,0,0,0
30063,Veracruz de Ignacio de la Llave,Chontla,Chontla,21.293434722222223,-97.92492972222223,13359,0.0,7.912268882401377,6.73,17.35137747704205,11.019816336394394,57.20695970695971,8.88539561344412,8.533572872220974,28.445242907403248,0.0,2.2456770716370986,0,0,0,0,0
30064,Veracruz de Ignacio de la Llave,Chumatlán,Chumatlán,20.2075325,-97.59463638888889,4008,0.0,10.553892215568862,6.99,6.115107913669065,5.215827338129497,37.376,5.289421157684631,5.2395209580838324,17.465069860279442,0.0,0.0,0,0,0,0,0
30065,Veracruz de Ignacio de la Llave,Emiliano Zapata,Jacarandas,19.495915833333335,-96.85446083333333,85489,0.0,11.1757068160816,10.24,43.69359454105217,55.9395406853034,63.522478148221964,47.05049772485349,21.961889833779786,59.07192738247026,2.1782178217821784,1.4036893635438477,5,2,2,0,0
30066,Veracruz de Ignacio de la Llave,Espinal,Entabladero,20.275960277777777,-97.54885777777777,26830,0.0,9.657100260901975,7.5,17.088779956427015,15.427559912854031,60.88545126696403,7.976146105106224,12.486023108460678,40.99888184867685,0.0,2.609019754006709,0,0,0,0,0
30067,Veracruz de Ignacio de la Llave,Filomeno Mata,Filomeno Mata,20.20024638888889,-97.70373861111112,19179,80.38479587048334,13.379216851764951,5.6,2.17152281473337,5.579989004947773,44.707365922409316,2.017832003754106,7.195369935867355,23.984566452891183,0.0,0.5214036185411127,0,0,0,0,0
30068,Veracruz de Ignacio de la Llave,Fortín,Fortín de las Flores,18.903663055555555,-96.99934555555555,66372,32.22895196769722,10.778641595853673,10.16,38.36178841435939,59.11981174585691,62.82683181559998,48.94081841740493,25.846742602302175,76.99029711324053,0.9784735812133072,1.5066594347013802,0,1,1,0,0
30069,Veracruz de Ignacio de la Llave,Gutiérrez Zamora,Gutiérrez Zamora,20.451932222222222,-97.08756583333333,24085,0.0,8.822918829146772,8.68,20.0234344486395,38.0809790391876,59.254982679853406,22.150716213410835,18.455470209674072,53.56030724517334,0.7751937984496124,3.3215694415611376,0,0,0,0,0
30070,Veracruz de Ignacio de la Llave,Hidalgotitlán,Hidalgotitlán,17.771016666666664,-94.6465163888889,18275,0.0,9.87140902872777,6.96,17.238131122833458,28.541823662396382,59.03014789533561,5.395348837209302,10.943912448700411,32.83173734610123,0.0,1.094391244870041,0,0,0,0,0
30071,Veracruz de Ignacio de la Llave,Huatusco,Huatusco de Chicuellar,19.14697138888889,-96.96734972222222,59920,55.744325767690256,12.75033377837116,8.21,29.50351084322376,28.658422916796123,65.7885270530481,19.110480640854473,27.436582109479307,76.43524699599466,2.183406113537118,1.835781041388518,0,0,0,0,0
30072,Veracruz de Ignacio de la Llave,Huayacocotla,Huayacocotla,20.537277222222222,-98.47915194444445,21796,0.0,10.58451091943476,7.27,31.605541972290137,13.007334963325183,56.67322952091164,8.997063681409433,10.300055055973573,31.657184804551292,1.4492753623188406,3.21159845843274,0,0,0,0,0
30073,Veracruz de Ignacio de la Llave,Hueyapan de Ocampo,Juan Díaz Covarrubias,18.159620277777776,-95.18426694444445,41670,0.0,9.671226301895848,6.94,15.33475614575923,23.144415461228363,55.97709808648486,29.848812095032397,9.455243580513558,30.717542596592274,0.0,0.4799616030717543,0,0,0,0,0
30074,Veracruz de Ignacio de la Llave,Huiloapan de Cuauhtémoc,Huiloapan de Cuauhtémoc,18.81657722222222,-97.15591972222222,7293,0.0,11.792129439188262,9.18,24.529236868186324,38.25569871159564,55.39422589903765,42.24598930481283,20.156314273961332,67.18771424653778,0.0,1.3711778417660772,0,0,0,0,0
30075,Veracruz de Ignacio de la Llave,Ignacio de la Llave,Ignacio de la Llave,18.724305555555553,-95.98563527777777,16525,0.0,8.937972768532527,6.88,17.428924598269468,23.96256401200777,57.69857735625371,10.765506807866869,14.886535552193646,46.59606656580938,0.0,2.4205748865355523,0,0,0,0,0
30076,Veracruz de Ignacio de la Llave,Ilamatlán,Chahuatlán,20.78344277777778,-98.39314583333334,13377,0.0,10.33116543320625,5.01,4.741379310344827,14.520474137931034,35.679826720488336,8.103461164685655,0.8970621215519174,2.990207071839725,0.0,0.0,0,0,0,0,0
30077,Veracruz de Ignacio de la Llave,Isla,Isla,18.027513888888887,-95.52762805555555,42807,59.82199173032448,9.909594225243534,7.34,25.40699427193247,27.698221284293037,64.21545667447307,18.56238465671502,24.446936248744365,68.44674936342187,1.023890784982935,2.336066531174808,1,0,0,0,0
30078,Veracruz de Ignacio de la Llave,Ixcatepec,Ixcatepec,21.237634444444446,-98.00595194444445,12379,0.0,9.40302124565797,7.38,17.997329773030707,6.328437917222964,54.185152321798284,13.805638581468616,6.543339526617659,21.811131755392196,0.0,0.0,0,0,0,0,0
30079,Veracruz de Ignacio de la Llave,Ixhuacán de los Reyes,Ixhuacán de los Reyes,19.355945833333333,-97.11527972222221,11387,0.0,11.530692895407043,5.94,14.001953760989906,11.787691305763595,60.81730769230769,3.4425221744094143,4.215333274787038,14.051110915956793,0.0,0.8781944322472995,0,0,0,0,0
30080,Veracruz de Ignacio de la Llave,Ixhuatlán del Café,Ixhuatlán del Café,19.051156666666667,-96.984325,23132,0.0,12.376794051530348,7.09,22.065727699530516,23.07176391683434,64.97757847533633,7.790074355870655,10.375237765865467,34.584125886218224,0.0,0.8646031471554556,0,0,0,0,0
30081,Veracruz de Ignacio de la Llave,Ixhuatlancillo,Unión y Progreso,18.871544166666666,-97.11898166666666,27295,0.0,11.862978567503205,8.71,27.53789326200484,37.905999235766146,64.09647359766124,36.62941930756549,13.299139036453562,44.33046345484521,0.0,0.0,0,0,0,0,0
30082,Veracruz de Ignacio de la Llave,Ixhuatlán del Sureste,Ixhuatlán del Sureste,18.02275361111111,-94.39372750000001,15831,0.0,10.277304023750869,8.26,28.941865328314513,28.419071518193224,54.140228426395936,17.724717326763944,19.013328279957047,61.27218748026025,0.0,0.0,0,0,0,0,0
30083,Veracruz de Ignacio de la Llave,Ixhuatlán de Madero,San Francisco,20.552363055555556,-98.00223888888888,50836,0.0,8.65725076717287,6.79,14.386339381003202,7.541800071149058,54.85230000489884,10.642064678574238,3.6588244551105515,12.196081517035172,0.0,0.7868439688409788,0,0,0,0,0
30084,Veracruz de Ignacio de la Llave,Ixmatlahuacan,Ixmatlahuacan,18.44856861111111,-95.82988194444444,5574,0.0,8.95227843559383,6.95,18.866943866943867,13.617463617463617,53.02056555269923,37.38787226408324,16.146393972012916,53.821313240043054,0.0,0.0,0,0,0,0,0
30085,Veracruz de Ignacio de la Llave,Ixtaczoquitlán,Ixtaczoquitlán,18.851066388888892,-97.06306722222222,74004,40.71536673693314,11.235879141668018,9.17,27.892264928591967,40.10831016965398,58.719266239309086,51.0783200908059,24.167612561483164,75.26620182692828,0.5385996409335727,0.6756391546402897,2,0,0,0,0
30086,Veracruz de Ignacio de la Llave,Jalacingo,Jalacingo,19.80596611111111,-97.30868166666666,46794,33.77997179125529,12.668290806513655,6.62,23.313201035375325,27.860224331320104,63.13087365123564,8.129247339402488,9.55250673163226,30.773176048211308,0.0,0.6411078343377357,0,0,0,0,0
30087,Veracruz de Ignacio de la Llave,Xalapa,Xalapa-Enríquez,19.52708472222222,-96.92264472222223,488531,90.69291406277186,11.996782189871267,11.27,42.104880403020005,68.89685173676764,62.022650361013035,50.795548286597985,35.237272557933885,79.91304543621592,4.585040983606557,2.1902397186667786,38,25,8,3,1
30088,Veracruz de Ignacio de la Llave,Jalcomulco,Jalcomulco,19.331685555555556,-96.7618225,5054,0.0,8.389394538979026,6.63,14.705882352941176,28.55392156862745,56.34398496240601,11.47605856747131,41.35338345864662,124.65373961218836,0.0,21.764938662445587,0,0,0,0,0
30089,Veracruz de Ignacio de la Llave,Jáltipan,Jáltipan de Morelos,17.966068055555557,-94.72173472222222,38669,82.3812356150922,9.483048436732266,9.0,19.68041741398989,32.47187347138431,61.37820512820513,35.356487108536555,25.7958571465515,80.16757609454602,0.3225806451612903,1.0344203367038196,0,0,0,0,0
30090,Veracruz de Ignacio de la Llave,Jamapa,Jamapa,19.04202638888889,-96.24059083333333,11132,0.0,10.528206970894718,7.7,28.61487420514238,28.08957699751175,58.41726618705036,34.23463887890765,18.325547969816746,56.593604024434065,0.0,0.8983111749910169,0,0,0,0,0
30091,Veracruz de Ignacio de la Llave,Jesús Carranza,Jesús Carranza,17.434926944444445,-95.0262525,28524,0.0,10.058196606366568,7.0,25.23763100170607,29.234706312454303,67.21594262109038,7.004627681952041,14.163511428972093,41.36867199551255,0.0,1.7529098303183284,0,0,0,0,0
30092,Veracruz de Ignacio de la Llave,Xico,Xico,19.421269444444444,-97.00723277777777,39623,54.47593569391515,12.230270297554451,7.77,19.95511319281811,34.1432474629196,61.26357104421866,21.043333417459557,21.275521792898065,63.347045907679885,0.796812749003984,3.785680034323499,0,0,0,0,0
30093,Veracruz de Ignacio de la Llave,Jilotepec,Jilotepec,19.61130388888889,-96.95027972222222,16585,0.0,11.974675911968646,8.44,24.06128614587829,35.735865343116096,57.040165999703575,33.30117576123003,7.717817304793488,24.721133554416642,0.0,0.0,0,0,0,0,0
30094,Veracruz de Ignacio de la Llave,Juan Rodríguez Clara,Juan Rodríguez Clara,17.99400361111111,-95.40135388888889,38367,40.430578361612845,9.91477050590351,6.93,25.43643021374436,21.118964489483098,57.93775851881032,9.588969687491854,20.79912424740011,66.72400761070712,0.0,0.781921964187974,0,0,0,0,0
30095,Veracruz de Ignacio de la Llave,Juchique de Ferrer,Juchique de Ferrer,19.84116111111111,-96.69473027777778,15059,0.0,9.53582575204197,6.73,16.531742650191735,21.687260332339157,57.676792623693096,8.227637957367687,16.93339531177369,53.12437744870177,0.0,2.6562188724350886,1,0,0,0,0
30096,Veracruz de Ignacio de la Llave,Landero y Coss,Landero y Coss,19.735191944444445,-96.85158777777777,1543,0.0,9.915748541801685,6.8,29.647058823529413,31.294117647058822,47.668810289389064,1.2961762799740766,5.832793259883344,19.44264419961115,0.0,0.0,0,0,0,0,0
30097,Veracruz de Ignacio de la Llave,Lerdo de Tejada,Lerdo de Tejada,18.628199722222224,-95.52322194444444,19123,92.69989018459447,9.423207655702557,8.86,24.160971905846623,39.87851176917236,52.98333741729968,62.118914396276736,29.49328034304241,87.85232442608377,0.0,6.798096532970768,0,0,0,0,0
30098,Veracruz de Ignacio de la Llave,Magdalena,Magdalena,18.760589444444445,-97.0454675,3299,0.0,13.88299484692331,7.2,2.807017543859649,12.865497076023392,51.398459667612485,9.548347984237648,11.821764170960897,39.40588056986966,0.0,0.0,0,0,0,0,0
30099,Veracruz de Ignacio de la Llave,Maltrata,Maltrata,18.810400833333333,-97.27830388888889,18327,0.0,12.997217220494353,7.52,21.980461811722915,19.982238010657195,55.88319701535371,20.287008239209907,19.861406667757954,61.65766355650133,0.0,0.0,0,0,0,0,0
30100,Veracruz de Ignacio de la Llave,Manlio Fabio Altamirano,Manlio Fabio Altamirano,19.094434166666666,-96.33323027777777,23918,0.0,10.33949326866795,7.33,29.05635648754915,27.588466579292266,56.76986010807535,38.941383058784176,11.852997742286144,34.28380299356134,1.2195121951219512,0.8361903169161301,0,0,0,0,0
30101,Veracruz de Ignacio de la Llave,Mariano Escobedo,Palmira,18.882726944444446,-97.10946444444444,38670,40.26377036462374,12.38686320144815,8.33,24.487814350907854,33.95475288862996,58.00619486903239,30.711145590897335,12.12826480475821,39.5655546935609,0.0,0.0,1,0,0,0,0
30102,Veracruz de Ignacio de la Llave,Martínez de la Torre,Martínez de la Torre,20.07338777777778,-97.05384,108842,74.31138714834347,11.436761544256813,8.99,29.28460199688559,44.10857683734848,62.35971817409864,36.00172727439775,23.483581705591593,68.6315944212712,0.535475234270415,3.3075467190974073,1,2,2,0,0
30103,Veracruz de Ignacio de la Llave,Mecatlán,Mecatlán,20.210655555555554,-97.68174,12799,0.0,10.53207281818892,5.75,2.2002551020408165,2.5191326530612246,35.06999263235449,3.203375263692476,5.703570591452457,16.407531838424877,0.0,0.7813110399249942,0,0,0,0,0
30104,Veracruz de Ignacio de la Llave,Mecayapan,Mecayapan,18.22145722222222,-94.83764305555555,17134,0.0,11.57931597992296,6.3,8.756497401039583,10.055977608956418,54.2007044892453,7.283763277693475,11.264153145791992,32.68355316913739,0.0,0.0,0,0,0,0,0
30105,Veracruz de Ignacio de la Llave,Medellín de Bravo,Fraccionamiento Puente Moreno,19.102991666666668,-96.15701194444445,95202,36.67254889603159,10.75187496061007,9.87,35.27623976889745,49.67802118440058,65.64119584365187,50.94850948509485,13.686687254469444,40.545366693977016,0.5181347150259067,0.42015924035209345,0,1,1,0,0
30106,Veracruz de Ignacio de la Llave,Miahuatlán,Miahuatlán,19.707459444444442,-96.86985555555555,4841,0.0,12.951869448461062,7.07,16.29260182876143,28.761429758935993,45.57823129251701,5.9078702747366245,4.957653377401363,16.525511258004546,0.0,0.0,0,0,0,0,0
30107,Veracruz de Ignacio de la Llave,Las Minas,Rinconada,19.6679175,-97.14614583333334,2934,0.0,13.905930470347649,6.12,17.22222222222222,13.61111111111111,44.352236053480866,7.191547375596455,5.112474437627812,17.041581458759374,0.0,3.408316291751875,0,0,0,0,0
30108,Veracruz de Ignacio de la Llave,Minatitlán,Minatitlán,17.9909775,-94.54844416666667,144776,69.9950268000221,9.933276233629883,9.64,33.916542540183634,51.64625063915876,58.40198869601001,27.79189920981378,32.83693429850251,84.47532740233189,2.616516762060507,2.2793833232027407,8,3,2,0,0
30109,Veracruz de Ignacio de la Llave,Misantla,Misantla,19.928634444444445,-96.8527361111111,65761,45.97253691397637,11.225498395705662,8.59,22.834605337294473,35.686113814475235,60.622714057957424,20.13047246848436,18.52161615547209,53.375100743601834,0.5698005698005698,2.585118839433707,0,0,0,0,0
30110,Veracruz de Ignacio de la Llave,Mixtla de Altamirano,Barrio Segundo,18.59533972222222,-96.98752888888889,12125,0.0,13.608247422680412,4.3,2.002503128911139,1.2828535669586985,42.83645276292335,9.31958762886598,1.2371134020618557,4.123711340206185,0.0,0.0,0,0,0,0,0
30111,Veracruz de Ignacio de la Llave,Moloacán,Cuichapa,17.938997222222223,-94.27969027777777,16493,0.0,9.864791123506942,8.05,26.09397055858036,27.485380116959064,50.72763480392157,18.601831079852058,12.550779118413873,41.83593039471291,0.0,1.8189534954223003,0,0,0,0,0
30112,Veracruz de Ignacio de la Llave,Naolinco,Naolinco de Victoria,19.655267499999997,-96.87367555555555,22835,0.0,11.521786730895554,8.27,24.087812263436792,32.92959878879637,61.102396278465946,26.8184804028903,16.50974381432012,45.544120867089994,1.9230769230769231,2.1896211955331726,1,0,0,0,0
30113,Veracruz de Ignacio de la Llave,Naranjal,Naranjal,18.810826111111112,-96.96134111111111,4614,0.0,12.462071954919809,7.48,11.19281045751634,17.401960784313726,47.43411927877947,18.899003034243606,11.053315994798439,36.84438664932813,0.0,0.0,0,0,0,0,0
30114,Veracruz de Ignacio de la Llave,Nautla,Nautla,20.209191666666666,-96.77414722222223,10130,0.0,9.693978282329713,7.88,26.265916493929524,25.229493633402427,54.992301314698565,19.772951628825272,12.734452122408687,42.44817374136229,0.0,5.923000987166831,0,0,0,0,0
30115,Veracruz de Ignacio de la Llave,Nogales,Nogales,18.822537222222223,-97.16255638888889,37314,56.97861392506834,10.944953636704723,9.23,25.57879014189694,35.7916355489171,56.98357591133663,37.25947365600043,21.694270247092245,68.07096532132712,0.3937007874015748,0.5359918529238356,0,0,0,0,0
30116,Veracruz de Ignacio de la Llave,Oluta,Oluta,17.92818527777778,-94.8969438888889,17027,0.0,10.236682915369707,8.36,18.795946751440493,25.968607192529305,60.10876754611597,23.727021788923473,35.3262465495977,101.60333587831092,0.5780346820809249,0.0,0,0,0,0,0
30117,Veracruz de Ignacio de la Llave,Omealca,Omealca,18.74730527777778,-96.78620305555556,23773,0.0,10.781138266100198,7.32,31.445603576751118,18.405365126676603,55.25394974021843,30.479956252891935,12.32490640642746,38.278719555798595,0.0,0.42064526984394063,0,0,0,0,0
30118,Veracruz de Ignacio de la Llave,Orizaba,Orizaba,18.850960833333335,-97.09891444444445,123182,97.82273384098326,10.206036596255947,11.35,37.27513929424251,66.51101087821704,57.91831281060453,62.140572486239876,65.10691497134322,160.33186666883148,3.240506329113924,5.4391063629426375,10,7,5,2,1
30119,Veracruz de Ignacio de la Llave,Otatitlán,Otatitlán,18.1767125,-96.03457444444444,5651,0.0,9.431958945319412,7.88,21.217105263157894,27.905701754385966,58.8467441350581,31.30419394797381,67.95257476552823,208.81259953990445,0.0,5.308794903556892,0,0,0,0,0
30120,Veracruz de Ignacio de la Llave,Oteapan,Oteapan,17.999503333333333,-94.66658944444445,10343,0.0,10.896258338973219,8.01,12.734452122408687,17.670286278381045,59.89627306718128,29.04379773760031,33.452576621869866,103.45160978439525,0.0,3.867349898482065,0,0,0,0,0
30121,Veracruz de Ignacio de la Llave,Ozuluama de Mascareñas,Ozuluama de Mascareñas,21.661260555555554,-97.85050638888889,22756,0.0,8.657057479346106,7.19,34.176684372379086,14.048084987419625,61.217896947181394,15.138864475303217,6.635612585691685,20.653893478642996,0.0,1.7577781683951486,0,0,0,0,0
30122,Veracruz de Ignacio de la Llave,Pajapan,Pajapan,18.26174361111111,-94.69178472222222,18051,0.0,11.450889147415655,5.85,7.1146245059288535,7.45598275242544,63.95845190665908,5.772533377652207,24.153786493823056,67.58628330840396,1.639344262295082,1.6619577862722288,0,0,0,0,0
30123,Veracruz de Ignacio de la Llave,Pánuco,Pánuco,22.0536125,-98.18130527777778,96185,43.23751104642096,10.281228881842283,8.57,38.12645379572849,33.94304645097625,58.27987769175721,42.20928419192182,10.604564121224723,31.189894474190364,0.6666666666666666,1.559494723709518,0,0,0,0,0
30124,Veracruz de Ignacio de la Llave,Papantla,Papantla de Olarte,20.4467325,-97.32274916666667,159910,34.67700581577137,9.539741104371208,8.32,21.368705866825053,33.984469521986846,62.31155004660694,20.826715027202802,11.52210618472891,31.26758801826027,2.6,1.4383090488399726,1,1,1,0,0
30125,Veracruz de Ignacio de la Llave,Paso del Macho,Paso del Macho,18.972154999999997,-96.72451111111111,31894,0.0,10.738696933592525,7.25,34.23156972286121,21.875342315697228,57.58970727101039,46.27516147237725,20.28594720010033,65.5295666896595,0.0,1.8812315796074497,0,0,0,0,0
30126,Veracruz de Ignacio de la Llave,Paso de Ovejas,Paso de Ovejas,19.285046944444446,-96.43845277777778,33442,0.0,10.020333712098559,7.93,29.154903067946545,33.75682288725767,55.0178629425138,46.9409724298786,10.79480892291131,31.995694037437953,0.0,0.8970755337599425,0,0,0,0,0
30127,Veracruz de Ignacio de la Llave,La Perla,La Perla,18.927619166666666,-97.13402361111112,28258,0.0,14.374690353174323,4.97,8.853182104599874,6.600504095778198,48.94947217382392,2.5196404558001273,4.458914289758653,13.093637200084931,0.0,0.0,0,0,0,0,0
30128,Veracruz de Ignacio de la Llave,Perote,Perote,19.560653333333335,-97.24407194444444,77432,54.82358714743258,11.847814856906705,8.39,32.78860255604442,41.70333123821496,57.94032723772859,23.385680338877982,25.764541791507387,69.09288149602231,2.9906542056074765,2.3246203120157043,4,3,2,0,0
30129,Veracruz de Ignacio de la Llave,Platón Sánchez,Platón Sánchez,21.273197777777778,-98.37414527777777,18053,0.0,8.519359663213871,7.25,22.0103986135182,16.040824186404777,52.22796479955301,17.531712180800977,15.066747908934802,46.529662659945714,0.0,2.7696227773777213,0,0,0,0,0
30130,Veracruz de Ignacio de la Llave,Playa Vicente,Playa Vicente,17.832132777777776,-95.81205666666666,39327,0.0,9.075190072977852,6.72,24.31663361214107,32.98266793136156,61.188435085889374,7.582576855595392,26.813639484323748,83.65753807816513,0.303951367781155,1.7799476186843644,0,0,0,0,0
30131,Veracruz de Ignacio de la Llave,Poza Rica de Hidalgo,Poza Rica de Hidalgo,20.534087500000002,-97.44356694444444,189457,95.03845199702307,10.311046833846202,10.84,43.07308765954458,62.23423866289787,57.634738121770845,42.116153005695224,27.763555846445367,65.71411982666251,4.337349397590361,3.958681917268826,6,6,3,0,0
30132,Veracruz de Ignacio de la Llave,Las Vigas de Ramírez,Las Vigas de Ramírez,19.638479722222222,-97.10337777777777,20300,0.0,12.596059113300493,7.52,29.842209072978303,19.368836291913215,54.664227854716486,16.92118226600985,15.665024630541872,49.75369458128079,0.0,0.9852216748768473,0,0,0,0,0
30133,Veracruz de Ignacio de la Llave,Pueblo Viejo,Benito Juárez,22.20423472222222,-97.84080972222222,57909,26.71778134659552,11.402372688183185,8.81,25.075656700157367,43.72352015494492,60.515709642470206,44.56820183391183,17.631110880864806,48.69709371600269,1.4184397163120568,0.3453694589787425,0,0,0,0,0
30134,Veracruz de Ignacio de la Llave,Puente Nacional,Cabezas,19.371666666666666,-96.38277777777778,23544,0.0,9.667006455997281,8.13,34.660297239915074,39.039278131634816,56.29884821061292,42.919639823309545,6.838260278627251,19.96262317363235,0.0,2.123683316343867,0,0,0,0,0
30135,Veracruz de Ignacio de la Llave,Rafael Delgado,Rafael Delgado,18.810521666666666,-97.0734375,24127,0.0,13.176109752559373,8.18,16.83843085106383,27.07779255319149,60.29373058904037,28.62353380030671,17.014133543333195,50.15128279520869,0.8264462809917356,0.8289468230613006,0,0,0,0,0
30136,Veracruz de Ignacio de la Llave,Rafael Lucio,Rafael Lucio,19.593105555555553,-96.98955833333333,8343,0.0,12.117943185904352,8.38,22.727272727272727,38.16287878787879,60.161733292645714,25.98585640656838,12.22581805106077,40.75272683686923,0.0,0.0,0,0,0,0,0
30137,Veracruz de Ignacio de la Llave,Los Reyes,Los Reyes,18.67257777777778,-97.0442575,6308,0.0,14.695624603677869,6.61,3.4188034188034186,3.357753357753358,45.67459482214271,2.4889029803424223,0.9511731135066582,3.170577045022194,0.0,0.0,0,0,0,0,0
30138,Veracruz de Ignacio de la Llave,Río Blanco,Río Blanco,18.838865,-97.139525,41795,99.97607369302548,10.415121426007895,10.64,30.10778831347759,56.00940108598752,56.04748523255147,56.461299198468716,28.448378992702477,89.24512501495394,0.5361930294906166,1.435578418471109,1,1,1,0,0
30139,Veracruz de Ignacio de la Llave,Saltabarranca,Saltabarranca,18.590240277777777,-95.53187888888888,6126,0.0,9.043421482206986,7.19,17.744287797763732,26.300437530384055,48.35597558574523,50.342801175318314,8.32517140058766,27.750571335292197,0.0,0.0,0,0,0,0,0
30140,Veracruz de Ignacio de la Llave,San Andrés Tenejapan,San Andrés Tenejapan,18.788702500000003,-97.09322527777778,3134,0.0,13.592852584556477,6.62,7.267833109017497,18.842530282637956,56.22641509433962,7.466496490108487,6.700701978302489,22.335673261008296,0.0,0.0,0,0,0,0,0
30141,Veracruz de Ignacio de la Llave,San Andrés Tuxtla,San Andrés Tuxtla,18.448668333333334,-95.21257083333333,162428,39.67604107666166,10.617011845248356,7.23,14.871199607125318,27.26461002723336,56.009390035096416,22.167975964735145,15.305242938409634,45.37395030413475,1.0854816824966078,1.539143497426552,7,2,2,0,0
30142,Veracruz de Ignacio de la Llave,San Juan Evangelista,San Juan Evangelista,17.886052222222222,-95.14008000000001,32631,0.0,9.877110722932182,6.73,21.361773668172745,17.07470841651781,56.71727849317701,8.96386871379976,10.8179338665686,35.549017805154605,0.0,0.3064570500444363,0,0,0,0,0
30143,Veracruz de Ignacio de la Llave,Santiago Tuxtla,Santiago Tuxtla,18.465642777777777,-95.30175361111111,57085,27.560655163352894,9.618989226591925,6.63,12.205195738058183,17.149527116006226,53.94439299636035,21.33835508452308,10.21284050100727,32.58299027765613,0.0,0.7007094683366909,1,0,0,0,0
30144,Veracruz de Ignacio de la Llave,Sayula de Alemán,Sayula de Alemán,17.880969444444446,-94.9601088888889,32400,46.65432098765432,10.268518518518519,7.42,16.50626678603402,18.99059982094897,59.963588870859226,14.472222222222221,15.987654320987655,49.69135802469136,0.0,0.30864197530864196,0,0,0,0,0
30145,Veracruz de Ignacio de la Llave,Soconusco,Soconusco,17.962880555555554,-94.88105083333333,16574,0.0,10.432001930734886,8.81,23.242811501597444,28.75399361022364,63.682672859390216,30.686617593821648,10.136358151321346,33.78786050440449,0.0,0.0,0,0,0,0,0
30146,Veracruz de Ignacio de la Llave,Sochiapa,Sochiapa,19.19329527777778,-96.94064555555556,3925,0.0,13.375796178343949,6.8,29.861849096705633,10.626992561105208,58.00200467758102,8.45859872611465,3.0573248407643314,10.19108280254777,0.0,0.0,0,0,0,0,0
30147,Veracruz de Ignacio de la Llave,Soledad Atzompa,Atzompa,18.725245277777777,-97.18407555555557,24578,0.0,12.90585076084303,5.31,26.07685433422699,9.68722073279714,37.72615590797409,1.1717796403287493,3.6618113760273414,12.206037920091138,0.0,0.0,0,0,0,0,0
30148,Veracruz de Ignacio de la Llave,Soledad de Doblado,Soledad de Doblado,19.044745833333334,-96.42328916666668,28130,0.0,10.504799146818343,7.2,29.735449735449734,26.937095825984716,57.77506219176887,22.98613579808034,21.791681478848204,64.34411660149307,1.1049723756906078,1.066477070742979,0,0,0,0,0
30149,Veracruz de Ignacio de la Llave,Soteapan,Soteapan,18.229509999999998,-94.87275638888889,34385,0.0,11.080412970772139,5.62,6.163212988677633,18.948942533646658,52.185301016419075,4.5717609422713394,8.492075032717755,24.429256943434638,0.0,0.5816489748436818,0,0,0,0,0
30150,Veracruz de Ignacio de la Llave,Tamalín,Tamalín,21.33793861111111,-97.81322999999999,11631,0.0,9.534863726248817,7.51,21.424517593643586,20.090805902383654,59.07841893891355,10.704152695383028,15.733814805261801,52.44604935087267,0.0,0.0,0,0,0,0,0
30151,Veracruz de Ignacio de la Llave,Tamiahua,Tamiahua,21.279741944444442,-97.44652472222222,21902,0.0,8.236690713176879,7.26,15.235531628532975,10.888290713324361,55.44809800128949,18.002922107570086,11.186193041731348,29.677655008675007,3.076923076923077,6.84868961738654,0,0,0,0,0
30152,Veracruz de Ignacio de la Llave,Tampico Alto,Tampico Alto,22.113046111111114,-97.801625,11561,0.0,9.021710924660496,7.37,25.523560209424083,9.502617801047121,50.89939343233633,27.852261915059252,13.839633249718883,43.248853905371504,0.0,2.5949312343222903,0,0,0,0,0
30153,Veracruz de Ignacio de la Llave,Tancoco,Tancoco,21.286381111111112,-97.79141916666667,5795,0.0,8.352027610008628,7.47,19.55215729109776,12.834516657564173,51.773648648648646,12.597066436583262,0.5176876617773943,1.7256255392579811,0.0,1.7256255392579811,0,0,0,0,0
30154,Veracruz de Ignacio de la Llave,Tantima,Tantima,21.329636944444445,-97.83329222222221,11991,0.0,8.756567425569177,6.66,18.627982646420826,11.062906724511931,50.909822056901575,9.065132182470187,1.0007505629221916,3.335835209740639,0.0,0.8339588024351597,0,0,0,0,0
30155,Veracruz de Ignacio de la Llave,Tantoyuca,Tantoyuca,21.351814166666667,-98.22991944444445,99959,33.23962824758151,9.571924489040507,7.94,16.68192638710859,15.11078557040835,64.55592105263158,19.077821906981864,9.974089376644423,28.41164877599816,1.408450704225352,0.7002871177182645,1,1,1,0,0
30156,Veracruz de Ignacio de la Llave,Tatatila,Tatatila,19.693456944444446,-97.11214194444445,6041,0.0,13.143519284886608,6.23,13.383152173913043,31.657608695652176,49.52935903182429,5.859956960768085,0.9932130441979805,3.3107101473266014,0.0,0.0,0,0,0,0,0
30157,Veracruz de Ignacio de la Llave,Castillo de Teayo,Castillo de Teayo,20.749733055555556,-97.63274944444444,20145,0.0,9.60536113179449,7.7,30.730926551662815,20.700693579939536,54.311039484286866,10.181186398610077,5.609332340531149,17.870439314966493,0.0,0.0,0,0,0,0,0
30158,Veracruz de Ignacio de la Llave,Tecolutla,Tecolutla,20.477392499999997,-97.00845083333333,24551,0.0,9.873324915482058,7.61,22.03725723345224,22.12973972783723,61.23976841684967,10.846808683963994,40.56861227648568,106.71663068714105,1.5267175572519085,77.38992301739236,0,0,0,0,0
30159,Veracruz de Ignacio de la Llave,Tehuipango,Tehuipango,18.51776,-97.05612722222222,29686,0.0,14.4815738058344,5.04,3.267170209028632,23.818724749692606,38.66099995224679,4.342114127871724,2.290642053493229,7.074041635787913,0.0,0.33685912551371017,0,0,0,0,0
30160,Veracruz de Ignacio de la Llave,Álamo Temapache,Álamo,20.9171425,-97.6755313888889,107270,24.457909946863055,9.916099561853267,8.17,31.47586850081604,22.079738866868734,57.89418653283145,15.639041670550947,14.393586277617228,45.492682017339426,0.0,1.4915633448308008,0,0,0,0,0
30161,Veracruz de Ignacio de la Llave,Tempoal,Tempoal de Sánchez,21.522280555555554,-98.38812527777779,34408,0.0,8.867123924668682,7.13,25.338241146040588,14.046955829685634,58.08093662509545,13.682864450127877,10.331899558242268,29.35363868867705,0.9900990099009901,1.7437805161590327,0,0,0,0,0
30162,Veracruz de Ignacio de la Llave,Tenampa,Tenampa,19.248555,-96.88485361111111,6448,0.0,12.267369727047146,6.08,30.399061032863848,20.011737089201876,57.877312560856865,4.962779156327543,1.8610421836228288,6.20347394540943,0.0,0.0,0,0,0,0,0
30163,Veracruz de Ignacio de la Llave,Tenochtitlán,Tenochtitlán,19.810133055555557,-96.91636583333334,5040,0.0,11.369047619047619,6.56,15.408320493066256,13.86748844375963,48.2571649883811,4.226190476190476,6.5476190476190474,21.825396825396826,0.0,0.0,0,0,0,0,0
30164,Veracruz de Ignacio de la Llave,Teocelo,Teocelo,19.386250555555556,-96.97217694444444,16957,0.0,10.750722415521613,8.37,23.755102040816325,35.10204081632653,64.3709759097157,22.34475437872265,24.709559473963555,78.43368520375067,0.0,4.128088694934245,1,0,0,0,0
30165,Veracruz de Ignacio de la Llave,Tepatlaxco,San José Tenejapa,19.014560833333334,-96.84149638888888,8925,0.0,12.448179271708684,6.58,16.350611040876526,30.17277707543194,66.54157043879907,7.294117647058823,6.610644257703081,20.168067226890756,0.0,0.0,0,0,0,0,0
30166,Veracruz de Ignacio de la Llave,Tepetlán,Alto Tío Diego,19.62376972222222,-96.75744666666667,9405,0.0,11.206804891015418,5.93,17.48301751877011,18.87736860922417,51.15945805106826,14.077618288144604,2.8708133971291865,9.569377990430622,0.0,0.0,0,0,0,0,0
30167,Veracruz de Ignacio de la Llave,Tepetzintla,Tepetzintla,21.166113333333332,-97.8510575,14619,0.0,9.48081264108352,7.76,19.80550284629981,7.352941176470588,55.77523413111342,11.266160476092756,14.159655243176688,47.19885081058896,0.0,0.6840413160954921,0,0,0,0,0
30168,Veracruz de Ignacio de la Llave,Tequila,Tequila,18.729805277777775,-97.06942472222222,16343,0.0,13.82855044973383,6.33,6.237816764132553,7.188109161793372,49.00598028123485,7.599583919720981,9.055864896285872,28.14660711007771,0.0,0.0,0,0,0,0,0
30169,Veracruz de Ignacio de la Llave,José Azueta,Villa Azueta,18.075635,-95.707965,22709,0.0,9.432383636443701,6.79,24.938373048479868,13.913996165434128,60.14636293606251,18.543308820291514,12.770267294905103,39.63186401867101,0.0,1.3210621339557005,0,0,0,0,0
30170,Veracruz de Ignacio de la Llave,Texcatepec,Ayotuxtla,20.649121666666666,-98.30222583333332,10824,0.0,10.347376201034738,5.04,5.270555165144062,5.551651440618412,30.408395498798836,2.2819660014781964,1.3858093126385809,4.619364375461936,0.0,0.9238728750923872,0,0,0,0,0
30171,Veracruz de Ignacio de la Llave,Texhuacán,Texhuacán,18.620638055555556,-97.03873333333333,5575,0.0,12.286995515695068,6.71,8.350586611456176,4.623878536922015,50.32972209138012,7.874439461883408,8.968609865470851,26.905829596412556,0.0,0.0,0,0,0,0,0
30172,Veracruz de Ignacio de la Llave,Texistepec,Texistepec,17.89420722222222,-94.81520888888889,19925,0.0,9.365119196988708,7.16,10.949158424431719,14.662502169009196,58.643187432697786,15.29736511919699,7.979924717691342,26.599749058971142,0.0,0.5018820577164367,0,0,0,0,0
30173,Veracruz de Ignacio de la Llave,Tezonapa,Tezonapa,18.606806944444447,-96.68753361111112,54537,0.0,10.587307699360068,6.8,14.96497145822522,15.133627400103789,62.44851850980208,20.44116838109907,11.900177860901772,38.13924491629536,0.0,1.1001705264315969,0,0,0,0,0
30174,Veracruz de Ignacio de la Llave,Tierra Blanca,Tierra Blanca,18.44744888888889,-96.36031472222221,95602,49.19876153218552,10.243509550009414,8.36,33.47615801603531,37.65702600058428,60.066283238335956,38.95525198217611,29.65419133490931,87.34126901110855,0.718562874251497,2.4058074098868225,0,0,0,0,0
30175,Veracruz de Ignacio de la Llave,Tihuatlán,Tihuatlán,20.716672222222222,-97.537945,92726,16.505618704570455,10.704656730582577,8.47,26.595176308960465,29.201648603266676,60.59583428949393,23.613657442357052,11.334469296637405,33.647520652244246,1.2820512820512822,0.8627569398011345,0,0,0,0,0
30176,Veracruz de Ignacio de la Llave,Tlacojalpan,Tlacojalpan,18.230885555555552,-95.94762750000001,4489,0.0,8.866117175317443,7.24,19.02173913043478,26.019021739130434,56.99582753824757,35.6872354644687,38.53865003341502,124.7493873914012,0.0,2.2276676319893074,0,0,0,0,0
30177,Veracruz de Ignacio de la Llave,Tlacolulan,Tlacolulan,19.66485861111111,-97.00137083333334,11685,0.0,13.264869490800171,7.0,19.00035448422545,17.653314427507976,57.82344698738907,9.619169875909286,3.851091142490372,12.836970474967908,0.0,0.0,0,0,0,0,0
30178,Veracruz de Ignacio de la Llave,Tlacotalpan,Tlacotalpan,18.61327166666667,-95.65631111111112,12898,0.0,9.768956427353078,7.86,16.2748643761302,31.984629294755877,59.99087174806024,31.880911769266554,25.430299271204838,70.55357419755,0.0,8.528454023879672,0,0,0,0,0
30179,Veracruz de Ignacio de la Llave,Tlacotepec de Mejía,Tlacotepec de Mejía,19.192134166666666,-96.8365075,4284,0.0,11.507936507936508,7.23,38.25944170771757,12.561576354679802,56.55519384433264,11.531279178338002,13.305322128851541,44.35107376283847,0.0,2.3342670401493932,0,0,0,0,0
30180,Veracruz de Ignacio de la Llave,Tlachichilco,Tlachichilco,20.621568611111112,-98.19904861111111,10900,0.0,9.192660550458715,5.8,8.289473684210526,19.57236842105263,36.960093896713616,8.357798165137615,5.779816513761468,19.26605504587156,0.0,1.834862385321101,0,0,0,0,0
30181,Veracruz de Ignacio de la Llave,Tlalixcoyan,Piedras Negras,18.7696425,-96.17254722222222,37795,0.0,9.734091811086122,7.34,27.667889615568672,29.231137342478863,60.874907045167966,15.290382325704458,16.45720333377431,47.36076200555629,1.1173184357541899,3.1750231512104774,0,0,0,0,0
30182,Veracruz de Ignacio de la Llave,Tlalnelhuayocan,Guadalupe Victoria,19.554158611111113,-96.96115222222222,19664,0.0,12.947518307567128,8.42,23.518815052041635,42.834267413931144,63.78806571001883,25.676362896663953,7.119609438567942,22.884458909682667,0.0,0.5085435313262815,0,0,0,0,0
30183,Veracruz de Ignacio de la Llave,Tlapacoyan,Tlapacoyan,19.96265222222222,-97.21252972222223,61377,58.479560747511286,11.74218355410007,7.79,25.655526992287918,34.84147386461011,60.836103928087674,13.801586913664728,27.420695048633853,87.3291298043241,0.0,3.095622138586115,0,0,0,0,0
30184,Veracruz de Ignacio de la Llave,Tlaquilpa,Tlaquilpa,18.612270555555558,-97.11888083333332,7933,0.0,12.517332661036178,5.67,12.124406958355298,5.482340537691091,38.78828905060078,1.2227404512794655,6.050674398083953,20.168914660279842,0.0,0.0,0,0,0,0,0
30185,Veracruz de Ignacio de la Llave,Tlilapan,Tlilapan,18.805745555555557,-97.09905833333333,5548,0.0,12.959625090122566,7.96,14.926470588235293,25.147058823529413,53.90753344285379,21.647440519105984,18.655371304974764,48.66618601297765,3.7037037037037037,0.0,0,0,0,0,0
30186,Veracruz de Ignacio de la Llave,Tomatlán,Tomatlán,19.031539444444444,-97.01026055555556,7197,0.0,10.726691677087675,8.34,26.92491630798661,39.59827833572454,59.831121833534375,24.343476448520217,25.70515492566347,83.36807002917882,0.0,0.0,0,0,0,0,0
30187,Veracruz de Ignacio de la Llave,Tonayán,Tonayán,19.68289027777778,-96.92150694444445,6105,0.0,13.038493038493039,6.46,13.639626704953338,13.424264178033022,46.895170264856446,2.293202293202293,5.405405405405405,18.01801801801802,0.0,0.0,0,0,0,0,0
30188,Veracruz de Ignacio de la Llave,Totutla,Totutla,19.21128583333333,-96.96129472222222,17217,0.0,12.272753673694604,6.68,31.811263318112633,25.94042183083279,60.854762767113364,10.971714003601091,9.23505837253877,24.9753150955451,0.0,0.0,0,0,0,0,0
30189,Veracruz de Ignacio de la Llave,Tuxpan,Túxpam de Rodríguez Cano,20.964296666666666,-97.40392722222222,154600,71.11060802069858,10.458602846054333,9.87,33.82210659843908,50.06127582722367,59.19622832232997,43.496765847347994,21.452134540750322,49.02975420439845,4.617414248021108,4.07503234152652,4,3,3,0,0
30190,Veracruz de Ignacio de la Llave,Tuxtilla,Tuxtilla,18.238959722222223,-95.89474611111112,2258,0.0,7.218777679362267,7.53,16.74757281553398,21.359223300970875,36.75443310048361,60.318866253321524,33.21523472099203,110.71744906997343,0.0,0.0,0,0,0,0,0
30191,Veracruz de Ignacio de la Llave,Ursulo Galván,Zempoala,19.44257138888889,-96.40876222222222,30097,0.0,9.831544672226467,9.07,37.32351754739815,53.40863251311013,56.770358628888445,64.4449612918231,37.44559258397847,105.99063029537828,0.6269592476489029,14.619397282121142,0,0,0,0,0
30192,Veracruz de Ignacio de la Llave,Vega de Alatorre,Vega de Alatorre,20.02746583333333,-96.649765,20204,0.0,10.384082359928726,7.9,27.98900595510765,30.936020766529243,58.433734939759034,17.99148683429024,27.346070085131657,76.7174816867947,0.6451612903225806,5.444466442288656,0,0,0,0,0
30193,Veracruz de Ignacio de la Llave,Veracruz,Veracruz,19.190323333333332,-96.15302750000001,607209,81.6111091897518,10.963111548083114,10.6,36.55842677724884,62.94078641343613,62.44350869795235,57.81287826761461,34.19004000270088,84.08966270262792,3.427340383862123,3.030258115410015,26,37,8,4,1
30194,Veracruz de Ignacio de la Llave,Villa Aldama,Villa Aldama,19.64888638888889,-97.223025,12492,0.0,12.479987191802755,7.09,23.289070480081715,25.4341164453524,55.08791208791209,11.311239193083573,13.208453410182516,44.02817803394172,0.0,0.8005123278898495,0,0,0,0,0
30195,Veracruz de Ignacio de la Llave,Xoxocotla,Xoxocotla,18.647805277777778,-97.15189777777779,5900,0.0,13.033898305084746,6.25,10.666666666666666,2.066666666666667,39.55646073772347,0.7627118644067796,6.610169491525424,22.033898305084747,0.0,0.0,0,0,0,0,0
30196,Veracruz de Ignacio de la Llave,Yanga,Yanga,18.83383611111111,-96.79849805555556,17902,0.0,10.3061110490448,8.03,36.52629676486535,46.2136273269474,57.26302831350021,38.82806390347447,15.305552452239974,49.15651882471232,0.0,0.5585968048262764,0,0,0,0,0
30197,Veracruz de Ignacio de la Llave,Yecuatla,Yecuatla,19.86618638888889,-96.77622666666666,11205,0.0,9.808121374386435,6.65,15.709969788519638,19.96978851963746,56.42201834862385,7.916108879964302,7.228915662650603,24.096385542168676,0.0,1.78491744756805,0,0,0,0,0
30198,Veracruz de Ignacio de la Llave,Zacualpan,Zacualpan,20.433706666666666,-98.34869694444444,6788,0.0,9.295816146140247,5.93,23.535302954431646,6.209313970956434,52.56580193145238,4.5079552150854445,2.6517383618149677,8.839127872716558,0.0,1.473187978786093,0,0,0,0,0
30199,Veracruz de Ignacio de la Llave,Zaragoza,Zaragoza,17.955747499999998,-94.64241361111112,11899,0.0,13.219598285570216,7.65,7.012002526847757,21.036007580543274,54.74908464354943,16.58962938062022,25.884528111606016,76.4770148751996,0.0,0.0,0,0,0,0,0
30200,Veracruz de Ignacio de la Llave,Zentla,Ejido la Piña (Maromilla),19.029013055555556,-96.78330972222223,12581,0.0,11.286861139814006,7.03,41.59495123350545,25.358577165806082,55.464296067252874,11.684285827835625,3.0999125665686353,10.333041888562118,0.0,0.0,0,0,0,0,0
30201,Veracruz de Ignacio de la Llave,Zongolica,Zongolica,18.666890833333333,-96.99836444444445,45028,0.0,11.710491249888959,6.75,8.403498732935502,15.425488432927327,66.51502145922747,13.660389091232123,9.29421693168695,27.094252465132808,0.819672131147541,0.6662521097983477,1,0,0,0,0
30202,Veracruz de Ignacio de la Llave,Zontecomatlán de López y Fuentes,Tetzacual,20.773587777777777,-98.26760055555556,14644,0.0,9.27342256214149,5.59,3.3636823469903896,4.754678806272129,33.49655422560755,15.781207320404262,4.3021032504780115,14.340344168260039,0.0,0.6828735318219066,0,0,0,0,0
30203,Veracruz de Ignacio de la Llave,Zozocolco de Hidalgo,Zozocolco de Hidalgo,20.140845277777778,-97.57551333333333,14524,0.0,10.31396309556596,6.42,5.93619972260749,19.86130374479889,42.76415514935354,5.508124483613329,6.816304048471496,22.721013494904984,0.0,1.3770311209033324,0,0,0,0,0
30204,Veracruz de Ignacio de la Llave,Agua Dulce,Agua Dulce,18.138272222222223,-94.1472388888889,44104,77.05877017957555,9.792762561218938,9.39,35.448848732148065,43.80647041678811,54.42525708900408,20.23852711772175,20.156901868311266,59.63177943043715,0.7604562737642585,2.040631235262108,0,0,0,0,0
30205,Veracruz de Ignacio de la Llave,El Higo,El Higo,21.768734166666665,-98.45372416666667,19402,0.0,9.51448304298526,8.66,40.34711039541958,21.774915011629986,51.3900535380249,55.643748067209565,14.586125141737964,46.902381197814655,0.0,1.0308215647871353,0,0,0,0,0
30206,Veracruz de Ignacio de la Llave,Nanchital de Lázaro Cárdenas del Río,Nanchital de Lázaro Cárdenas del Río,18.072141388888888,-94.41117583333335,29209,96.1210585778356,10.051696394946763,10.17,48.88072168392917,57.54538367301481,52.52229246033407,20.339621349584032,22.715601355746518,64.02136327844157,1.6042780748663101,2.0541613886130987,0,0,0,0,0
30207,Veracruz de Ignacio de la Llave,Tres Valles,Tres Valles,18.240921944444445,-96.13479694444445,44978,37.258215127395616,10.047134154475522,7.88,30.453197797543414,29.401383594522095,58.87105700055341,41.06229712303793,35.81751078304949,107.1635021566099,0.8298755186721992,1.5563164213615546,1,0,0,0,0
30208,Veracruz de Ignacio de la Llave,Carlos A. Carrillo,Carlos A. Carrillo,18.371734444444446,-95.74475972222223,23376,76.65554414784394,9.17180013689254,8.04,23.805264502938922,45.01661129568107,50.74223333163291,66.80783709787816,23.015058179329227,73.15195071868582,0.0,0.8555783709787816,0,0,0,0,0
30209,Veracruz de Ignacio de la Llave,Tatahuicapan de Juárez,Tatahuicapan,18.246447222222223,-94.76023916666666,15044,0.0,11.49295400159532,6.37,7.809260539046303,7.92444137295554,57.32555145481074,6.986173889922893,17.216165913320925,51.84791278915182,0.0,1.329433661260303,0,0,0,0,0
30210,Veracruz de Ignacio de la Llave,Uxpanapa,Poblado 10,17.27602361111111,-94.45133277777778,30891,0.0,10.621216535560519,6.73,22.235112142304718,17.85253931425625,57.03948819766159,4.1500760739373925,5.308989673367647,17.15710077368813,0.0,1.2948755300896702,0,0,0,0,0
30211,Veracruz de Ignacio de la Llave,San Rafael,San Rafael,20.18802527777778,-96.87095416666666,30351,0.0,10.75417613917169,8.3,29.658037711728987,33.83402578033451,61.27642600717989,23.23152449672169,17.725939837237654,54.69342031564034,0.0,1.9768706138183256,0,0,0,0,0
30212,Veracruz de Ignacio de la Llave,Santiago Sochiapan,Xochiapa,17.663731944444443,-95.73460194444445,13062,0.0,9.577400091869546,5.65,19.166666666666668,4.166666666666667,58.54791477330102,1.423977951309141,4.363803399173174,14.546011330577247,0.0,0.0,0,0,0,0,0
31001,Yucatán,Abalá,Uayalceh,20.69555861111111,-89.59412499999999,6550,0.0,11.740458015267176,6.77,12.019758507135016,18.93523600439078,53.60687022900763,38.213740458015266,25.34351145038168,71.7557251908397,0.0,1.5267175572519085,0,0,0,0,0
31002,Yucatán,Acanceh,Acanceh,20.81242166666667,-89.45354666666667,16772,0.0,11.972334843787264,8.33,18.595914533928152,32.096736323080535,62.31449667373346,61.26281898402099,16.84354877176246,44.71738611972335,1.3333333333333333,0.5962318149296446,0,0,0,0,0
31003,Yucatán,Akil,Akil,20.267052777777778,-89.34682555555555,12285,0.0,12.820512820512821,7.39,26.823314006713456,29.32560268538297,66.58081133290406,14.52991452991453,51.48555148555148,150.59015059015059,0.5405405405405406,0.0,0,0,0,0,0
31004,Yucatán,Baca,Baca,21.109548333333336,-89.39938222222223,6195,0.0,10.33091202582728,8.74,25.185608223872073,33.00970873786408,58.87487875848691,66.95722356739306,35.27037933817595,92.00968523002422,1.7543859649122806,0.0,0,0,0,0,0
31005,Yucatán,Bokobá,Bokobá,21.00693972222222,-89.179525,2167,0.0,11.029072450392247,7.55,16.08832807570978,31.70347003154574,54.2382271468144,37.471158283341026,37.84033225657591,110.75219197046609,0.0,0.0,0,0,0,0,0
31006,Yucatán,Buctzotz,Buctzotz,21.201896666666666,-88.79446222222222,9159,0.0,11.748007424391309,7.23,20.20841086713807,26.386304428730927,58.21757667446018,11.213014521235943,39.74232994868436,106.99858063107327,0.0,1.0918222513374822,0,0,0,0,0
31007,Yucatán,Cacalchén,Cacalchén,20.98309861111111,-89.22818000000001,7490,0.0,11.268357810413885,7.87,21.64797659678206,25.012189176011702,55.62530976375351,55.52736982643525,38.98531375166889,118.82510013351134,0.0,1.335113484646195,0,0,0,0,0
31008,Yucatán,Calotmul,Calotmul,21.019289444444443,-88.1770463888889,3949,0.0,10.07850088630033,6.82,11.495246326707,29.29991356957649,49.268912905276544,13.01595340592555,20.3849075715371,53.178019751835905,4.761904761904762,0.0,0,0,0,0,0
31009,Yucatán,Cansahcab,Cansahcab,21.158102777777778,-89.10234138888889,4466,0.0,10.725481415136587,8.27,19.08745247148289,29.96197718631179,52.56064690026954,52.5974025974026,36.72189879086431,107.47872816838334,0.0,0.0,0,0,0,0,0
31010,Yucatán,Cantamayec,Cantamayec,20.470555555555553,-89.08094416666667,2755,0.0,12.740471869328493,6.44,12.734584450402144,8.579088471849866,50.44776119402985,5.335753176043557,22.867513611615244,76.22504537205081,0.0,0.0,0,0,0,0,0
31011,Yucatán,Celestún,Celestún,20.86009166666667,-90.39946361111112,8389,0.0,12.27798307307188,7.07,14.09877585479105,27.01561840439004,46.43077873918418,3.695315293837168,67.52890690189534,146.62057456192633,4.065040650406504,17.88055787340565,1,0,0,0,0
31012,Yucatán,Cenotillo,Cenotillo,20.965771666666665,-88.60441999999999,3736,0.0,8.190578158458244,7.03,14.73063973063973,28.282828282828284,47.07868963188112,7.789079229122056,32.65524625267666,104.38972162740899,0.0,0.0,0,0,0,0,0
31013,Yucatán,Conkal,Conkal,21.07389388888889,-89.52128388888889,16671,0.0,10.377301901505609,11.24,55.62236921226699,59.270394868711165,62.75327335235169,57.830963949373164,25.94325475376402,68.98206466318757,2.608695652173913,1.7995321216483715,2,1,1,0,0
31014,Yucatán,Cuncunul,Cuncunul,20.641163055555555,-88.29663138888888,1714,0.0,13.302217036172696,7.9,13.832199546485262,39.45578231292517,47.47774480712166,11.843640606767794,36.46441073512252,87.51458576429405,6.666666666666667,0.0,0,0,0,0,0
31015,Yucatán,Cuzamá,Cuzamá,20.741484166666666,-89.31696111111111,5560,0.0,12.517985611510792,7.27,10.310641110376736,30.53536021150033,60.46878521523552,38.992805755395686,14.028776978417266,37.76978417266187,0.0,0.0,0,0,0,0,0
31016,Yucatán,Chacsinkín,Chacsinkín,20.172600833333334,-89.01640888888889,3104,0.0,13.047680412371134,6.65,9.517241379310345,21.93103448275862,40.11012282930962,3.060567010309278,11.597938144329897,38.65979381443299,0.0,0.0,0,0,0,0,0
31017,Yucatán,Chankom,Ticimul,20.596968055555553,-88.55258583333332,4686,0.0,12.313273580879216,6.77,12.36863379143088,6.548100242522231,50.937672366243795,5.612462654716176,3.8412291933418694,12.804097311139564,0.0,0.0,0,0,0,0,0
31018,Yucatán,Chapab,Chapab,20.458750555555554,-89.45655222222223,3385,0.0,12.259970457902511,7.86,16.16580310880829,29.22279792746114,48.37278106508876,28.183161004431316,25.406203840472674,79.76366322008863,0.0,0.0,0,0,0,0,0
31019,Yucatán,Chemax,Chemax,20.65501638888889,-87.93732805555555,38934,44.95299738018185,14.450095032619304,6.51,11.811023622047244,26.46609472323422,59.38296164450494,7.068372116915806,15.02542764678687,46.23208506703652,0.0,0.2568449170390918,0,0,0,0,0
31020,Yucatán,Chicxulub Pueblo,Chicxulub Pueblo,21.137289444444445,-89.51507611111111,4497,0.0,11.541027351567712,9.2,28.963414634146343,38.109756097560975,53.66922234392114,51.05625972870803,41.36090727151434,126.75116744496331,0.0,0.0,0,0,0,0,0
31021,Yucatán,Chichimilá,Chichimilá,20.63127,-88.21739666666667,9406,0.0,13.799702317669572,7.65,13.59883438562409,33.02574065080136,54.190668202764975,12.672762066765895,17.595152030618753,48.904954284499254,2.1739130434782608,0.0,0,0,0,0,0
31022,Yucatán,Chikindzonot,Chikindzonot,20.333655277777776,-88.48648555555556,4363,0.0,11.918404767361906,6.82,11.735700197238659,0.9861932938856016,52.06761243585874,4.584001833600733,13.7520055008022,45.84001833600733,0.0,0.0,0,0,0,0,0
31023,Yucatán,Chocholá,Chocholá,20.75023138888889,-89.8306986111111,4863,0.0,10.939749126053876,8.66,22.52747252747253,19.574175824175825,60.28708133971292,60.74439646308863,53.876208101994656,121.32428542052232,3.389830508474576,4.112687641373638,0,0,0,0,0
31024,Yucatán,Chumayel,Chumayel,20.429534722222222,-89.30251916666667,3244,0.0,12.392108508014797,6.56,16.778523489932887,21.364653243847876,54.503641241855114,7.151664611590629,15.721331689272503,52.40443896424168,0.0,0.0,0,0,0,0,0
31025,Yucatán,Dzán,Dzan,20.387764166666667,-89.46887055555555,6003,0.0,11.244377811094452,7.94,32.33695652173913,31.182065217391305,54.90066225165563,8.662335498917209,38.14759287023155,113.27669498584041,0.0,0.0,0,0,0,0,0
31026,Yucatán,Dzemul,Dzemul,21.211503055555553,-89.30881388888889,3622,0.0,10.629486471562673,8.33,23.006416131989003,34.73877176901925,50.62706270627063,62.092766427388185,54.66593042517946,154.61071231363889,0.0,0.0,0,0,0,0,0
31027,Yucatán,Dzidzantún,Dzidzantún,21.246678333333335,-89.042975,8345,0.0,10.940683043738765,9.41,27.866880513231756,35.72574178027266,54.63976945244957,48.65188735769922,50.86878370281606,148.59197124026363,0.8064516129032258,4.793289394847214,0,0,0,0,0
31028,Yucatán,Dzilam de Bravo,Dzilam de Bravo,21.393229166666668,-88.89187972222223,2936,0.0,12.397820163487738,8.57,26.417233560090704,42.97052154195011,46.425495262704565,14.645776566757494,79.70027247956403,231.60762942779292,0.0,10.217983651226158,0,0,0,0,0
31029,Yucatán,Dzilam González,Dzilam González,21.280124999999998,-88.92974055555555,6240,0.0,10.929487179487179,7.9,17.585848074921955,28.980228928199793,52.30231202642316,27.259615384615383,44.55128205128205,137.82051282051282,0.0,0.0,0,0,0,0,0
31030,Yucatán,Dzitás,Dzitás,20.839865555555555,-88.52782222222223,4015,0.0,11.45703611457036,6.74,13.438368860055608,32.90083410565338,55.6687898089172,10.261519302615193,29.638854296388544,94.6450809464508,0.0,0.0,0,0,0,0,0
31031,Yucatán,Dzoncauich,Dzoncauich,21.12916388888889,-88.89093111111112,2818,0.0,10.361958836053939,6.89,9.343434343434344,11.237373737373737,41.836292767431786,28.566359119943222,17.7430801987225,53.22924059616749,0.0,0.0,0,0,0,0,0
31032,Yucatán,Espita,Espita,21.0110525,-88.3068225,16779,0.0,13.576494427558258,7.03,11.635591220202974,35.40240736370073,70.32386494142868,12.45604624828655,19.04165921687824,59.002324333988916,1.0101010101010102,0.5959830740806961,0,0,0,0,0
31033,Yucatán,Halachó,Halachó,20.47774583333333,-90.08222888888889,21255,0.0,11.484356621971301,7.63,12.417620534165799,18.487686437738468,61.72949794532786,37.821689014349566,24.253116913667373,66.33733239237826,2.127659574468085,1.8819101387908728,0,0,0,0,0
31034,Yucatán,Hocabá,Hocabá,20.81624,-89.24509916666666,6514,0.0,11.728584587043292,7.26,11.03202846975089,22.65717674970344,59.11827539328025,46.19281547436291,23.641387780165797,73.6874424316856,0.0,0.0,0,0,0,0,0
31035,Yucatán,Hoctún,Hoctún,20.865212222222222,-89.20206583333334,6384,0.0,12.218045112781954,6.94,14.55834242093784,15.430752453653216,54.92008472944348,41.290726817042604,30.075187969924812,84.58646616541354,0.0,0.0,0,0,0,0,0
31036,Yucatán,Homún,Homún,20.73951527777778,-89.28575444444444,8090,0.0,12.707045735475896,7.38,12.965455361148496,22.162404665769404,58.16862260654725,43.25092707045736,33.683559950556244,92.7070457354759,1.3333333333333333,4.944375772558715,0,0,0,0,0
31037,Yucatán,Huhí,Huhí,20.724990555555554,-89.1621988888889,5250,0.0,11.504761904761905,6.95,14.575411913814955,21.79974651457541,61.84615384615385,24.666666666666668,40.19047619047619,118.0952380952381,0.0,0.0,0,0,0,0,0
31038,Yucatán,Hunucmá,Hunucmá,21.016154166666666,-89.87705166666666,35137,80.86063124341862,11.813757577482425,8.18,19.00234873056705,26.361704507325804,64.91747625410812,45.971483052053394,33.63975296695791,75.13447363178416,4.545454545454546,2.56140251017446,1,0,0,0,0
31039,Yucatán,Ixil,Ixil,21.153000277777775,-89.48121111111111,4186,0.0,12.780697563306259,8.41,27.053571428571427,48.214285714285715,59.58503798947984,46.36884854276158,57.09507883420927,150.50167224080266,0.0,0.0,0,0,0,0,0
31040,Yucatán,Izamal,Izamal,20.932997500000003,-89.01971472222222,28555,62.47942566976011,11.37804237436526,8.05,20.29113924050633,26.443037974683545,61.08814215341309,48.02311329014183,43.1623183330415,119.06846436701103,1.4705882352941178,6.653825949921205,1,0,0,0,0
31041,Yucatán,Kanasín,Kanasín,20.934639722222222,-89.55805944444444,141939,98.4599017887966,12.040383545043998,9.13,29.99025560302826,46.24341003922744,66.1857691512039,54.970092786337794,23.71441252932598,67.77559374097324,0.8316008316008316,1.3386032027842947,0,3,3,0,0
31042,Yucatán,Kantunil,Kantunil,20.79644,-89.03651916666666,5553,0.0,11.16513596254277,7.03,13.260730301089046,19.154388212684175,58.921933085501855,19.70106248874482,9.724473257698541,32.414910858995135,0.0,0.0,0,0,0,0,0
31043,Yucatán,Kaua,Kaua,20.620085555555555,-88.41461666666667,3405,0.0,13.186490455212923,7.28,17.27810650887574,5.562130177514793,46.01393188854489,6.901615271659325,48.604992657856094,120.41116005873715,2.4390243902439024,2.9368575624082234,0,0,0,0,0
31044,Yucatán,Kinchil,Kinchil,20.916461944444443,-89.94758277777778,7530,0.0,12.722443559096945,7.45,13.973147687717553,20.73595226255594,60.46906866077498,54.02390438247012,27.49003984063745,78.35325365205843,0.0,0.0,0,0,0,0,0
31045,Yucatán,Kopomá,Kopomá,20.64897,-89.89952583333334,2677,0.0,10.310048561822937,8.13,12.436548223350254,39.84771573604061,53.27570518653321,56.219648860664925,22.413149047441166,74.71049682480388,0.0,0.0,0,0,0,0,0
31046,Yucatán,Mama,Mama,20.477398055555554,-89.36557944444444,3296,0.0,11.893203883495145,6.81,21.478060046189377,25.635103926097,53.627145085803434,18.203883495145632,51.72936893203884,139.5631067961165,2.1739130434782608,0.0,0,0,0,0,0
31047,Yucatán,Maní,Maní,20.38770138888889,-89.39297083333334,5968,0.0,11.528150134048257,7.22,24.95176848874598,27.20257234726688,60.1364314645065,9.450402144772118,52.111260053619304,112.26541554959786,5.970149253731344,1.675603217158177,0,0,0,0,0
31048,Yucatán,Maxcanú,Maxcanú,20.585059444444443,-90.00064027777778,23991,0.0,12.625567921303823,7.84,11.487341772151899,18.575949367088608,58.60920258171976,47.08849151765245,23.446292359634864,68.7757909215956,0.6060606060606061,0.4168229752823976,1,0,0,0,0
31049,Yucatán,Mayapán,Mayapán,20.468744166666664,-89.21517111111112,3965,0.0,13.921815889029004,6.13,12.592592592592593,9.206349206349206,57.262569832402235,6.708701134930643,16.897856242118536,47.91929382093316,0.0,0.0,0,0,0,0,0
31050,Yucatán,Mérida,Mérida,20.96753722222222,-89.62439166666665,995129,92.62829241234051,11.854744460265955,11.4,56.83135659335776,71.49083391763199,63.16205467328836,63.82087146490556,41.187624920990146,76.61318281348449,7.607555089192025,2.853901353492864,128,108,8,7,1
31051,Yucatán,Mocochá,Mocochá,21.105684444444446,-89.45205555555556,3430,0.0,11.166180758017493,8.32,29.382470119521912,38.147410358565736,51.19465917076599,57.28862973760933,25.072886297376094,64.1399416909621,0.0,0.0,0,0,0,0,0
31052,Yucatán,Motul,Motul de Carrillo Puerto,21.095550555555555,-89.28392472222222,37804,68.99005396254364,11.77653158395937,8.41,22.36478484011054,28.41492301618634,61.41952924111558,52.5526399322823,33.779494233414454,87.02782774309597,1.8237082066869301,1.3226113638768384,0,0,0,0,0
31053,Yucatán,Muna,Muna,20.483953333333336,-89.7133775,13494,0.0,12.257299540536534,8.21,20.29325513196481,30.087976539589445,60.13631758312609,35.53431154587224,33.681636282792354,91.89269304876241,0.8064516129032258,2.223210315695865,0,0,0,0,0
31054,Yucatán,Muxupip,Muxupip,21.04282305555556,-89.32989111111111,2990,0.0,11.17056856187291,7.97,17.66743648960739,34.8729792147806,52.490736928777274,54.78260869565217,36.78929765886288,100.33444816053512,0.0,6.688963210702341,0,0,0,0,0
31055,Yucatán,Opichén,Opichén,20.55065138888889,-89.85624444444444,7080,0.0,12.30225988700565,7.35,12.33019853709509,24.294670846394986,64.014272970562,28.163841807909606,24.081920903954803,64.97175141242938,2.1739130434782608,0.0,0,0,0,0,0
31056,Yucatán,Oxkutzcab,Oxkutzcab,20.3019325,-89.41875166666667,33854,77.31730371595675,12.459384415430968,7.37,28.68144690781797,42.90548424737456,63.83825767924749,17.820641578543157,36.34725586341348,91.86506764340994,2.2508038585209005,3.840018904708454,2,0,0,0,0
31057,Yucatán,Panabá,Panabá,21.296861111111113,-88.27118333333333,7766,0.0,10.867885655421066,7.41,18.73589164785553,54.94356659142212,57.202304737516,14.988411022405357,31.676538758691734,99.15014164305948,0.0,2.5753283543651815,0,0,0,0,0
31058,Yucatán,Peto,Peto,20.125918333333335,-88.92398527777779,25954,82.66933805964399,12.13685751714572,7.67,14.997656616153726,22.46523980628027,60.08390463521948,11.824766895276259,27.41388610618787,80.14178931956539,0.4807692307692308,4.2382677044000925,0,0,0,0,0
31059,Yucatán,Progreso,Progreso,21.282577222222223,-89.663595,66008,63.57562719670343,11.860683553508666,9.33,36.680538291087935,62.460141598659675,62.761927863713545,37.33032359713974,51.38013574112229,114.0770815658708,4.382470119521912,8.635316931281057,0,1,1,0,0
31060,Yucatán,Quintana Roo,Quintana Roo,20.8671875,-88.6317511111111,976,0.0,9.631147540983607,7.43,11.147540983606557,37.377049180327866,54.66321243523316,7.069672131147541,58.40163934426229,194.672131147541,0.0,0.0,0,0,0,0,0
31061,Yucatán,Río Lagartos,Río Lagartos,21.597750555555553,-88.1579775,3974,0.0,11.222949169602416,7.82,25.431425976385103,57.49318801089918,52.72784610532955,53.1202818319074,59.88928032209361,140.9159536990438,3.5714285714285716,27.679919476597885,0,0,0,0,0
31062,Yucatán,Sacalum,Sacalum,20.495829166666667,-89.59116527777778,4962,0.0,11.225312374042725,7.42,20.538965768390387,29.715950473415877,52.429930573412186,32.80935106811769,49.77831519548569,149.13341394598953,0.0,2.015316404675534,0,0,0,0,0
31063,Yucatán,Samahil,Samahil,20.8834175,-89.88881555555557,5631,0.0,12.41342567927544,7.99,18.169209431345354,26.421636615811373,56.3746358951378,64.44681228911384,19.978689397975494,44.39708755105665,4.0,0.0,0,0,0,0,0
31064,Yucatán,Sanahcat,Sanahcat,20.771262222222223,-89.21476055555556,1701,0.0,9.288653733098178,7.79,11.776859504132231,19.834710743801654,49.09365558912387,47.325102880658434,31.158142269253382,94.06231628453851,0.0,0.0,0,0,0,0,0
31065,Yucatán,San Felipe,San Felipe,21.567598888888888,-88.23206333333333,2118,0.0,11.425873465533522,8.15,31.329113924050635,65.03164556962025,49.419953596287705,48.1586402266289,60.906515580736546,179.41454202077432,0.0,14.164305949008499,0,0,0,0,0
31066,Yucatán,Santa Elena,Santa Elena,20.3288975,-89.64325944444445,4220,0.0,13.76777251184834,7.37,16.814946619217082,52.93594306049822,52.38674369109152,12.914691943127963,37.91469194312796,94.7867298578199,5.0,11.848341232227488,0,0,0,0,0
31067,Yucatán,Seyé,Seyé,20.836986666666665,-89.37225277777777,10053,0.0,12.115786332438079,7.48,12.750185322461082,21.423276501111935,60.21924482338611,35.0442653934149,25.564508107032726,78.58350741072317,0.0,0.0,0,0,0,0,0
31068,Yucatán,Sinanché,Sinanché,21.225595,-89.18578333333333,3206,0.0,10.82345601996257,7.98,21.248741188318228,21.852970795568982,48.41867469879518,31.97130380536494,26.200873362445414,87.33624454148472,0.0,0.0,0,0,0,0,0
31069,Yucatán,Sotuta,Sotuta,20.595017777777777,-89.00670555555556,8967,0.0,12.534850005576,6.84,12.01000834028357,13.96997497914929,58.245212917976566,11.408497825359651,44.10616705698673,123.78721980595517,0.9009009009009009,0.0,0,0,0,0,0
31070,Yucatán,Sucilá,Sucilá,21.156165555555553,-88.31393833333333,3971,0.0,11.68471417778897,8.3,23.364485981308412,35.938827527612574,55.24585029752584,23.444976076555022,38.02568622513221,93.17552253840343,5.405405405405405,0.0,0,0,0,0,0
31071,Yucatán,Sudzal,Sudzal,20.872095555555557,-88.98879194444444,1949,0.0,11.185223191380196,7.25,12.26252158894646,7.599309153713299,59.13102511880516,19.70241149307337,18.471010774756284,61.570035915854284,0.0,0.0,0,0,0,0,0
31072,Yucatán,Suma,Suma,21.086491388888888,-89.14827861111112,1857,0.0,10.070005385029617,8.21,19.055944055944057,20.454545454545453,53.264382676147385,63.27409800753904,25.848142164781905,86.16047388260635,0.0,0.0,0,0,0,0,0
31073,Yucatán,Tahdziú,Tahdziú,20.203820555555556,-88.94490361111112,5854,0.0,14.195421933720533,6.56,9.71025841816758,23.17932654659358,53.7821482602118,2.3231978134608813,14.861633071404167,49.53877690468056,0.0,0.0,0,0,0,0,0
31074,Yucatán,Tahmek,Tahmek,20.875535,-89.25579472222222,3774,0.0,11.181770005299416,7.94,15.702479338842975,25.252525252525253,51.326595072646874,52.888182299947005,47.69475357710652,132.48542660307365,0.0,0.0,0,0,0,0,0
31075,Yucatán,Teabo,Teabo,20.400411111111108,-89.28491916666667,6921,0.0,13.682993787024996,6.89,12.231503579952268,24.761336515513126,63.57427433124644,10.244184366421038,34.171362519867074,98.25169773154168,1.4705882352941178,0.0,0,0,0,0,0
31076,Yucatán,Tecoh,Tecoh,20.741726111111113,-89.47430222222222,17939,0.0,12.169017225040415,7.03,11.461864406779661,17.372881355932204,62.71527777777778,45.353698645409445,14.772283850827804,44.59557388929149,0.0,0.5574446736161436,0,0,0,0,0
31077,Yucatán,Tekal de Venegas,Tekal de Venegas,21.0140725,-88.94700527777778,2683,0.0,12.187849422288483,6.85,10.193548387096774,9.548387096774194,48.42154131847725,38.874394334699964,33.54453969437197,111.81513231457323,0.0,0.0,0,0,0,0,0
31078,Yucatán,Tekantó,Tekantó,21.011647222222223,-89.10608388888889,3747,0.0,11.235655190819323,7.56,16.266173752310536,23.65988909426987,49.28010471204188,55.59113957832933,49.37283159861222,160.1281024819856,0.0,0.0,0,0,0,0,0
31079,Yucatán,Tekax,Tekax de Álvaro Obregón,20.203464722222222,-89.28838805555556,45062,63.15964670897874,12.749101238293907,7.97,25.565669700910274,26.163849154746423,60.798858773181166,23.285695264302518,34.86307753761484,94.75833296347255,1.405152224824356,1.9972482357640584,0,0,0,0,0
31080,Yucatán,Tekit,Tekit,20.533493333333336,-89.33309472222221,11020,0.0,13.039927404718693,6.43,13.800500536288881,33.10690025026815,63.94175647787205,20.190562613430128,31.352087114337568,96.18874773139746,0.9433962264150944,0.9074410163339383,0,0,0,0,0
31081,Yucatán,Tekom,Tekom,20.602224722222225,-88.26443777777777,3355,0.0,12.518628912071534,7.22,11.860174781523096,20.72409488139825,46.04288499025341,9.746646795827123,21.609538002980624,44.70938897168406,6.666666666666667,0.0,0,0,0,0,0
31082,Yucatán,Telchac Pueblo,Telchac,21.20334888888889,-89.27126722222222,3512,0.0,9.510250569476081,8.88,27.564674397859054,33.80909901873327,52.734107997265895,46.83940774487471,56.37813211845103,187.92710706150342,0.0,0.0,0,0,0,0,0
31083,Yucatán,Telchac Puerto,Telchac Puerto,21.343003888888887,-89.264225,1915,0.0,12.010443864229766,8.03,31.514084507042252,32.04225352112676,58.97602073882048,17.54569190600522,171.27937336814622,370.75718015665797,2.816901408450704,20.887728459530027,0,0,0,0,0
31084,Yucatán,Temax,Temax,21.15184111111111,-88.93863416666667,7037,0.0,11.63848230780162,7.3,12.939297124600639,13.365282215122471,53.659839715048975,41.2249538155464,19.89484155179764,63.947704987920986,0.0,2.842120221685377,0,0,0,0,0
31085,Yucatán,Temozón,Temozón,20.80368027777778,-88.20115777777778,16680,0.0,13.321342925659472,7.01,15.070422535211268,45.539906103286384,64.42538063219723,10.683453237410072,25.50959232613909,66.54676258992805,2.7027027027027026,3.597122302158273,0,0,0,0,0
31086,Yucatán,Tepakán,Tepakán,21.049377222222223,-89.03944666666666,2133,0.0,10.642287857477731,6.94,10.997067448680351,7.771260997067449,44.84991171277222,43.459915611814345,26.722925457102672,89.07641819034224,0.0,0.0,0,0,0,0,0
31087,Yucatán,Tetiz,Tetiz,20.961911666666666,-89.93344888888889,5464,0.0,11.896046852122987,6.44,14.478114478114477,13.468013468013469,61.30177514792899,47.58418740849195,23.792093704245975,73.20644216691069,0.0,0.0,0,0,0,0,0
31088,Yucatán,Teya,Teya,21.048538333333337,-89.07370888888889,1917,0.0,10.119979134063641,7.25,11.052631578947368,10.350877192982455,41.07382550335571,46.84402712571727,68.59676577986437,198.226395409494,2.6315789473684212,0.0,0,0,0,0,0
31089,Yucatán,Ticul,Ticul,20.39834,-89.53444666666667,40495,86.88233115199408,11.887887393505371,8.95,26.30272952853598,39.99007444168735,61.99037416550225,27.366341523644895,47.63551055685887,135.32534880849488,0.7299270072992701,3.2102728731942216,0,0,0,0,0
31090,Yucatán,Timucuy,Timucuy,20.810508055555555,-89.513505,7503,0.0,12.688258030121284,6.7,10.005527915975676,34.60475400773908,58.87603305785124,38.158070105291216,12.12848194055711,35.98560575769692,0.0,0.0,0,0,0,0,0
31091,Yucatán,Tinum,Pisté,20.6985975,-88.58823555555556,12700,0.0,13.031496062992126,7.61,19.20816579028766,30.68357562635323,55.788090182994644,13.078740157480315,37.125984251968504,88.97637795275591,4.424778761061947,7.874015748031496,0,0,0,0,0
31092,Yucatán,Tixcacalcupul,Tixcacalcupul,20.537088611111113,-88.27026694444444,7888,0.0,13.29868154158215,7.07,7.640681466184822,10.170366546205472,60.61224489795919,6.516227180527383,16.35395537525355,54.5131845841785,0.0,0.0,0,0,0,0,0
31093,Yucatán,Tixkokob,Tixkokob,21.0024825,-89.3950513888889,18420,0.0,11.525515743756786,9.17,26.557632398753896,36.56542056074766,62.128469260547206,62.269272529858846,25.0271444082519,66.23235613463626,1.639344262295082,0.5428881650380022,2,0,0,0,0
31094,Yucatán,Tixmehuac,Tixmehuac,20.235720833333335,-89.10900111111111,5444,0.0,12.876561351947098,7.02,15.904292751583393,8.374384236453203,43.96718146718147,14.3460690668626,27.36958119030125,88.1704628949302,0.0,0.0,0,0,0,0,0
31095,Yucatán,Tixpéhual,Tixpéhual,20.978168333333333,-89.44190277777778,5690,0.0,10.790861159929701,8.92,25.764476252439817,28.62719583604424,59.15966386554622,68.78734622144113,13.884007029876978,40.421792618629176,0.0,0.0,0,0,0,0,0
31096,Yucatán,Tizimín,Tizimín,21.143523055555555,-88.15226611111112,80672,65.19362356207854,12.735521618405395,7.88,23.311557080415472,29.952530901912862,60.49414081107688,27.859728282427607,30.94630107100357,87.7627925426418,1.271186440677966,3.718762395874653,1,2,2,0,0
31097,Yucatán,Tunkás,Tunkás,20.902349722222223,-88.75227944444444,3684,0.0,9.77198697068404,7.16,13.985374771480805,26.873857404021937,53.697304768486525,9.96199782844734,43.43105320304017,135.72204125950054,0.0,0.0,0,0,0,0,0
31098,Yucatán,Tzucacab,Tzucacab,20.071931666666668,-89.05033027777777,15346,0.0,12.53095269125505,7.48,16.883116883116884,28.446553446553448,63.46678023850085,17.496416004170467,31.669490420956603,102.30679004300795,0.0,1.9549068161084322,1,0,0,0,0
31099,Yucatán,Uayma,Uayma,20.7177875,-88.3171386111111,4191,0.0,12.598425196850394,6.7,8.73015873015873,17.063492063492063,55.06715506715507,10.713433548079218,17.418277260796945,50.107372942018614,0.0,2.3860653781913626,0,0,0,0,0
31100,Yucatán,Ucú,Ucú,21.03173472222222,-89.74644027777778,4049,0.0,12.620400098789824,8.01,33.801580333625985,35.99648814749781,61.48215919487649,49.14793776241047,14.571499135589034,44.455421091627564,0.0,0.0,0,0,0,0,0
31101,Yucatán,Umán,Umán,20.881890000000002,-89.74828333333333,69147,81.57837650223438,12.395331684671786,9.11,25.628841485460462,49.73400134290584,65.80433164497214,65.92476897045425,23.42111732974677,61.31863999884305,1.650943396226415,0.28923886791907094,0,1,1,0,0
31102,Yucatán,Valladolid,Valladolid,20.689725555555555,-88.20098,85460,66.10578048209689,13.159372805991106,8.88,30.335296782963297,44.000906207521524,61.762382435796155,28.084483969108355,41.791481394804585,83.43084483969109,6.872370266479663,13.10554645448163,1,4,4,0,0
31103,Yucatán,Xocchel,Xocchel,20.833488888888887,-89.18371944444445,3451,0.0,11.532889017676036,7.32,13.11111111111111,37.77777777777778,49.08411214953271,33.2657200811359,17.386264850767894,57.954216169226314,0.0,0.0,0,0,0,0,0
31104,Yucatán,Yaxcabá,Yaxcabá,20.54912555555556,-88.82720611111111,16350,0.0,12.685015290519878,6.8,10.228898426323319,5.03099666189795,59.6742671009772,7.174311926605505,17.859327217125383,57.49235474006116,0.0,0.0,0,0,0,0,0
31105,Yucatán,Yaxkukul,Yaxkukul,21.06347888888889,-89.41923833333334,3293,0.0,12.51138779228667,9.22,32.37885462555066,48.23788546255506,54.77707006369427,47.91982994230185,32.79684178560583,94.13908290312784,0.0,0.0,0,0,0,0,0
31106,Yucatán,Yobaín,Yobaín,21.2334675,-89.11650027777777,2215,0.0,10.790067720090294,8.5,18.887262079062957,33.08931185944363,54.443823365008384,32.00902934537246,32.05417607223476,99.32279909706546,0.0,0.0,0,0,0,0,0
32001,Zacatecas,Apozol,Apozol,21.47087694444444,-103.09119,6260,0.0,10.383386581469649,7.5,52.152317880794705,29.083885209713024,50.465210355987054,21.070287539936103,20.047923322683705,49.52076677316294,3.225806451612903,7.987220447284345,0,0,0,0,0
32002,Zacatecas,Apulco,Tenayuca,21.502084166666666,-102.65770666666667,4942,0.0,9.368676649129906,7.29,53.97769516728624,47.5092936802974,46.60246120920278,16.025900445163902,6.677458518818292,22.25819506272764,0.0,0.0,0,0,0,0,0
32003,Zacatecas,Atolinga,Atolinga,21.80694861111111,-103.46558333333334,2277,0.0,7.817303469477382,7.46,67.23237597911228,39.29503916449086,41.78454842219804,19.89459815546772,27.66798418972332,92.2266139657444,0.0,4.391743522178305,0,0,0,0,0
32004,Zacatecas,Benito Juárez,Florencia,21.504477777777776,-103.55595027777777,4493,0.0,10.015579790785667,7.78,60.5655930871956,25.13747054202671,44.09011117612639,12.931226352103272,20.698864900957044,68.99621633652347,0.0,4.451368795904741,0,0,0,0,0
32005,Zacatecas,Calera,Víctor Rosales,22.949037222222223,-102.7022625,45759,83.46554776109618,12.563648681133767,8.93,60.81227587357184,45.50913184888667,59.59137011197749,50.80312069756769,24.34493760790227,73.86525055180401,0.0,1.0926812211805328,0,0,0,0,0
32006,Zacatecas,Cañitas de Felipe Pescador,Cañitas de Felipe Pescador,23.606976111111113,-102.72659,8255,0.0,9.836462749848577,8.63,55.27615626403233,24.966322406825327,53.06540583136328,40.15748031496063,22.774076317383404,73.8946093276802,0.0,1.2113870381586918,0,0,0,0,0
32007,Zacatecas,Concepción del Oro,Concepción del Oro,24.61316888888889,-101.4204838888889,12115,0.0,10.177465951300041,9.13,56.05546995377504,41.72573189522342,51.61692835603618,68.37804374742055,19.43871234007429,54.477919933966156,1.5151515151515151,6.60338423442014,0,0,0,0,0
32008,Zacatecas,Cuauhtémoc,San Pedro Piedra Gorda,22.449218333333334,-102.35010194444443,13466,0.0,11.889202435764147,8.39,42.5077399380805,23.374613003095977,48.6244019138756,34.36803802168424,14.035348284568544,43.071439180157434,0.0,0.0,0,0,0,0,0
32009,Zacatecas,Chalchihuites,Chalchihuites,23.477349999999998,-103.88404583333335,10086,0.0,10.063454293079516,8.26,66.09345794392523,27.66355140186916,42.58974358974359,27.681935355938926,16.260162601626018,52.54808645647432,0.0,0.99147332936744,0,0,0,0,0
32010,Zacatecas,Fresnillo,Fresnillo,23.174894722222223,-102.86822944444444,240532,59.56837343887715,11.753945420983486,9.22,62.006340084638566,52.0074332026797,57.91675734494015,49.1256880581378,18.4757121713535,47.935409841517966,2.0815264527320037,1.5798313737881031,3,3,3,0,0
32011,Zacatecas,Trinidad García de la Cadena,La Estanzuela,21.209789999999998,-103.46487083333334,3362,0.0,10.618679357525282,7.7,67.31481481481481,49.629629629629626,43.08152580403889,13.057703747769185,26.621058893515766,71.38607971445568,4.166666666666667,8.92325996430696,0,0,0,0,0
32012,Zacatecas,Genaro Codina,Genaro Codina,22.48761388888889,-102.4565738888889,8168,0.0,10.798237022526934,7.96,53.84615384615385,31.353456669912365,47.550717466600695,18.43780607247796,3.672869735553379,12.242899118511264,0.0,1.2242899118511263,0,0,0,0,0
32013,Zacatecas,General Enrique Estrada,General Enrique Estrada,22.995123333333336,-102.74001305555555,6644,0.0,12.010836845273932,8.71,57.97021511307226,32.48758963044677,52.24232887490165,45.4846478025286,14.900662251655628,49.66887417218543,0.0,1.5051173991571343,0,0,0,0,0
32014,Zacatecas,General Francisco R. Murguía,Nieves,23.994668055555557,-103.01982527777778,20191,0.0,10.341241147045713,7.92,68.13471502590673,25.85122131754256,46.07905038514964,11.683423307414195,8.617700955871427,28.72566985290476,0.0,0.0,0,0,0,0,0
32015,Zacatecas,El Plateado de Joaquín Amaro,El Plateado de Joaquín Amaro,21.936653055555556,-103.0923936111111,1579,0.0,7.59974667511083,6.75,63.653483992467045,55.1789077212806,44.092664092664094,8.676377454084864,7.59974667511083,25.3324889170361,0.0,0.0,0,0,0,0,0
32016,Zacatecas,General Pánfilo Natera,General Pánfilo Natera,22.66437138888889,-102.10992333333333,23526,0.0,11.370398707812633,7.51,50.91059602649007,26.655629139072847,49.22077922077922,17.635807192042847,10.456516194848254,32.729745813142905,0.0,0.0,0,0,0,0,0
32017,Zacatecas,Guadalupe,Guadalupe,22.746781944444447,-102.51880166666666,211740,80.30084065363181,12.723623311608577,11.39,64.91762059154371,70.16806722689076,63.29205897490237,64.97449702465288,23.110890715027864,57.00387267403419,3.2311516155758078,0.7556437139888542,2,4,3,0,0
32018,Zacatecas,Huanusco,Huanusco,21.77216888888889,-102.97202416666667,4547,0.0,9.566747305915989,7.39,59.10095799557848,49.152542372881356,42.62926292629263,17.176160105564108,15.61469100505828,48.38354959313833,0.0,0.0,0,0,0,0,0
32019,Zacatecas,Jalpa,Jalpa,21.63223916666667,-102.97583416666667,25296,60.44829222011385,10.9938330170778,8.67,54.441624365482234,44.07783417935702,55.61745589600743,27.794908285895,27.257273877292853,76.69196710942441,0.5154639175257731,1.9765970904490828,0,0,0,0,0
32020,Zacatecas,Jerez,Jerez de García Salinas,22.649403333333332,-102.98992361111111,59910,77.00216992154898,10.98814889000167,9.06,61.930640372009634,53.7116925317945,59.2712955440285,30.43899182106493,29.31897846770155,74.77883491904524,2.9017857142857144,3.839091971290269,0,0,0,0,0
32021,Zacatecas,Jiménez del Teul,Jiménez del Teul,23.254110277777777,-103.79838388888889,4465,0.0,10.257558790593505,7.94,50.46296296296296,33.05555555555556,39.29004854368932,17.357222844344903,6.047032474804031,20.156774916013436,0.0,0.0,0,0,0,0,0
32022,Zacatecas,Juan Aldama,Juan Aldama,24.290481111111113,-103.39359027777779,19749,76.18107245936503,10.719530102790015,8.79,64.3002780352178,41.3531047265987,56.71524222134699,23.768292065421033,32.40670413691832,93.67562914577954,1.0810810810810811,1.5190642564180465,0,0,0,0,0
32023,Zacatecas,Juchipila,Juchipila,21.411503888888888,-103.11924333333333,12251,0.0,10.529752673251163,8.93,52.82921810699588,48.91975308641975,53.728470111448836,28.405844420863602,32.69120888090768,82.44224961227656,2.9702970297029703,4.081299485756265,0,0,0,0,0
32024,Zacatecas,Loreto,Loreto,22.272186666666666,-101.9865638888889,53709,48.94338006665549,11.849038336219255,9.13,57.24068944290551,35.34933825792552,57.52169842354311,30.78813606658102,20.015267459829822,57.71844569811391,1.2903225806451613,0.7447541380401795,0,0,0,0,0
32025,Zacatecas,Luis Moya,Luis Moya,22.43247777777778,-102.24924944444444,13184,0.0,10.869235436893204,8.57,52.892561983471076,32.568105295378025,50.2703254105886,37.86407766990291,18.355582524271846,52.33616504854369,0.0,0.758495145631068,0,0,0,0,0
32026,Zacatecas,Mazapil,Mazapil,24.638096944444445,-101.55496666666666,17774,0.0,9.165072577922809,7.41,57.05059203444564,18.579117330462864,48.855133193654595,38.13997974569596,5.316754810397209,13.502869359738945,4.166666666666667,3.9383368965905254,0,0,0,0,0
32027,Zacatecas,Melchor Ocampo,Melchor Ocampo,24.831724444444443,-101.6422263888889,2736,0.0,9.137426900584796,7.54,54.92371705963939,13.314840499306518,45.77498792853694,39.473684210526315,2.192982456140351,7.309941520467836,0.0,3.654970760233918,0,0,0,0,0
32028,Zacatecas,Mezquital del Oro,Mezquital del Oro,21.216721666666665,-103.3629011111111,2451,0.0,10.567115463076295,7.15,62.72108843537415,47.755102040816325,33.64485981308411,6.24235006119951,20.8078335373317,69.359445124439,0.0,0.0,0,0,0,0,0
32029,Zacatecas,Miguel Auza,Miguel Auza,24.29444638888889,-103.45144944444445,23713,0.0,11.626533968709147,8.21,69.41136440966315,32.59612112963593,55.77705218536977,16.345464513136253,22.941002825454394,75.06431071564121,0.0,1.6868384430481171,0,0,0,0,0
32030,Zacatecas,Momax,Momax,21.922014166666667,-103.31397527777777,2446,0.0,10.09811937857727,7.81,64.0960809102402,43.8685208596713,47.66214177978884,21.095666394112836,43.336058871627145,130.82583810302535,0.0,0.0,0,0,0,0,0
32031,Zacatecas,Monte Escobedo,Monte Escobedo,22.302784722222224,-103.56164305555555,8683,0.0,9.00610388114707,7.84,71.74147217235189,27.54039497307002,54.06993407853253,16.00829206495451,20.384659679834158,62.190487158816076,0.0,2.303351376252447,0,0,0,0,0
32032,Zacatecas,Morelos,Morelos,22.862194444444444,-102.609535,13207,0.0,11.88763534489286,9.64,67.18317653569453,42.6950747094632,55.91864276074802,59.33974407511168,19.913682138260015,61.33111228893768,0.0,1.5143484515787082,0,0,0,0,0
32033,Zacatecas,Moyahua de Estrada,Moyahua de Estrada,21.26559361111111,-103.16569666666668,4530,0.0,8.609271523178808,7.52,52.60631001371742,41.49519890260631,41.62797049986342,16.423841059602648,30.573951434878587,48.565121412803535,4.545454545454546,4.415011037527594,0,0,0,0,0
32034,Zacatecas,Nochistlán de Mejía,Nochistlán de Mejía,21.363253333333336,-102.84716499999999,27945,60.16818751118268,9.844337090713902,8.14,59.14943886591849,47.017129356172475,56.42019837691614,21.90373948828055,27.088924673465737,69.42207908391484,2.0618556701030926,2.147074610842727,0,0,0,0,0
32035,Zacatecas,Noria de Ángeles,Maravillas,22.4015325,-102.01910805555555,16284,0.0,11.035372144436256,8.07,55.816771691711104,23.315559864275325,46.11766647413153,23.636698599852615,2.026529108327192,6.755097027757308,0.0,0.0,0,0,0,0,0
32036,Zacatecas,Ojocaliente,Ojocaliente,22.571966666666665,-102.25293388888889,44144,50.50516491482421,11.802283436027546,8.56,55.36780236936358,36.6792175590045,53.50517357497092,31.553552011598406,16.899238854657483,52.55527364987314,0.0,0.6795940558173251,1,0,0,0,0
32037,Zacatecas,Pánuco,Pozo de Gamboa,22.946665833333334,-102.57238,17577,0.0,11.327302725152187,7.67,56.85364824968368,27.5411218894981,52.10358444714459,33.09438470728794,5.803038061102577,19.343460203675257,0.0,0.0,0,0,0,0,0
32038,Zacatecas,Pinos,Pinos,22.298841944444447,-101.57516722222222,72241,0.0,9.85313049376393,7.85,50.17644006227296,16.8759730150493,51.272524614527214,12.026411594523886,4.844894173668692,15.226810260101605,0.0,0.553702191276422,0,0,0,0,0
32039,Zacatecas,Río Grande,Río Grande,23.827434166666666,-103.03433166666666,64535,54.311613852948014,11.276051754861703,9.07,61.485036702428005,42.86278938452851,57.02809663509815,32.39327496707213,21.47671805996746,59.967459518090955,1.550387596899225,1.0846827303013868,1,0,0,0,0
32040,Zacatecas,Sain Alto,Sain Alto,23.579830277777777,-103.24747916666666,21844,0.0,10.465116279069768,8.08,58.97529069767442,25.563226744186046,49.84393169716629,18.467313678813404,6.866874198864677,20.60062259659403,0.0,0.4577916132576451,0,0,0,0,0
32041,Zacatecas,El Salvador,El Salvador,24.520576666666667,-100.86783,2509,0.0,7.971303308090873,6.93,39.29058663028649,3.6834924965893587,46.68341708542714,23.83419689119171,4.782781984854524,15.942606616181745,0.0,0.0,0,0,0,0,0
32042,Zacatecas,Sombrerete,Sombrerete,23.63137777777778,-103.64134222222224,63665,39.374852744836254,10.448441058666457,8.69,65.3655982781688,36.193356989122215,56.18786002746971,35.78104138851803,13.021283279667006,35.812455823450875,1.7543859649122806,2.3560826199638734,0,0,0,0,0
32043,Zacatecas,Susticacán,Susticacán,22.61108888888889,-103.0996886111111,1365,0.0,11.355311355311356,7.59,49.00990099009901,42.32673267326733,41.36363636363637,9.523809523809524,14.652014652014651,36.63003663003663,0.0,7.326007326007326,0,0,0,0,0
32044,Zacatecas,Tabasco,Tabasco,21.865276944444446,-102.91305694444445,16588,0.0,11.460091632505426,8.1,53.383292924840205,35.46396297112629,52.95631825273011,22.148541114058354,22.003858210754764,63.29877019532192,0.0,3.0142271521581865,0,0,0,0,0
32045,Zacatecas,Tepechitlán,Tepechitlán,21.67112611111111,-103.32762527777777,8321,0.0,9.289748828265834,8.23,60.51703877790834,36.03603603603604,51.10260336906585,21.932460040860473,23.43468333133037,72.10671794255498,0.0,1.2017786323759163,0,0,0,0,0
32046,Zacatecas,Tepetongo,Tepetongo,22.46126472222222,-103.14789805555556,6490,0.0,8.659476117103235,6.94,53.77541142303969,26.669893514036787,41.68060977876929,8.397534668721109,14.869029275808936,35.43913713405239,4.3478260869565215,0.0,0,0,0,0,0
32047,Zacatecas,Teúl de González Ortega,Teúl de González Ortega,21.46409138888889,-103.46203944444444,5356,0.0,9.447348767737116,8.62,62.05438066465257,39.93957703927492,53.013182674199626,20.29499626587005,28.09932785660941,76.54966392830471,2.4390243902439024,3.7341299477221805,0,0,0,0,0
32048,Zacatecas,Tlaltenango de Sánchez Román,Tlaltenango de Sánchez Román,21.783041666666666,-103.30581333333333,27302,65.49703318438209,10.786755549044026,8.85,54.42483414695206,39.90486919514332,60.17740870057563,24.95787854369643,33.29426415647205,90.835836202476,0.8064516129032258,4.395282396894,0,0,0,0,0
32049,Zacatecas,Valparaíso,Valparaíso,22.771900277777778,-103.56723333333333,32461,0.0,9.787129170389083,8.36,66.47595995158983,26.7466167895258,54.5078011902847,17.861433720464557,16.142447860509535,45.593173346477315,0.0,1.5403099103539633,0,0,0,0,0
32050,Zacatecas,Vetagrande,Sauceda de la Borda,22.83019527777778,-102.50263805555555,10276,0.0,11.638769949396652,8.72,52.800908402725206,38.72066616199849,48.82762174697243,38.21525885558583,9.050214091086026,30.167380303620085,0.0,0.0,0,0,0,0,0
32051,Zacatecas,Villa de Cos,Villa de Cos,23.293892500000002,-102.34688833333333,34623,0.0,10.143546197614302,7.72,55.93903102885139,24.07185628742515,54.92694464578644,13.430378650030327,13.80585160153655,43.612627444184504,0.0,0.0,0,0,0,0,0
32052,Zacatecas,Villa García,Villa García,22.164898055555554,-101.95631888888889,19525,0.0,11.687580025608195,9.19,55.83468395461912,34.866288492706644,53.97998253509773,42.85787451984635,11.267605633802816,35.85147247119078,0.0,0.5121638924455826,0,0,0,0,0
32053,Zacatecas,Villa González Ortega,Villa González Ortega,22.512991666666668,-101.91376055555556,13208,0.0,10.4633555420957,8.35,49.97136311569301,38.83161512027491,46.95669934640523,25.99939430648092,14.082374318594791,46.9412477286493,0.0,0.0,0,0,0,0,0
32054,Zacatecas,Villa Hidalgo,Villa Hidalgo,22.357088333333333,-101.71259888888889,19446,0.0,10.403167746580273,8.02,49.08099373863866,23.22763078166027,46.760977659499964,14.769104185950837,6.993726216188419,21.598272138228943,0.0,0.0,0,0,0,0,0
32055,Zacatecas,Villanueva,Villanueva,22.354258611111113,-102.88372611111112,31558,0.0,10.628049939793396,8.08,61.415146489773356,48.76727473742399,54.451823279118784,26.196210152734647,22.545788706508652,67.49477153178275,0.4694835680751174,1.9012611699093733,0,0,0,0,0
32056,Zacatecas,Zacatecas,Zacatecas,22.77609611111111,-102.57183638888888,149607,92.53845074094127,13.500036762985689,11.57,66.06595272915979,75.456432514035,59.515914575091514,69.30892271083572,39.32971050819815,81.07909389266545,6.595218466611707,4.678925451349202,7,20,7,1,1
32057,Zacatecas,Trancoso,Trancoso,22.735389166666668,-102.36603777777778,20455,83.21192862380836,12.00684429234906,8.61,44.89183979438852,23.388305847076463,55.11570850739341,30.447323392813495,18.039599120019556,55.24321681740406,0.0,0.0,0,0,0,0,0
32058,Zacatecas,Santa María de la Paz,Santa María de la Paz,21.512178333333335,-103.40704194444444,2767,0.0,8.45681243223708,8.0,56.04651162790697,30.697674418604652,42.11968935587026,26.057101554029636,14.0946873870618,46.982291290206,0.0,0.0,0,0,0,0,0
